Date,Open,High,Low,Close
2018-09-04 00:00:00+05:30,627.1132768014762,640.430762093905,618.9140937054188,637.8467407226562
2018-09-05 00:00:00+05:30,637.0516307723998,642.6668527176141,627.461047636718,633.7222900390625
2018-09-06 00:00:00+05:30,634.9645601703193,639.3374208760532,620.7525960638977,634.2688598632812
2018-09-07 00:00:00+05:30,636.0578067374759,644.0085293216943,628.2064439218803,641.5736083984375
2018-09-10 00:00:00+05:30,640.9773107200381,673.7740404718181,639.33744996877,647.7354125976562
2018-09-11 00:00:00+05:30,647.6360852248579,661.5995299433279,643.461943643103,646.1453247070312
2018-09-12 00:00:00+05:30,660.9037962243209,660.9037962243209,626.2187456625534,631.5358276367188
2018-09-14 00:00:00+05:30,637.8467431553631,640.033204121158,628.1071195723166,632.4800415039062
2018-09-17 00:00:00+05:30,629.796622830519,630.0947627946388,618.1686789562544,622.0943603515625
2018-09-18 00:00:00+05:30,620.1564241058992,629.1506678044401,602.4163968146289,604.8512573242188
2018-09-19 00:00:00+05:30,607.8327286174189,618.6656126038001,597.5961852314772,605.0499877929688
2018-09-21 00:00:00+05:30,615.1374393177242,630.0947230565494,559.9296251628263,595.5090942382812
2018-09-24 00:00:00+05:30,595.9066118372151,602.0187538661049,584.2289884646576,593.6704711914062
2018-09-25 00:00:00+05:30,595.1115905589324,615.9822379478875,585.9185673042738,610.5657958984375
2018-09-26 00:00:00+05:30,615.187230095269,620.5042521660124,608.2800269308557,613.6467895507812
2018-09-27 00:00:00+05:30,613.5471879659734,615.932428572649,593.3225653212932,596.4531860351562
2018-09-28 00:00:00+05:30,594.8133309042022,615.9821140075514,590.3907300964685,609.4724731445312
2018-10-01 00:00:00+05:30,611.3111624018692,613.6964034563105,568.9735886295348,589.7945556640625
2018-10-03 00:00:00+05:30,588.9497229990453,588.9497229990453,565.5944765247389,568.72509765625
2018-10-04 00:00:00+05:30,561.5197493628398,586.9123559853733,550.3887262701797,582.6388549804688
2018-10-05 00:00:00+05:30,582.3904358285922,586.8627173323954,561.519788810844,564.9982299804688
2018-10-08 00:00:00+05:30,566.4889282958903,570.9612093087526,542.7361226527887,553.1217651367188
2018-10-09 00:00:00+05:30,558.4389452645236,560.4266260653808,545.7674801590587,549.4446411132812
2018-10-10 00:00:00+05:30,550.5378104201818,587.1607988235779,549.4445497659468,585.5706787109375
2018-10-11 00:00:00+05:30,551.5813480925948,582.1916161792275,546.7115065214323,577.2720947265625
2018-10-12 00:00:00+05:30,586.0179828428395,598.540346907994,577.1727795214903,581.2972412109375
2018-10-15 00:00:00+05:30,581.3966205440391,581.3966205440391,565.9424148135553,572.9986572265625
2018-10-16 00:00:00+05:30,574.191236233273,590.6889610331546,566.7374339455196,585.2228393554688
2018-10-17 00:00:00+05:30,591.0865352553925,595.1115764531605,563.1099057501165,572.501708984375
2018-10-19 00:00:00+05:30,566.8865833682922,572.9986653782634,551.1341767732468,559.0848999023438
2018-10-22 00:00:00+05:30,564.451633937132,568.4766751872999,554.7616906100758,558.5879516601562
2018-10-23 00:00:00+05:30,553.5690486302963,567.880373253538,550.0906075706804,559.2836303710938
2018-10-24 00:00:00+05:30,570.961268858306,573.3961897955469,553.8175231876259,560.6253051757812
2018-10-25 00:00:00+05:30,554.562915275412,561.2216577519571,549.0471134649969,557.5941162109375
2018-10-26 00:00:00+05:30,558.5382465214104,560.5259271140134,531.2573182560964,534.387939453125
2018-10-29 00:00:00+05:30,538.0154607762439,573.4458942791847,535.2327198682548,563.2093505859375
2018-10-30 00:00:00+05:30,561.3706067304893,568.2281283011672,555.556665886056,559.23388671875
2018-10-31 00:00:00+05:30,564.7993181582622,582.3903001055749,554.5627772336361,578.8125
2018-11-01 00:00:00+05:30,578.4648109721362,604.304662188876,578.4648109721362,598.4410400390625
2018-11-02 00:00:00+05:30,608.6775112697613,614.0939531024774,601.3727485803997,606.8886108398438
2018-11-05 00:00:00+05:30,625.0262367704136,629.1009580485955,613.3982922386227,620.553955078125
2018-11-06 00:00:00+05:30,622.1441016448092,624.2311422588493,596.3539306668296,603.7083740234375
2018-11-07 00:00:00+05:30,609.1247822301342,609.1247822301342,600.9255992423332,603.1119995117188
2018-11-09 00:00:00+05:30,605.2487103934648,619.957533916508,597.2979884178527,609.4228515625
2018-11-12 00:00:00+05:30,608.7768231416622,614.6901846651872,601.0745613289619,602.8137817382812
2018-11-13 00:00:00+05:30,602.7144117351248,616.926314706472,600.3291709506333,614.4913940429688
2018-11-14 00:00:00+05:30,618.4171270950762,619.4606472789455,605.0499629191567,608.9259643554688
2018-11-15 00:00:00+05:30,609.4725841882577,628.6040105977546,606.9879833558555,622.243408203125
2018-11-16 00:00:00+05:30,622.7402793345306,632.7781023025691,612.7521969065834,615.982177734375
2018-11-19 00:00:00+05:30,615.9822253399834,616.47914550574,604.8512014951966,612.5037841796875
2018-11-20 00:00:00+05:30,610.9135809742914,615.7833615420561,605.7952796981881,608.876220703125
2018-11-21 00:00:00+05:30,607.1370652293366,624.7777306036047,606.441364885554,622.98876953125
2018-11-22 00:00:00+05:30,621.9452915676021,625.5231532960063,608.3296663634026,610.7645874023438
2018-11-26 00:00:00+05:30,614.8392597965162,630.8400626436111,612.7024791174262,627.162841796875
2018-11-27 00:00:00+05:30,626.0200020635739,634.7657841921556,619.1624800275202,621.3986206054688
2018-11-28 00:00:00+05:30,626.1193305076731,627.9082307487137,618.6655289540103,624.0819702148438
2018-11-29 00:00:00+05:30,628.1070831518422,632.2812246337418,617.671759776693,627.5108032226562
2018-11-30 00:00:00+05:30,629.1009727779789,631.3371136764788,620.1564091839792,621.8956298828125
2018-12-03 00:00:00+05:30,628.1070784078069,629.1009187217433,617.7711148791888,620.951416015625
2018-12-04 00:00:00+05:30,621.1004903017698,623.6844507460548,614.7895681771872,619.4109497070312
2018-12-05 00:00:00+05:30,617.0754713378777,620.1066721446373,609.6216690298467,611.162109375
2018-12-06 00:00:00+05:30,606.4910654009437,610.0688663489693,594.5649813619248,596.3538818359375
2018-12-07 00:00:00+05:30,598.6894180727669,605.7456599047792,588.7012745789723,600.2298583984375
2018-12-10 00:00:00+05:30,591.3349406372865,597.7949021736601,581.6946782127053,586.6638793945312
2018-12-11 00:00:00+05:30,577.4211689416761,612.8515971171792,576.9242488307108,600.5279541015625
2018-12-12 00:00:00+05:30,601.0249024072533,618.1686470397875,599.285681937286,616.1312866210938
2018-12-13 00:00:00+05:30,620.9514624030608,622.0447232255808,612.3547794408253,615.2865600585938
2018-12-14 00:00:00+05:30,615.2865027557309,619.1625041723348,607.534560581721,616.429443359375
2018-12-17 00:00:00+05:30,618.7152730575498,620.6532737945124,612.3547314670243,613.3485717773438
2018-12-18 00:00:00+05:30,613.8454962416068,617.9698971628662,610.0688545085225,615.584716796875
2018-12-19 00:00:00+05:30,620.4047869196334,647.6360345098603,615.3362258196112,637.6976318359375
2018-12-20 00:00:00+05:30,633.0266309809658,642.9153547189743,625.1255879678152,629.05126953125
2018-12-21 00:00:00+05:30,629.3990190622047,633.9209800741095,612.8516152723738,617.0256958007812
2018-12-24 00:00:00+05:30,622.1440354261941,623.2869760488834,609.7210315239139,611.2117919921875
2018-12-26 00:00:00+05:30,607.2363790615226,619.8084822042971,599.732897475007,615.6840209960938
2018-12-27 00:00:00+05:30,619.7090741998735,622.1439949380996,611.8080321003702,613.7460327148438
2018-12-28 00:00:00+05:30,620.0569492225115,624.1316699377267,616.1809480276919,621.1998291015625
2018-12-31 00:00:00+05:30,626.5169888463564,628.0574292765451,614.988404244682,616.0816650390625
2019-01-01 00:00:00+05:30,618.0693336985013,626.3181964152044,618.0693336985013,623.43603515625
2019-01-02 00:00:00+05:30,619.1624314800255,624.6285524641991,613.6963104958519,616.2305908203125
2019-01-03 00:00:00+05:30,617.5724262537913,618.1687062083179,599.9317597984896,604.2052612304688
2019-01-04 00:00:00+05:30,608.2302849837552,620.90174925425,605.7456841464032,615.783447265625
2019-01-07 00:00:00+05:30,622.1440151988021,636.7534794447347,620.3551148268749,633.5234985351562
2019-01-08 00:00:00+05:30,632.0823814231084,649.7230453700583,626.7156199586688,646.890625
2019-01-09 00:00:00+05:30,648.3317454243702,667.9104129756245,648.3317454243702,665.972412109375
2019-01-10 00:00:00+05:30,664.7798340548514,664.7798340548514,650.5678685294135,659.1646118164062
2019-01-11 00:00:00+05:30,660.903831762384,664.382272982186,654.1457295243231,662.3945922851562
2019-01-14 00:00:00+05:30,658.9161686959096,658.9161686959096,648.5305246442015,655.1395874023438
2019-01-15 00:00:00+05:30,657.2265841371252,660.1584251801904,651.0150822065626,656.5308837890625
2019-01-16 00:00:00+05:30,656.6302514852484,666.2705138391669,656.6302514852484,659.909912109375
2019-01-17 00:00:00+05:30,665.7736337148235,675.8113963677837,661.5000719457282,672.4820556640625
2019-01-18 00:00:00+05:30,670.7428289936005,671.8857089196699,657.3756651005855,660.5062255859375
2019-01-21 00:00:00+05:30,657.4750885558334,660.4069297966281,652.4562067892947,656.2327880859375
2019-01-22 00:00:00+05:30,652.3069971043483,659.5123386217066,649.8223965811212,657.524658203125
2019-01-23 00:00:00+05:30,655.4376180272913,662.8914195969724,654.5431375752526,657.524658203125
2019-01-24 00:00:00+05:30,660.9038550783657,661.4504551574922,650.9654512426008,659.5621948242188
2019-01-25 00:00:00+05:30,661.1026113045142,672.6808149576432,661.1026113045142,665.6245727539062
2019-01-28 00:00:00+05:30,664.8791071439034,670.295548474448,646.3439627782324,652.25732421875
2019-01-29 00:00:00+05:30,654.443730296937,666.8667320110019,645.548848937829,656.6798706054688
2019-01-30 00:00:00+05:30,682.8179682798462,699.0175530924946,679.5383074106545,686.6939697265625
2019-01-31 00:00:00+05:30,692.9551058647885,722.3727526424843,684.8056037822988,718.2483520507812
2019-02-01 00:00:00+05:30,716.3104113382344,721.9256334153876,701.0549866750437,712.8319702148438
2019-02-04 00:00:00+05:30,706.9186678619785,720.037373338285,703.6390066577029,716.06201171875
2019-02-05 00:00:00+05:30,717.552607368328,727.093448798192,715.068006927302,725.0064086914062
2019-02-06 00:00:00+05:30,726.795465118929,729.9757664989612,711.1921588631486,721.2796630859375
2019-02-07 00:00:00+05:30,721.7764646723361,729.2799462524094,719.5403241621636,725.6524658203125
2019-02-08 00:00:00+05:30,722.5219121633373,728.2861738836947,711.8381287303856,714.96875
2019-02-11 00:00:00+05:30,715.46567802806,715.46567802806,700.9555728105371,706.4713745117188
2019-02-12 00:00:00+05:30,696.6820818213666,709.0057263626289,695.6882414764004,701.2537231445312
2019-02-14 00:00:00+05:30,701.6512372133543,702.0487975887686,688.3337532065326,690.718994140625
2019-02-15 00:00:00+05:30,695.6882740846637,699.6636356508618,677.5010070511482,682.3707885742188
2019-02-18 00:00:00+05:30,681.7744577946685,693.4024016410821,676.5071162438381,689.0294799804688
2019-02-19 00:00:00+05:30,689.0294659336811,701.0549699256122,685.4019852443315,688.781005859375
2019-02-20 00:00:00+05:30,693.3029499921823,698.6697117285983,691.0171294967445,696.0360107421875
2019-02-21 00:00:00+05:30,696.1851173407862,702.1481590310713,690.8183555558508,692.9054565429688
2019-02-22 00:00:00+05:30,693.1538840846778,700.1107657302006,686.942382615461,697.7255249023438
2019-02-25 00:00:00+05:30,698.5703573879528,701.452457805723,691.8121949535742,699.3654174804688
2019-02-26 00:00:00+05:30,689.7251510902615,711.1920767740609,688.7809906968433,705.7756958007812
2019-02-27 00:00:00+05:30,710.5462027970993,723.317027613841,708.6578817822268,713.7761840820312
2019-02-28 00:00:00+05:30,718.993786945786,718.993786945786,702.0488217321592,705.1793823242188
2019-03-01 00:00:00+05:30,709.1050279533011,710.5461084671057,695.2409441466918,698.0734252929688
2019-03-05 00:00:00+05:30,701.3531629691781,729.3794736040836,696.3839611069326,727.5408325195312
2019-03-06 00:00:00+05:30,729.3793786428191,729.3793786428191,708.1608530580468,716.1612548828125
2019-03-07 00:00:00+05:30,716.3103623554288,734.8951872185152,716.3103623554288,729.2302856445312
2019-03-08 00:00:00+05:30,727.4910457084563,732.7087068969391,723.9132451571742,728.8824462890625
2019-03-11 00:00:00+05:30,728.7830875034617,740.3116714999212,726.099706533472,729.9757080078125
2019-03-12 00:00:00+05:30,734.1498134747522,744.3863560387734,734.0007131718139,737.97607421875
2019-03-13 00:00:00+05:30,739.0196441748258,746.3740868710566,731.9634021045716,733.4541625976562
2019-03-14 00:00:00+05:30,735.4418670198344,745.0821306517995,732.8579063453373,736.0381469726562
2019-03-15 00:00:00+05:30,738.3736429881133,744.336684626363,727.1929399163951,730.5719604492188
2019-03-18 00:00:00+05:30,736.4356400210216,749.2064632259937,735.6902598185711,742.398681640625
2019-03-19 00:00:00+05:30,750.3493919666539,758.3001140007376,744.4360303219651,756.2130737304688
2019-03-20 00:00:00+05:30,756.0640504100722,762.275552631647,749.7034478714992,751.0948486328125
2019-03-22 00:00:00+05:30,759.9896822710992,761.1823027515292,731.0192135395774,752.3867797851562
2019-03-25 00:00:00+05:30,748.0636328384154,750.3494534787624,736.584789092534,741.1067504882812
2019-03-26 00:00:00+05:30,742.7961998237196,756.2627225846273,737.0816185961704,752.4364013671875
2019-03-27 00:00:00+05:30,756.6106665930946,765.2570900015763,751.1942244086455,754.6229858398438
2019-03-28 00:00:00+05:30,756.4119265401218,782.7984384676192,752.4863053714216,775.8912353515625
2019-04-01 00:00:00+05:30,776.139641193377,778.1770017993254,755.9149534739527,760.8841552734375
2019-04-02 00:00:00+05:30,764.412316285636,770.1765780844044,756.3124933091186,762.673095703125
2019-04-03 00:00:00+05:30,765.2570914595987,767.9901525005258,754.026707314175,756.8094482421875
2019-04-04 00:00:00+05:30,758.3001232635432,767.1453258981857,755.3186024643419,757.4553833007812
2019-04-05 00:00:00+05:30,759.2442863904507,764.0147075545619,751.442603875514,757.5050659179688
2019-04-08 00:00:00+05:30,759.5921060097736,763.2693271395508,743.9391217617946,749.9518432617188
2019-04-09 00:00:00+05:30,750.3494706315691,761.2817145745456,746.3741091977595,758.69775390625
2019-04-10 00:00:00+05:30,756.560951509117,763.1700139698881,753.3309704353507,756.1633911132812
2019-04-11 00:00:00+05:30,755.8155795910052,756.6603196174661,742.3987349828808,747.6660766601562
2019-04-12 00:00:00+05:30,748.7593424202724,762.0270868019206,746.9703812665753,759.641845703125
2019-04-15 00:00:00+05:30,759.2940026406297,765.4558247415428,755.3186413702599,758.1510620117188
2019-04-16 00:00:00+05:30,760.3871780147982,771.2200613881822,760.3871780147982,766.3502197265625
2019-04-18 00:00:00+05:30,773.6053082366244,774.2015881486697,764.2631852199319,766.4496459960938
2019-04-22 00:00:00+05:30,764.163859289571,764.163859289571,745.9268527123301,750.8463745117188
2019-04-23 00:00:00+05:30,752.7843710151554,754.6229513642343,744.3864080844984,748.6102294921875
2019-04-24 00:00:00+05:30,750.0512874370884,751.0451277382747,733.8019621171746,748.212646484375
2019-04-25 00:00:00+05:30,749.3556495124025,753.8776111276195,734.0008034482454,736.3363647460938
2019-04-26 00:00:00+05:30,757.3063397686238,760.4369611061506,742.6471947402941,755.2192993164062
2019-04-30 00:00:00+05:30,755.2689421879439,764.9588850368775,751.144480711642,762.1264038085938
2019-05-02 00:00:00+05:30,760.6853622127575,763.0705424504747,743.4421972394813,747.7156982421875
2019-05-03 00:00:00+05:30,749.5046325470017,759.0951543559994,748.8089322552502,752.6351928710938
2019-05-06 00:00:00+05:30,741.4048666931619,748.7593092055401,739.516545852114,742.845947265625
2019-05-07 00:00:00+05:30,747.2187984163721,750.8463397416753,735.441815233408,737.2803955078125
2019-05-08 00:00:00+05:30,737.3301456651361,740.1625662673339,728.8327625401465,730.9695434570312
2019-05-09 00:00:00+05:30,729.3794145283127,735.9387361915265,724.9071332145222,726.4972534179688
2019-05-10 00:00:00+05:30,729.876379033677,733.9511002146547,725.0065370434538,730.5223388671875
2019-05-13 00:00:00+05:30,729.4788361151393,738.2742991806393,725.5034746104246,727.5905151367188
2019-05-14 00:00:00+05:30,724.9070918070273,733.9510136835258,718.0495699205787,726.8450317382812
2019-05-15 00:00:00+05:30,731.2677163213635,733.1560372472634,711.6890493233531,717.5030517578125
2019-05-16 00:00:00+05:30,716.509217519714,730.4726624038937,714.2730767164368,727.342041015625
2019-05-17 00:00:00+05:30,727.2924045873012,747.5170934564982,722.7207629355582,744.3367919921875
2019-05-20 00:00:00+05:30,755.5173619985429,785.7798094150978,755.5173619985429,777.5806274414062
2019-05-21 00:00:00+05:30,784.8357295225281,786.9227699752219,766.3005828967657,768.1889038085938
2019-05-22 00:00:00+05:30,770.0274055347421,779.1707478711919,765.4557646961143,774.3506469726562
2019-05-23 00:00:00+05:30,783.1461996340092,799.3457852864765,765.8533531956691,771.61767578125
2019-05-24 00:00:00+05:30,774.6488436533426,790.9975289246123,773.7046832246969,788.3141479492188
2019-05-27 00:00:00+05:30,789.1092706992714,811.3713197282723,782.3511681702115,808.88671875
2019-05-28 00:00:00+05:30,811.27177266171,817.0360338997139,796.0660291799983,803.4204711914062
2019-05-29 00:00:00+05:30,801.780768958007,807.9922716614312,797.1593866829769,799.743408203125
2019-05-30 00:00:00+05:30,798.302243350962,809.1848070728338,798.302243350962,802.5757446289062
2019-05-31 00:00:00+05:30,806.0044869108924,813.6570693870154,788.3141416234794,803.3211059570312
2019-06-03 00:00:00+05:30,808.5387680235373,809.6320287545868,798.153124704157,807.6443481445312
2019-06-04 00:00:00+05:30,802.5757464885044,822.6513332895672,800.5383859435173,817.7318115234375
2019-06-06 00:00:00+05:30,818.9244389008776,820.8624396927379,800.8365326088482,802.724853515625
2019-06-07 00:00:00+05:30,806.10384934314,808.2406302684575,796.3642264591409,799.047607421875
2019-06-10 00:00:00+05:30,802.4267095843712,811.7190924395275,802.4267095843712,809.1351318359375
2019-06-11 00:00:00+05:30,812.1166892137028,816.3901907076164,802.0291851124854,809.7811279296875
2019-06-12 00:00:00+05:30,809.0356163974891,810.7251568979781,804.1160951922272,808.5386962890625
2019-06-13 00:00:00+05:30,806.252941616859,818.3281254992066,805.7560214679426,815.09814453125
2019-06-14 00:00:00+05:30,815.0485010844571,818.0300223331395,792.5380520524283,796.2649536132812
2019-06-17 00:00:00+05:30,795.1716558637606,796.0661364605432,770.3256466109347,772.90966796875
2019-06-18 00:00:00+05:30,777.1334406915563,780.0155411881955,765.3563966504938,770.9716186523438
2019-06-19 00:00:00+05:30,775.9905219150775,784.1400247989471,758.6479959267841,765.9527587890625
2019-06-20 00:00:00+05:30,767.2446563382167,770.6734172580954,754.1756330708507,766.6483764648438
2019-06-21 00:00:00+05:30,769.9777582836792,773.4561992697945,758.1013547849602,766.300537109375
2019-06-24 00:00:00+05:30,766.2508848637768,770.4747062135448,756.3124816878524,758.1510620117188
2019-06-25 00:00:00+05:30,756.5609599194287,778.1769873456981,751.8898981828315,776.8353271484375
2019-06-26 00:00:00+05:30,778.077590491779,787.1215129041451,776.8849700070544,783.742431640625
2019-06-27 00:00:00+05:30,784.09030690926,801.8800116589547,776.7855444010424,795.5194702148438
2019-06-28 00:00:00+05:30,796.2150771390468,807.892699146518,788.4133954023711,803.5694580078125
2019-07-01 00:00:00+05:30,805.7560867590125,813.9552698805196,802.4764256422502,805.4579467773438
2019-07-02 00:00:00+05:30,806.1037697109529,807.5448501466543,795.8175478056773,797.6561279296875
2019-07-03 00:00:00+05:30,797.7060096229661,806.501472770273,796.5630689160491,801.234130859375
2019-07-04 00:00:00+05:30,806.0104489836327,809.1946999413394,800.338511454989,804.8660888671875
2019-07-05 00:00:00+05:30,804.0202435924442,808.945874805913,797.3532319008976,802.1295776367188
2019-07-08 00:00:00+05:30,798.0498462855871,799.6917437045523,774.8148781719592,779.0439453125
2019-07-09 00:00:00+05:30,774.6656108433589,784.914867536126,772.5759783834534,782.3276977539062
2019-07-10 00:00:00+05:30,782.7754425899351,786.1089181388629,760.7842579329259,765.4611206054688
2019-07-11 00:00:00+05:30,769.690249936727,769.690249936727,759.2419660009343,762.625244140625
2019-07-12 00:00:00+05:30,762.3266491116464,764.8143356845659,747.3010465050266,752.077392578125
2019-07-15 00:00:00+05:30,753.5202495273489,755.9084528886643,740.3355109255168,746.0571899414062
2019-07-16 00:00:00+05:30,746.3059514671655,759.4409483598944,743.868006545466,757.301513671875
2019-07-17 00:00:00+05:30,759.3413489631869,761.7792937067113,746.3556385036142,748.89306640625
2019-07-18 00:00:00+05:30,750.2862868583003,751.2813615093061,730.981814334975,736.7532958984375
2019-07-19 00:00:00+05:30,739.8876965276265,743.1216889332378,719.7374361542028,725.6581420898438
2019-07-22 00:00:00+05:30,726.404432388159,734.8625661899389,716.4536867390061,723.8670043945312
2019-07-23 00:00:00+05:30,729.2901964599041,735.6586374402004,722.5236406124473,724.414306640625
2019-07-24 00:00:00+05:30,724.414246974998,729.190592500455,705.8560829750277,708.7915649414062
2019-07-25 00:00:00+05:30,707.6970426049801,722.672902657728,702.87089452517,719.5881958007812
2019-07-26 00:00:00+05:30,719.9862300216346,728.3946227176731,715.6576797132328,726.2551879882812
2019-07-29 00:00:00+05:30,732.5739674182432,736.3552389307098,706.5029995146,716.7025146484375
2019-07-30 00:00:00+05:30,722.3744010147008,724.414291749782,697.547278182139,704.11474609375
2019-07-31 00:00:00+05:30,690.5817946274212,691.4773860900606,654.560080801101,670.77978515625
2019-08-01 00:00:00+05:30,670.6304776956918,677.3969722120871,659.3861478874059,666.0033569335938
2019-08-02 00:00:00+05:30,664.112823172256,678.2926364536731,658.3413418104374,670.531005859375
2019-08-05 00:00:00+05:30,662.2221602713427,666.0531732683546,646.9975307170453,659.1871948242188
2019-08-06 00:00:00+05:30,655.4556378264732,679.4866524866517,650.7787751547542,675.6556396484375
2019-08-07 00:00:00+05:30,675.6556209636867,676.1531582398014,651.0275257960119,656.699462890625
2019-08-08 00:00:00+05:30,657.3462922098664,661.028080576973,640.0320296691111,656.8487548828125
2019-08-09 00:00:00+05:30,660.9285046939755,672.6206302396365,656.7491795860675,657.5452270507812
2019-08-13 00:00:00+05:30,658.9384220413216,665.406407037265,641.8231265205338,646.251220703125
2019-08-14 00:00:00+05:30,649.584611706005,666.1526261762112,648.7885642648554,659.9334106445312
2019-08-16 00:00:00+05:30,660.7295007610762,674.6605444518218,653.6146934394903,672.3221435546875
2019-08-19 00:00:00+05:30,675.4566239873315,685.6063970189895,673.0186790788913,681.6260986328125
2019-08-20 00:00:00+05:30,681.775394735059,681.8251363187542,666.2024527627726,669.0383911132812
2019-08-21 00:00:00+05:30,670.6802678862067,670.8295533672348,656.4009719364484,661.4260864257812
2019-08-22 00:00:00+05:30,661.7245673626296,666.5506545751466,654.5102769665708,657.8935546875
2019-08-23 00:00:00+05:30,656.500421288738,668.2422885980006,642.0718406010735,660.6300048828125
2019-08-26 00:00:00+05:30,673.9142761826041,683.2680017626732,657.2965181335202,680.33251953125
2019-08-27 00:00:00+05:30,693.5669670358327,694.1142458959132,677.1482368262327,679.586181640625
2019-08-28 00:00:00+05:30,681.7255359188267,685.9546026695255,670.1826956695548,674.8595581054688
2019-08-29 00:00:00+05:30,670.6802381991163,673.4166931769317,655.6546369783783,657.8935546875
2019-08-30 00:00:00+05:30,661.6250794129962,665.3068065870526,636.9471824768153,660.6300048828125
2019-09-03 00:00:00+05:30,655.5550434440504,655.5550434440504,638.2905258214927,642.5195922851562
2019-09-04 00:00:00+05:30,641.0270485057749,649.7836925525321,635.45459448727,644.1117553710938
2019-09-05 00:00:00+05:30,648.7885937916645,656.5004214019182,640.8777391284339,646.400390625
2019-09-06 00:00:00+05:30,649.883153039562,669.4363919017413,649.883153039562,667.7944946289062
2019-09-09 00:00:00+05:30,664.3615552215188,672.4713764563198,659.4856655767802,668.2423095703125
2019-09-11 00:00:00+05:30,671.2275991204848,680.133529465959,667.6950962277373,678.3424072265625
2019-09-12 00:00:00+05:30,676.7502451576535,678.292659452752,657.2965478974497,659.635009765625
2019-09-13 00:00:00+05:30,660.2817663356225,672.0734372801767,653.813781164744,670.9290771484375
2019-09-16 00:00:00+05:30,663.3167116382156,671.0783421944446,661.6748749701935,667.5955810546875
2019-09-17 00:00:00+05:30,663.714750399142,665.0083352170313,634.9073289208184,637.2955322265625
2019-09-18 00:00:00+05:30,642.3206193863238,651.2762902995336,638.3900627830645,645.2063598632812
2019-09-19 00:00:00+05:30,645.0073249274016,646.798446941256,629.4841257600937,635.0565795898438
2019-09-20 00:00:00+05:30,637.8925437751502,686.0541774701447,619.5832080468251,676.9989624023438
2019-09-23 00:00:00+05:30,700.4329890578082,728.3945591806298,692.4225904682663,721.9265747070312
2019-09-24 00:00:00+05:30,724.6629827725592,729.6383551225252,698.7910465527356,700.9304809570312
2019-09-25 00:00:00+05:30,698.5423633335532,699.9852336383425,680.2827688707131,691.527099609375
2019-09-26 00:00:00+05:30,683.2182176042247,716.1054827586026,683.1684760195634,696.4527587890625
2019-09-27 00:00:00+05:30,696.7511765628681,704.4630039325106,689.0890907712854,697.149169921875
2019-09-30 00:00:00+05:30,700.5822575500738,708.8911668719384,678.7403580090207,681.6260986328125
2019-10-01 00:00:00+05:30,683.7156642885935,697.7959927498343,653.0176402739091,675.8048706054688
2019-10-03 00:00:00+05:30,671.6753168139065,672.5709081968038,643.5147193817999,665.1078491210938
2019-10-04 00:00:00+05:30,666.6004992968308,674.0635588020147,648.1916191840442,653.1669921875
2019-10-07 00:00:00+05:30,657.6945632151918,678.5413880482026,648.4901232463868,670.1329956054688
2019-10-09 00:00:00+05:30,668.5906401050227,686.1039285635198,661.0280367939871,682.919677734375
2019-10-10 00:00:00+05:30,676.6507621843792,680.9295710336378,662.0728942640923,669.635498046875
2019-10-11 00:00:00+05:30,673.2176704143965,682.6211369995618,665.0083054286146,669.3866577148438
2019-10-14 00:00:00+05:30,674.4615465632879,690.5320255239197,670.0334524803229,680.1334838867188
2019-10-15 00:00:00+05:30,679.2378665052206,691.4275297960031,677.9442817314723,686.6511840820312
2019-10-16 00:00:00+05:30,689.9846801757812,691.9748291688068,680.1831599444138,689.9846801757812
2019-10-17 00:00:00+05:30,687.0989883613869,708.8911456676751,687.0989883613869,706.8014526367188
2019-10-18 00:00:00+05:30,706.3536860166678,712.1749089127187,701.7763671148371,706.05517578125
2019-10-22 00:00:00+05:30,708.8911890920757,719.4389558522503,699.835973538968,709.2394409179688
2019-10-23 00:00:00+05:30,714.4635497539211,726.4044447358808,706.5526946814664,711.3290405273438
2019-10-24 00:00:00+05:30,716.403895981921,719.4388610496787,698.0945009504695,704.2142333984375
2019-10-25 00:00:00+05:30,704.5128427930364,707.4980667031764,691.5768725157631,705.10986328125
2019-10-27 00:00:00+05:30,707.4980694977377,711.5281096454378,705.0601244812531,706.6024780273438
2019-10-29 00:00:00+05:30,703.0202199150078,739.2409604224188,700.7813020171893,734.8128662109375
2019-10-30 00:00:00+05:30,741.3305467635934,746.2064363985355,731.8773384491583,743.71875
2019-10-31 00:00:00+05:30,744.3157877112068,746.30593687621,728.4443359733996,732.72314453125
2019-11-01 00:00:00+05:30,732.3748532542065,746.3058966584985,724.5137401822586,744.6142578125
2019-11-04 00:00:00+05:30,751.2315286651107,751.2315286651107,731.9270584868652,738.9423217773438
2019-11-05 00:00:00+05:30,738.1463860097239,741.9276576495446,727.0015374387742,734.4148559570312
2019-11-06 00:00:00+05:30,733.3201420886904,747.2014430783771,725.1605192958491,743.5693969726562
2019-11-07 00:00:00+05:30,746.3059920200324,752.2764399561926,728.8921855395649,731.131103515625
2019-11-08 00:00:00+05:30,732.2753741586007,732.2753741586007,719.239861317246,721.9265747070312
2019-11-11 00:00:00+05:30,719.8369263133786,731.8773036154157,717.647750239955,730.086181640625
2019-11-13 00:00:00+05:30,730.0862614894189,733.7680497335963,704.3635460988493,707.6970825195312
2019-11-14 00:00:00+05:30,707.4980117323224,718.2448048269198,703.7664821345782,712.3739013671875
2019-11-15 00:00:00+05:30,713.219672045661,719.9364251482884,707.0999393694552,713.3689575195312
2019-11-18 00:00:00+05:30,714.2645625154365,721.9266493696439,708.6921688403054,719.3892211914062
2019-11-19 00:00:00+05:30,721.4290719317855,746.504963544459,721.4290719317855,744.1167602539062
2019-11-20 00:00:00+05:30,744.3157668379591,750.1369286885345,737.5990135944347,745.0620727539062
2019-11-21 00:00:00+05:30,745.3109079769653,745.3109079769653,730.6832985706969,733.76806640625
2019-11-22 00:00:00+05:30,733.7680234794552,736.3551931073706,723.9167607913678,728.4940795898438
2019-11-25 00:00:00+05:30,728.3449028796235,753.0724836608932,726.404495163444,751.0325927734375
2019-11-26 00:00:00+05:30,753.072438080536,758.2468380989843,740.3354954667248,748.5448608398438
2019-11-27 00:00:00+05:30,751.281282644566,759.9881849268705,744.7138149311542,749.191650390625
2019-11-28 00:00:00+05:30,748.5945930314055,751.9281293090879,742.0768666911154,746.9029541015625
2019-11-29 00:00:00+05:30,746.2065085638726,752.6246915051693,732.8724838843813,735.409912109375
2019-12-02 00:00:00+05:30,735.6089184804665,742.3256722170146,733.7182523941425,740.634033203125
2019-12-03 00:00:00+05:30,741.2807569580435,741.2807569580435,727.051203831039,729.7876586914062
2019-12-04 00:00:00+05:30,729.2404707414522,743.3208020622847,725.7079676978366,736.2059936523438
2019-12-05 00:00:00+05:30,739.3404176520451,741.330566824729,721.7275853268866,725.6581420898438
2019-12-06 00:00:00+05:30,729.1906364094879,731.6285812651322,711.4783211214819,714.0654907226562
2019-12-09 00:00:00+05:30,709.9359709800277,730.2852582802558,706.5029515334165,728.3945922851562
2019-12-10 00:00:00+05:30,727.3994941510038,731.180765284226,710.4832268451664,712.1748657226562
2019-12-11 00:00:00+05:30,707.9955763459059,718.841913755911,705.5576314343506,713.0206909179688
2019-12-12 00:00:00+05:30,715.4586280351277,721.7275857861645,711.6276151690865,718.5433349609375
2019-12-13 00:00:00+05:30,722.0260295365997,751.1319585257665,721.4290091331969,748.2960205078125
2019-12-16 00:00:00+05:30,748.5447693177393,750.9827139137351,742.524580927094,743.5693969726562
2019-12-17 00:00:00+05:30,743.9177027247928,752.773890435493,737.6984868421466,741.9773559570312
2019-12-18 00:00:00+05:30,742.1266016174125,744.8630566829152,733.9669780024618,738.196044921875
2019-12-19 00:00:00+05:30,739.4399180484913,746.3059571480673,737.0020338427684,738.8926391601562
2019-12-20 00:00:00+05:30,741.032142395614,743.3208020622847,733.6685653102841,736.2059936523438
2019-12-23 00:00:00+05:30,733.2705295678137,744.9128543167374,731.3798634501145,739.48974609375
2019-12-24 00:00:00+05:30,740.8329656583004,741.0319927053156,734.1659543577205,737.001953125
2019-12-26 00:00:00+05:30,733.8674499967515,737.0019589922437,730.2852060600701,732.8723754882812
2019-12-27 00:00:00+05:30,735.3601530973484,758.2468696348843,732.673439443861,756.406005859375
2019-12-30 00:00:00+05:30,757.1522365653672,761.9783237573182,747.3507159731513,750.3856811523438
2019-12-31 00:00:00+05:30,750.1369125190571,762.077806916821,747.6990285004706,750.3856811523438
2020-01-01 00:00:00+05:30,751.1817419292202,756.2068558573698,743.5196563609445,745.0122680664062
2020-01-02 00:00:00+05:30,746.3058995382067,755.2615703326652,743.9176963658726,753.2216796875
2020-01-03 00:00:00+05:30,749.4404219757004,752.5251287883262,736.8527046185197,739.2906494140625
2020-01-06 00:00:00+05:30,735.8079032942812,735.9571280391353,718.1453296681187,719.6876831054688
2020-01-07 00:00:00+05:30,724.4142717393644,734.3650172302898,717.4984914762653,722.1753540039062
2020-01-08 00:00:00+05:30,711.7270186209037,722.1753006139404,705.6072863026003,720.9314575195312
2020-01-09 00:00:00+05:30,729.9369802284841,741.3305968504757,727.3995520774466,739.191162109375
2020-01-10 00:00:00+05:30,739.3403892905711,748.0970331675642,731.1807658486681,736.4049072265625
2020-01-13 00:00:00+05:30,736.3552361855197,743.0719900291039,731.7281147994584,733.76806640625
2020-01-14 00:00:00+05:30,736.3551346649807,747.6990083306579,730.583714675323,744.2162475585938
2020-01-15 00:00:00+05:30,743.3704514414063,745.3108590156565,734.3650386562812,742.6241455078125
2020-01-16 00:00:00+05:30,742.8231550813692,746.7039701385003,731.4792808640102,733.66845703125
2020-01-17 00:00:00+05:30,731.2305012560695,738.7931041990385,727.25020309699,736.2556762695312
2020-01-20 00:00:00+05:30,739.2906492642876,742.5246415526401,721.4290489401731,723.6182250976562
2020-01-21 00:00:00+05:30,722.7723932538631,726.0063856225972,712.5231372783203,714.0654907226562
2020-01-22 00:00:00+05:30,713.4683787174189,719.1900567894205,703.1195801716409,709.0900268554688
2020-01-23 00:00:00+05:30,721.4787332927641,733.917164184421,715.8565989704506,719.4388427734375
2020-01-24 00:00:00+05:30,719.8370213973348,738.0468752263668,716.851797466853,733.76806640625
2020-01-27 00:00:00+05:30,728.8424338438108,744.7636281193933,727.3995634656789,736.60400390625
2020-01-28 00:00:00+05:30,734.7631303957068,742.8232105973224,731.3798523630702,733.519287109375
2020-01-29 00:00:00+05:30,736.3552054334198,741.8281157440736,729.936962104019,731.6286010742188
2020-01-30 00:00:00+05:30,732.1261363402924,732.7729591235673,723.7177438303881,727.300048828125
2020-01-31 00:00:00+05:30,731.0813128175736,733.6187408730764,721.628104220362,725.7078857421875
2020-02-03 00:00:00+05:30,701.2290022830492,709.2890813241368,692.1240464442609,705.4580688476562
2020-02-04 00:00:00+05:30,708.9409044595501,717.0507259349619,706.5029595648492,711.4783325195312
2020-02-05 00:00:00+05:30,715.9064457017865,722.0759204771462,711.6773785774441,720.4837646484375
2020-02-06 00:00:00+05:30,723.8669823508675,741.3305282864133,719.4388885249354,733.3201904296875
2020-02-07 00:00:00+05:30,733.071471549127,745.5099040759734,730.3847579764214,744.465087890625
2020-02-10 00:00:00+05:30,742.6241681775192,743.1217054817697,735.3601356823674,737.4497680664062
2020-02-11 00:00:00+05:30,739.3404448099202,753.3709726989055,738.3453701870266,746.2562255859375
2020-02-12 00:00:00+05:30,748.2960371151936,756.953197563831,747.3009625977533,751.530029296875
2020-02-13 00:00:00+05:30,747.4004942275168,749.7389559358774,738.6438500530444,744.1167602539062
2020-02-14 00:00:00+05:30,744.415215492724,748.8433092023218,728.4940233572013,732.8723754882812
2020-02-17 00:00:00+05:30,733.7680479401421,739.4399246776892,726.6034985403824,734.7631225585938
2020-02-18 00:00:00+05:30,734.1162805585501,734.1162805585501,721.1305692743634,730.0364990234375
2020-02-19 00:00:00+05:30,737.0020310124992,741.4300644202789,731.7280870146119,737.4000244140625
2020-02-20 00:00:00+05:30,739.0916796771951,750.2862692381085,733.9670210510517,740.634033203125
2020-02-24 00:00:00+05:30,734.3152006121397,734.7629962603785,719.4388254764751,721.8767700195312
2020-02-25 00:00:00+05:30,725.8074062520296,728.3945758067109,718.4935718165304,725.1605834960938
2020-02-26 00:00:00+05:30,721.7275918007139,732.1261334681674,718.4438577832374,725.8074340820312
2020-02-27 00:00:00+05:30,725.1107788782192,735.8078294372443,713.020599766534,732.2255249023438
2020-02-28 00:00:00+05:30,715.3590625257323,721.1304823189372,687.5964604510475,693.8654174804688
2020-03-02 00:00:00+05:30,705.8063006472928,709.7368569018209,671.9737690880052,680.8299560546875
2020-03-03 00:00:00+05:30,686.5019579486043,692.3728613666526,671.6753228250248,683.7655029296875
2020-03-04 00:00:00+05:30,686.6014745241749,692.5719221287329,665.0083435407832,678.8399047851562
2020-03-05 00:00:00+05:30,683.1187134646665,690.5817729708355,671.924124205413,674.5610961914062
2020-03-06 00:00:00+05:30,646.7984827383693,657.5452761508079,637.8925530214498,654.4108276367188
2020-03-09 00:00:00+05:30,635.8526746084642,638.6886129478808,612.0703671798425,620.478759765625
2020-03-11 00:00:00+05:30,610.6275012855226,631.275297500919,609.0850871974726,616.2993774414062
2020-03-12 00:00:00+05:30,589.0841003221352,591.07424930971,525.5486181876213,540.57421875
2020-03-13 00:00:00+05:30,514.4038200303784,582.7654563219692,448.8781523859286,565.9984130859375
2020-03-16 00:00:00+05:30,539.6786445313666,542.3156163173636,499.8756938845127,506.09490966796875
2020-03-17 00:00:00+05:30,512.6126882886889,528.6831061302513,475.09836490698336,485.9446716308594
2020-03-18 00:00:00+05:30,487.58657626235896,503.5575121746575,390.16877454788414,471.11810302734375
2020-03-19 00:00:00+05:30,438.87759699735096,462.6599018909755,421.662820258199,426.1406555175781
2020-03-20 00:00:00+05:30,429.27519129291824,447.48507532645607,412.1599257981617,426.04119873046875
2020-03-23 00:00:00+05:30,383.45195450195797,390.0691936784069,300.5124910481604,307.1297302246094
2020-03-24 00:00:00+05:30,330.3149937714273,335.8376451220849,289.5666806830421,301.6568298339844
2020-03-25 00:00:00+05:30,292.05436905651936,361.9583534729435,284.5913102220257,325.1903381347656
2020-03-26 00:00:00+05:30,334.295306754618,397.034744897982,330.36475014067673,339.71844482421875
2020-03-27 00:00:00+05:30,368.17757167113666,407.4332735543298,352.30612096165083,357.9780578613281
2020-03-30 00:00:00+05:30,343.3007299930808,380.1184894416141,338.6736392709751,366.3367004394531
2020-03-31 00:00:00+05:30,382.5066669855321,387.8800637073923,370.81454053276656,377.1332702636719
2020-04-01 00:00:00+05:30,374.39680216789253,377.9293046992482,352.25639326892747,356.88348388671875
2020-04-03 00:00:00+05:30,358.42588880169666,360.51552120131714,322.40417555844493,323.8470458984375
2020-04-07 00:00:00+05:30,345.68887299476955,403.75147576836844,340.6637589491174,386.9347229003906
2020-04-08 00:00:00+05:30,381.8598517969422,425.5933896415044,371.66033784015093,389.42242431640625
2020-04-09 00:00:00+05:30,403.00519303648633,420.91653494921906,396.6864635660415,418.08056640625
2020-04-13 00:00:00+05:30,415.8914305524692,425.79240434822475,400.0199789425439,416.8865051269531
2020-04-15 00:00:00+05:30,431.86232381454965,449.42538229254126,410.4184809425527,415.24456787109375
2020-04-16 00:00:00+05:30,406.5874778832414,424.8968440107184,398.72639480520826,420.46875
2020-04-17 00:00:00+05:30,447.78357478636104,483.5067472347528,430.2702555657077,476.44171142578125
2020-04-20 00:00:00+05:30,479.6259340841748,481.0688043315417,449.02739160888774,453.7042541503906
2020-04-21 00:00:00+05:30,433.85249457354433,437.7830511093619,410.916038830725,418.5780944824219
2020-04-22 00:00:00+05:30,416.4884519642017,432.40964519267555,409.9707256332017,429.0263977050781
2020-04-23 00:00:00+05:30,432.4594005842485,437.6835419123242,423.95149505816636,427.9317932128906
2020-04-24 00:00:00+05:30,413.95102470915185,417.58304084769,399.2736746743923,401.96038818359375
2020-04-27 00:00:00+05:30,412.95593820093836,427.3845191742242,407.08500443008893,425.1953430175781
2020-04-28 00:00:00+05:30,435.84263329336693,456.14214712672845,433.10617840396793,453.2066955566406
2020-04-29 00:00:00+05:30,428.62840694769386,446.6392642475045,423.8520607583298,436.9372863769531
2020-04-30 00:00:00+05:30,448.7786093381595,459.62491555248033,438.23081333347716,442.7086486816406
2020-05-04 00:00:00+05:30,421.9116017562003,421.9116017562003,397.7313027647202,400.8160095214844
2020-05-05 00:00:00+05:30,411.96087960289805,416.68748389785884,384.59632842154616,387.0840148925781
2020-05-06 00:00:00+05:30,383.1036800266712,392.50714613786766,366.2371552136565,386.9347229003906
2020-05-07 00:00:00+05:30,385.09382578752593,400.26871168742196,380.8150176479032,395.3928527832031
2020-05-08 00:00:00+05:30,401.51260598478444,407.4333120737222,377.78007041260213,380.1682434082031
2020-05-11 00:00:00+05:30,389.0741265604329,391.5618127916377,374.9938285652663,377.6805114746094
2020-05-12 00:00:00+05:30,374.4465554677311,389.8702115879195,368.17759770772244,384.9446105957031
2020-05-13 00:00:00+05:30,408.9756527223449,414.398821334791,397.63180857430245,411.96087646484375
2020-05-14 00:00:00+05:30,403.0549215571788,408.97562708894884,395.6913761939936,399.97021484375
2020-05-15 00:00:00+05:30,400.7662389178893,401.91056847387335,384.89478912792947,386.63616943359375
2020-05-18 00:00:00+05:30,387.084009673086,387.084009673086,350.5647606238601,357.0327453613281
2020-05-19 00:00:00+05:30,366.98345929174064,370.66524704689704,348.3755845731001,352.75390625
2020-05-20 00:00:00+05:30,351.2613299771013,364.4958098661591,348.2761062095905,360.71453857421875
2020-05-21 00:00:00+05:30,361.21203257144765,367.1824793908104,353.9480010881281,355.44061279296875
2020-05-22 00:00:00+05:30,350.36574779956226,357.9780618743761,331.21056311274714,335.2903747558594
2020-05-26 00:00:00+05:30,340.31549132408384,345.9874283263912,334.69332626893714,339.6189270019531
2020-05-27 00:00:00+05:30,344.39529951376653,390.5170098662097,339.81795062082375,385.0938415527344
2020-05-28 00:00:00+05:30,388.0791115204927,405.6421729299537,385.0938875857197,389.0244445800781
2020-05-29 00:00:00+05:30,380.1184730477352,387.33276343934796,373.5012334516399,383.053955078125
2020-06-01 00:00:00+05:30,392.35787075969915,407.48301559790696,390.61649035116113,394.9948425292969
2020-06-02 00:00:00+05:30,396.0396996403599,412.9559682179632,389.62145618018576,408.0801086425781
2020-06-03 00:00:00+05:30,419.9214663579365,429.87221200622884,403.25396739704684,407.53277587890625
2020-06-04 00:00:00+05:30,405.5923915605669,411.8613490617688,389.6214268557422,392.40765380859375
2020-06-05 00:00:00+05:30,397.03478333874216,407.88109089534436,388.57664885658846,403.3037414550781
2020-06-08 00:00:00+05:30,412.95594183807106,442.5594099577882,411.96086727942514,428.1308288574219
2020-06-09 00:00:00+05:30,432.80768353102883,440.32048416478756,414.44854611216726,417.9810485839844
2020-06-10 00:00:00+05:30,420.12046340010016,430.56874558427484,413.2544250995459,425.3446044921875
2020-06-11 00:00:00+05:30,424.3992846139595,433.40469691196887,406.68697022832487,411.41357421875
2020-06-12 00:00:00+05:30,388.079075532801,410.4682529673857,387.233256089597,405.99041748046875
2020-06-15 00:00:00+05:30,403.9505361782064,403.9505361782064,381.7603549183148,387.6810607910156
2020-06-16 00:00:00+05:30,402.90571416300867,403.0052277000919,358.6248928478134,379.67071533203125
2020-06-17 00:00:00+05:30,375.5909107689391,395.7909125100371,373.4514761372341,387.6810607910156
2020-06-18 00:00:00+05:30,384.0987589191839,406.0401396069105,382.10860990923993,403.4031982421875
2020-06-19 00:00:00+05:30,405.49286951150066,420.21996035544197,405.49286951150066,414.9958190917969
2020-06-22 00:00:00+05:30,417.9312806421781,433.75295876446506,416.04064520796373,428.0312805175781
2020-06-23 00:00:00+05:30,428.3796187287202,442.8082005442055,428.2801051944703,441.46484375
2020-06-24 00:00:00+05:30,445.79340795868836,446.2909452443566,420.1204961651167,422.55841064453125
2020-06-25 00:00:00+05:30,416.93621153334294,426.5884462384188,408.32882326368485,419.6229248046875
2020-06-26 00:00:00+05:30,423.90177599587975,426.6382311226137,415.9411792635628,422.7574462890625
2020-06-29 00:00:00+05:30,412.95595585083356,413.7520033778563,400.3682683302796,402.8061828613281
2020-06-30 00:00:00+05:30,407.9806008311978,412.75694693792417,402.05989459905743,404.6470947265625
2020-07-01 00:00:00+05:30,407.9805745489668,435.19587016855223,404.64706865907687,431.1160583496094
2020-07-02 00:00:00+05:30,438.8278852631398,439.3254225480187,419.224904092007,421.1155700683594
2020-07-03 00:00:00+05:30,427.8820751525166,429.4742005753747,421.56334541111335,426.3397216796875
2020-07-06 00:00:00+05:30,432.0116208355127,435.4446402675417,428.9766555274558,431.86236572265625
2020-07-07 00:00:00+05:30,431.3648474138169,446.78850401108144,424.1008148407219,445.1466369628906
2020-07-08 00:00:00+05:30,447.78353331514353,459.1273767523409,438.82786264884066,441.96234130859375
2020-07-09 00:00:00+05:30,445.64414192997634,454.74906796121724,443.85298952508725,451.51507568359375
2020-07-10 00:00:00+05:30,447.68403978677424,449.2264235796684,434.84758399848715,437.4347839355469
2020-07-13 00:00:00+05:30,441.763352829748,444.20126722493796,430.61850586890387,437.8825378417969
2020-07-14 00:00:00+05:30,432.75790268417853,433.6534636787456,413.3539495437467,415.64263916015625
2020-07-15 00:00:00+05:30,421.9116422934942,442.26093058403796,420.66779900843085,424.548583984375
2020-07-16 00:00:00+05:30,429.82247498999715,434.0017699863084,416.38896822212655,431.86236572265625
2020-07-17 00:00:00+05:30,431.8623579031895,437.73329171828203,422.50866313726476,430.966796875
2020-07-20 00:00:00+05:30,435.54415379853464,440.6190098392507,427.18550307138,431.86236572265625
2020-07-21 00:00:00+05:30,437.83284438183165,448.77866549137747,436.34023241234814,444.0023193359375
2020-07-22 00:00:00+05:30,475.6456399210054,482.2131380937862,457.83381136143345,476.5909729003906
2020-07-23 00:00:00+05:30,470.62051667130163,472.41163869955983,456.9382417221306,458.5801086425781
2020-07-24 00:00:00+05:30,454.3510946695568,454.3510946695568,439.375202854427,443.4052734375
2020-07-27 00:00:00+05:30,444.7983218336995,445.7933963791888,427.7825410323801,429.4244079589844
2020-07-28 00:00:00+05:30,431.8623431998343,437.83279034084586,422.30962170076293,434.8973083496094
2020-07-29 00:00:00+05:30,433.60373517788065,444.7983238657778,432.16086493342334,438.7283630371094
2020-07-30 00:00:00+05:30,439.72346846151447,443.7037669411249,422.657944803638,423.7525329589844
2020-07-31 00:00:00+05:30,426.88698428279304,432.31015275683495,419.2248980590162,429.52392578125
2020-08-03 00:00:00+05:30,429.4741849999817,429.77269522026256,413.6525056125177,415.29437255859375
2020-08-04 00:00:00+05:30,419.77219251306656,429.07614535245614,415.2943571711719,427.0362243652344
2020-08-05 00:00:00+05:30,436.8376871135487,444.649027683223,431.0164954601093,432.8076477050781
2020-08-06 00:00:00+05:30,433.8525026951321,436.14116200739755,424.99634529613866,430.8672790527344
2020-08-07 00:00:00+05:30,429.3249079413113,434.84755930503025,425.046069343352,431.165771484375
2020-08-10 00:00:00+05:30,431.86233351514574,434.84755701870665,427.1854712126614,428.97662353515625
2020-08-11 00:00:00+05:30,433.15593713233415,447.68403155744556,433.15593713233415,445.79339599609375
2020-08-12 00:00:00+05:30,442.60912522582936,450.5199796436729,436.7879636976294,448.87811279296875
2020-08-13 00:00:00+05:30,451.863361143665,454.5003026388885,443.15645879426097,445.8929138183594
2020-08-14 00:00:00+05:30,449.2761260327996,449.2761260327996,423.5037031710374,433.7032165527344
2020-08-17 00:00:00+05:30,436.9372764054289,438.82791213026906,423.2550002335668,435.991943359375
2020-08-18 00:00:00+05:30,437.3352901641254,445.0471183752107,433.1559646641143,443.604248046875
2020-08-19 00:00:00+05:30,443.8032681151226,449.72397408553815,440.2707654597676,442.01214599609375
2020-08-20 00:00:00+05:30,435.743099136167,439.1263462203138,431.11600897937353,432.8076477050781
2020-08-21 00:00:00+05:30,437.8328134247685,442.65893119165383,434.1012837648983,438.2806091308594
2020-08-24 00:00:00+05:30,441.8131258995943,447.2362946594578,440.1214869192881,443.604248046875
2020-08-25 00:00:00+05:30,448.72888742687036,454.15202558809597,444.8978442765176,449.5746765136719
2020-08-26 00:00:00+05:30,449.77367779721243,462.5106193578385,446.7884542720097,461.0677795410156
2020-08-27 00:00:00+05:30,461.71461867186827,472.1629020685377,461.71461867186827,470.72003173828125
2020-08-28 00:00:00+05:30,474.1032651756194,510.4732265793475,473.7052110755083,506.69195556640625
2020-08-31 00:00:00+05:30,521.8668287085846,531.2204924789081,483.90471260082006,494.3032531738281
2020-09-01 00:00:00+05:30,492.6116623563958,500.92054123482353,477.28751978354904,483.3077392578125
2020-09-02 00:00:00+05:30,484.6012989879114,485.54663194393135,469.77469447631324,482.01409912109375
2020-09-03 00:00:00+05:30,485.99442223102625,487.53680606127955,470.7697931964043,472.6106872558594
2020-09-04 00:00:00+05:30,466.6899948471419,470.62055172677,450.3707772201836,452.9579772949219
2020-09-07 00:00:00+05:30,454.74906547819984,464.8490660012539,448.43033606604536,456.4407043457031
2020-09-08 00:00:00+05:30,457.5352603420626,460.12246021384385,439.0766398124345,442.161376953125
2020-09-09 00:00:00+05:30,437.7333046291056,441.1663241002309,422.9066993602808,429.12591552734375
2020-09-10 00:00:00+05:30,434.3003088985071,446.48997239995543,428.62837169378395,444.6490783691406
2020-09-11 00:00:00+05:30,443.8032129440386,447.6342557211561,437.08646028176895,444.997314453125
2020-09-14 00:00:00+05:30,449.773681274142,452.7589048224217,435.8426380488367,438.38006591796875
2020-09-15 00:00:00+05:30,438.87762067058014,449.6741856740179,433.75299278187464,447.33575439453125
2020-09-16 00:00:00+05:30,447.33578647074245,448.3806330495693,437.8328359287416,443.80328369140625
2020-09-17 00:00:00+05:30,438.778128734805,444.2510386820404,436.3401839750397,440.718505859375
2020-09-18 00:00:00+05:30,442.3603920755671,447.08699632718503,433.90225815161926,441.16632080078125
2020-09-21 00:00:00+05:30,440.81807299464333,441.81314765151615,418.4786348009419,421.2648620605469
2020-09-22 00:00:00+05:30,421.91162879721634,424.5485704037456,404.2987962972183,409.9707336425781
2020-09-23 00:00:00+05:30,416.0406587664737,420.8170042682801,404.0997646446936,417.6825256347656
2020-09-24 00:00:00+05:30,411.9609039845514,412.2594142318358,399.1741886932198,400.4678039550781
2020-09-25 00:00:00+05:30,405.49287562871507,414.64757355668655,398.1790716758239,413.00567626953125
2020-09-28 00:00:00+05:30,417.93133131536354,438.4298741152371,415.9909237016355,437.0865173339844
2020-09-29 00:00:00+05:30,440.2209866311406,441.1165476766614,422.7076680088608,424.7475891113281
2020-09-30 00:00:00+05:30,424.8968419606249,425.99143006254803,416.68747674709994,422.55841064453125
2020-10-01 00:00:00+05:30,428.0811402339323,443.10674363447777,425.2949129046826,441.5146484375
2020-10-05 00:00:00+05:30,441.8628277832931,454.20177610623296,436.8874551909026,441.96234130859375
2020-10-06 00:00:00+05:30,447.2860476128521,450.4702985859241,440.5195522541588,447.435302734375
2020-10-07 00:00:00+05:30,444.79835539150497,453.7042853924477,441.3155942195357,450.8683166503906
2020-10-08 00:00:00+05:30,453.30621046096684,459.3761714414731,445.0471036359814,449.6741943359375
2020-10-09 00:00:00+05:30,451.06730891497574,467.486039992675,447.9328299645048,465.7446594238281
2020-10-12 00:00:00+05:30,471.16782610640564,477.63581104767627,460.02297836838636,465.6949157714844
2020-10-13 00:00:00+05:30,463.60527528326645,470.6703114010059,457.48557223385296,459.07769775390625
2020-10-14 00:00:00+05:30,455.7441875764639,472.3121743483119,451.7638889950101,468.9786682128906
2020-10-15 00:00:00+05:30,471.0682646769663,479.57616991658125,457.73427238105785,460.32147216796875
2020-10-16 00:00:00+05:30,462.858921177459,473.157948850497,460.7195169669403,470.0732116699219
2020-10-19 00:00:00+05:30,474.70032333905243,493.4574855259327,473.9042758100577,490.52203369140625
2020-10-20 00:00:00+05:30,483.4569798542235,496.1939220438283,482.7106739360686,491.51708984375
2020-10-21 00:00:00+05:30,494.45255598503996,505.0003526759616,484.20329989044427,498.98016357421875
2020-10-22 00:00:00+05:30,493.55700531829956,510.4732736457413,493.20872313222236,507.78656005859375
2020-10-23 00:00:00+05:30,511.36885514929816,512.9609501965411,502.01512972677983,504.70184326171875
2020-10-26 00:00:00+05:30,505.7466489274805,507.3387743089199,488.48209910805235,490.9200439453125
2020-10-27 00:00:00+05:30,491.56682445593754,509.72693487359106,480.2727223145191,505.5973815917969
2020-10-28 00:00:00+05:30,508.28410324545285,514.9511153397538,491.0693244834173,502.21417236328125
2020-10-29 00:00:00+05:30,503.5077217165209,513.8067190032739,486.93973655167343,491.4175720214844
2020-10-30 00:00:00+05:30,492.5619051395939,499.0796313334237,479.22791216482364,490.07421875
2020-11-02 00:00:00+05:30,494.4028026839789,529.0811572768581,492.6614221987853,520.0757446289062
2020-11-03 00:00:00+05:30,522.4142074159969,534.3551035855054,521.4191327352045,531.5191650390625
2020-11-04 00:00:00+05:30,522.5136742423877,531.2205774269082,508.4831459760034,522.5634765625
2020-11-05 00:00:00+05:30,532.2654458455288,539.8279887676297,524.9516108473103,536.6437377929688
2020-11-06 00:00:00+05:30,536.0964412363543,543.3107320928991,528.5836401464453,539.0816650390625
2020-11-09 00:00:00+05:30,547.2909863154002,565.2023276857225,545.5496059043967,562.266845703125
2020-11-10 00:00:00+05:30,569.1826835849936,585.103877531427,565.4511537537982,580.7255249023438
2020-11-11 00:00:00+05:30,576.9939644730716,608.1398470667391,573.5610057980502,605.6521606445312
2020-11-12 00:00:00+05:30,598.9851335429491,607.4432671617984,585.8998790035054,596.7462158203125
2020-11-13 00:00:00+05:30,592.0693198802318,609.3338379392311,581.4220107203541,607.3436889648438
2020-11-14 00:00:00+05:30,610.9260524023355,614.9560923167278,602.5674016110135,610.1300048828125
2020-11-17 00:00:00+05:30,610.1300001952147,627.7925739084169,606.0004164135264,625.702880859375
2020-11-18 00:00:00+05:30,621.9215638275903,636.8476813594524,618.9860818994184,633.1658935546875
2020-11-19 00:00:00+05:30,615.9512191859797,629.8822645310584,606.0502140973912,608.4881591796875
2020-11-20 00:00:00+05:30,611.9709486300551,613.4635606998845,589.0842302260043,604.8561401367188
2020-11-23 00:00:00+05:30,607.9408127261048,609.5826493043824,589.7807020614508,592.6663818359375
2020-11-24 00:00:00+05:30,600.0299460833979,619.53338272364,597.5920013197351,616.5979614257812
2020-11-25 00:00:00+05:30,621.9215960981455,626.8969688669307,593.0644340391915,596.8954467773438
2020-11-26 00:00:00+05:30,599.2836423237143,615.1550933997414,591.1240189405202,609.5328979492188
2020-11-27 00:00:00+05:30,608.9856407078536,610.6275380525946,595.8009025716134,598.6368408203125
2020-12-01 00:00:00+05:30,607.9905312348524,611.9708293116763,593.2634404975097,600.6767578125
2020-12-02 00:00:00+05:30,604.0101787494066,610.478162541616,598.2885007793751,605.104736328125
2020-12-03 00:00:00+05:30,607.1447010905367,607.9904900808,597.3929228747797,599.7313842773438
2020-12-04 00:00:00+05:30,603.6122141837031,613.413735208998,600.2289970622339,611.4733276367188
2020-12-07 00:00:00+05:30,613.9112917197583,621.3246096982848,609.4334559825384,616.199951171875
2020-12-08 00:00:00+05:30,616.0506643860904,620.7772687653983,608.5876048398146,617.5930786132812
2020-12-09 00:00:00+05:30,616.1004936495377,633.5640416046944,615.9512081582694,631.0763549804688
2020-12-10 00:00:00+05:30,621.4241196380583,629.334975261543,617.2945355420051,623.9615478515625
2020-12-11 00:00:00+05:30,623.2648826809475,628.5388260669505,605.3535418562558,610.2294311523438
2020-12-14 00:00:00+05:30,612.9659382418189,620.727507780442,609.3836940653874,612.866455078125
2020-12-15 00:00:00+05:30,612.7170985457929,612.7170985457929,599.3333349162391,604.1096801757812
2020-12-16 00:00:00+05:30,610.5280029053444,611.8713900433514,601.8211002377424,603.1146850585938
2020-12-17 00:00:00+05:30,604.259015463852,607.9905449953291,600.2289757167629,602.4181518554688
2020-12-18 00:00:00+05:30,601.4231295302401,607.9905977820255,593.5620156742688,606.4979858398438
2020-12-21 00:00:00+05:30,602.2689296476831,604.2590789401992,570.5758264581789,579.6309814453125
2020-12-22 00:00:00+05:30,582.1186107394553,591.0245400934009,565.6003975319428,586.84521484375
2020-12-23 00:00:00+05:30,586.0989020883615,591.5718120399505,581.4220396191884,589.5319213867188
2020-12-24 00:00:00+05:30,592.0693733253967,610.9757902887287,591.2235842287448,607.1945190429688
2020-12-28 00:00:00+05:30,610.9757418738212,617.7422363144434,610.9757418738212,614.6077880859375
2020-12-29 00:00:00+05:30,617.6427998535235,629.2851845091578,615.5531068086736,627.0960083007812
2020-12-30 00:00:00+05:30,629.1358024956555,630.8771827319028,615.1550190315455,622.02099609375
2020-12-31 00:00:00+05:30,619.3344505707338,622.8669532266598,612.9659488858981,617.39404296875
2021-01-01 00:00:00+05:30,617.1949756020813,622.3693752913182,614.5082622312729,620.7274780273438
2021-01-04 00:00:00+05:30,624.7078148423172,629.8822148521482,618.2398300136616,621.6231079101562
2021-01-05 00:00:00+05:30,614.9560246506887,664.6102651743848,614.9560246506887,661.17724609375
2021-01-06 00:00:00+05:30,658.7393546477957,663.8640128939285,645.952670924653,651.0275268554688
2021-01-07 00:00:00+05:30,655.7541170765478,673.1679213995213,655.7541170765478,667.7944946289062
2021-01-08 00:00:00+05:30,674.6605406497127,675.506329718072,665.2073324842669,669.3866577148438
2021-01-11 00:00:00+05:30,672.6704523501623,673.3172751558518,656.8985437005593,663.6650390625
2021-01-12 00:00:00+05:30,658.0427893585855,681.6260683974925,656.0028986730613,672.3718872070312
2021-01-13 00:00:00+05:30,672.6704244374902,687.7955703883167,665.7546438736597,684.4122924804688
2021-01-14 00:00:00+05:30,675.1580965843426,684.4122779499409,671.3270837788928,672.67041015625
2021-01-15 00:00:00+05:30,674.2624558472648,679.5861408546207,666.301859859767,671.5260009765625
2021-01-18 00:00:00+05:30,671.1280400341197,671.6753188877889,647.9428152475659,653.7639770507812
2021-01-19 00:00:00+05:30,660.2817158348037,668.6403664793756,656.500444632557,665.4561157226562
2021-01-20 00:00:00+05:30,660.7295648064651,677.5960921995616,660.7295648064651,672.4216918945312
2021-01-21 00:00:00+05:30,677.3969463320475,691.5767575479589,666.4511271478352,672.5210571289062
2021-01-22 00:00:00+05:30,666.6999631042717,670.5807782280945,635.6536243172858,641.3255615234375
2021-01-25 00:00:00+05:30,650.7787522019099,664.7097958270273,636.2008858289572,655.1571044921875
2021-01-27 00:00:00+05:30,656.6994974807984,660.5305104148588,624.3098312465881,628.9866333007812
2021-01-28 00:00:00+05:30,618.9364003127198,671.3768438044502,612.9659527212788,667.3965454101562
2021-01-29 00:00:00+05:30,667.6950901366491,672.521177895238,649.7837464370073,659.635009765625
2021-02-01 00:00:00+05:30,661.7245488939502,713.4684233939282,651.1269810727396,705.8560791015625
2021-02-02 00:00:00+05:30,715.7073652733553,741.280793183244,700.7315055434954,710.6822509765625
2021-02-03 00:00:00+05:30,716.4536527478838,733.1708924984287,712.025558997189,730.1856689453125
2021-02-04 00:00:00+05:30,726.4044616459817,741.8281180233963,717.0507360652198,740.2360229492188
2021-02-05 00:00:00+05:30,745.3108818494704,762.52566043153,713.4684943739256,716.0556640625
2021-02-08 00:00:00+05:30,722.424138729842,744.1167522362559,722.424138729842,732.524169921875
2021-02-09 00:00:00+05:30,732.1261419122869,746.3059550583964,722.6231915647835,738.8428955078125
2021-02-10 00:00:00+05:30,737.8975395192961,742.7236876525258,722.5236251766606,731.1807861328125
2021-02-11 00:00:00+05:30,727.3994967588937,740.4847513979583,727.3994967588937,736.4546508789062
2021-02-12 00:00:00+05:30,731.8774039708964,750.9828493689814,730.9320709079152,746.7040405273438
2021-02-15 00:00:00+05:30,756.157155375496,795.0645449852162,750.186708229174,790.0891723632812
2021-02-16 00:00:00+05:30,795.064592371696,795.064592371696,763.2222056934804,771.2325439453125
2021-02-17 00:00:00+05:30,770.1877208330823,781.1335411549994,760.5354853113943,773.9192504882812
2021-02-18 00:00:00+05:30,771.1828244085324,778.1483466935126,760.2370036749919,773.1729736328125
2021-02-19 00:00:00+05:30,769.0931872248233,773.3719958834583,737.6985348197898,745.9577026367188
2021-02-22 00:00:00+05:30,745.9576981718953,746.1566645042652,711.4783389886328,715.9064331054688
2021-02-23 00:00:00+05:30,728.7428938336564,731.3301243579878,709.0901695446995,712.4237060546875
2021-02-24 00:00:00+05:30,718.4437964289466,751.1817721112792,713.5181654561085,745.7088623046875
2021-02-25 00:00:00+05:30,761.2320523857685,779.6409320839864,758.3961141314776,766.854248046875
2021-02-26 00:00:00+05:30,742.325571869866,754.9630300794355,715.110308776759,721.22998046875
2021-03-01 00:00:00+05:30,734.365014451815,739.8379244511171,718.6925903629043,724.9615478515625
2021-03-02 00:00:00+05:30,726.8522069126979,736.8526938518296,718.4438149372329,727.6482543945312
2021-03-03 00:00:00+05:30,736.8527456348268,757.0527479867544,731.479318469402,750.2365112304688
2021-03-04 00:00:00+05:30,727.4989614937278,747.7487645337839,727.4989614937278,733.1708984375
2021-03-05 00:00:00+05:30,728.3945389342072,740.4349161719587,716.9511821066889,727.1506958007812
2021-03-08 00:00:00+05:30,731.3797488747746,748.7935524194121,728.3945254099796,739.6388549804688
2021-03-09 00:00:00+05:30,754.9629957110125,754.9629957110125,736.3550913897978,741.7782592773438
2021-03-10 00:00:00+05:30,746.8034160111322,761.9285606342125,745.4600897231778,757.0029296875
2021-03-12 00:00:00+05:30,768.7945948219173,772.7748931347089,741.330560757467,746.9029541015625
2021-03-15 00:00:00+05:30,750.2862119093984,750.2862119093984,713.1202017008021,740.7335205078125
2021-03-16 00:00:00+05:30,747.301010168031,748.296084748814,732.3251498741533,734.1162719726562
2021-03-17 00:00:00+05:30,735.3601230060857,738.3453467801294,721.1305684967176,724.3148193359375
2021-03-18 00:00:00+05:30,732.374875,739.4398800709973,703.7664814453125,715.2098388671875
2021-03-19 00:00:00+05:30,705.5078165339932,725.7575582013483,700.0349068147591,722.6728515625
2021-03-22 00:00:00+05:30,715.4586822593507,726.4045035456551,705.8064458872475,712.6724853515625
2021-03-23 00:00:00+05:30,714.4635473778777,735.8576508160731,710.582732227834,726.9517211914062
2021-03-24 00:00:00+05:30,719.6877603865606,721.4291410719065,699.8360084267088,702.9207763671875
2021-03-25 00:00:00+05:30,706.0054073582778,707.3985360499786,676.6507075456362,691.1787719726562
2021-03-26 00:00:00+05:30,703.5177528642682,703.5177528642682,689.735993739171,694.7611083984375
2021-03-30 00:00:00+05:30,701.527666082604,709.7867739761011,687.5966202313183,691.9251708984375
2021-03-31 00:00:00+05:30,692.5719002354157,700.0847010867527,688.6910851213183,694.0147705078125
2021-04-01 00:00:00+05:30,702.8211475005178,713.4684574079046,692.1240960121845,709.4881591796875
2021-04-05 00:00:00+05:30,703.7167148215683,704.9605579753343,674.113247761937,681.8748168945312
2021-04-06 00:00:00+05:30,686.7009577338141,690.0842356704243,672.1728928556187,674.5610961914062
2021-04-07 00:00:00+05:30,677.1482187666721,688.4920927209396,665.107841227895,684.8600463867188
2021-04-08 00:00:00+05:30,688.0940603191415,692.0743585711684,676.0038800847974,678.2427978515625
2021-04-09 00:00:00+05:30,675.9541785211813,683.4172381855574,663.7147728185116,664.9088745117188
2021-04-12 00:00:00+05:30,647.7935952454802,651.7738938337781,623.5635518830314,632.4694213867188
2021-04-13 00:00:00+05:30,632.4694040920951,661.5753367231333,626.8970105146676,657.7443237304688
2021-04-15 00:00:00+05:30,663.1675213119911,668.0433507200328,649.0871905365407,665.5556640625
2021-04-16 00:00:00+05:30,665.3566517840947,671.9241198127756,659.0876332522688,665.9039306640625
2021-04-19 00:00:00+05:30,646.7985053614696,652.0723887198176,627.892087512442,644.9576416015625
2021-04-20 00:00:00+05:30,652.7689843450327,658.7394323725787,639.8330136186829,648.5399169921875
2021-04-22 00:00:00+05:30,637.8427955120304,657.6945452103643,631.2753276835663,655.4556274414062
2021-04-23 00:00:00+05:30,652.7688442585676,674.1629450993591,647.6939888180503,668.043212890625
2021-04-26 00:00:00+05:30,690.5817568278206,700.3334755410189,681.1285483409845,697.0
2021-04-27 00:00:00+05:30,687.6960385524618,700.4330421457793,680.7305162837251,696.1044311523438
2021-04-28 00:00:00+05:30,704.5128238896842,708.9906596347457,684.7606171747265,704.662109375
2021-04-29 00:00:00+05:30,708.493052733389,723.3196872599638,703.517680172059,715.8566284179688
2021-04-30 00:00:00+05:30,701.5275223381493,726.2550993636333,701.5275223381493,711.3787841796875
2021-05-03 00:00:00+05:30,702.5226275193992,704.5127766058564,688.6910670747094,699.2886352539062
2021-05-04 00:00:00+05:30,700.5324367856681,715.1103022711123,694.6614730358413,696.900390625
2021-05-05 00:00:00+05:30,705.5078569997034,715.5083440951768,696.5521860363785,713.66748046875
2021-05-06 00:00:00+05:30,714.4635271131681,719.2896143882957,706.7516993483671,712.224609375
2021-05-07 00:00:00+05:30,717.4487322570141,723.3196962461328,710.4832105846159,713.2196655273438
2021-05-10 00:00:00+05:30,719.9364155753015,721.4290273560381,710.4832076306361,711.72705078125
2021-05-11 00:00:00+05:30,701.328538811907,710.1847267032414,699.5374167480785,703.865966796875
2021-05-12 00:00:00+05:30,700.5325405325801,702.2739211375972,685.6561626456701,687.8950805664062
2021-05-14 00:00:00+05:30,691.576844598255,695.1590888520009,678.0438543790666,681.6260986328125
2021-05-17 00:00:00+05:30,688.0940788626713,706.8014690044389,681.0290735687405,705.7566528320312
2021-05-18 00:00:00+05:30,716.4536229743644,722.4240698324842,705.0102664963017,708.144775390625
2021-05-19 00:00:00+05:30,700.5325273195765,720.1355093360795,698.7414051636777,713.2694702148438
2021-05-20 00:00:00+05:30,705.1098707333291,710.881352274892,701.0798305589551,702.4232177734375
2021-05-21 00:00:00+05:30,703.5177416141172,729.7877353260533,703.5177416141172,727.300048828125
2021-05-24 00:00:00+05:30,726.8024003784057,743.8181491281974,723.1703543530668,737.4994506835938
2021-05-25 00:00:00+05:30,740.7335217947958,741.3305422329831,722.2748402428465,727.94677734375
2021-05-26 00:00:00+05:30,734.3650496957873,737.7483276060854,725.9069156545758,731.4793090820312
2021-05-27 00:00:00+05:30,733.5689207632785,750.1368744588385,727.399446823886,746.6541137695312
2021-05-28 00:00:00+05:30,748.8931960971819,755.958262918953,734.8626670990592,736.2059936523438
2021-05-31 00:00:00+05:30,734.2655599116515,749.2911618379622,730.3847447397933,747.0025024414062
2021-06-01 00:00:00+05:30,749.8384485516634,750.2862442661029,737.499560020368,741.4798583984375
2021-06-02 00:00:00+05:30,741.1315033270382,741.6290405957506,730.583737524148,733.3699340820312
2021-06-03 00:00:00+05:30,739.3404139478723,748.5448538254199,735.3601156224463,746.9527587890625
2021-06-04 00:00:00+05:30,747.3010102118427,756.1571982751436,736.4546729868591,738.3950805664062
2021-06-07 00:00:00+05:30,739.4399158428122,750.2365117647362,737.8478207661257,747.4005126953125
2021-06-08 00:00:00+05:30,747.3010102551495,747.4004934194265,735.8576525748111,742.6738891601562
2021-06-09 00:00:00+05:30,742.3256559239269,747.5497976043566,726.5537477158715,733.1212158203125
2021-06-10 00:00:00+05:30,735.8078222153399,741.6787250935831,729.2900966437403,740.5841674804688
2021-06-11 00:00:00+05:30,742.5744361098012,742.5744361098012,733.3699958632141,734.8128662109375
2021-06-14 00:00:00+05:30,732.275405418468,737.748315591298,721.429068236683,732.6236572265625
2021-06-15 00:00:00+05:30,732.3749621425981,748.296156971785,728.3946634353014,747.2015991210938
2021-06-16 00:00:00+05:30,745.1117980257776,753.1221358680413,742.5743701140026,746.1068725585938
2021-06-17 00:00:00+05:30,738.295633618028,741.7286532372383,732.3749274246849,734.9620971679688
2021-06-18 00:00:00+05:30,738.4946236108127,739.5394397725809,718.692615181167,732.6734008789062
2021-06-21 00:00:00+05:30,721.4290863576293,737.250796821217,716.9512506492026,735.9074096679688
2021-06-22 00:00:00+05:30,739.5393862837165,745.3108062815814,733.419653767433,735.7083129882812
2021-06-23 00:00:00+05:30,739.5393927961061,740.0866716332654,727.2004444979216,728.7427978515625
2021-06-24 00:00:00+05:30,732.2753462652939,739.2906093186859,727.4989400944906,735.5093383789062
2021-06-25 00:00:00+05:30,733.9172728439515,762.1774163076393,733.9172728439515,757.6000366210938
2021-06-28 00:00:00+05:30,760.7842101976609,765.8093243640636,754.017715625656,758.6448364257812
2021-06-29 00:00:00+05:30,757.2516888665692,759.789116675787,746.355611025723,748.2462768554688
2021-06-30 00:00:00+05:30,748.7935829806935,756.7541792117174,742.8728773869635,744.6142578125
2021-07-01 00:00:00+05:30,746.3059401364058,750.6842926123525,740.8330299087388,742.7734375
2021-07-02 00:00:00+05:30,743.9177327282991,749.1418742804207,740.3354885292288,746.9527587890625
2021-07-05 00:00:00+05:30,753.3708663306401,758.2467555882068,749.6891393333841,756.6048583984375
2021-07-06 00:00:00+05:30,753.2714806975658,763.2222268098191,751.4803585442671,754.6148071289062
2021-07-07 00:00:00+05:30,752.1768732013636,760.2369527257168,748.5448268166499,759.1423950195312
2021-07-08 00:00:00+05:30,756.2565968370781,763.371403587974,747.9974908869467,750.6842041015625
2021-07-09 00:00:00+05:30,748.2960662928306,749.1916576872594,736.6039402570051,743.6689453125
2021-07-12 00:00:00+05:30,748.7936258431413,754.0675090011764,744.6143004357149,749.88818359375
2021-07-13 00:00:00+05:30,755.2615488889425,769.1925919514525,751.2812508710824,766.9536743164062
2021-07-14 00:00:00+05:30,767.1527936039499,769.640480164223,760.2370128194834,766.2572021484375
2021-07-15 00:00:00+05:30,766.7049895006762,774.4168177532788,762.7246910477201,770.3370361328125
2021-07-16 00:00:00+05:30,772.1778327664474,772.1778327664474,762.7743663416512,767.3517456054688
2021-07-19 00:00:00+05:30,748.5945452581045,762.8739009846942,745.9078319215224,751.4802856445312
2021-07-20 00:00:00+05:30,751.2812210272273,751.4802480671196,740.5344289528157,742.0767822265625
2021-07-22 00:00:00+05:30,746.4054360784114,754.7640870448375,737.3502814768947,743.0719604492188
2021-07-23 00:00:00+05:30,745.3109410644744,760.2370613795173,736.4547520504,751.679443359375
2021-07-26 00:00:00+05:30,750.2861699079001,756.2566168832946,741.3304994448084,752.5748291015625
2021-07-27 00:00:00+05:30,746.8034589590925,752.2763690513976,725.5088390334017,728.0960693359375
2021-07-28 00:00:00+05:30,731.1808292483181,731.1808292483181,708.5926228993538,719.3394775390625
2021-07-29 00:00:00+05:30,716.4536178764378,724.9117508652569,712.4733199993465,713.7171630859375
2021-07-30 00:00:00+05:30,714.5132820957455,715.1103632778413,703.6670057347865,705.4083862304688
2021-08-02 00:00:00+05:30,711.4782898003118,721.9763139574525,708.4930662067441,717.5980224609375
2021-08-03 00:00:00+05:30,720.4340318688476,737.2010150846883,715.757168962571,734.9620971679688
2021-08-04 00:00:00+05:30,736.8526792838919,753.271408802034,735.011815722639,750.087158203125
2021-08-05 00:00:00+05:30,749.2911017778557,751.2812507865618,739.8378939865016,745.6093139648438
2021-08-06 00:00:00+05:30,743.3207218172618,753.9182905385903,735.1610979984655,737.2009887695312
2021-08-09 00:00:00+05:30,737.3502278861267,753.6694744975262,736.1063847216764,751.77880859375
2021-08-10 00:00:00+05:30,751.778761800992,760.2368947927966,751.28122456618,757.7989501953125
2021-08-11 00:00:00+05:30,761.2320597913493,765.2123581431995,748.7936274418174,757.052734375
2021-08-12 00:00:00+05:30,755.2615872509816,759.6399395868286,749.6393917213746,753.6196899414062
2021-08-13 00:00:00+05:30,753.7689623429403,760.7344841071655,750.485228515283,756.1571655273438
2021-08-16 00:00:00+05:30,752.2763787217027,762.0280974100776,752.2763787217027,758.246826171875
2021-08-17 00:00:00+05:30,755.2616229326685,756.2566975346878,745.6093871461743,753.022705078125
2021-08-18 00:00:00+05:30,760.0378676743583,760.0378676743583,746.8033893766146,750.6842041015625
2021-08-20 00:00:00+05:30,742.1266560236854,745.3109070257092,732.5739637521505,736.60400390625
2021-08-23 00:00:00+05:30,745.8083887398134,745.8083887398134,730.7827870563464,732.474365234375
2021-08-24 00:00:00+05:30,732.3748915416646,746.0074254468874,727.8970559276191,742.6738891601562
2021-08-25 00:00:00+05:30,744.5148695023644,747.7488621332187,731.578898978947,735.409912109375
2021-08-26 00:00:00+05:30,730.4842255441434,746.3059356742506,728.7428450275702,742.6738891601562
2021-08-27 00:00:00+05:30,742.8231884021526,755.8586413596026,737.3502781058205,748.6941528320312
2021-08-30 00:00:00+05:30,752.2764018799809,785.6114011696361,750.2862526686582,780.188232421875
2021-08-31 00:00:00+05:30,781.0341255396926,785.1139073550738,774.5661402446254,782.626220703125
2021-09-01 00:00:00+05:30,794.1689186833573,814.9659996219777,791.4822661733235,794.9650268554688
2021-09-02 00:00:00+05:30,791.5818496108068,802.1296161477594,788.4971426239246,798.7463989257812
2021-09-03 00:00:00+05:30,800.5375038472034,805.9109309014577,783.8202629616264,794.0695190429688
2021-09-06 00:00:00+05:30,796.9053934338381,801.9305682742227,791.4324836536019,796.8556518554688
2021-09-07 00:00:00+05:30,794.0694518665517,795.4625804618831,778.1980014273261,783.9694213867188
2021-09-08 00:00:00+05:30,786.1088433388771,793.4226165115738,779.1433219422036,790.7857055664062
2021-09-09 00:00:00+05:30,785.113818686467,789.7906812108463,780.33747300106,786.2581787109375
2021-09-13 00:00:00+05:30,782.1285791331064,786.5566729303206,779.6408928127086,784.4669799804688
2021-09-14 00:00:00+05:30,787.1039051281361,797.0546498200215,786.1088306589476,790.4871826171875
2021-09-15 00:00:00+05:30,792.0793327440107,793.5222029719203,783.1236618964025,787.5020141601562
2021-09-16 00:00:00+05:30,788.5966214081767,803.4729988422157,785.213343470467,798.6468505859375
2021-09-17 00:00:00+05:30,804.8660860584473,816.6577568042612,793.3232447033942,803.3734741210938
2021-09-20 00:00:00+05:30,796.0596373736254,804.5675126011498,787.6015037265306,791.9300537109375
2021-09-21 00:00:00+05:30,791.3330729864921,795.0646027239324,768.4960988464512,791.4325561523438
2021-09-22 00:00:00+05:30,788.5965635661411,792.8753718903196,782.1285791331064,784.4669799804688
2021-09-23 00:00:00+05:30,790.4374055681802,810.4881810569547,788.6462836133024,808.1497802734375
2021-09-24 00:00:00+05:30,808.5478442192924,812.9261966996926,791.1837805142169,794.1192626953125
2021-09-27 00:00:00+05:30,798.9454252896911,804.8163290231837,788.8951353304026,793.0247192382812
2021-09-28 00:00:00+05:30,798.0498086155004,801.6320527892883,774.1680188314954,785.3128662109375
2021-09-29 00:00:00+05:30,779.1433354199919,785.6113196859305,774.6655001589575,778.2975463867188
2021-09-30 00:00:00+05:30,776.0586341684406,783.4718906757867,761.0827142144722,762.7743530273438
2021-10-01 00:00:00+05:30,759.6399121477244,767.8990185090548,750.2861873747057,764.3665161132812
2021-10-04 00:00:00+05:30,767.3019725821903,777.3025205455175,766.5059250772994,775.1630859375
2021-10-05 00:00:00+05:30,770.5857981573828,780.1384900684894,767.4015472755026,778.745361328125
2021-10-06 00:00:00+05:30,778.3971374868686,790.2882915870747,772.1779209840972,775.1134033203125
2021-10-07 00:00:00+05:30,786.1088236998946,786.2581091627617,770.2871154860487,773.2723388671875
2021-10-08 00:00:00+05:30,778.0488301957745,781.133537067451,772.1778659418369,778.0985717773438
2021-10-11 00:00:00+05:30,778.1482910389399,789.0941109896155,775.1630674160283,783.27294921875
2021-10-12 00:00:00+05:30,784.1187375129264,795.7611217777273,781.5813095828553,793.2236938476562
2021-10-13 00:00:00+05:30,796.0099035794473,800.5374806643906,789.2931503234067,790.6862182617188
2021-10-14 00:00:00+05:30,795.0645830420964,800.0399559021846,784.1187627499023,798.0995483398438
2021-10-18 00:00:00+05:30,815.9612016623956,815.9612016623956,798.0995997961713,809.294189453125
2021-10-19 00:00:00+05:30,815.9611942348522,822.9267166246619,794.5670897518652,797.7015991210938
2021-10-20 00:00:00+05:30,796.6566732112312,809.7916696287677,788.099056237815,800.8359985351562
2021-10-21 00:00:00+05:30,803.970513507126,809.49316524109,788.3975721438319,803.8212280273438
2021-10-22 00:00:00+05:30,808.000566482769,820.9365361432075,802.8261664716871,812.6774291992188
2021-10-25 00:00:00+05:30,826.0113813579374,862.6301743474236,821.3843210196172,840.9375
2021-10-26 00:00:00+05:30,844.2212805348909,847.4552728531174,819.4438997106648,837.7532958984375
2021-10-27 00:00:00+05:30,835.8626302083333,836.6586777092446,781.7803521785471,783.6212158203125
2021-10-28 00:00:00+05:30,783.6212563399381,785.1138682567761,750.9330796550001,754.6148071289062
2021-10-29 00:00:00+05:30,758.2468284750885,758.2468284750885,710.4832487286262,738.3453369140625
2021-11-01 00:00:00+05:30,751.2812588680877,756.256631443373,736.3551411422316,748.644287109375
2021-11-02 00:00:00+05:30,748.7935997427617,757.599985226655,744.3655058432239,752.1270751953125
2021-11-03 00:00:00+05:30,755.7094005593336,758.8936513564736,744.8133217811597,746.9029541015625
2021-11-04 00:00:00+05:30,753.2714951841848,753.3212367687959,747.6991015479707,749.241455078125
2021-11-08 00:00:00+05:30,757.2517116540051,757.2517116540051,737.8477584644479,747.3507080078125
2021-11-09 00:00:00+05:30,746.3058799781993,750.2364364263234,739.688610215248,741.3802490234375
2021-11-10 00:00:00+05:30,739.0419090790622,749.6394170066303,728.394598834439,745.6591186523438
2021-11-11 00:00:00+05:30,744.3158611770833,744.3158611770833,731.4793735020054,734.4148559570312
2021-11-12 00:00:00+05:30,739.1413133023713,739.1413133023713,729.8871327639262,732.424560546875
2021-11-15 00:00:00+05:30,734.365031937223,740.3354793513467,724.4142862470167,729.638427734375
2021-11-16 00:00:00+05:30,729.6384304656491,729.6881720473799,717.7472771744337,722.5734252929688
2021-11-17 00:00:00+05:30,717.4488510207484,721.3296666030259,703.2690366975228,708.8414306640625
2021-11-18 00:00:00+05:30,711.4783301209263,712.473404708508,698.442877317419,702.8709106445312
2021-11-22 00:00:00+05:30,709.4881859985854,709.4881859985854,674.0635547222029,683.0192260742188
2021-11-23 00:00:00+05:30,677.6457672412182,689.2384100201408,674.0137208469207,682.2728881835938
2021-11-24 00:00:00+05:30,686.6014781705009,691.6763343675126,678.6906229055426,681.775390625
2021-11-25 00:00:00+05:30,682.6212005190188,683.6162751553438,673.2177330588394,676.55126953125
2021-11-26 00:00:00+05:30,665.7048912610385,671.5758555525197,657.1970157842052,658.4906005859375
2021-11-29 00:00:00+05:30,661.7743072796729,662.1723613874395,646.1516249350416,647.8930053710938
2021-11-30 00:00:00+05:30,644.8083096804463,674.1132673830456,644.8083096804463,652.420654296875
2021-12-01 00:00:00+05:30,661.6250775468976,678.0438072486211,656.7491880689378,676.2526245117188
2021-12-02 00:00:00+05:30,671.6753397196517,675.4566109667226,664.7595592600762,672.7698974609375
2021-12-03 00:00:00+05:30,675.7551112024205,683.9644763442905,667.6950315387606,669.6851806640625
2021-12-06 00:00:00+05:30,670.6802604510398,675.40686466045,657.8935765151851,659.8339233398438
2021-12-07 00:00:00+05:30,668.6901524972708,688.1438493999494,666.700003233886,683.6162719726562
2021-12-08 00:00:00+05:30,691.5768106148467,698.0945367550302,684.2630369834516,693.6664428710938
2021-12-09 00:00:00+05:30,694.7113690004402,696.452749582316,684.6113373317465,690.5320434570312
2021-12-10 00:00:00+05:30,686.7009625765087,688.541887041733,680.3822631105389,684.6610717773438
2021-12-13 00:00:00+05:30,695.5570980418812,708.393583801702,689.6861340078017,700.532470703125
2021-12-14 00:00:00+05:30,697.5473568919241,710.4833278471239,694.1640786559793,707.3986206054688
2021-12-15 00:00:00+05:30,708.8911784536274,716.4537212171052,704.0650301408192,708.9906616210938
2021-12-16 00:00:00+05:30,715.4586474682087,718.3941297264246,701.577344455959,706.1547241210938
2021-12-17 00:00:00+05:30,704.0151970357239,704.5127342774452,681.7255043127964,685.5068359375
2021-12-20 00:00:00+05:30,677.5960319368334,678.4915625976801,656.8486909765171,671.0285034179688
2021-12-21 00:00:00+05:30,679.6359265858462,679.6359265858462,659.23689804264,662.5703735351562
2021-12-22 00:00:00+05:30,666.6999844072427,673.5162211480405,660.7295367856854,666.0531616210938
2021-12-23 00:00:00+05:30,673.6654819300237,681.1285411833105,669.2871295409494,675.4566040039062
2021-12-24 00:00:00+05:30,677.7950725458758,678.6408616426733,659.1871658055412,664.2122802734375
2021-12-27 00:00:00+05:30,659.7842012056218,671.2773006856236,652.7191958413356,668.8394165039062
2021-12-28 00:00:00+05:30,673.9639715091002,677.4964739672125,668.6900886118946,672.1231079101562
2021-12-29 00:00:00+05:30,671.1778081087458,676.2526642024117,663.9635173618393,667.197509765625
2021-12-30 00:00:00+05:30,664.7098748927539,669.7847313803057,661.227113572208,665.5556640625
2021-12-31 00:00:00+05:30,669.6354315129914,683.1186795375845,667.8940510480376,675.2078247070312
2022-01-03 00:00:00+05:30,676.8994894205433,695.0596006765887,675.6556461838279,692.920166015625
2022-01-04 00:00:00+05:30,697.5472833740464,707.5477707961971,696.6019503723534,705.6571655273438
2022-01-05 00:00:00+05:30,708.3935841572154,727.30000027943,704.2640005524987,723.3197021484375
2022-01-06 00:00:00+05:30,716.4040046217731,729.887253948627,715.4586715597312,726.7030029296875
2022-01-07 00:00:00+05:30,730.38468139497,737.2507197236928,721.6777795391035,727.0014038085938
2022-01-10 00:00:00+05:30,730.0364618061117,740.3354590188113,729.5886661154443,739.141357421875
2022-01-11 00:00:00+05:30,739.2409205584365,743.3704435732272,733.6684665391983,739.5891723632812
2022-01-12 00:00:00+05:30,745.9576439839327,747.7487659868864,739.4896595538843,743.17138671875
2022-01-13 00:00:00+05:30,745.3109264464166,745.3109264464166,733.4197720150836,737.0518188476562
2022-01-14 00:00:00+05:30,731.1807771965603,732.3251372385288,712.5231291288003,718.1453247070312
2022-01-17 00:00:00+05:30,715.45859158973,717.0506865539759,706.0053834950118,709.139892578125
2022-01-18 00:00:00+05:30,713.9660866054514,732.2754851062919,710.7320938786671,721.628173828125
2022-01-19 00:00:00+05:30,721.6280561959527,728.3448092259183,715.1600717967266,726.00634765625
2022-01-20 00:00:00+05:30,727.4492493645716,733.5192406582008,718.593122167438,725.3098754882812
2022-01-21 00:00:00+05:30,718.4438704427083,721.6778629343133,704.56256744722,708.9906616210938
2022-01-24 00:00:00+05:30,711.4783164067461,712.8714450963203,684.8103301205044,701.1295166015625
2022-01-25 00:00:00+05:30,710.4831978461617,751.2812526244427,705.1097712156989,748.4950561523438
2022-01-27 00:00:00+05:30,740.3354997390122,773.1729614209846,734.4645353263007,770.0384521484375
2022-01-28 00:00:00+05:30,774.267495457609,780.8350240334769,757.7492819569561,760.9335327148438
2022-01-31 00:00:00+05:30,771.6305738251017,773.9689747294889,758.5950607476119,769.2423706054688
2022-02-01 00:00:00+05:30,774.2675569218146,789.9897848992483,765.3118851174955,778.0488891601562
2022-02-02 00:00:00+05:30,786.1089376998102,801.9306482080884,783.4719657035859,800.1394653320312
2022-02-03 00:00:00+05:30,798.2488494025437,807.9010850864482,789.1438925970263,795.6118774414062
2022-02-04 00:00:00+05:30,793.0247261996223,800.5375273924456,787.2533055822331,794.6168212890625
2022-02-07 00:00:00+05:30,798.547301010775,799.6418586871963,780.2379055785233,785.7108154296875
2022-02-08 00:00:00+05:30,790.0892439398406,797.0547662415772,772.327186364226,794.6168212890625
2022-02-09 00:00:00+05:30,797.0547477433659,805.5128817706051,796.2089586344551,799.8906860351562
2022-02-10 00:00:00+05:30,803.5724835104245,811.9311344694868,799.1443893801419,805.8114013671875
2022-02-11 00:00:00+05:30,797.0049432796121,805.9108723172571,794.5669985760236,799.8408813476562
2022-02-14 00:00:00+05:30,786.1089717696905,799.044942191217,766.1577372280126,769.5409545898438
2022-02-15 00:00:00+05:30,773.1729687056879,795.1640932000283,760.535509065136,793.0247192382812
2022-02-16 00:00:00+05:30,791.0843157373454,804.3187959166104,785.4123783077933,793.1242065429688
2022-02-17 00:00:00+05:30,793.0744065192533,798.04977920758,776.6556766477757,778.9443359375
2022-02-18 00:00:00+05:30,777.3025125499324,786.6561769216155,775.1630779639219,783.521728515625
2022-02-21 00:00:00+05:30,779.6907162036588,792.8754550852171,772.2773980441019,784.964599609375
2022-02-22 00:00:00+05:30,762.3265461501496,783.1236273846716,762.3265461501496,775.3123168945312
2022-02-23 00:00:00+05:30,779.6409672564297,781.6311165027766,768.446377745728,773.3720092773438
2022-02-24 00:00:00+05:30,748.6941890803818,765.3616894261752,721.7276296921372,726.7030029296875
2022-02-25 00:00:00+05:30,738.6438593170217,761.0827792750747,733.7680302449122,754.3162841796875
2022-02-28 00:00:00+05:30,746.2064060601512,746.2064060601512,732.5738730035256,738.7433471679688
2022-03-02 00:00:00+05:30,725.1109021936494,752.7242234490318,721.4291138793579,746.5547485351562
2022-03-03 00:00:00+05:30,752.2763788285255,755.7093982597685,728.7926431483262,734.0167846679688
2022-03-04 00:00:00+05:30,719.4389292470225,728.8921378609184,706.5527011474894,711.4783325195312
2022-03-07 00:00:00+05:30,689.5866841410719,701.5275791045538,652.3708705444075,664.2620239257812
2022-03-08 00:00:00+05:30,661.7245348937357,670.4314366686532,633.8624492139994,667.0979614257812
2022-03-09 00:00:00+05:30,668.1925590342214,677.1482299669213,655.8536103442449,670.8792724609375
2022-03-10 00:00:00+05:30,704.4133277180616,716.851760113602,684.8600876984586,691.527099609375
2022-03-11 00:00:00+05:30,688.4921425464402,703.1694929500046,684.0640484133733,687.447265625
2022-03-14 00:00:00+05:30,691.2783629796216,708.8911962143927,681.62612684671,706.552734375
2022-03-15 00:00:00+05:30,709.4881984422769,714.4635715028819,691.5768554240988,694.7113647460938
2022-03-16 00:00:00+05:30,707.4979846635094,722.4241024834147,705.6073187791766,720.28466796875
2022-03-17 00:00:00+05:30,733.3699689032381,743.0719461037897,732.822690028575,735.60888671875
2022-03-21 00:00:00+05:30,741.3305457613991,745.708898110715,720.1354698214358,722.3246459960938
2022-03-22 00:00:00+05:30,725.4092823504259,732.3748035801282,702.8708215062219,727.7974853515625
2022-03-23 00:00:00+05:30,732.4743944801721,739.2409504005844,721.0808388089187,723.1704711914062
2022-03-24 00:00:00+05:30,715.558117681946,726.8522507871422,715.4586345161604,718.692626953125
2022-03-25 00:00:00+05:30,719.7374004194394,723.0709365588954,711.9758311782388,717.697509765625
2022-03-28 00:00:00+05:30,722.4241323056428,734.2655438920685,711.5280537004077,732.3748779296875
2022-03-29 00:00:00+05:30,737.9970892125369,737.9970892125369,727.3995206035019,734.166015625
2022-03-30 00:00:00+05:30,743.3207037313955,762.0778350806039,737.6487665359363,746.7537231445312
2022-03-31 00:00:00+05:30,759.2418645588108,759.2418645588108,747.5994804389848,757.4010009765625
2022-04-01 00:00:00+05:30,756.256662705876,771.929086965899,751.4305754021575,770.7349853515625
2022-04-04 00:00:00+05:30,776.1581944740024,781.6311048196524,763.2222245661023,780.2379760742188
2022-04-05 00:00:00+05:30,772.1779143294278,792.0794069667842,772.1779143294278,779.242919921875
2022-04-06 00:00:00+05:30,773.1729551862172,776.1084373689016,765.4113855436096,769.8892211914062
2022-04-07 00:00:00+05:30,765.7098862392803,791.0842879275216,765.4113760133839,788.1985473632812
2022-04-08 00:00:00+05:30,790.9848022460938,796.7562226216722,785.1138379725119,790.9848022460938
2022-04-11 00:00:00+05:30,785.5615612208255,790.337906583015,780.1881347292834,782.1782836914062
2022-04-12 00:00:00+05:30,776.2576784620369,797.054762091317,773.9690190074331,794.517333984375
2022-04-13 00:00:00+05:30,801.8310603779145,801.8310603779145,786.954683706007,789.1438598632812
2022-04-18 00:00:00+05:30,776.1581521532341,797.701540542069,772.1778539370638,794.915283203125
2022-04-19 00:00:00+05:30,801.0350324818273,812.1798798632635,781.6808198606706,793.8704833984375
2022-04-20 00:00:00+05:30,796.9053772099106,798.4975328270091,784.7157147657318,790.7857055664062
2022-04-21 00:00:00+05:30,791.1837573525702,800.0399452190815,786.656180257254,797.8507690429688
2022-04-22 00:00:00+05:30,792.0793607180975,794.0695098656304,774.3670454519611,776.7551879882812
2022-04-25 00:00:00+05:30,768.1976356949411,784.9148777963175,757.5005831253549,776.8547973632812
2022-04-26 00:00:00+05:30,787.1039312941028,792.6763242129933,765.2122922442037,771.1827392578125
2022-04-27 00:00:00+05:30,761.8290535581646,769.1428879641549,745.3108402705469,762.1276245117188
2022-04-28 00:00:00+05:30,773.0734875568403,781.5813633117211,762.5754018506327,775.9591674804688
2022-04-29 00:00:00+05:30,761.2320293511592,763.0728929714643,721.4290474243013,725.0112915039062
2022-05-02 00:00:00+05:30,718.4438314588808,734.5640514584655,714.9610705030552,723.7674560546875
2022-05-04 00:00:00+05:30,729.3895838916211,731.5290182882512,700.5324243652133,703.7166748046875
2022-05-05 00:00:00+05:30,712.473417661238,718.2448382272295,695.4576661980584,698.890625
2022-05-06 00:00:00+05:30,686.6014032828465,689.089089526625,664.8092474935365,670.0831909179688
2022-05-09 00:00:00+05:30,656.9483298545243,665.7049750778481,645.6044539674535,660.4310913085938
2022-05-10 00:00:00+05:30,660.4309838228929,668.7895735115682,654.3112511129181,656.5004272460938
2022-05-11 00:00:00+05:30,658.4408829357442,672.670437741052,652.2216666104756,669.0383911132812
2022-05-12 00:00:00+05:30,663.7147768489381,663.7147768489381,640.8280604058713,646.4502563476562
2022-05-13 00:00:00+05:30,653.1669751897613,656.1521989141487,630.2802599694585,632.8176879882812
2022-05-16 00:00:00+05:30,636.6983870440652,646.0023699503735,626.946669205644,635.8028564453125
2022-05-17 00:00:00+05:30,639.7334244043911,654.261487902794,637.992044018338,651.7240600585938
2022-05-18 00:00:00+05:30,651.5250419064256,667.0979824367175,647.0969481459518,656.201904296875
2022-05-19 00:00:00+05:30,640.1314587318055,654.5102984151605,638.0418264286258,646.9974975585938
2022-05-20 00:00:00+05:30,656.5004467690176,672.4216398698957,654.759066273609,669.78466796875
2022-05-23 00:00:00+05:30,669.6852195413005,681.4270879153256,665.2571253335335,672.0236206054688
2022-05-24 00:00:00+05:30,666.4014312821012,678.0935571217883,657.9432976959444,660.7792358398438
2022-05-25 00:00:00+05:30,664.7097718661889,669.3368926258352,656.7989173744686,661.7245483398438
2022-05-26 00:00:00+05:30,669.6353884807904,681.8747925296007,664.7097576209751,679.8846435546875
2022-05-27 00:00:00+05:30,685.6063543602096,690.3826999795286,680.8797503207161,684.9097900390625
2022-05-30 00:00:00+05:30,691.6762689272873,694.5620093056062,686.7008963677916,690.2334594726562
2022-05-31 00:00:00+05:30,685.6064056448789,692.5719279083247,679.6856995740432,681.8251342773438
2022-06-01 00:00:00+05:30,679.6359331377445,689.0393999964396,677.1482467060544,682.6708984375
2022-06-02 00:00:00+05:30,678.640788748455,689.7358933861733,678.640788748455,688.1437377929688
2022-06-03 00:00:00+05:30,693.8654176769472,694.5619819547526,669.8344056016065,673.9639282226562
2022-06-06 00:00:00+05:30,673.6654446318437,680.6309662159248,666.9984332544603,668.8890991210938
2022-06-07 00:00:00+05:30,668.8891334514536,674.66055377043,657.8437693605109,662.5703735351562
2022-06-08 00:00:00+05:30,666.7000154395041,670.2325182997762,652.2216914302252,655.3561401367188
2022-06-09 00:00:00+05:30,653.7142962934843,659.4857170532672,646.7985154049396,658.0428466796875
2022-06-10 00:00:00+05:30,652.2714007110823,660.4310245831314,648.9876666759194,657.44580078125
2022-06-13 00:00:00+05:30,643.7634520984045,648.7885661154301,636.9471554155248,645.7536010742188
2022-06-14 00:00:00+05:30,641.8230603247755,652.4703697514875,639.9323944579144,647.5447387695312
2022-06-15 00:00:00+05:30,650.7787202077128,653.1171209788685,644.0122257836513,647.2959594726562
2022-06-16 00:00:00+05:30,654.261549862231,654.9581142295235,627.9418145307525,631.7728881835938
2022-06-17 00:00:00+05:30,626.8970109589428,637.6438047141892,623.5137329551917,632.0714111328125
2022-06-20 00:00:00+05:30,632.1211024758242,634.0117683984502,619.1353918564027,625.205322265625
2022-06-21 00:00:00+05:30,628.8871544825216,642.1713762525396,625.0561415219719,633.364990234375
2022-06-22 00:00:00+05:30,629.4344477012002,630.5290662395154,618.1901164819171,623.7127685546875
2022-06-23 00:00:00+05:30,624.3098361986519,637.6935411496282,615.2048792001374,626.2501831054688
2022-06-24 00:00:00+05:30,631.2255100959366,639.285650309898,628.5388574258127,630.8772583007812
2022-06-27 00:00:00+05:30,640.8280138253112,643.7137543304489,631.5738326048644,633.9619750976562
2022-06-28 00:00:00+05:30,630.877308451652,641.5246190219543,628.8871592136342,639.1861572265625
2022-06-29 00:00:00+05:30,633.2156650541649,634.6585352973302,620.4289813914728,622.4688720703125
2022-06-30 00:00:00+05:30,620.9265700474757,636.1511997623096,620.5783182202698,633.6635131835938
2022-07-01 00:00:00+05:30,629.8822409640816,643.4152316420075,628.6881392608444,640.7783203125
2022-07-04 00:00:00+05:30,638.3900719367548,651.9231223959255,637.3452557954718,651.1270141601562
2022-07-05 00:00:00+05:30,652.8683277212066,656.6496592499287,642.8180999873506,645.3057861328125
2022-07-06 00:00:00+05:30,648.7885840372777,656.1521597450092,647.793509521883,654.7092895507812
2022-07-07 00:00:00+05:30,661.1871230460026,662.2335295503253,649.4273825421825,655.9052124023438
2022-07-08 00:00:00+05:30,664.7249847081468,674.4915465309672,659.1441096170998,666.86767578125
2022-07-11 00:00:00+05:30,664.2765638766813,679.624062922121,663.080644590663,677.5311889648438
2022-07-12 00:00:00+05:30,674.6908749013098,682.9127356368132,670.7045181810657,673.8936157226562
2022-07-13 00:00:00+05:30,677.6806892816021,682.6636355263198,674.6411042377205,677.5810546875
2022-07-14 00:00:00+05:30,676.2854385335281,678.1291651362578,663.3297783253994,665.9707641601562
2022-07-15 00:00:00+05:30,667.7147901490255,671.9004771183407,656.851943112824,659.94140625
2022-07-18 00:00:00+05:30,665.7714388475823,685.6534066266436,661.1871526108129,682.1653442382812
2022-07-19 00:00:00+05:30,676.2854843056898,701.4493644899975,676.2854843056898,698.21044921875
2022-07-20 00:00:00+05:30,703.8909589906716,712.0630028189298,700.3032621036211,703.2930297851562
2022-07-21 00:00:00+05:30,705.535321568989,715.9995079504253,701.9475640277394,713.109375
2022-07-22 00:00:00+05:30,714.5545265492698,732.4931339103393,712.6609825525858,728.2576293945312
2022-07-25 00:00:00+05:30,730.9981270719521,736.2800372971251,720.0356466386986,724.8690795898438
2022-07-26 00:00:00+05:30,720.4343711354031,720.9824830407537,699.6554494118315,704.0404663085938
2022-07-27 00:00:00+05:30,705.535321760373,718.0923210907121,701.2001223335591,716.497802734375
2022-07-28 00:00:00+05:30,722.5271786792158,731.197516988762,720.583817550476,723.4241333007812
2022-07-29 00:00:00+05:30,731.3968923577526,732.4432989298249,720.5340449427604,722.278076171875
2022-08-01 00:00:00+05:30,723.5238177006465,729.8023180029003,717.9429420601949,728.3074340820312
2022-08-02 00:00:00+05:30,724.5203731412562,731.8452796805994,718.6404723296756,727.9586181640625
2022-08-03 00:00:00+05:30,727.5101282431768,735.9811365857344,725.0186552012481,728.0084228515625
2022-08-04 00:00:00+05:30,732.6923823476906,734.1872661279863,709.7708310498222,719.1387329101562
2022-08-05 00:00:00+05:30,721.5306072248198,728.7060618930041,718.7401695280204,726.0152587890625
2022-08-08 00:00:00+05:30,727.5101298876939,744.8009285069729,725.6165860407563,743.007080078125
2022-08-10 00:00:00+05:30,742.4589664526334,745.2992213894796,733.6391762154975,736.4794311523438
2022-08-11 00:00:00+05:30,740.5156209586502,758.0556280395675,740.5156209586502,756.26171875
2022-08-12 00:00:00+05:30,756.1122668581132,759.4009991773435,750.8303560633518,757.9559326171875
2022-08-16 00:00:00+05:30,762.390774093221,769.3668988234858,755.8631266895836,762.0419921875
2022-08-17 00:00:00+05:30,768.7689279255965,771.1108881987047,763.6364692500905,769.4664916992188
2022-08-18 00:00:00+05:30,769.3668588310784,773.3532156125866,759.5006014660548,762.4405517578125
2022-08-19 00:00:00+05:30,769.3669886422235,770.0147960593106,747.6911699855287,754.9164428710938
2022-08-22 00:00:00+05:30,750.8303565131084,751.8767630479931,736.6787771629648,739.3197021484375
2022-08-23 00:00:00+05:30,735.4828329888387,748.2889799370538,731.2971461641571,744.501953125
2022-08-24 00:00:00+05:30,742.4589718300164,749.4849136933476,739.4692041582177,747.5914306640625
2022-08-25 00:00:00+05:30,751.3286401681897,756.0125608585573,737.4760256263093,740.8145751953125
2022-08-26 00:00:00+05:30,745.448777420549,752.4249023429338,738.7716171151558,742.359375
2022-08-29 00:00:00+05:30,727.5100923266657,732.3934035785527,719.5871962790828,726.2145385742188
2022-08-30 00:00:00+05:30,730.4999273100934,750.9798244301302,730.4999273100934,748.9368286132812
2022-09-01 00:00:00+05:30,730.9981781316083,752.3252113404039,730.9981781316083,741.6118774414062
2022-09-02 00:00:00+05:30,746.4453161376152,751.9763740717708,737.72516057526,747.6412353515625
2022-09-05 00:00:00+05:30,747.6412174438831,756.2118600890922,746.7940801419297,753.5210571289062
2022-09-06 00:00:00+05:30,755.4146697591146,758.9525495167326,746.2460362721037,747.4419555664062
2022-09-07 00:00:00+05:30,740.6153289926856,755.4146550948194,736.5292765520527,752.8235473632812
2022-09-08 00:00:00+05:30,759.1519075413858,779.5321711137026,754.517742915131,777.0905151367188
2022-09-09 00:00:00+05:30,785.2625590606332,785.2625590606332,777.3396618799218,782.173095703125
2022-09-12 00:00:00+05:30,786.3088740088073,802.2543011116475,784.1163656167713,798.2679443359375
2022-09-13 00:00:00+05:30,802.254317296896,806.1908568577237,800.4106515817256,802.8024291992188
2022-09-14 00:00:00+05:30,791.6905137224703,808.5826526177709,791.6905137224703,800.3109741210938
2022-09-15 00:00:00+05:30,802.7526138112515,803.7492030276528,784.9635206292796,787.3054809570312
2022-09-16 00:00:00+05:30,783.3689341975145,789.8965813396402,773.4528594199302,786.6078491210938
2022-09-19 00:00:00+05:30,786.6078952792717,799.2645911195029,784.0167875191531,795.3778686523438
2022-09-20 00:00:00+05:30,804.0481871266487,813.4161503188008,799.2645709373078,809.9779052734375
2022-09-21 00:00:00+05:30,806.4898754891874,813.2168531346024,800.6099744016615,803.799072265625
2022-09-22 00:00:00+05:30,802.254337560139,806.0413645037225,781.6249281431966,786.5082397460938
2022-09-23 00:00:00+05:30,786.3089617813182,786.3089617813182,761.643376478292,765.978515625
2022-09-26 00:00:00+05:30,756.4112263924375,760.8958779323136,738.472620232933,740.067138671875
2022-09-27 00:00:00+05:30,743.8043484719426,751.5777931378958,728.0084334861625,734.9845581054688
2022-09-28 00:00:00+05:30,731.3968414383884,731.3968414383884,705.2861921177687,714.00634765625
2022-09-29 00:00:00+05:30,719.786644820212,728.3074714408485,708.5750148385888,716.5477294921875
2022-09-30 00:00:00+05:30,717.5442889883074,735.2337488904496,711.963413293636,730.6992797851562
2022-10-03 00:00:00+05:30,728.5067120515447,739.4691933546459,718.5906372528893,720.2848510742188
2022-10-04 00:00:00+05:30,730.8985770794079,741.9606933751628,729.503327804727,740.2664794921875
2022-10-06 00:00:00+05:30,747.4419551684598,757.8065079442553,743.455598074228,752.5245361328125
2022-10-07 00:00:00+05:30,751.2290145617336,754.9164071979324,739.7682374227551,753.12255859375
2022-10-10 00:00:00+05:30,745.4487424879654,776.0440439506614,742.4589748041901,774.2003173828125
2022-10-11 00:00:00+05:30,777.3396083789139,792.786741622341,771.858367550601,782.8706665039062
2022-10-12 00:00:00+05:30,786.8071863065097,808.03452444932,780.7778337130018,805.9417114257812
2022-10-13 00:00:00+05:30,804.2475951235193,812.1704925196873,792.8864523486009,799.2646484375
2022-10-14 00:00:00+05:30,812.7683707735199,817.9008298687482,791.7403614092467,797.7697143554688
2022-10-17 00:00:00+05:30,800.759469014023,814.2134240005686,794.3812734303498,811.3731689453125
2022-10-18 00:00:00+05:30,817.2031878991659,820.0933210652114,808.7819965413942,813.5656127929688
2022-10-19 00:00:00+05:30,815.6584507568261,835.5902349486871,814.1137496473525,827.01953125
2022-10-20 00:00:00+05:30,822.0865529693903,829.0626781972605,814.1636557237692,823.0332641601562
2022-10-21 00:00:00+05:30,857.1663843034996,902.9098549269484,852.9308800171425,897.3289794921875
2022-10-24 00:00:00+05:30,912.8757307591613,915.3173865275703,901.9132492762457,906.3480834960938
2022-10-25 00:00:00+05:30,902.6108846710398,907.4941354391532,888.5589399245156,899.7705688476562
2022-10-27 00:00:00+05:30,905.8996382375723,916.8123028107809,898.1760714649197,912.0286865234375
2022-10-28 00:00:00+05:30,911.8791015230166,914.8190517752894,895.83404002373,899.9698486328125
2022-10-31 00:00:00+05:30,904.9030295534112,914.8689219493739,899.0231287090013,902.9098510742188
2022-11-01 00:00:00+05:30,900.9166121486951,900.9166121486951,866.0359911031152,868.776611328125
2022-11-02 00:00:00+05:30,872.0156349094665,874.0088135035453,858.6613139983452,860.6046752929688
2022-11-03 00:00:00+05:30,854.973978653849,877.3972377426342,853.0804346666695,861.1029663085938
2022-11-04 00:00:00+05:30,866.0359926738124,869.9227147853023,859.3588330390104,865.1390380859375
2022-11-07 00:00:00+05:30,873.2612662982114,873.8093781801359,858.3622459374857,869.9725341796875
2022-11-09 00:00:00+05:30,872.0654640118562,877.7460352472609,865.5378161932967,870.7200927734375
2022-11-10 00:00:00+05:30,840.8223266601562,853.7779863596132,838.1315236341042,840.8223266601562
2022-11-11 00:00:00+05:30,844.1110696333851,851.784818795448,841.2708146861895,847.7984619140625
2022-11-14 00:00:00+05:30,847.5991175076656,850.9875451300805,844.4598371861053,848.097412109375
2022-11-15 00:00:00+05:30,848.3466503204905,856.9172940575455,844.3104757795168,855.721435546875
2022-11-16 00:00:00+05:30,855.07359067231,858.6612877009816,847.6988057692853,852.4824829101562
2022-11-17 00:00:00+05:30,852.4823896727785,858.4619246178942,849.7915867820815,855.2728271484375
2022-11-18 00:00:00+05:30,856.3691658483367,862.846996241784,852.0838440611451,856.26953125
2022-11-21 00:00:00+05:30,857.0668091019095,867.979474243662,856.0702197890002,867.08251953125
2022-11-22 00:00:00+05:30,871.9658314952989,874.0088274213658,865.3883055339074,867.08251953125
2022-11-23 00:00:00+05:30,870.9193545489853,874.806016059264,865.7868956711931,871.7166137695312
2022-11-24 00:00:00+05:30,875.0052938819715,877.7957314009379,870.1219826035483,875.5534057617188
2022-11-25 00:00:00+05:30,879.9883079947771,888.7582812318203,877.8954948999872,884.7221069335938
2022-11-28 00:00:00+05:30,884.6722734429534,896.4320142155716,882.2804349552773,888.6586303710938
2022-11-29 00:00:00+05:30,891.3494639431874,898.8238834390427,886.964446841493,889.5057373046875
2022-11-30 00:00:00+05:30,891.947403440859,902.0129308137005,882.4299880052944,898.1760864257812
2022-12-01 00:00:00+05:30,906.3979043571615,906.3979043571615,896.432012060766,900.7671508789062
2022-12-02 00:00:00+05:30,895.2360715833464,903.9064098409317,888.3596425581412,902.062744140625
2022-12-05 00:00:00+05:30,903.9065021106746,904.2054667375967,894.5385382872236,896.1331176757812
2022-12-06 00:00:00+05:30,894.4388764957206,903.8068400343795,892.6450279617385,901.5645141601562
2022-12-07 00:00:00+05:30,899.7208364664853,914.8690064732698,896.7808857726609,911.5304565429688
2022-12-08 00:00:00+05:30,912.5270008309415,940.7304653596467,910.633456863442,936.1461181640625
2022-12-09 00:00:00+05:30,940.7802378141974,941.7768270491702,924.4361500298539,930.515380859375
2022-12-12 00:00:00+05:30,926.728451672723,937.9400817486417,918.8553715552836,935.4486083984375
2022-12-13 00:00:00+05:30,936.9932176587412,946.0621554317456,933.4054598907215,941.378173828125
2022-12-14 00:00:00+05:30,942.4245837850804,946.9092351016819,935.2989468068006,939.1856689453125
2022-12-15 00:00:00+05:30,936.544774863132,941.7270512789019,929.4191371880759,934.9502563476562
2022-12-16 00:00:00+05:30,929.0702676147883,941.9761097245242,925.9309873515905,931.9105224609375
2022-12-19 00:00:00+05:30,931.9105406211092,944.8662002771619,929.2197984310499,942.9727172851562
2022-12-20 00:00:00+05:30,940.5310847439807,949.5003878037909,937.2423524541128,946.5106201171875
2022-12-21 00:00:00+05:30,949.8492231848704,955.6294896993481,924.8348564626333,929.1201782226562
2022-12-22 00:00:00+05:30,932.8075406279887,932.8075406279887,909.8361705161678,916.4136352539062
2022-12-23 00:00:00+05:30,908.8893575177798,914.1214508587537,900.9166438553431,903.5077514648438
2022-12-26 00:00:00+05:30,904.9030605709675,929.7679751165904,902.0129273462807,925.532470703125
2022-12-27 00:00:00+05:30,929.269655124141,934.601383262467,919.4532145492958,929.0205078125
2022-12-28 00:00:00+05:30,927.7747642872207,934.2525943412428,918.1576537993037,921.5460815429688
2022-12-29 00:00:00+05:30,919.6525036318719,940.7802068840708,912.676379216418,931.3624267578125
2022-12-30 00:00:00+05:30,938.0395431824957,940.2818687837287,927.1766970501767,930.5651245117188
2023-01-02 00:00:00+05:30,929.0702820069314,941.7767943111292,928.6218047013878,938.3883666992188
2023-01-03 00:00:00+05:30,941.5276931089132,962.3065546223346,939.3850018925066,959.017822265625
2023-01-04 00:00:00+05:30,960.2136785683255,966.6915082628705,951.7426705062281,954.184326171875
2023-01-05 00:00:00+05:30,956.7257104918442,958.6192544579857,935.0498936135134,946.3113403320312
2023-01-06 00:00:00+05:30,943.3215570212211,947.7065741198771,931.1133385197832,936.6942749023438
2023-01-09 00:00:00+05:30,943.5706660298861,956.7256559647979,938.1392425884401,955.4799194335938
2023-01-10 00:00:00+05:30,960.7120239414986,960.7120239414986,939.5345026668546,948.9024658203125
2023-01-11 00:00:00+05:30,949.7495351110077,952.4901554903943,939.5843128111604,946.5106201171875
2023-01-12 00:00:00+05:30,946.1119894438225,946.4608321809351,920.8484760391259,932.3590698242188
2023-01-13 00:00:00+05:30,932.3091772135771,934.2525382785624,919.8518124726153,930.9638061523438
2023-01-16 00:00:00+05:30,937.2423975527856,938.537951447258,908.5904558441489,910.0355224609375
2023-01-17 00:00:00+05:30,911.829325913297,916.5631247441648,903.6074647860002,914.5699462890625
2023-01-18 00:00:00+05:30,918.7556366521252,922.4429681462949,910.1351154707211,920.8484497070312
2023-01-19 00:00:00+05:30,920.4498289107772,934.8007387836647,917.6095738113638,925.532470703125
2023-01-20 00:00:00+05:30,928.0737843424014,931.6614814866497,921.4963193022849,927.3761596679688
2023-01-23 00:00:00+05:30,932.8075924147312,936.494985020229,921.2969980711642,929.5188598632812
2023-01-24 00:00:00+05:30,931.8109832031279,931.8109832031279,900.6675679891196,907.0955810546875
2023-01-25 00:00:00+05:30,901.9132748783845,904.3549307161034,881.184230560388,889.306396484375
2023-01-27 00:00:00+05:30,889.3063717030234,889.4558844177508,848.0974315288581,870.7698364257812
2023-01-30 00:00:00+05:30,848.9944352226827,882.4798108284638,843.2640468406797,868.8763427734375
2023-01-31 00:00:00+05:30,870.0223854634925,876.3008853581426,858.1629494637257,868.6271362304688
2023-02-01 00:00:00+05:30,873.3111233597779,892.1466839925503,830.4577867997157,854.3261108398438
2023-02-02 00:00:00+05:30,848.0476037945589,869.0257945832661,834.1949893895618,865.4879150390625
2023-02-03 00:00:00+05:30,870.0223676634544,881.9814380093438,856.3192662254561,879.589599609375
2023-02-06 00:00:00+05:30,868.8763740875266,896.0833111781105,867.6306374378473,879.6395874023438
2023-02-07 00:00:00+05:30,883.8251905593413,885.369952625765,868.5275692357809,876.1016235351562
2023-02-08 00:00:00+05:30,879.091284935099,883.4264843326638,865.288549223567,868.776611328125
2023-02-09 00:00:00+05:30,873.1616695915421,873.1616695915421,859.6080197009062,864.740478515625
2023-02-10 00:00:00+05:30,869.0756082290804,869.7234155462331,862.1991791777392,864.2919921875
2023-02-13 00:00:00+05:30,864.2920265178615,867.481124281248,853.5786920871126,856.1697998046875
2023-02-14 00:00:00+05:30,859.6080463082112,868.9261923015049,851.3363676900806,867.7800903320312
2023-02-15 00:00:00+05:30,869.0258323587835,869.2251623756382,858.6612797521524,865.3384399414062
2023-02-16 00:00:00+05:30,869.8231298531599,871.3180138048417,859.3091248917283,861.8005981445312
2023-02-17 00:00:00+05:30,858.0633006446494,865.2885723399731,847.1008194517445,851.984130859375
2023-02-20 00:00:00+05:30,856.767781292412,858.2626651515379,839.6264342090392,843.8619384765625
2023-02-21 00:00:00+05:30,846.10427152094,846.10427152094,834.5438605753566,841.171142578125
2023-02-22 00:00:00+05:30,837.1349722556811,840.1247400137371,826.7206023997231,830.5076293945312
2023-02-23 00:00:00+05:30,830.2086466297461,845.3568151047107,827.3683916524938,841.4700927734375
2023-02-24 00:00:00+05:30,847.2004790909477,851.6851306206476,841.5697864442899,848.49609375
2023-02-27 00:00:00+05:30,848.9445619324921,855.5220877394029,843.0647216206131,851.43603515625
2023-02-28 00:00:00+05:30,853.0305042811508,854.6748399001489,837.1348950023189,841.2208862304688
2023-03-01 00:00:00+05:30,843.1642677855706,865.7868544499753,842.1676786005922,862.1991577148438
2023-03-02 00:00:00+05:30,863.0462409614079,863.8435001502493,840.6229841234959,842.5663452148438
2023-03-03 00:00:00+05:30,846.8516882252868,855.6714784761886,842.7158186386732,849.7418212890625
2023-03-06 00:00:00+05:30,854.0271909606967,860.8039858619996,852.6817589439127,856.5684814453125
2023-03-08 00:00:00+05:30,855.5718330502939,859.5581898728927,850.1404097141072,858.0134887695312
2023-03-09 00:00:00+05:30,859.5581773430717,871.26810033876,859.0598827475105,864.840087890625
2023-03-10 00:00:00+05:30,856.6680731334445,858.66125158264,842.6161893974077,848.994384765625
2023-03-13 00:00:00+05:30,842.7158550763185,854.0769969866298,825.624385740161,829.5110473632812
2023-03-14 00:00:00+05:30,825.175844133421,832.8495930135837,814.6120231166099,830.00927734375
2023-03-15 00:00:00+05:30,835.1916297325484,840.623053446592,816.5553981250047,821.2393798828125
2023-03-16 00:00:00+05:30,818.6979824557085,835.0420687612682,811.5225284477316,827.7171020507812
2023-03-17 00:00:00+05:30,832.1520456835085,838.6298759792484,820.1929743682964,834.5438842773438
2023-03-20 00:00:00+05:30,833.1485971970394,838.1315433525241,822.7342275666805,834.6932983398438
2023-03-21 00:00:00+05:30,837.2346288723759,854.425793933386,835.8892576766549,852.6817626953125
2023-03-22 00:00:00+05:30,852.681732533427,856.8674195221396,844.1609066656426,846.7520751953125
2023-03-23 00:00:00+05:30,844.1110588183182,858.2128204363339,842.2175149931294,845.9049072265625
2023-03-24 00:00:00+05:30,843.3635952954314,849.5922776831378,834.3942926571344,837.0352783203125
2023-03-27 00:00:00+05:30,838.1813788056045,839.327480776985,826.3718204920756,830.5076293945312
2023-03-28 00:00:00+05:30,834.5439080319325,834.5439080319325,823.2325829281377,829.6107788085938
2023-03-29 00:00:00+05:30,829.6604868629537,845.5560963442217,827.1690139294313,839.7260131835938
2023-03-31 00:00:00+05:30,851.9841415470137,857.9636768181534,844.6093570484835,855.5718383789062
2023-04-03 00:00:00+05:30,861.0531327780824,863.8435705800223,853.528895924411,861.6510620117188
2023-04-05 00:00:00+05:30,868.0291889906623,868.0291889906623,854.076940258321,857.5650024414062
2023-04-06 00:00:00+05:30,858.8606305796732,860.3056972031577,846.1042999426364,849.0442504882812
2023-04-10 00:00:00+05:30,851.8844406128331,852.0339533244347,841.071472065005,844.4598388671875
2023-04-11 00:00:00+05:30,845.3568238993734,852.7814259121615,841.1711369206824,850.3895874023438
2023-04-12 00:00:00+05:30,851.9841829804615,853.7282141860258,843.7623215828012,848.1472778320312
2023-04-13 00:00:00+05:30,850.7384599107558,864.7405270751765,842.117938341321,861.4019165039062
2023-04-17 00:00:00+05:30,878.9916903092154,878.9916903092154,858.0633167304246,861.6011962890625
2023-04-18 00:00:00+05:30,862.3983906886313,869.0257328213266,854.1765302576955,860.4052124023438
2023-04-19 00:00:00+05:30,862.0496470038056,871.5172442830382,859.6079913295556,870.4210205078125
2023-04-20 00:00:00+05:30,871.8162177132016,872.6134769057198,861.2025792571624,865.786865234375
2023-04-21 00:00:00+05:30,867.8299061208056,870.8694911657597,854.5752812705765,861.25244140625
2023-04-24 00:00:00+05:30,865.0394358505833,881.3835232550492,857.5650167620126,879.2906494140625
2023-04-25 00:00:00+05:30,881.9814686878904,892.7446202081773,871.4176471790306,875.3541259765625
2023-04-26 00:00:00+05:30,874.4073971216748,886.4162849359124,872.2148886944374,884.6224365234375
2023-04-27 00:00:00+05:30,884.9712021266326,886.9643805098008,874.5070156150002,878.3937377929688
2023-04-28 00:00:00+05:30,882.0810759982311,887.0142047003216,850.7383943408122,857.0667114257812
2023-05-02 00:00:00+05:30,867.0326735942426,873.4108693169933,861.3022852342807,867.6804809570312
2023-05-03 00:00:00+05:30,860.9035933004291,863.8933610296572,851.1370308836802,856.917236328125
2023-05-04 00:00:00+05:30,857.066741849028,864.1923792079833,854.5752687622576,862.9964599609375
2023-05-05 00:00:00+05:30,864.1924205161839,881.9815148752476,859.8074033430732,862.3486938476562
2023-05-08 00:00:00+05:30,862.3487442967246,878.393869177338,862.3487442967246,875.4539184570312
2023-05-09 00:00:00+05:30,879.1910451750226,887.1637591447313,876.9985366679567,885.2203979492188
2023-05-10 00:00:00+05:30,888.9576202448786,889.4559148750607,874.5568932672195,886.8648071289062
2023-05-11 00:00:00+05:30,887.9610967049055,896.9304007120257,885.9679180366566,892.8942260742188
2023-05-12 00:00:00+05:30,892.1466905835556,910.4838959136572,890.9507713425321,907.5440063476562
2023-05-15 00:00:00+05:30,907.5440543286596,916.3638451469153,906.0491704050921,912.6764526367188
2023-05-16 00:00:00+05:30,913.0750982034878,919.3535984175281,908.8894111184669,914.6696166992188
2023-05-17 00:00:00+05:30,914.5699426495011,915.7658618831991,908.141929991981,911.6798095703125
2023-05-18 00:00:00+05:30,916.8621110610288,926.3297089469851,909.4873262717023,911.5802001953125
2023-05-19 00:00:00+05:30,917.7590348551536,923.838204751964,905.8497815389638,920.8982543945312
2023-05-22 00:00:00+05:30,919.8518948703927,924.5856938959987,911.2812514916671,914.4204711914062
2023-05-23 00:00:00+05:30,914.420518141257,919.3536474392549,909.2881196409037,913.0253295898438
2023-05-24 00:00:00+05:30,908.0422990139986,917.7091658596611,907.0955270824292,914.5699462890625
2023-05-25 00:00:00+05:30,913.5733694330196,920.3999814033983,909.3378651585706,917.9085083007812
2023-05-26 00:00:00+05:30,914.8689054147029,924.7351630391825,911.879137749949,923.7883911132812
2023-05-29 00:00:00+05:30,927.8245202474517,934.5016798732743,924.884570021122,926.6286010742188
2023-05-30 00:00:00+05:30,927.6252815270212,936.4949503720625,924.8846610310455,934.2526245117188
2023-05-31 00:00:00+05:30,934.152934014655,936.6942853313651,907.0955716533429,911.7296752929688
2023-06-01 00:00:00+05:30,918.8553145613342,927.7748007672122,912.9255961902546,916.5631713867188
2023-06-02 00:00:00+05:30,919.5030999135525,927.3263012298903,917.1112613721726,922.9412841796875
2023-06-05 00:00:00+05:30,924.4361127448595,950.6464572290907,924.4361127448595,947.6068115234375
2023-06-06 00:00:00+05:30,947.8559927414005,967.438995450353,947.8559927414005,964.897705078125
2023-06-07 00:00:00+05:30,969.6315520034975,977.9032308609246,964.7980574999955,973.4185791015625
2023-06-08 00:00:00+05:30,969.7311457656283,971.5249942284382,956.6260337835334,958.8184814453125
2023-06-09 00:00:00+05:30,963.7018480048971,978.3517228028397,960.0144554489956,971.4254150390625
2023-06-12 00:00:00+05:30,969.6813999968548,974.5647119535321,965.2963826958801,970.8773193359375
2023-06-13 00:00:00+05:30,970.9769544408156,986.3244541752177,970.9769544408156,982.487548828125
2023-06-14 00:00:00+05:30,982.6370353482635,984.8295439414147,972.6711424948328,974.3653564453125
2023-06-15 00:00:00+05:30,984.9789505278337,985.6267578642999,968.8840708061163,973.8171997070312
2023-06-16 00:00:00+05:30,979.447884977415,982.0888707728268,973.8670096093874,978.2021484375
2023-06-19 00:00:00+05:30,980.4943212217917,982.6370124661768,957.7222809127747,962.3564453125
2023-06-20 00:00:00+05:30,962.6554164174278,973.6677156728969,955.2806314970962,971.5250244140625
2023-06-21 00:00:00+05:30,974.9632356100433,974.9632356100433,959.864945208758,962.7052001953125
2023-06-22 00:00:00+05:30,958.9182660976688,970.1298960672574,955.4302034404635,963.30322265625
2023-06-23 00:00:00+05:30,956.7256218879809,962.2068624300474,951.2941986399923,955.131103515625
2023-06-26 00:00:00+05:30,956.227336182509,960.2136929774335,949.8491409798389,957.2737426757812
2023-06-27 00:00:00+05:30,963.7018588301519,972.6711625834831,957.5229929680157,969.9305419921875
2023-06-28 00:00:00+05:30,975.6608456357774,980.6437917319764,963.7017750048997,974.8635864257812
2023-06-30 00:00:00+05:30,973.7672963918446,986.4738088667332,972.6710725875475,984.08203125
2023-07-03 00:00:00+05:30,986.6233232732941,986.6233232732941,974.6642526881633,978.750244140625
2023-07-04 00:00:00+05:30,978.7502406757175,981.4908610084411,965.6949463306252,967.38916015625
2023-07-05 00:00:00+05:30,965.6949642870135,972.1727942848107,958.8184742662522,963.2034912109375
2023-07-06 00:00:00+05:30,957.7222203244984,982.7365848908405,957.7222203244984,977.6041870117188
2023-07-07 00:00:00+05:30,973.9130645384746,987.0814787156783,969.4737047169295,974.3619995117188
2023-07-10 00:00:00+05:30,974.3620532040981,983.6397793098383,958.1010832290181,961.7423095703125
2023-07-11 00:00:00+05:30,965.583097735668,969.4238573789243,948.324461185316,950.9182739257812
2023-07-12 00:00:00+05:30,954.4098648389429,955.2578057543188,944.7330725097656,947.7258911132812
2023-07-13 00:00:00+05:30,954.0108031066665,963.6875954876132,949.8707738830849,957.8516235351562
2023-07-14 00:00:00+05:30,962.1412821765413,964.6851657304924,945.4812469711212,954.7589721679688
2023-07-17 00:00:00+05:30,957.7019783905746,966.580698170858,948.1748510958538,962.5403442382812
2023-07-18 00:00:00+05:30,961.6923995413861,977.6042309854672,949.0227883239745,961.34326171875
2023-07-19 00:00:00+05:30,961.6924295201541,967.5783307784403,954.2103826099868,961.99169921875
2023-07-20 00:00:00+05:30,961.5926560411982,977.5543554985788,955.3076881686135,975.5591430664062
2023-07-21 00:00:00+05:30,969.274123186583,982.6420701204911,965.6827653569902,968.974853515625
2023-07-24 00:00:00+05:30,971.1197827748352,982.5922542544857,966.4808895165734,969.1744384765625
2023-07-25 00:00:00+05:30,975.3096804344035,975.3096804344035,951.5167371373285,960.1959228515625
2023-07-26 00:00:00+05:30,964.535537018173,977.6540829976909,960.9940471606344,974.4617309570312
2023-07-27 00:00:00+05:30,986.9816254146297,987.6300937712095,953.4620829513469,957.6021728515625
2023-07-28 00:00:00+05:30,957.6022192953338,967.4286160462416,939.9445773118847,947.676025390625
2023-07-31 00:00:00+05:30,952.4146499294641,956.3052775703625,946.0299459031511,951.6165771484375
2023-08-01 00:00:00+05:30,953.7114844901781,961.6923337327737,949.7210598688803,957.6021728515625
2023-08-02 00:00:00+05:30,949.2222822906164,956.6045923939507,934.3579258213549,942.9872436523438
2023-08-03 00:00:00+05:30,941.8400684259062,944.3340841360575,924.930690622325,933.310546875
2023-08-04 00:00:00+05:30,944.7330873809358,952.5642718277866,932.412674958146,949.9705200195312
2023-08-07 00:00:00+05:30,949.9705068423926,952.7139239007455,942.2889269011943,945.1321411132812
2023-08-08 00:00:00+05:30,947.7259360784058,957.6022622942126,941.7901667219988,950.6190185546875
2023-08-09 00:00:00+05:30,949.721103515625,951.0179793993384,942.0395235887916,947.7258911132812
2023-08-10 00:00:00+05:30,945.7307399740623,949.671296901765,935.0563407522403,937.50048828125
2023-08-11 00:00:00+05:30,935.2558737056812,943.4362572588378,930.766645511894,934.9566040039062
2023-08-14 00:00:00+05:30,932.7617883498599,941.0419075552627,926.6764149419139,937.699951171875
2023-08-16 00:00:00+05:30,933.7095496660087,937.749842661367,929.0706564078612,930.8164672851562
2023-08-17 00:00:00+05:30,933.7095660844874,940.7426778503086,929.4198714597991,934.30810546875
2023-08-18 00:00:00+05:30,932.6121582533107,943.6856239218536,928.821266763245,940.7925415039062
2023-08-21 00:00:00+05:30,941.9397250755005,951.9656545568967,941.6903235416894,950.319580078125
2023-08-22 00:00:00+05:30,951.5666202483416,956.804052637261,946.3791168791267,954.7589721679688
2023-08-23 00:00:00+05:30,959.697176619942,978.1030234221159,956.1058186098329,976.9058837890625
2023-08-24 00:00:00+05:30,982.442546931477,991.8699374435503,976.756179567921,979.0007934570312
2023-08-25 00:00:00+05:30,971.6683904188895,985.8344099313481,968.4760385600324,980.74658203125
2023-08-28 00:00:00+05:30,977.7538523475707,990.1241940903152,977.7538523475707,987.8297119140625
2023-08-29 00:00:00+05:30,987.8297375619319,988.62781039756,975.1601257957769,978.3524780273438
2023-08-30 00:00:00+05:30,980.6468949003569,995.6109879049402,977.6540762994402,980.9960327148438
2023-08-31 00:00:00+05:30,979.4497973749469,992.3189422675721,966.2813827871787,971.169677734375
2023-09-01 00:00:00+05:30,971.9178957241338,990.6230130398408,966.6804628757358,988.7774658203125
2023-09-04 00:00:00+05:30,991.3711528433405,992.1692256187629,977.654067709659,979.898681640625
2023-09-05 00:00:00+05:30,983.0910106102176,983.8392152363522,975.5590962182727,979.1005859375
2023-09-06 00:00:00+05:30,979.1006344891216,980.7965772369347,959.4976479567042,962.7398681640625
2023-09-07 00:00:00+05:30,962.7398525327949,977.454544004202,960.7945082621547,975.8583984375
2023-09-08 00:00:00+05:30,975.8584813304012,984.9366741791222,970.1721133212982,977.9534301757812
2023-09-11 00:00:00+05:30,979.4497974015362,1001.5966681785131,976.6565120983709,998.0053100585938
2023-09-12 00:00:00+05:30,1007.5823431864851,1007.5823431864851,995.6609359581013,998.504150390625
2023-09-13 00:00:00+05:30,1000.5491956622612,1014.565551227565,991.3213378954422,1012.0216674804688
2023-09-14 00:00:00+05:30,1012.0216046985313,1019.9525860325733,1006.6345069537728,1018.4561767578125
2023-09-15 00:00:00+05:30,1018.5559813857484,1029.2802485746777,1012.1214088945802,1024.6912841796875
2023-09-18 00:00:00+05:30,1019.1047057608484,1027.4347549170495,1016.5608218682338,1022.2970581054688
2023-09-20 00:00:00+05:30,1009.8767878452892,1044.9925397848435,1009.8767878452892,1024.8409423828125
2023-09-21 00:00:00+05:30,1024.1425468245343,1031.125790539965,1009.6772562711424,1012.0216674804688
2023-09-22 00:00:00+05:30,1007.5823094971842,1024.7910172583984,1005.5870970031303,1015.8125610351562
2023-09-25 00:00:00+05:30,1012.7699017646486,1023.5440373483997,1002.7439708865614,1016.5109252929688
2023-09-26 00:00:00+05:30,1016.5607167837618,1018.2566594998765,1008.5798671917402,1011.7223510742188
2023-09-27 00:00:00+05:30,1007.5324156199742,1025.489266718604,1001.5966464240136,1022.745849609375
2023-09-28 00:00:00+05:30,1024.541562459703,1035.4653015857891,1022.7458225971219,1028.4322509765625
2023-09-29 00:00:00+05:30,1028.4322190332261,1038.5080169360645,1022.0475152267032,1034.21826171875
2023-10-03 00:00:00+05:30,1032.5224171761674,1042.1991486065783,1030.128137940139,1038.5579833984375
2023-10-04 00:00:00+05:30,1032.8715224189036,1034.5175969528955,986.4828355738606,993.1668090820312
2023-10-05 00:00:00+05:30,997.606229461282,1006.7842189501363,986.5328246698826,1000.8484497070312
2023-10-06 00:00:00+05:30,1002.5942480791412,1005.5870667301236,997.0076776195943,998.553955078125
2023-10-09 00:00:00+05:30,992.4186321769971,997.3069268958444,985.8843237672277,993.8651733398438
2023-10-10 00:00:00+05:30,997.5064314461529,1012.5203920923382,994.1145461203287,1009.8268432617188
2023-10-11 00:00:00+05:30,1016.5607861898477,1023.1948922217821,1009.577542320045,1016.6605224609375
2023-10-12 00:00:00+05:30,1019.5535749269535,1028.5320310662319,1012.5204631289959,1016.0120849609375
2023-10-13 00:00:00+05:30,1006.5846347116004,1009.0287820282044,989.8747312116803,991.67041015625
2023-10-16 00:00:00+05:30,987.6300943900685,1007.0335463010971,987.6300943900685,1002.3946533203125
2023-10-17 00:00:00+05:30,1006.434974625059,1012.2710073363514,1000.6987390656211,1005.6369018554688
2023-10-18 00:00:00+05:30,1007.582236860305,1011.6723978226333,986.9816449886803,990.4732666015625
2023-10-19 00:00:00+05:30,977.3548502265622,996.60863857375,977.3548502265622,989.02685546875
2023-10-20 00:00:00+05:30,986.6325530346243,990.523241653981,975.4094830430778,978.0032348632812
2023-10-23 00:00:00+05:30,977.6541295951773,982.5424245987747,958.7993470259346,961.99169921875
2023-10-25 00:00:00+05:30,957.7019990873952,971.6684865740864,949.1226097011919,953.1629028320312
2023-10-26 00:00:00+05:30,953.7115763735013,972.6660951507989,950.469356056332,969.72314453125
2023-10-27 00:00:00+05:30,977.6540684991274,1002.3448217596922,970.970094832599,1000.349609375
2023-10-30 00:00:00+05:30,1000.3495826169014,1000.3495826169014,976.8559695933867,986.83203125
2023-10-31 00:00:00+05:30,995.6109984502658,995.6109984502658,975.6588742328256,979.4996337890625
2023-11-01 00:00:00+05:30,975.5091991852343,976.9557403543356,965.6828024620821,969.4736938476562
2023-11-02 00:00:00+05:30,975.6588222049864,985.9840215812912,971.6683975742911,980.5969848632812
2023-11-03 00:00:00+05:30,983.6397567160894,989.026854790034,979.1505286174865,986.48291015625
2023-11-06 00:00:00+05:30,992.6181502490323,1013.7674134673241,990.7226741492185,1006.9837036132812
2023-11-07 00:00:00+05:30,1005.5870326392501,1019.7530526181287,1002.8436156355219,1018.4561767578125
2023-11-08 00:00:00+05:30,1021.548754556056,1024.4916441513978,1013.1688380732181,1019.2542724609375
2023-11-09 00:00:00+05:30,1022.2969496906434,1026.3871107399823,1014.2163638559787,1019.4537963867188
2023-11-10 00:00:00+05:30,1015.4634502996684,1028.5320681288063,1014.216442457611,1026.736328125
2023-11-13 00:00:00+05:30,1027.5843300881097,1029.3799482075774,1021.0499606710599,1022.8955078125
2023-11-15 00:00:00+05:30,1042.4984646699425,1042.4984646699425,1029.0807101756216,1038.857177734375
2023-11-16 00:00:00+05:30,1040.3038229538877,1041.5009017158827,1019.7032299963196,1023.8931274414062
2023-11-17 00:00:00+05:30,1012.4705209234467,1017.5582880078667,989.4756501155598,991.9696655273438
2023-11-20 00:00:00+05:30,978.6517326742911,992.3688186317544,978.003264255226,986.3333129882812
2023-11-21 00:00:00+05:30,987.5802951235795,995.112209948386,984.2882067571996,989.4258422851562
2023-11-22 00:00:00+05:30,988.6277745129754,997.5064943208318,985.6349558212106,995.7107543945312
2023-11-23 00:00:00+05:30,996.6086401662712,1000.9981320061083,993.0172820348068,996.6585083007812
2023-11-24 00:00:00+05:30,999.6014966534458,1008.3305516391919,997.3070143778607,1006.0859375
2023-11-28 00:00:00+05:30,1010.6249804344942,1019.5037002486309,1006.8340889333878,1018.7056274414062
2023-11-29 00:00:00+05:30,1024.6912979894364,1060.9542613148635,1018.7056604079704,1057.6123046875
2023-11-30 00:00:00+05:30,1060.1560664063197,1078.3125724224037,1052.9234214128103,1071.678466796875
2023-12-01 00:00:00+05:30,1072.8257553160392,1106.3453000140453,1067.6381298956398,1102.0057373046875
2023-12-04 00:00:00+05:30,1117.817750299184,1126.2974030234527,1096.4689532024638,1122.905517578125
2023-12-05 00:00:00+05:30,1134.0788203008565,1149.0927211189544,1124.4518957465727,1129.7391357421875
2023-12-06 00:00:00+05:30,1132.3827752128796,1142.9573765954551,1115.2738044978198,1117.8177490234375
2023-12-07 00:00:00+05:30,1116.5708675318951,1126.896068531604,1105.8465996507534,1115.1741943359375
2023-12-08 00:00:00+05:30,1113.178834877189,1131.634549261566,1108.8392723370227,1128.4920654296875
2023-12-11 00:00:00+05:30,1126.2974708649378,1136.6726003551878,1111.183711625699,1113.827392578125
2023-12-12 00:00:00+05:30,1117.319055316092,1131.1858072332268,1106.345386022809,1128.292724609375
2023-12-13 00:00:00+05:30,1147.247157541495,1148.244763765444,1108.7893888970148,1112.1812744140625
2023-12-14 00:00:00+05:30,1129.68928946714,1135.8743992190675,1115.2239995129569,1117.767822265625
2023-12-15 00:00:00+05:30,1116.520819325448,1125.1501373806013,1105.9462178758602,1117.6680908203125
2023-12-18 00:00:00+05:30,1117.0196852153413,1117.3190158058185,1104.5496069139372,1108.689697265625
2023-12-19 00:00:00+05:30,1121.1099101400514,1124.1525360208302,1111.532793079096,1117.568359375
2023-12-20 00:00:00+05:30,1119.3142813854565,1121.1598287059148,1100.0604308642828,1107.5924072265625
2023-12-21 00:00:00+05:30,1101.2574845465347,1101.2574845465347,1074.6213265198994,1092.77783203125
2023-12-22 00:00:00+05:30,1092.7779264108851,1103.6518590487801,1083.2009306279906,1085.6949462890625
2023-12-26 00:00:00+05:30,1088.5878675270494,1098.015319450631,1084.0986395000405,1091.630615234375
2023-12-27 00:00:00+05:30,1093.4263887566508,1107.8916795104105,1087.0416843441974,1103.70166015625
2023-12-28 00:00:00+05:30,1104.5994586858894,1110.3356943033596,1095.37160138822,1105.197998046875
2023-12-29 00:00:00+05:30,1098.8133142498616,1104.2004121539771,1091.3312676547296,1099.661376953125
2024-01-01 00:00:00+05:30,1092.3787776242896,1101.3572333307905,1090.383565245067,1095.072265625
2024-01-02 00:00:00+05:30,1092.4784816109477,1096.718307791532,1079.7091958280453,1090.6329345703125
2024-01-03 00:00:00+05:30,1088.3884316097892,1099.9606398908986,1078.711699581697,1095.97021484375
2024-01-04 00:00:00+05:30,1100.3597447020193,1127.2951146992582,1097.4168548394916,1120.7109375
2024-01-05 00:00:00+05:30,1121.3093204625263,1137.1712827143679,1116.3212896775506,1134.228271484375
2024-01-08 00:00:00+05:30,1142.2591526623078,1143.2567589091743,1115.8225871203417,1119.314208984375
2024-01-09 00:00:00+05:30,1125.848594466918,1132.8318382933232,1109.6872999732295,1113.8773193359375
2024-01-10 00:00:00+05:30,1112.5803490615472,1113.328553734756,1096.419176831478,1104.35009765625
2024-01-11 00:00:00+05:30,1108.390413403008,1125.2000534594813,1108.390413403008,1123.05517578125
2024-01-12 00:00:00+05:30,1123.6537280685436,1126.7462829578426,1115.3736696086848,1117.6680908203125
2024-01-15 00:00:00+05:30,1119.3142060402943,1127.7439300929025,1113.9271079657626,1116.8201904296875
2024-01-16 00:00:00+05:30,1113.9770559493738,1125.1003901176227,1112.4307175332362,1116.421142578125
2024-01-17 00:00:00+05:30,1079.4098979472835,1112.3309022284852,1076.6165519030933,1079.709228515625
2024-01-18 00:00:00+05:30,1063.4482074850514,1106.0958724662764,1063.4482074850514,1094.872802734375
2024-01-19 00:00:00+05:30,1104.4997961277145,1123.6039803798592,1102.3549183111254,1113.8773193359375
2024-01-23 00:00:00+05:30,1123.204870544225,1138.8672395300805,1076.217641808556,1086.642578125
2024-01-24 00:00:00+05:30,1032.3230568353206,1070.6310416625054,1018.4563047903621,1056.61474609375
2024-01-25 00:00:00+05:30,1055.4674255854222,1061.153732569677,1023.3445526484135,1039.755126953125
2024-01-29 00:00:00+05:30,1033.5200378202296,1065.4434366718199,1033.5200378202296,1058.7095947265625
2024-01-30 00:00:00+05:30,1057.5124900515373,1067.8874970014356,1048.2846327972588,1051.57666015625
2024-01-31 00:00:00+05:30,1045.6907207267232,1081.5048059703622,1040.20388688594,1065.1939697265625
2024-02-01 00:00:00+05:30,1070.0823332515488,1085.0464265097773,1054.2702990643077,1081.654541015625
2024-02-02 00:00:00+05:30,1085.445457406814,1093.575850385391,1062.4505861502569,1064.4957275390625
2024-02-05 00:00:00+05:30,1064.4957475123178,1076.9158960271432,1055.467362664861,1058.958984375
2024-02-06 00:00:00+05:30,1059.0089709805732,1062.5504001265635,1045.6908300252383,1047.5364990234375
2024-02-07 00:00:00+05:30,1058.5101145853655,1071.1297356806806,1054.9685638394865,1066.540771484375
2024-02-08 00:00:00+05:30,1069.4338475904046,1073.0252055587823,1029.1804617312182,1033.4202880859375
2024-02-09 00:00:00+05:30,1037.460635442103,1052.3749228732129,1032.073658779852,1048.88330078125
2024-02-12 00:00:00+05:30,1048.8831580325893,1054.7191298078526,1032.8715301930304,1044.1943359375
2024-02-13 00:00:00+05:30,1048.4841662577705,1072.975448348298,1042.2990562337152,1068.1868896484375
2024-02-14 00:00:00+05:30,1058.7595369474293,1098.264719163139,1058.0113322775178,1094.224365234375
2024-02-15 00:00:00+05:30,1094.8727859242745,1094.9227149446676,1066.6904112524196,1069.63330078125
2024-02-16 00:00:00+05:30,1070.4314768366228,1073.424295504386,1055.467383497807,1066.191650390625
2024-02-19 00:00:00+05:30,1066.4410841180998,1067.4386903707828,1057.5623641135999,1060.405517578125
2024-02-20 00:00:00+05:30,1056.4650199471596,1087.8896168577692,1055.1680831094475,1085.994140625
2024-02-21 00:00:00+05:30,1091.2315386297137,1091.3312748960234,1070.5312095791621,1081.6046142578125
2024-02-22 00:00:00+05:30,1087.6901683676463,1108.041238918185,1078.9111844523518,1098.2647705078125
2024-02-23 00:00:00+05:30,1096.3692455391695,1104.7491622173827,1087.3907894792492,1094.174560546875
2024-02-26 00:00:00+05:30,1090.8325467970808,1092.1794127082399,1077.0656530908761,1082.602294921875
2024-02-27 00:00:00+05:30,1079.0607928334823,1085.9443001110253,1069.4837974716459,1076.467041015625
2024-02-28 00:00:00+05:30,1074.820952971871,1082.4027357978764,1061.502934449241,1071.6285400390625
2024-02-29 00:00:00+05:30,1068.436206253075,1079.7092046661435,1052.8236453635054,1072.5263671875
2024-03-01 00:00:00+05:30,1073.4241879228737,1099.0626165625831,1073.4241879228737,1096.6185302734375
2024-03-04 00:00:00+05:30,1096.6186611950195,1106.245585783101,1090.483358452908,1104.1007080078125
2024-03-05 00:00:00+05:30,1099.5615904286128,1108.240838110355,1091.8800708025524,1098.1650390625
2024-03-06 00:00:00+05:30,1097.5663236628902,1129.2403214113713,1092.727957811263,1122.3070068359375
2024-03-07 00:00:00+05:30,1123.3045248335036,1124.2023947240693,1104.898740078331,1108.789306640625
2024-03-11 00:00:00+05:30,1109.5876214061693,1117.31907033033,1099.2624204243646,1102.4547119140625
2024-03-12 00:00:00+05:30,1102.354873198211,1118.7156395632892,1081.6545441313667,1094.3740234375
2024-03-13 00:00:00+05:30,1093.3763524591507,1096.917903041949,1068.1867968938282,1077.813720703125
2024-03-14 00:00:00+05:30,1072.426701290456,1078.661740251447,1053.0731159999189,1055.716796875
2024-03-15 00:00:00+05:30,1053.7216614371096,1053.7216614371096,1027.783897463273,1043.895263671875
2024-03-18 00:00:00+05:30,1041.5008827914498,1064.346089346231,1041.1018159520013,1058.809326171875
2024-03-19 00:00:00+05:30,1053.0232975285835,1058.4102737109642,1044.1943850314635,1048.28466796875
2024-03-20 00:00:00+05:30,1047.4865666620108,1054.9186845427982,1028.482118812757,1032.2730712890625
2024-03-21 00:00:00+05:30,1036.8619949851457,1048.035257657642,1025.6888540907516,1033.1209716796875
2024-03-22 00:00:00+05:30,1037.6101871982582,1044.7430959040469,1027.4844598840073,1030.8265380859375
2024-03-26 00:00:00+05:30,1026.5368035141419,1041.700369393197,1025.0403941795732,1038.0592041015625
2024-03-27 00:00:00+05:30,1043.2966609454973,1055.0185343378787,1041.7503225527066,1050.3297119140625
2024-03-28 00:00:00+05:30,1050.3297370861974,1055.8665005963223,1041.6006822230963,1044.6932373046875
2024-04-01 00:00:00+05:30,1049.8308968863641,1061.203632319249,1046.3892040873816,1050.5791015625
2024-04-02 00:00:00+05:30,1048.484189842192,1053.3225558964036,1037.7099934142068,1044.6932373046875
2024-04-03 00:00:00+05:30,1041.3014413403423,1067.7380066830049,1041.251512317133,1060.704833984375
2024-04-04 00:00:00+05:30,1067.4386903707828,1078.1130285632478,1056.6146868847939,1060.405517578125
2024-04-05 00:00:00+05:30,1058.5599096565631,1060.4553857835742,1045.5910291154657,1056.564697265625
2024-04-08 00:00:00+05:30,1064.4458579816544,1076.8660069572647,1061.0041651652145,1073.4742431640625
2024-04-09 00:00:00+05:30,1087.390734637225,1087.390734637225,1068.7853550513448,1077.4146728515625
2024-04-10 00:00:00+05:30,1083.5997776208008,1090.383548316074,1077.4146680524793,1085.196044921875
2024-04-12 00:00:00+05:30,1076.9159375653167,1093.7755074001911,1068.5360207821377,1070.88037109375
2024-04-15 00:00:00+05:30,1060.555176997231,1068.4362907053944,1052.723992312668,1055.41748046875
2024-04-16 00:00:00+05:30,1047.4365529030972,1055.3176660274705,1041.8499826884606,1049.3819580078125
2024-04-18 00:00:00+05:30,1041.650556735367,1048.8832018148605,1011.4230396229323,1021.5487670898438
2024-04-19 00:00:00+05:30,1012.5702521129814,1034.4676586075361,993.3164654082485,1026.636474609375
2024-04-22 00:00:00+05:30,1036.5128380286305,1055.9661588578495,1029.5295946540393,1051.427001953125
2024-04-23 00:00:00+05:30,1055.467392339939,1057.7120063595655,1046.2395347036966,1053.2227783203125
2024-04-24 00:00:00+05:30,1053.4721887491182,1066.3911408374038,1053.4721887491182,1060.704833984375
2024-04-25 00:00:00+05:30,1097.3668772875997,1131.2355608344606,1083.5001260280715,1124.30224609375
2024-04-26 00:00:00+05:30,1127.2950297740094,1138.6178360271808,1120.3117862267368,1127.5943603515625
2024-04-29 00:00:00+05:30,1127.5943251009617,1161.2136049877345,1122.6062941517016,1156.4749755859375
2024-04-30 00:00:00+05:30,1157.3728950223422,1180.0684368123416,1152.3848638597049,1163.109130859375
2024-05-02 00:00:00+05:30,1153.232837036846,1171.1897497242708,1145.2519869535458,1147.0975341796875
2024-05-03 00:00:00+05:30,1148.1449785153566,1160.465390499882,1131.3851459567948,1138.7674560546875
2024-05-06 00:00:00+05:30,1141.1617550653036,1153.232765714131,1132.931503925908,1140.912353515625
2024-05-07 00:00:00+05:30,1143.3066598846426,1146.0500769962232,1121.3593229919986,1125.00048828125
2024-05-08 00:00:00+05:30,1121.9578174576657,1132.7318911613593,1115.573113534311,1125.9482421875
2024-05-09 00:00:00+05:30,1119.3141450674307,1131.8341514619112,1109.537555695174,1112.9793701171875
2024-05-10 00:00:00+05:30,1121.0100592034512,1137.2710892789437,1110.6848591958812,1117.418701171875
2024-05-13 00:00:00+05:30,1117.4187443862693,1132.6821688333848,1102.4048432815728,1129.290283203125
2024-05-14 00:00:00+05:30,1127.2450891156411,1133.3803916673191,1115.4234798739799,1120.162109375
2024-05-15 00:00:00+05:30,1122.8557159257566,1128.492093577472,1115.9222797145299,1125.3497314453125
2024-05-16 00:00:00+05:30,1131.435179313018,1141.2116477253062,1108.6399003218369,1136.5728759765625
2024-05-17 00:00:00+05:30,1129.290204353205,1143.2566909794812,1123.4043034907972,1138.6177978515625
2024-05-21 00:00:00+05:30,1133.2806831688256,1143.007343961868,1126.4969120583337,1134.9267578125
2024-05-22 00:00:00+05:30,1139.2663882104796,1139.2663882104796,1115.2739081187951,1123.3046875
2024-05-23 00:00:00+05:30,1123.3046476916165,1166.8501852548218,1123.0552461268537,1162.460693359375
2024-05-24 00:00:00+05:30,1162.71004443193,1174.1825159128116,1157.8217496192385,1171.189697265625
2024-05-27 00:00:00+05:30,1176.0779834037558,1193.137025211273,1165.2040513768954,1184.1585693359375
2024-05-28 00:00:00+05:30,1185.156225137097,1189.545716993226,1176.1777688860584,1180.5672607421875
2024-05-29 00:00:00+05:30,1169.1945538168247,1183.0613053892162,1153.232853423421,1156.973876953125
2024-05-30 00:00:00+05:30,1152.434695075394,1176.9759063285162,1152.2352225359814,1165.1541748046875
2024-05-31 00:00:00+05:30,1170.192044648018,1175.1800755288707,1150.6389879506955,1159.3680419921875
2024-06-03 00:00:00+05:30,1194.1846329485845,1239.2264585688406,1190.5433457113234,1220.9703369140625
2024-06-04 00:00:00+05:30,1221.0699654696132,1221.0699654696132,1098.9131373248442,1128.5419921875
2024-06-05 00:00:00+05:30,1135.2758622111123,1190.14420353063,1108.0411640812747,1181.66455078125
2024-06-06 00:00:00+05:30,1189.246368891048,1193.0373212968939,1160.4654533547418,1168.14697265625
2024-06-07 00:00:00+05:30,1175.1801230289318,1192.338901241373,1163.9570530933838,1183.9591064453125
2024-06-10 00:00:00+05:30,1182.163348388672,1209.4977826564013,1182.163348388672,1197.12744140625
2024-06-11 00:00:00+05:30,1201.5668763542778,1206.455171649185,1187.6003879563225,1191.740478515625
2024-06-12 00:00:00+05:30,1189.2462936969855,1203.2627091296733,1181.2654443182248,1185.056396484375
2024-06-13 00:00:00+05:30,1198.9231671641783,1199.122639690824,1170.6409342714535,1171.838134765625
2024-06-14 00:00:00+05:30,1178.1230423439772,1181.8142585048788,1167.19930270935,1178.222900390625
2024-06-18 00:00:00+05:30,1191.1418237011403,1191.1418237011403,1178.3226081618197,1189.046875
2024-06-19 00:00:00+05:30,1190.1442700595508,1240.3737209742549,1182.6622230977348,1223.7137451171875
2024-06-20 00:00:00+05:30,1227.1554357869195,1238.528171503914,1217.4787037783979,1236.532958984375
2024-06-21 00:00:00+05:30,1243.0173750319368,1243.0173750319368,1220.8206361920809,1234.48779296875
2024-06-24 00:00:00+05:30,1228.0533609592674,1232.7919909061045,1222.1176521581588,1225.1602783203125
2024-06-25 00:00:00+05:30,1231.494942152567,1275.688946143703,1223.065218355566,1268.4063720703125
2024-06-26 00:00:00+05:30,1278.0332427953588,1289.8548515798059,1256.1856432694901,1282.322998046875
2024-06-27 00:00:00+05:30,1306.864161814128,1306.864161814128,1276.9359749023542,1285.864501953125
2024-06-28 00:00:00+05:30,1280.028436970885,1286.8122075565059,1258.5799045739402,1262.22119140625
2024-07-01 00:00:00+05:30,1269.952676787439,1269.952676787439,1253.4422456717753,1258.8792724609375
2024-07-02 00:00:00+05:30,1261.9718659782138,1264.8150193443623,1235.2858996423108,1250.399658203125
2024-07-03 00:00:00+05:30,1256.9837894439697,1285.515301896364,1240.6230237019365,1276.9359130859375
2024-07-04 00:00:00+05:30,1284.916842281519,1289.9048735015558,1265.4635205233747,1277.8338623046875
2024-07-05 00:00:00+05:30,1268.955094098609,1292.2991036758544,1267.8577516275716,1283.9691162109375
2024-07-08 00:00:00+05:30,1281.9239365968008,1294.2942775390354,1276.5368388889456,1284.76708984375
2024-07-09 00:00:00+05:30,1280.926378651802,1291.9000470047379,1276.1378201138252,1286.3134765625
2024-07-10 00:00:00+05:30,1281.1258660222238,1290.9024557429561,1272.097602748689,1288.55810546875
2024-07-11 00:00:00+05:30,1297.9356295079974,1298.2847673316003,1273.8932220304036,1293.6458740234375
2024-07-12 00:00:00+05:30,1291.7988634971857,1337.4745701900265,1291.7988634971857,1315.160888671875
2024-07-15 00:00:00+05:30,1314.5617611447028,1322.2493302322418,1302.8808095322124,1305.3267822265625
2024-07-16 00:00:00+05:30,1305.326795116684,1316.3089323169752,1297.5893802710243,1301.8824462890625
2024-07-18 00:00:00+05:30,1297.8890431781538,1316.4588158830534,1292.397974149323,1307.2738037109375
2024-07-19 00:00:00+05:30,1303.5297937995695,1306.874329397254,1286.1080575380593,1290.2513427734375
2024-07-22 00:00:00+05:30,1281.2660758669613,1290.2514616948122,1276.1244140466054,1280.41748046875
2024-07-23 00:00:00+05:30,1286.4076049249054,1289.00335841064,1248.9685011727254,1261.1986083984375
2024-07-24 00:00:00+05:30,1260.8492917358358,1265.2920169514923,1224.6581555082237,1237.2376708984375
2024-07-25 00:00:00+05:30,1198.0514426854513,1198.0514426854513,1153.6237016858659,1173.9906005859375
2024-07-26 00:00:00+05:30,1163.1081895407196,1181.2287406448913,1153.3740222891986,1175.4381103515625
2024-07-29 00:00:00+05:30,1180.42997752959,1192.6600849625192,1161.760392891013,1168.1500244140625
2024-07-30 00:00:00+05:30,1162.2096539859588,1178.0838591746794,1158.3159626193535,1168.10009765625
2024-07-31 00:00:00+05:30,1155.1211010593768,1169.0983658950133,1152.125972880312,1164.206298828125
2024-08-01 00:00:00+05:30,1166.1032962835773,1173.7408978982073,1163.5573884546725,1170.3963623046875
2024-08-02 00:00:00+05:30,1162.109875166186,1165.9037534043969,1154.2226789585948,1158.9649658203125
2024-08-05 00:00:00+05:30,1140.1454985508794,1149.5801038837508,1122.4742904482669,1131.6593017578125
2024-08-06 00:00:00+05:30,1138.1488152155048,1149.1309529061807,1121.2762338435941,1124.2713623046875
2024-08-07 00:00:00+05:30,1136.9507316574643,1142.940988153295,1125.169845133499,1134.9539794921875
2024-08-08 00:00:00+05:30,1131.260031397282,1140.9443535197308,1124.1715848547658,1136.3018798828125
2024-08-09 00:00:00+05:30,1150.1292660249399,1153.8232088423329,1138.098785283398,1140.894287109375
2024-08-12 00:00:00+05:30,1144.1390911628143,1167.2015563223063,1134.0055486598599,1162.409423828125
2024-08-13 00:00:00+05:30,1159.4640771471145,1177.6844412516205,1153.5237880098216,1157.7169189453125
2024-08-14 00:00:00+05:30,1157.1178601542738,1157.1178601542738,1146.7846922486233,1151.2274169921875
2024-08-16 00:00:00+05:30,1164.5059796712717,1168.1001094798687,1147.733211401699,1164.9552001953125
2024-08-19 00:00:00+05:30,1167.1017440309654,1169.3980579733616,1148.3322232652067,1151.3773193359375
2024-08-20 00:00:00+05:30,1156.1195105983786,1175.0886562817718,1152.774975075986,1166.103271484375
2024-08-21 00:00:00+05:30,1164.705537568418,1176.0870495188233,1159.6138438167345,1172.492919921875
2024-08-22 00:00:00+05:30,1177.7842156313006,1179.0821532872228,1167.051672745748,1168.050048828125
2024-08-23 00:00:00+05:30,1168.0999903470274,1172.0435270356927,1161.6105459562107,1164.0565185546875
2024-08-26 00:00:00+05:30,1169.797287316781,1173.3415714014816,1164.2064052458907,1168.399658203125
2024-08-27 00:00:00+05:30,1168.1000558035714,1182.9259167528153,1162.3593931361609,1179.331787109375
2024-08-28 00:00:00+05:30,1175.088686152465,1179.7810051393292,1167.451084506114,1169.0484619140625
2024-08-29 00:00:00+05:30,1167.1017013718215,1177.9840256136065,1161.5108193923618,1173.4913330078125
2024-08-30 00:00:00+05:30,1175.0887109707376,1181.0290002255358,1169.9470495007388,1173.341552734375
2024-09-02 00:00:00+05:30,1174.090365297038,1192.0611361944418,1172.193426216783,1186.86962890625
2024-09-03 00:00:00+05:30,1186.070787465194,1191.6118234786993,1174.7890889702703,1189.6649169921875
2024-09-04 00:00:00+05:30,1180.7793560492762,1187.7181430165656,1171.3947182758648,1175.7874755859375
2024-09-05 00:00:00+05:30,1180.0805311431025,1180.9291264399822,1171.5443668771184,1178.6329345703125
2024-09-06 00:00:00+05:30,1174.0903974514563,1179.4316856844912,1148.9313662549052,1156.868408203125
2024-09-09 00:00:00+05:30,1156.1195001502876,1173.6908947764286,1143.1406111157853,1168.9486083984375
2024-09-10 00:00:00+05:30,1176.9856459572557,1188.9161919814424,1171.4446096778545,1185.2720947265625
2024-09-11 00:00:00+05:30,1185.2720174237563,1192.9096187070504,1179.0821345601635,1184.173828125
2024-09-12 00:00:00+05:30,1188.1673904951442,1203.7420335200763,1174.8390937297338,1201.3958740234375
2024-09-13 00:00:00+05:30,1207.9352341685171,1217.5695876399766,1199.049662751232,1215.472900390625
2024-09-16 00:00:00+05:30,1220.0155511850453,1231.99606396264,1213.0269187314484,1229.0509033203125
2024-09-17 00:00:00+05:30,1233.1941848876636,1238.5854405295986,1225.6065504411317,1230.0992431640625
2024-09-18 00:00:00+05:30,1229.8996258314878,1248.3695849409576,1223.0108058973215,1238.4356689453125
2024-09-19 00:00:00+05:30,1246.4226697631223,1259.6511538996783,1236.9880637881504,1240.6820068359375
2024-09-20 00:00:00+05:30,1241.9798953627007,1247.970152092746,1227.9028164215117,1242.978271484375
2024-09-23 00:00:00+05:30,1249.4677096230525,1250.4161181847596,1238.5355398977574,1244.775390625
2024-09-24 00:00:00+05:30,1239.0846413870245,1245.0748984127024,1233.3439784040834,1237.5372314453125
2024-09-25 00:00:00+05:30,1235.9895545699358,1268.9359643444172,1229.1007354244925,1266.0406494140625
2024-09-26 00:00:00+05:30,1265.4917041899575,1279.5687831579885,1260.2002619861607,1275.026123046875
2024-09-27 00:00:00+05:30,1270.9328608020694,1279.4690257801735,1255.208436169208,1271.0826416015625
2024-09-30 00:00:00+05:30,1261.448195108826,1272.929520192919,1227.353627115125,1230.198974609375
2024-10-01 00:00:00+05:30,1226.1056776669482,1240.93153854236,1222.6613288324884,1224.6580810546875
2024-10-03 00:00:00+05:30,1205.5391812805995,1217.1702876110573,1171.1950179115215,1173.790771484375
2024-10-04 00:00:00+05:30,1173.5911350580977,1200.8468520222327,1172.093570870444,1176.4864501953125
2024-10-07 00:00:00+05:30,1181.0289881912613,1182.9259272029717,1129.0635840139234,1143.8394775390625
2024-10-08 00:00:00+05:30,1151.1276845041943,1166.4527338133323,1140.644735078961,1151.42724609375
2024-10-09 00:00:00+05:30,1152.1260787102349,1183.0757394034908,1152.1260787102349,1168.2498779296875
2024-10-10 00:00:00+05:30,1175.0886775236831,1189.0659430167432,1173.1418928645546,1182.326904296875
2024-10-11 00:00:00+05:30,1180.5797491543212,1186.2704442280499,1164.1065433521678,1170.5460205078125
2024-10-14 00:00:00+05:30,1169.6476098115127,1173.0919587287326,1154.7218134686907,1162.459228515625
2024-10-15 00:00:00+05:30,1164.2064264310386,1170.0968702032376,1147.6334063981412,1151.976318359375
2024-10-16 00:00:00+05:30,1149.1308918352402,1161.0614374890406,1146.2355767689712,1151.3272705078125
2024-10-17 00:00:00+05:30,1149.1310136899726,1149.480420987831,1122.1748561142738,1130.0120849609375
2024-10-18 00:00:00+05:30,1156.1194862204916,1201.895004543148,1154.1727016376046,1194.9063720703125
2024-10-21 00:00:00+05:30,1194.9064782000012,1212.8274033274415,1183.624900757945,1188.3671875
2024-10-22 00:00:00+05:30,1192.3107800622608,1196.0546908223473,1171.4446930516256,1173.8408203125
2024-10-23 00:00:00+05:30,1173.1917045941498,1181.2286807689004,1156.7684668639306,1158.515625
2024-10-24 00:00:00+05:30,1163.1083080072417,1173.2916968049035,1152.7751384006528,1165.4544677734375
2024-10-25 00:00:00+05:30,1185.07254149195,1199.7985903436822,1168.1001462052077,1187.418701171875
2024-10-28 00:00:00+05:30,1192.061160603629,1192.061160603629,1165.1549712634646,1169.697509765625
2024-10-29 00:00:00+05:30,1174.4896262998118,1189.2655189267314,1155.720107544012,1184.922607421875
2024-10-30 00:00:00+05:30,1176.8358055508825,1185.721377046743,1162.4093199283802,1168.4993896484375
2024-10-31 00:00:00+05:30,1163.6074036054613,1176.0871054888319,1151.9762970757422,1157.6671142578125
2024-11-01 00:00:00+05:30,1162.1598100627925,1170.5960398098143,1162.1098425062892,1167.65087890625
2024-11-04 00:00:00+05:30,1170.0968431979647,1175.0387563721924,1133.6061463101485,1137.4000244140625
2024-11-05 00:00:00+05:30,1137.100423556092,1172.9921178913025,1131.609354942301,1169.7972412109375
2024-11-06 00:00:00+05:30,1169.897154934203,1181.6280740310438,1159.5638648703841,1164.605712890625
2024-11-07 00:00:00+05:30,1166.7024259247364,1170.99549241813,1149.1809963928945,1158.0166015625
2024-11-08 00:00:00+05:30,1154.1227842652258,1165.8537035689599,1149.2307169471244,1159.064697265625
2024-11-11 00:00:00+05:30,1150.1292431682323,1174.8890186797137,1141.0938909031916,1169.098388671875
2024-11-12 00:00:00+05:30,1169.7474877488462,1185.072537895656,1151.9264971262662,1156.2694091796875
2024-11-13 00:00:00+05:30,1150.029589746679,1163.6074819353837,1133.2568205375103,1137.30029296875
2024-11-14 00:00:00+05:30,1135.7028687904137,1148.8813855767612,1129.7624574145566,1138.84765625
2024-11-18 00:00:00+05:30,1129.3629741553402,1133.156852012231,1119.7287424706979,1124.37109375
2024-11-19 00:00:00+05:30,1128.1649836941745,1137.150368520057,1120.227942513477,1132.1085205078125
2024-11-21 00:00:00+05:30,1136.1521359437722,1150.1294029940473,1113.938265096014,1137.30029296875
2024-11-22 00:00:00+05:30,1134.804259094338,1146.0359906217202,1125.7190606332729,1140.544921875
2024-11-25 00:00:00+05:30,1158.1163893251894,1162.609082214813,1140.1456177666953,1154.0230712890625
2024-11-26 00:00:00+05:30,1155.2209932897363,1157.71693360964,1140.7945069895281,1142.9410400390625
2024-11-27 00:00:00+05:30,1143.3402343897294,1153.5735891768147,1131.7092505928033,1147.7830810546875
2024-11-28 00:00:00+05:30,1146.6350294369997,1152.5753188902968,1127.5660689944857,1130.6610107421875
2024-11-29 00:00:00+05:30,1131.7094214290682,1139.0474623267583,1125.8688230005273,1134.4549560546875
2024-12-02 00:00:00+05:30,1130.8606604334245,1139.5466064002276,1124.7705900554713,1135.2535400390625
2024-12-03 00:00:00+05:30,1142.5416474793556,1163.0083577848877,1136.1520159851627,1158.615478515625
2024-12-04 00:00:00+05:30,1155.6203539949722,1166.1033032104772,1152.0262243526445,1157.567138671875
2024-12-05 00:00:00+05:30,1162.1098542785676,1174.9889311617428,1148.2324012319225,1164.5059814453125
2024-12-06 00:00:00+05:30,1165.6041034914654,1191.9112895042008,1158.1162826981583,1182.62646484375
2024-12-09 00:00:00+05:30,1182.3268593567407,1184.0740174769637,1159.1146157594899,1161.3609619140625
2024-12-10 00:00:00+05:30,1155.1211468863528,1163.1581232345245,1149.3804843153964,1151.776611328125
2024-12-11 00:00:00+05:30,1148.1324971228753,1156.4689130536558,1142.6913962114295,1145.386962890625
2024-12-12 00:00:00+05:30,1143.1407039727058,1152.6752450559866,1141.742952973343,1143.7896728515625
2024-12-13 00:00:00+05:30,1139.1472304132253,1150.8281830630162,1111.8416660481157,1146.28564453125
2024-12-16 00:00:00+05:30,1144.6382485238657,1153.124445743624,1139.8959618422361,1149.0311279296875
2024-12-17 00:00:00+05:30,1143.3902926303374,1149.9795508853542,1128.1650562517189,1134.4049072265625
2024-12-18 00:00:00+05:30,1134.3549105744767,1138.0489753800873,1114.137793934539,1120.4276123046875
2024-12-19 00:00:00+05:30,1103.1058605329233,1117.232907788727,1099.2621366321944,1107.099365234375
2024-12-20 00:00:00+05:30,1102.1572227344786,1104.0541616573962,1063.2705232390288,1070.109375
2024-12-23 00:00:00+05:30,1073.3541110903145,1081.790462182754,1070.6585443933702,1077.3975830078125
2024-12-24 00:00:00+05:30,1075.550693795779,1082.988547493429,1074.252756029435,1077.1480712890625
2024-12-26 00:00:00+05:30,1081.2413564986148,1090.8257430405286,1071.008001093157,1074.9515380859375
2024-12-27 00:00:00+05:30,1076.3492862446637,1084.4860761153666,1074.2527207366024,1075.7003173828125
2024-12-30 00:00:00+05:30,1072.355687311683,1094.719335130627,1062.2221460639655,1068.21240234375
2024-12-31 00:00:00+05:30,1060.2755024007047,1068.7117323668265,1056.7811857732072,1062.9710693359375
2025-01-01 00:00:00+05:30,1062.4219686475792,1075.2011098143219,1052.23845913699,1070.0595703125
2025-01-02 00:00:00+05:30,1070.259182488381,1086.9320146607752,1065.766490024577,1084.83544921875
2025-01-03 00:00:00+05:30,1084.236495050746,1091.7243161491626,1078.0466116915568,1083.1383056640625
2025-01-06 00:00:00+05:30,1085.9836525482262,1088.2299988761818,1058.1789012632846,1061.6732177734375
2025-01-07 00:00:00+05:30,1062.821318766077,1068.7616077717908,1054.2851544203747,1065.7664794921875
2025-01-08 00:00:00+05:30,1062.0225820719759,1080.5923532571728,1057.380108807656,1073.204345703125
2025-01-09 00:00:00+05:30,1077.8468688369667,1078.3960244691536,1052.538057769639,1060.02587890625
2025-01-10 00:00:00+05:30,1054.5348076351484,1063.1208181441978,1035.316066762271,1039.010009765625
2025-01-13 00:00:00+05:30,1024.9329786295832,1061.2738965451533,1021.5884427467809,1047.59619140625
2025-01-14 00:00:00+05:30,1051.240076562291,1059.2770529988159,1043.8022232895967,1049.9422607421875
2025-01-15 00:00:00+05:30,1041.306335482205,1051.190283846339,1013.0023957042544,1025.1326904296875
2025-01-16 00:00:00+05:30,1032.2211352471902,1044.7506829203899,1025.3822829319104,1036.314453125
2025-01-17 00:00:00+05:30,998.3761525809333,1010.0571657533391,973.0173739309598,989.440673828125
2025-01-20 00:00:00+05:30,990.439061296575,992.5855944235661,974.9143241337787,986.445556640625
2025-01-21 00:00:00+05:30,991.98647607347,992.8351323265008,961.4361915572816,968.62451171875
2025-01-22 00:00:00+05:30,974.165548733293,974.165548733293,952.4508670167169,957.7422485351562
2025-01-23 00:00:00+05:30,952.450837032954,962.1350977728039,946.4605801962688,949.505615234375
2025-01-24 00:00:00+05:30,946.4605287542831,960.2381065426121,944.5635898180176,946.959716796875
2025-01-27 00:00:00+05:30,941.5684832287448,948.2077087224076,931.9840969648512,946.5603637695312
2025-01-28 00:00:00+05:30,958.4411132023487,992.2361218299094,956.6440483023032,982.2024536132812
2025-01-29 00:00:00+05:30,986.3956676832572,987.0446365758884,976.012531017436,981.8031616210938
2025-01-30 00:00:00+05:30,983.0510455309357,989.7900841668027,973.2170044414162,983.1009521484375
2025-01-31 00:00:00+05:30,980.4054003333197,988.3924097046705,976.4618022690061,984.4987182617188
2025-02-01 00:00:00+05:30,987.8931362585447,1003.3180589613612,980.4053156198999,996.5291137695312
2025-02-03 00:00:00+05:30,985.4970820817739,998.8753469855333,981.753171485876,987.7933959960938
2025-02-04 00:00:00+05:30,992.385906066695,1015.4483710586156,986.1959616686072,1013.6513061523438
2025-02-05 00:00:00+05:30,1018.9426747263542,1020.3903323316467,1008.8590999817069,1011.654541015625
2025-02-06 00:00:00+05:30,1010.3566568712627,1020.1906375069063,1008.4098112049047,1019.0425415039062
2025-02-07 00:00:00+05:30,1017.8445057093887,1025.6817342725071,1006.0137724647228,1022.43701171875
2025-02-10 00:00:00+05:30,1019.3420349226665,1025.082697705042,1004.5660802961088,1010.1070556640625
2025-02-11 00:00:00+05:30,1007.3615376254405,1014.6995779700981,1000.9719058765897,1005.76416015625
2025-02-12 00:00:00+05:30,998.3761339148515,1009.008864115462,982.4021157722138,1005.2649536132812
2025-02-13 00:00:00+05:30,1001.3712372223157,1015.7977841830659,999.4243916227608,1006.5628051757812
2025-02-14 00:00:00+05:30,1008.9089842755058,1014.3501463619988,986.0462074988543,995.8801879882812
2025-02-17 00:00:00+05:30,990.8383973867473,998.0267176735445,976.4617568131531,991.3375854492188
2025-02-18 00:00:00+05:30,991.3375809994877,995.7303993678929,984.9479494541168,992.53564453125
2025-02-19 00:00:00+05:30,990.0397410803987,1011.804329129352,986.5454245287212,1009.7077026367188
2025-02-20 00:00:00+05:30,1006.7625199634393,1017.9942514939594,1004.8655809305341,1015.5482177734375
2025-02-21 00:00:00+05:30,1010.3566194091612,1020.2405672343198,999.0250749789396,1007.3115844726562
2025-02-24 00:00:00+05:30,999.7239055887297,1011.3550117867557,996.9284646337834,1008.4097900390625
2025-02-25 00:00:00+05:30,1002.3696099471763,1012.0538703579778,995.4807904446366,1007.4613037109375
2025-02-27 00:00:00+05:30,1006.0137195509107,1021.8878632634938,1003.5177792562238,1015.0490112304688
2025-02-28 00:00:00+05:30,1013.152096799687,1033.8184951280357,1008.3099968849968,1013.90087890625
2025-03-03 00:00:00+05:30,1015.3983923638058,1017.7446127420518,990.3890834419211,1005.6143188476562
2025-03-04 00:00:00+05:30,999.4742812867012,1009.4580422063008,996.9783410568012,1000.1731567382812
2025-03-05 00:00:00+05:30,1001.3713148547035,1015.747956311782,1000.9220333836612,1012.802734375
2025-03-06 00:00:00+05:30,1020.9394503749928,1037.812032077071,1013.5015966332338,1032.4207763671875
2025-03-07 00:00:00+05:30,1032.021307173322,1048.6442933123737,1029.0261789274416,1035.9649658203125
2025-03-10 00:00:00+05:30,1034.3177495553393,1048.7942045442894,1030.6736520285292,1034.16796875
2025-03-11 00:00:00+05:30,1028.7267836644776,1035.1164152394542,1019.4418369523306,1023.9844970703125
2025-03-12 00:00:00+05:30,1023.535188677738,1028.1278165033088,997.5774694995702,1009.5579833984375
2025-03-13 00:00:00+05:30,1013.3517635093752,1014.3501396310593,1003.4678155302854,1008.5595703125
2025-03-17 00:00:00+05:30,1009.4580844924919,1037.312802999425,1009.4580844924919,1032.470703125
2025-03-18 00:00:00+05:30,1032.470703125,1032.470703125,1032.470703125,1032.470703125
2025-03-19 00:00:00+05:30,1046.0984546003142,1056.830996939409,1041.8053889158466,1050.341552734375
2025-03-20 00:00:00+05:30,1054.5347563485304,1057.1804773897622,1045.1999641815423,1052.6378173828125
2025-03-21 00:00:00+05:30,1052.637839967216,1073.8034868790976,1048.8440838264673,1068.4122314453125
2025-03-24 00:00:00+05:30,1080.2429024147984,1103.1555843595158,1071.9563323258167,1096.067138671875
2025-03-25 00:00:00+05:30,1108.1476316970598,1121.6756781665542,1094.569739540046,1116.7337646484375
2025-03-26 00:00:00+05:30,1113.1894013460305,1117.0331251287269,1087.281589139772,1094.4698486328125
2025-03-27 00:00:00+05:30,1090.226742151285,1106.2007603513039,1086.333050840613,1096.56640625
2025-03-28 00:00:00+05:30,1096.6163196755733,1105.2023296598516,1084.7356198513357,1100.21044921875
2025-04-01 00:00:00+05:30,1091.4247928076945,1099.46176981717,1068.2625141469891,1083.837158203125
2025-04-02 00:00:00+05:30,1089.9271919160412,1093.8208832672776,1078.995021845347,1082.68896484375
2025-04-03 00:00:00+05:30,1077.148030327788,1090.1767656925256,1073.5539006365532,1088.0802001953125
2025-04-04 00:00:00+05:30,1079.7438189672625,1100.110717042034,1073.7035944396453,1089.5279541015625
2025-04-07 00:00:00+05:30,1033.3192474005818,1067.2640342717123,1030.6735264023866,1046.2481689453125
2025-04-08 00:00:00+05:30,1059.2771173398287,1083.1881778843842,1058.5783027690252,1076.0997314453125
2025-04-09 00:00:00+05:30,1071.357383142649,1080.0931741367542,1056.2819282015244,1059.926025390625
2025-04-11 00:00:00+05:30,1061.5733837128932,1070.958021801289,1055.8327209873753,1067.214111328125
2025-04-15 00:00:00+05:30,1088.2300167462733,1115.186173124392,1081.2413836112057,1110.9930419921875
2025-04-16 00:00:00+05:30,1120.8768885930303,1161.6106854878976,1110.7933135489463,1159.414306640625
2025-04-17 00:00:00+05:30,1153.7234204439198,1197.2525949221158,1151.7266682029742,1188.8663330078125
2025-04-21 00:00:00+05:30,1200.0481388219926,1236.688494977289,1196.1544474414134,1221.0140380859375
2025-04-22 00:00:00+05:30,1228.4019873709017,1232.9944930922131,1210.1316558499327,1214.8240966796875
2025-04-23 00:00:00+05:30,1223.3103308638504,1228.0026499644732,1192.959671888685,1204.940185546875
2025-04-24 00:00:00+05:30,1197.1528829388074,1218.0189699959437,1197.1528829388074,1205.139892578125
2025-04-25 00:00:00+05:30,1175.088703760494,1177.9840189088325,1144.1390437634036,1164.4061279296875
2025-04-28 00:00:00+05:30,1164.4061903446627,1194.0579142147026,1162.4094379797552,1190.8631591796875
2025-04-29 00:00:00+05:30,1192.061141874012,1208.03516052559,1182.4767550574834,1185.3720703125
2025-04-30 00:00:00+05:30,1183.1754968297632,1191.9612552964234,1173.0919225507648,1183.07568359375
2025-05-02 00:00:00+05:30,1180.1803338380926,1208.5342387414275,1178.1835816881687,1181.478271484375
2025-05-05 00:00:00+05:30,1188.0676909669005,1188.0676909669005,1162.4094710956974,1171.294921875
2025-05-06 00:00:00+05:30,1176.0870571311964,1176.8858067677252,1155.819973357097,1159.5140380859375
2025-05-07 00:00:00+05:30,1157.1179926776738,1166.702379631733,1151.0279223537887,1159.414306640625
2025-05-08 00:00:00+05:30,1168.1001299431346,1177.0855155580816,1163.7072503791862,1170.2965087890625
2025-05-09 00:00:00+05:30,1158.1162846211869,1170.2964243830247,1146.6349593857183,1149.230712890625
2025-05-12 00:00:00+05:30,1183.0756178401653,1207.0366430116117,1173.291483812994,1201.04638671875
2025-05-13 00:00:00+05:30,1203.2428820800658,1212.8273905767053,1188.0676134138669,1191.6617431640625
2025-05-14 00:00:00+05:30,1193.958090664265,1197.4524072726892,1183.9743289259102,1193.5587158203125
2025-05-15 00:00:00+05:30,1195.05626945808,1215.023792757296,1183.0757554785503,1207.1365966796875
2025-05-16 00:00:00+05:30,1204.0416561895038,1211.3298509501008,1201.2461541758826,1206.837158203125
2025-05-19 00:00:00+05:30,1206.038431240256,1217.0205692730729,1199.1496111907068,1200.846923828125
2025-05-20 00:00:00+05:30,1206.0384169283893,1208.7339838465284,1190.9629610912027,1193.8582763671875
2025-05-21 00:00:00+05:30,1195.1560440526246,1202.9434266363357,1180.7794033676655,1195.85498046875
2025-05-22 00:00:00+05:30,1194.7567041377135,1194.7567041377135,1175.587930579019,1186.570068359375
2025-05-23 00:00:00+05:30,1186.5701083178596,1211.1301383520395,1186.1707334652522,1208.135009765625
2025-05-26 00:00:00+05:30,1214.2249385790394,1222.2119472113557,1206.737117986243,1213.2265625
2025-05-27 00:00:00+05:30,1213.2265945574386,1214.7241587155684,1188.4669402662748,1193.658447265625
2025-05-28 00:00:00+05:30,1193.6584505670924,1200.2477085066719,1189.7647593707686,1192.7598876953125
2025-05-29 00:00:00+05:30,1198.051344500375,1207.036729584128,1187.0692071757885,1199.74853515625
2025-05-30 00:00:00+05:30,1199.4491721040765,1206.8371802417707,1187.6682843813674,1190.2640380859375
2025-06-02 00:00:00+05:30,1187.8679434907856,1198.9498939286364,1177.285059235458,1192.46044921875
2025-06-03 00:00:00+05:30,1193.0594989197061,1196.953190278046,1172.9921626846794,1179.5814208984375
2025-06-04 00:00:00+05:30,1179.8808990754092,1189.3654718272305,1166.7022617075252,1169.098388671875
2025-06-05 00:00:00+05:30,1170.5959975050891,1173.5911258569147,1155.1211676873247,1157.117919921875
2025-06-06 00:00:00+05:30,1157.0181754924818,1199.2494146414624,1149.3306058090322,1192.66015625
2025-06-09 00:00:00+05:30,1210.5310596341333,1222.5115732140175,1204.2412412558594,1217.9190673828125
2025-06-10 00:00:00+05:30,1222.4117121508891,1233.893037215761,1216.4214555953035,1230.798095703125
2025-06-11 00:00:00+05:30,1230.59839323194,1239.7835267494627,1226.1057006477856,1229.400390625
2025-06-12 00:00:00+05:30,1229.0010033134809,1235.0910732690493,1208.8338544449855,1210.930419921875
2025-06-13 00:00:00+05:30,1196.0546580988657,1209.7323629526622,1193.6585309035481,1203.842041015625
2025-06-16 00:00:00+05:30,1204.141444699681,1216.0221452054159,1194.0578700046613,1213.4263916015625
2025-06-17 00:00:00+05:30,1213.4263926474275,1225.0075315706626,1209.333074821813,1213.1268310546875
2025-06-18 00:00:00+05:30,1207.8355693502274,1221.3136479815041,1201.9451254258431,1219.017333984375
2025-06-19 00:00:00+05:30,1216.0221372882443,1225.8062721991687,1211.8290062533267,1215.52294921875
2025-06-20 00:00:00+05:30,1215.5230183598476,1224.0092160239617,1212.2283281649422,1218.7177734375
2025-06-23 00:00:00+05:30,1210.6308537948642,1220.9141765377137,1203.6422209833972,1212.12841796875
2025-06-24 00:00:00+05:30,1220.9142315421007,1236.3890620360896,1213.6260368186765,1219.2169189453125
2025-06-25 00:00:00+05:30,1224.3086005822797,1224.3086005822797,1209.0333982470088,1211.3297119140625
2025-06-26 00:00:00+05:30,1213.2266164347136,1236.9880169210137,1209.233111941022,1231.4969482421875
2025-06-27 00:00:00+05:30,1234.8914830095598,1244.975057739528,1218.4182765518997,1223.110595703125
2025-06-30 00:00:00+05:30,1226.9044065990563,1233.9928524938196,1191.1624936760497,1197.2525634765625
2025-07-01 00:00:00+05:30,1200.048121898433,1200.048121898433,1165.1049569513073,1171.394775390625
2025-07-02 00:00:00+05:30,1178.0837984150073,1179.9807373800923,1170.0967896121938,1173.3914794921875
2025-07-03 00:00:00+05:30,1176.0870617453147,1179.0821900859225,1166.1033006099556,1169.1982421875
2025-07-04 00:00:00+05:30,1173.095303475241,1178.5910651184386,1161.104550799174,1176.6925048828125
2025-07-07 00:00:00+05:30,1176.6925315385822,1176.6925315385822,1166.700237415503,1174.1944580078125
2025-07-08 00:00:00+05:30,1179.090677793982,1179.090677793982,1161.0046502671364,1164.501953125
2025-07-09 00:00:00+05:30,1159.1060390377668,1170.0975618217456,1157.7070935609217,1163.8023681640625
2025-07-10 00:00:00+05:30,1169.1982893297397,1175.6932803896598,1162.1037850287682,1163.40283203125
2025-07-11 00:00:00+05:30,1161.1045522095474,1174.9938651381117,1159.7056066670582,1172.8955078125
2025-07-14 00:00:00+05:30,1178.091458637763,1178.9907894899875,1162.1037882915339,1171.7962646484375
2025-07-15 00:00:00+05:30,1173.0953206939591,1178.091467715654,1161.4043854536912,1165.0015869140625
2025-07-16 00:00:00+05:30,1164.002330953665,1173.0952939304498,1156.2082929871394,1167.4996337890625
2025-07-17 00:00:00+05:30,1169.098340588998,1171.9961301019453,1153.9101032453461,1158.90625
2025-07-18 00:00:00+05:30,1089.1599990494663,1115.0400637891007,1085.1630816217619,1098.452880859375
2025-07-21 00:00:00+05:30,1085.163068778452,1100.6511236274998,1071.0739594077916,1098.7525634765625
2025-07-22 00:00:00+05:30,1101.1507259292464,1109.7440738053162,1094.1561205921278,1097.15380859375
2025-07-23 00:00:00+05:30,1098.6526441789765,1109.6441667673976,1097.2536987270212,1103.9486083984375
2025-07-24 00:00:00+05:30,1103.149269668163,1104.1484990790943,1088.560544663815,1094.256103515625
2025-07-25 00:00:00+05:30,1085.262939453125,1100.151480708091,1075.37054479538,1085.262939453125
2025-07-28 00:00:00+05:30,1080.06700589857,1091.3582241283038,1066.5774099597274,1072.7725830078125
2025-07-29 00:00:00+05:30,1070.0747930042048,1077.8687091686768,1054.5867372441537,1063.3798828125
2025-07-30 00:00:00+05:30,1069.675009445578,1079.767201393535,1061.181560047832,1072.472900390625
2025-07-31 00:00:00+05:30,1065.1784853249985,1080.466743145018,1063.080128088743,1067.57666015625
2025-08-01 00:00:00+05:30,1064.1792707746743,1070.0747484070778,1059.1831239635255,1061.581298828125
2025-08-04 00:00:00+05:30,1063.5797746594428,1069.1754347826832,1058.183911621366,1067.7764892578125
2025-08-05 00:00:00+05:30,1067.1769625013424,1079.0678163476823,1061.6812009903335,1069.974853515625
2025-08-06 00:00:00+05:30,1073.1723708037903,1076.8694707767693,1064.7788194860536,1070.1746826171875
2025-08-07 00:00:00+05:30,1066.977176292842,1078.8679082841259,1063.6796705621337,1075.37060546875
2025-08-08 00:00:00+05:30,1072.1730875391024,1079.5674090897921,1053.3875270564029,1057.2845458984375
2025-08-11 00:00:00+05:30,1057.2845412230301,1074.5712576112912,1051.7887798480178,1072.472900390625
2025-08-12 00:00:00+05:30,1070.274542939649,1075.7703044188218,1065.478315198115,1069.1754150390625
2025-08-13 00:00:00+05:30,1070.2745119894926,1071.9732750378564,1062.3805758797093,1065.178466796875
2025-08-14 00:00:00+05:30,1066.1776825929462,1071.5735453068455,1061.1815360016017,1067.376708984375
2025-08-18 00:00:00+05:30,1079.1677749702633,1089.1600691829508,1078.5682617127516,1081.7657470703125
2025-08-19 00:00:00+05:30,1077.1692902994891,1094.1561900537483,1074.9710344159066,1082.365234375
2025-08-20 00:00:00+05:30,1080.1669860248583,1082.8648566259114,1076.969500721666,1079.3675537109375
2025-08-21 00:00:00+05:30,1089.1600252490596,1089.1600252490596,1075.570530063219,1078.068603515625
2025-08-22 00:00:00+05:30,1075.1707521863284,1077.6688254953115,1068.6757615829724,1070.07470703125
2025-08-25 00:00:00+05:30,1072.1731031186114,1073.6719471583856,1067.3767534008373,1069.1754150390625
2025-08-26 00:00:00+05:30,1067.1770021897328,1068.9756639052698,1047.1924141337454,1049.290771484375
2025-08-28 00:00:00+05:30,1056.1854006509102,1058.6834739731687,1046.193107361876,1051.08935546875
2025-08-29 00:00:00+05:30,1051.2892385789264,1062.1808635505645,1041.6966606316682,1044.39453125
2025-09-01 00:00:00+05:30,1046.792693797241,1063.1800803329604,1046.792693797241,1060.6820068359375
2025-09-02 00:00:00+05:30,1060.6819506517852,1064.0793548230254,1048.1915838282832,1055.385986328125
2025-09-03 00:00:00+05:30,1055.3860511421183,1064.079420170901,1044.1947305714677,1053.88720703125
2025-09-04 00:00:00+05:30,1057.3844922319947,1061.3814097939771,1046.4929894565873,1049.590576171875
2025-09-05 00:00:00+05:30,1055.7857154711764,1057.1846609678942,1046.9925703048245,1055.0863037109375
2025-09-08 00:00:00+05:30,1055.0863616682946,1062.1808661059258,1053.1878013881899,1054.6866455078125
2025-09-09 00:00:00+05:30,1056.6850022541591,1058.1838462289877,1047.891735478004,1051.3890380859375
2025-09-10 00:00:00+05:30,1057.1846182048694,1073.2721858257835,1054.2868287880779,1069.2752685546875
2025-09-11 00:00:00+05:30,1068.176167416612,1092.1576716429909,1068.176167416612,1086.56201171875
2025-09-12 00:00:00+05:30,1087.5612418866979,1107.8455243744909,1087.5612418866979,1104.4482421875
2025-09-15 00:00:00+05:30,1104.1484634272642,1109.1446103206003,1099.1523165339283,1103.5489501953125
2025-09-16 00:00:00+05:30,1104.847882034871,1126.2314152658462,1103.1492408711283,1120.3359375
2025-09-17 00:00:00+05:30,1120.435994746524,1127.6303977627526,1115.2399285892504,1125.13232421875
2025-09-18 00:00:00+05:30,1128.129913734106,1133.5257765121382,1120.3358761684776,1132.1268310546875
2025-09-19 00:00:00+05:30,1132.1268686542164,1143.2182901919443,1125.731776333649,1135.024658203125
2025-09-22 00:00:00+05:30,1135.124515662792,1146.715551462693,1130.3281661018914,1143.51806640625
2025-09-23 00:00:00+05:30,1145.1168893049187,1171.896285943036,1141.020073171241,1169.8978271484375
2025-09-24 00:00:00+05:30,1167.0999210108505,1171.8962708465979,1153.110709628871,1158.0069580078125
2025-09-25 00:00:00+05:30,1153.8100741514515,1170.8969935063292,1152.5111491906418,1165.700927734375
2025-09-26 00:00:00+05:30,1160.704836753473,1168.798570429251,1147.1153414245289,1153.1107177734375
2025-09-29 00:00:00+05:30,1154.5095860957442,1157.4073755324762,1125.8316312925506,1131.327392578125
2025-09-30 00:00:00+05:30,1129.129162712632,1136.1237681453651,1124.5327321092266,1130.7279052734375
2025-10-01 00:00:00+05:30,1131.6272525367885,1163.9024097219321,1130.1284084936935,1158.6064453125
2025-10-03 00:00:00+05:30,1170.0975504074936,1187.0844490897546,1168.5987064061178,1180.08984375
2025-10-06 00:00:00+05:30,1184.086852097852,1214.263531521155,1181.1890624105488,1211.865478515625
2025-10-07 00:00:00+05:30,1211.0660300798188,1211.0660300798188,1183.0876069426613,1185.885498046875
2025-10-08 00:00:00+05:30,1179.1905708552174,1193.879315975699,1173.195194555325,1179.690185546875
2025-10-09 00:00:00+05:30,1177.092172913211,1186.3850546477581,1162.2036312205041,1166.5003662109375
2025-10-10 00:00:00+05:30,1167.099888033273,1190.7815749845481,1164.301997045437,1179.4903564453125
2025-10-13 00:00:00+05:30,1170.0975857557814,1192.6801449968107,1166.600282980252,1188.6832275390625
2025-10-14 00:00:00+05:30,1190.881629244145,1190.881629244145,1165.7009755688605,1175.8931884765625
2025-10-15 00:00:00+05:30,1179.0906179006056,1180.7892589833573,1163.1029485053432,1168.6986083984375
2025-10-16 00:00:00+05:30,1215.4626602690012,1215.9622749664172,1184.386650484972,1195.378173828125
2025-10-17 00:00:00+05:30,1195.378127506221,1211.9653104224176,1190.681676346755,1199.2750244140625
2025-10-20 00:00:00+05:30,1206.9691490495477,1230.7507342517279,1206.0698182446727,1225.05517578125
2025-10-21 00:00:00+05:30,1224.8554197755107,1237.8454016834933,1221.0582993503724,1236.3465576171875
2025-10-23 00:00:00+05:30,1245.0397715691,1275.1165506443417,1240.3434424090542,1257.8299560546875
2025-10-24 00:00:00+05:30,1253.2334413696176,1255.0321030466466,1239.1443314870335,1240.9429931640625
2025-10-27 00:00:00+05:30,1242.441839313446,1257.5301786026632,1241.6424070164871,1253.133544921875
2025-10-28 00:00:00+05:30,1248.0374700896894,1257.9298651445754,1235.6470016359046,1245.339599609375
2025-10-29 00:00:00+05:30,1245.9390863463195,1250.0359022381838,1238.244947255514,1247.837646484375
2025-10-30 00:00:00+05:30,1242.042141558398,1247.0382885477723,1234.0483063753995,1237.6455078125
2025-10-31 00:00:00+05:30,1242.0420660340162,1244.4402408383398,1230.0513139886355,1231.8499755859375
2025-11-03 00:00:00+05:30,1225.0552499537425,1240.043691021692,1221.35814994748,1232.749267578125
2025-11-04 00:00:00+05:30,1229.1519657161218,1234.947544579493,1221.8576648446217,1225.6546630859375
2025-11-06 00:00:00+05:30,1224.0559200275998,1238.6446437404365,1224.0559200275998,1227.55322265625
2025-11-07 00:00:00+05:30,1226.0543803853739,1227.8530419588296,1216.0620871466992,1221.857666015625
2025-11-10 00:00:00+05:30,1221.0582806000282,1231.8500065022106,1214.5632897457729,1216.0621337890625
2025-11-11 00:00:00+05:30,1217.1612278614307,1224.0559346641744,1208.467981442474,1221.557861328125
2025-11-12 00:00:00+05:30,1226.9537631333974,1231.7499909053392,1215.562523963644,1220.6585693359375
2025-11-13 00:00:00+05:30,1218.0605641936236,1233.8484365397046,1212.264985237154,1224.2557373046875
2025-11-14 00:00:00+05:30,1223.056775575948,1245.039822195777,1221.058316792327,1240.6431884765625
2025-11-17 00:00:00+05:30,1242.9414044247746,1260.028201798564,1239.44410172351,1248.636962890625
2025-11-18 00:00:00+05:30,1249.0367693639987,1272.5186606280417,1246.6385943715704,1264.4249267578125
2025-11-19 00:00:00+05:30,1267.0228456161299,1272.0189924837014,1256.8307547967806,1269.4210205078125
2025-11-20 00:00:00+05:30,1274.017503489148,1286.3080740780129,1261.6270343540828,1284.2095947265625
2025-11-21 00:00:00+05:30,1283.0105266743428,1283.5101413654154,1272.0190034707464,1274.81689453125
2025-11-24 00:00:00+05:30,1278.2141857045526,1289.9052427423878,1265.623919797552,1268.0220947265625
2025-11-25 00:00:00+05:30,1268.1219878416657,1275.7161067708207,1262.7261247685515,1265.32421875
2025-11-26 00:00:00+05:30,1270.9198641332523,1291.8037824278044,1268.3218921582525,1289.2056884765625
2025-11-27 00:00:00+05:30,1296.0004592453204,1302.9950646537377,1280.0127897403665,1286.3079833984375
2025-11-28 00:00:00+05:30,1286.3079857267776,1288.0066268242583,1274.0174159821017,1278.7137451171875
2025-12-01 00:00:00+05:30,1287.0074895694327,1288.0067189868003,1267.522515930765,1274.7169189453125
2025-12-02 00:00:00+05:30,1269.7206814849603,1280.012792541795,1254.1327280787623,1257.030517578125
2025-12-03 00:00:00+05:30,1254.0328509120545,1271.9190809099528,1254.0328509120545,1269.720703125
2025-12-04 00:00:00+05:30,1269.7206681913929,1281.8114407353803,1268.421743240615,1279.0135498046875
2025-12-05 00:00:00+05:30,1274.2172952640824,1284.0097922758284,1266.3234805034615,1281.51171875
2025-12-08 00:00:00+05:30,1283.0105727184648,1287.806922715388,1264.1251123229204,1272.8184814453125
2025-12-09 00:00:00+05:30,1271.0197291988948,1280.4125094545745,1262.22646215608,1274.916748046875
2025-12-10 00:00:00+05:30,1272.0189640520778,1283.010486915057,1267.3226348920275,1277.6146240234375
2025-12-11 00:00:00+05:30,1276.4155672355312,1281.0119977463942,1270.020475144826,1271.7191162109375
2025-12-12 00:00:00+05:30,1277.0151531013842,1290.0051350969381,1276.9152545582056,1285.10888671875
2025-12-15 00:00:00+05:30,1284.009733605876,1289.4055965703628,1279.0135867825068,1283.8099365234375
2025-12-16 00:00:00+05:30,1276.1158469576924,1276.6154616594986,1215.9622856507456,1218.66015625
2025-12-17 00:00:00+05:30,1219.6592876851394,1235.0474436599686,1219.3595920738758,1223.756103515625
2025-12-18 00:00:00+05:30,1225.1550731667012,1237.5455414162577,1219.259595647226,1228.852294921875
2025-12-19 00:00:00+05:30,1235.746885956047,1240.5432356172332,1228.152767306034,1229.651611328125
2025-12-22 00:00:00+05:30,1234.0482954798545,1235.946855714303,1225.8546632801215,1232.2496337890625
2025-12-23 00:00:00+05:30,1238.045242047991,1238.045242047991,1222.5571861547353,1224.0560302734375
2025-12-24 00:00:00+05:30,1229.0520802122269,1234.447943008406,1223.756115954151,1225.35498046875
2025-12-26 00:00:00+05:30,1224.0559328937265,1228.9521810205488,1221.058244894803,1227.25341796875
2025-12-29 00:00:00+05:30,1227.2534168570169,1232.949097235554,1218.0605557924741,1231.050537109375
2025-12-30 00:00:00+05:30,1232.0498131128988,1251.1350696831464,1231.0505837429776,1245.039794921875
2025-12-31 00:00:00+05:30,1245.0397618984655,1270.5201101556172,1244.0405325550478,1268.4217529296875
2026-01-01 00:00:00+05:30,1269.021335005127,1278.214196672934,1262.8261615302456,1273.41796875
2026-01-02 00:00:00+05:30,1272.918311604941,1280.8122479783322,1263.3257341026986,1265.9237060546875
2026-01-05 00:00:00+05:30,1273.2180455456032,1288.7061011587011,1269.0213308796485,1284.8092041015625
2026-01-06 00:00:00+05:30,1303.5945822822944,1303.5945822822944,1284.409427601834,1292.802978515625
2026-01-07 00:00:00+05:30,1292.0036354433014,1297.999011941878,1283.0105706954362,1294.501708984375
2026-01-08 00:00:00+05:30,1290.1049625392075,1302.1956130273209,1282.810661621765,1285.808349609375
2026-01-09 00:00:00+05:30,1285.8084190520194,1294.3018688089537,1269.1212151673558,1271.019775390625
2026-01-12 00:00:00+05:30,1273.7176322643472,1278.613880584573,1265.5240002008,1273.218017578125
2026-01-13 00:00:00+05:30,1273.018218268683,1283.0105119756586,1257.729960106514,1261.0274658203125
2026-01-14 00:00:00+05:30,1254.0328977976028,1306.9920560312862,1252.5340536966494,1297.7991943359375
2026-01-15 00:00:00+05:30,1297.7991943359375,1297.7991943359375,1297.7991943359375,1297.7991943359375
2026-01-16 00:00:00+05:30,1297.7991895256325,1307.9912805838399,1285.5086191528724,1293.20263671875
2026-01-19 00:00:00+05:30,1305.992816944013,1325.9774048084967,1296.1004215558446,1306.492431640625
2026-01-20 00:00:00+05:30,1305.0934393364212,1309.889789042553,1289.0058710771407,1292.503173828125
2026-01-21 00:00:00+05:30,1289.005835224937,1296.699852272607,1266.423276770507,1283.9097900390625
2026-01-22 00:00:00+05:30,1289.0058962937878,1297.8990621440864,1280.4125480470777,1293.80224609375
2026-01-23 00:00:00+05:30,1296.0004620817394,1297.9989207742324,1247.03822411566,1257.030517578125
2026-01-27 00:00:00+05:30,1287.8068186364756,1332.172503629323,1277.4148091338427,1314.7860107421875
2026-01-28 00:00:00+05:30,1346.96117816438,1368.344710877668,1309.1902595410845,1318.782958984375
2026-01-29 00:00:00+05:30,1316.9843142731056,1365.9465535746094,1304.9935617911046,1362.6490478515625
2026-01-30 00:00:00+05:30,1350.9581487855723,1377.6375249747894,1350.9581487855723,1369.343994140625
2026-02-02 00:00:00+05:30,1337.9681888395623,1351.657583056608,1301.8960312952238,1310.4893798828125
2026-02-03 00:00:00+05:30,1401.9187671636068,1417.2070248903838,1344.4630799847705,1355.15478515625
2026-02-04 00:00:00+05:30,1368.6444460360808,1368.8443650997315,1335.5699776381928,1337.6683349609375
2026-02-05 00:00:00+05:30,1338.9673655022464,1338.9673655022464,1316.38480597186,1329.5745849609375
2026-02-06 00:00:00+05:30,1323.978857614386,1345.3623895967637,1323.6790400259413,1340.5660400390625
2026-02-09 00:00:00+05:30,1348.9596813977641,1348.9596813977641,1329.6745053102466,1340.3663330078125
2026-02-10 00:00:00+05:30,1351.5576029795986,1359.0518231520896,1342.2648431514538,1355.6544189453125
2026-02-11 00:00:00+05:30,1356.9535467798464,1358.9520056116282,1343.7637672805854,1346.2618408203125
2026-02-12 00:00:00+05:30,1346.8613439479982,1356.6537189643552,1335.1702866842277,1338.9674072265625
2026-02-13 00:00:00+05:30,1340.2663796042373,1345.4623234479259,1315.0857267297542,1331.2733154296875
2026-02-16 00:00:00+05:30,1322.9796798725715,1360.8504972188548,1322.9796798725715,1357.2532958984375
2026-02-17 00:00:00+05:30,1357.2533026228227,1359.851274590649,1349.3593662013097,1356.154052734375
2026-02-18 00:00:00+05:30,1361.9496315905558,1377.4376868287463,1352.7567701751589,1375.9388427734375
2026-02-19 00:00:00+05:30,1380.0356854729655,1381.7344486208985,1349.9589052436156,1355.5545654296875
2026-02-20 00:00:00+05:30,1349.95888845452,1375.439237570427,1349.95888845452,1367.24560546875
2026-02-23 00:00:00+05:30,1379.4361742227843,1400.9196061284633,1379.1363566149982,1385.63134765625
2026-02-24 00:00:00+05:30,1396.9226494184725,1396.9226494184725,1382.4338236555484,1386.5306396484375
2026-02-25 00:00:00+05:30,1392.9257588022874,1403.2178702295591,1386.5306663608878,1401.9188232421875
2026-02-26 00:00:00+05:30,1401.918780685966,1404.616651145543,1384.9318817040264,1394.424560546875
2026-02-27 00:00:00+05:30,1385.9310826257845,1394.4245319425252,1379.935706637497,1382.83349609375
2026-03-02 00:00:00+05:30,1368.0449464468218,1383.6329006836204,1352.5568907547233,1371.2425537109375
2026-03-04 00:00:00+05:30,1343.4638586340375,1356.5537387000065,1325.977345040809,1350.2586669921875
2026-03-05 00:00:00+05:30,1353.8558818023537,1354.7552126199696,1334.2710107771431,1348.060302734375
2026-03-06 00:00:00+05:30,1345.9619172738485,1346.8612480726197,1312.4877344760207,1314.7860107421875
2026-03-09 00:00:00+05:30,1281.21185421577,1290.005121495157,1259.8284431987802,1287.3072509765625
2026-03-10 00:00:00+05:30,1294.2017954025807,1318.483117211831,1283.609988769071,1313.686767578125
2026-03-11 00:00:00+05:30,1308.9904577529614,1316.4846779309364,1251.7345668027367,1254.832275390625
2026-03-12 00:00:00+05:30,1242.2419531270289,1250.1358898575004,1230.8508354394771,1233.5487060546875
2026-03-13 00:00:00+05:30,1223.0566935167647,1233.548601426835,1193.3796313616317,1196.3773193359375
2026-03-16 00:00:00+05:30,1198.2758601545113,1218.9599821354238,1179.1906028112269,1213.763916015625
2026-03-17 00:00:00+05:30,1218.7600133529452,1231.3504009913356,1209.0675372579854,1227.153564453125
2026-03-18 00:00:00+05:30,1227.0537204854681,1259.0290617359037,1223.25659992148,1252.2342529296875
2026-03-19 00:00:00+05:30,1220.0590351044686,1240.543236758557,1201.0736774738505,1206.06982421875
2026-03-20 00:00:00+05:30,1207.6686193933658,1230.850814485364,1198.7754534047704,1202.9722900390625
2026-03-23 00:00:00+05:30,1180.0898858184764,1184.1867018397022,1164.1022159005292,1169.6978759765625
2026-03-24 00:00:00+05:30,1186.0852033826384,1201.8730754363555,1168.698588811437,1191.78076171875
2026-03-25 00:00:00+05:30,1199.0752581820623,1238.0452040729795,1197.0767994184255,1221.158203125
2026-03-27 00:00:00+05:30,1208.5679755024764,1212.5648931560606,1201.0737549020064,1204.271240234375
2026-03-30 00:00:00+05:30,1184.1867379087505,1187.883959875634,1153.0108294096656,1160.4051513671875
2026-04-01 00:00:00+05:30,1174.0945147139696,1207.0690840633831,1174.0945147139696,1192.1805419921875
2026-04-02 00:00:00+05:30,1173.694834782652,1201.3735624884298,1149.4136334255566,1196.9769287109375
2026-04-06 00:00:00+05:30,1201.1735518383607,1248.8368640111612,1195.4779934543012,1244.34033203125
2026-04-07 00:00:00+05:30,1236.846148755743,1254.5324596108962,1220.0590467422576,1249.1365966796875
2026-04-08 00:00:00+05:30,1299.0981069582683,1334.5707503418926,1299.0981069582683,1331.9727783203125
2026-04-09 00:00:00+05:30,1321.281007006804,1337.5683720869056,1311.788328262907,1317.48388671875
2026-04-10 00:00:00+05:30,1327.775987854385,1357.552948822845,1325.077995466752,1349.759033203125
2026-04-13 00:00:00+05:30,1316.9843426965365,1365.846684510496,1314.286472120357,1352.556884765625
2026-04-15 00:00:00+05:30,1365.946582373461,1383.4330967783883,1347.9604532712501,1354.4554443359375
2026-04-16 00:00:00+05:30,1360.950405135781,1363.448478566647,1341.9650470611996,1348.5599365234375
2026-04-17 00:00:00+05:30,1351.957337543237,1363.248678214176,1343.0641717554277,1358.0526123046875
2026-04-20 00:00:00+05:30,1358.4523557219322,1372.941181877113,1346.9612177367892,1353.656005859375
2026-04-21 00:00:00+05:30,1359.9512233524406,1379.236399704072,1353.656029295873,1376.6383056640625
2026-04-22 00:00:00+05:30,1368.944287324286,1389.928104867213,1364.947369697062,1378.536865234375
2026-04-23 00:00:00+05:30,1367.945042422019,1383.1332804429271,1364.347840993514,1368.5445556640625
2026-04-24 00:00:00+05:30,1367.9449987412254,1373.9403749227063,1348.9596408332025,1364.847412109375
2026-04-27 00:00:00+05:30,1323.9788756219436,1326.2771518946506,1298.8982435808812,1323.179443359375
2026-04-28 00:00:00+05:30,1310.9889903752908,1320.3817712564608,1284.5094109203021,1288.0067138671875
2026-04-29 00:00:00+05:30,1294.0020554402972,1308.1910639372534,1278.014385257251,1295.4010009765625
2026-04-30 00:00:00+05:30,1287.0074012162179,1287.0074012162179,1256.3311089994636,1267.3226318359375
2026-05-01 00:00:00+05:30,1267.3226318359375,1267.3226318359375,1267.3226318359375,1267.3226318359375
2026-05-04 00:00:00+05:30,1267.3226232305547,1293.4024846611255,1263.525502940515,1274.1173095703125
2026-05-05 00:00:00+05:30,1267.0229010000714,1272.7184598875697,1251.0352303249917,1258.729248046875
2026-05-06 00:00:00+05:30,1274.0174810881558,1299.9974454083847,1254.2326902384063,1293.20263671875
2026-05-07 00:00:00+05:30,1297.9989290636138,1307.0918917772797,1280.212597796342,1291.7037353515625
2026-05-08 00:00:00+05:30,1279.0135664260551,1281.0120251235958,1263.625410059744,1267.3226318359375
2026-05-11 00:00:00+05:30,1257.7299630241207,1282.011285578894,1250.735357413012,1271.319580078125
2026-05-12 00:00:00+05:30,1269.421017563825,1273.0182189048855,1255.9314210526663,1259.12890625
2026-05-13 00:00:00+05:30,1255.1320159570741,1274.3172934854406,1246.538667573858,1254.7322998046875
2026-05-14 00:00:00+05:30,1255.631637507536,1268.022106441695,1234.8477392086593,1253.6331787109375
2026-05-15 00:00:00+05:30,1258.6293424179842,1262.4264629724478,1241.0429291696062,1243.8408203125
2026-05-18 00:00:00+05:30,1238.0451728188796,1241.0428608886589,1221.1581722972078,1236.946044921875
2026-05-19 00:00:00+05:30,1237.5456222864914,1248.8369633917555,1230.351219336608,1237.3458251953125
2026-05-20 00:00:00+05:30,1233.0490412431207,1253.1335271630967,1225.6547195178894,1248.8369140625
2026-05-21 00:00:00+05:30,1255.9314298819743,1261.726887089914,1243.8407788007414,1252.334228515625
2026-05-22 00:00:00+05:30,1253.1334965544734,1287.8068279947058,1253.1334965544734,1284.409423828125
2026-05-25 00:00:00+05:30,1299.39784951034,1313.4869587156177,1292.9028588434312,1310.189453125
2026-05-26 00:00:00+05:30,1308.7907369859347,1315.985139985791,1290.50478989495,1298.298828125
2026-05-27 00:00:00+05:30,1295.3010549602839,1313.4869803364859,1292.103447855121,1303.094970703125
2026-05-28 00:00:00+05:30,1303.094970703125,1303.094970703125,1303.094970703125,1303.094970703125
2026-05-29 00:00:00+05:30,1295.1011997994176,1311.5884848848368,1276.4156588264402,1285.6085205078125
2026-06-01 00:00:00+05:30,1288.0066280954209,1292.2033425617142,1266.0235824646225,1274.916748046875
2026-06-02 00:00:00+05:30,1262.0267183828762,1274.8169033533427,1243.9406908361375,1250.1358642578125
2026-06-03 00:00:00+05:30,1244.1404736967706,1263.8253656219047,1229.3519520935338,1254.232666015625
2026-06-04 00:00:00+05:30,1245.0398052641103,1258.929118016639,1243.1412450502407,1252.334228515625
2026-06-05 00:00:00+05:30,1259.0290099995375,1275.0166799677856,1251.1350735574667,1271.319580078125
2026-06-08 00:00:00+05:30,1261.0274061863013,1278.2141017590434,1261.0274061863013,1267.1226806640625
2026-06-09 00:00:00+05:30,1274.916768250008,1297.3994289105083,1270.520134658929,1291.404052734375
2026-06-10 00:00:00+05:30,1282.5109488108894,1325.477813476934,1282.5109488108894,1313.487060546875
2026-06-11 00:00:00+05:30,1307.7914623726329,1338.4677555724868,1306.2926183014429,1316.284912109375
2026-06-12 00:00:00+05:30,1330.9735596234657,1357.4531387000588,1317.4839627353902,1355.2548828125
2026-06-15 00:00:00+05:30,1370.9427053735023,1376.9380816360685,1359.5514660793779,1367.24560546875
2026-06-16 00:00:00+05:30,1362.4492051798502,1370.4430399003772,1348.1601768264127,1364.6474609375
2026-06-17 00:00:00+05:30,1363.048787960663,1364.647530591123,1348.2602661586025,1349.8590087890625
2026-06-18 00:00:00+05:30,1346.561512407277,1364.8474591819588,1343.9635403676145,1359.0518798828125
2026-06-19 00:00:00+05:30,1355.7545097416184,1361.9496832815275,1349.4593156798994,1356.8536376953125
2026-06-22 00:00:00+05:30,1359.9511533650066,1365.0471986847929,1354.1555743103543,1357.552978515625
2026-06-23 00:00:00+05:30,1357.5529705396623,1370.8427696854017,1355.0548971646165,1362.44921875
2026-06-24 00:00:00+05:30,1354.9550675446912,1385.0318481148515,1354.9550675446912,1383.43310546875
2026-06-25 00:00:00+05:30,1385.831270177255,1399.021049380356,1371.6421396044548,1376.138671875
2026-06-26 00:00:00+05:30,1376.138671875,1376.138671875,1376.138671875,1376.138671875
2026-06-29 00:00:00+05:30,1391.5268564078813,1391.5268564078813,1351.1579637199086,1355.7545166015625
2026-06-30 00:00:00+05:30,1356.6537167481358,1373.9404342753348,1342.5646065082708,1344.6629638671875
2026-07-01 00:00:00+05:30,1344.6628669036613,1376.6382056137847,1344.6628669036613,1367.6451416015625
2026-07-02 00:00:00+05:30,1372.941166068036,1374.440010135796,1357.053394554533,1361.5499267578125
2026-07-03 00:00:00+05:30,1371.941884852612,1371.941884852612,1337.3685740578373,1341.065673828125
2026-07-06 00:00:00+05:30,1354.6551952621983,1369.9434532686023,1334.470810970254,1338.567626953125
2026-07-07 00:00:00+05:30,1345.762131730582,1355.8543237280394,1335.1702030839804,1339.966552734375
2026-07-08 00:00:00+05:30,1342.9642575887744,1342.9642575887744,1302.9950832557752,1308.4908447265625
2026-07-09 00:00:00+05:30,1311.8882333774443,1320.5814799012492,1291.2041127197447,1296.5999755859375
2026-07-10 00:00:00+05:30,1304.0,1326.5999755859375,1303.9000244140625,1323.699951171875
2026-07-13 00:00:00+05:30,1315.9000244140625,1329.9000244140625,1313.5,1319.4000244140625
2026-07-14 00:00:00+05:30,1320.0999755859375,1323.699951171875,1298.5999755859375,1317.5999755859375
2026-07-15 00:00:00+05:30,1328.0,1348.0,1303.300048828125,1312.300048828125
2026-07-16 00:00:00+05:30,1315.0999755859375,1315.5,1299.4000244140625,1307.5999755859375
2026-07-17 00:00:00+05:30,1307.0,1333.0,1305.0,1328.5
2026-07-20 00:00:00+05:30,1275.0,1284.0,1249.0999755859375,1256.0
2026-07-21 00:00:00+05:30,1245.0,1267.699951171875,1244.5,1258.199951171875
2026-07-22 00:00:00+05:30,1258.199951171875,1258.199951171875,1230.5,1238.4000244140625
2026-07-23 00:00:00+05:30,1230.0999755859375,1239.4000244140625,1219.199951171875,1223.0
2026-07-24 00:00:00+05:30,1216.800048828125,1233.9000244140625,1210.5999755859375,1227.300048828125
2026-07-27 00:00:00+05:30,1237.0,1237.0,1221.5999755859375,1227.5
2026-07-28 00:00:00+05:30,1222.5,1233.9000244140625,1219.699951171875,1223.5
2026-07-29 00:00:00+05:30,1229.5,1237.0999755859375,1214.4000244140625,1235.4000244140625
2026-07-30 00:00:00+05:30,1229.0,1232.199951171875,1220.199951171875,1228.9000244140625
2026-07-31 00:00:00+05:30,1226.199951171875,1239.699951171875,1226.0,1229.5
2026-08-03 00:00:00+05:30,1236.9000244140625,1272.0,1230.5,1272.0
2026-08-04 00:00:00+05:30,1264.0,1264.0,1244.0,1261.800048828125
2026-08-05 00:00:00+05:30,1260.0,1263.0,1246.199951171875,1253.9000244140625
2026-08-06 00:00:00+05:30,1256.0999755859375,1259.9000244140625,1248.300048828125,1256.0
2026-08-07 00:00:00+05:30,1252.0999755859375,1256.0,1238.0,1238.0
2026-08-10 00:00:00+05:30,1235.0,1250.0,1235.0,1247.300048828125
2026-08-11 00:00:00+05:30,1242.0,1243.0,1225.4000244140625,1229.800048828125
2026-08-12 00:00:00+05:30,1230.0,1234.9000244140625,1216.9000244140625,1230.0
2026-08-13 00:00:00+05:30,1224.5,1224.800048828125,1215.5999755859375,1221.800048828125
2026-08-14 00:00:00+05:30,1216.0,1218.699951171875,1208.5999755859375,1217.4000244140625
2026-08-17 00:00:00+05:30,1220.0,1235.0,1213.5999755859375,1227.300048828125
2026-08-18 00:00:00+05:30,1223.9000244140625,1250.5,1223.4000244140625,1243.0
2026-08-19 00:00:00+05:30,1243.0999755859375,1245.0,1224.0,1235.0
2026-08-20 00:00:00+05:30,1237.5,1253.9000244140625,1236.199951171875,1251.0
2026-08-21 00:00:00+05:30,1250.5999755859375,1256.4000244140625,1240.4000244140625,1245.800048828125
2026-08-24 00:00:00+05:30,1245.800048828125,1248.699951171875,1231.800048828125,1236.0
2026-08-25 00:00:00+05:30,1236.0999755859375,1240.5,1229.800048828125,1235.0
2026-08-26 00:00:00+05:30,1240.0999755859375,1257.699951171875,1238.199951171875,1255.0
2026-08-27 00:00:00+05:30,1260.0,1268.699951171875,1251.4000244140625,1256.0
2026-08-28 00:00:00+05:30,1256.0,1265.4000244140625,1248.199951171875,1265.0
2026-08-31 00:00:00+05:30,1257.0,1300.0,1251.199951171875,1300.0
2026-09-01 00:00:00+05:30,1274.9000244140625,1275.0999755859375,1255.0,1258.0
2026-09-02 00:00:00+05:30,1254.5999755859375,1266.9000244140625,1250.0,1253.9000244140625
2026-09-03 00:00:00+05:30,1265.0,1278.9000244140625,1260.199951171875,1267.0
2026-09-04 00:00:00+05:30,1270.300048828125,1280.699951171875,1262.0,1273.0
