Date,Open,High,Low,Close
2018-09-04 00:00:00+05:30,320.3246923420448,321.9033768762816,313.1011331868861,314.2970886230469
2018-09-05 00:00:00+05:30,312.8619193663823,317.0238498214324,310.5656909354291,315.3973388671875
2018-09-06 00:00:00+05:30,315.73221992379564,316.92817530229485,311.4267805611984,314.4405822753906
2018-09-07 00:00:00+05:30,313.2924539296757,321.85547613638005,308.5086328539324,320.6116943359375
2018-09-10 00:00:00+05:30,317.45438934703344,321.23362008612213,316.11492514013497,318.5068359375
2018-09-11 00:00:00+05:30,319.2722539713549,322.1425468298395,311.04407527073994,312.4313659667969
2018-09-12 00:00:00+05:30,312.86194873783967,312.90977527704854,304.7294515993943,308.939208984375
2018-09-14 00:00:00+05:30,313.05326093457427,317.6457174595583,310.13511257759103,314.1535339355469
2018-09-17 00:00:00+05:30,313.14893301412906,313.34029754684406,307.4562031424603,311.6181335449219
2018-09-18 00:00:00+05:30,310.2307908431379,313.8664831120877,303.96399703272743,305.06427001953125
2018-09-19 00:00:00+05:30,306.1645486450842,310.66135213255956,303.29425600153655,307.073486328125
2018-09-21 00:00:00+05:30,309.4654747798838,319.2723104477813,295.0183256636469,303.3900146484375
2018-09-24 00:00:00+05:30,303.1029425211522,303.1029425211522,292.3393432952856,295.4010009765625
2018-09-25 00:00:00+05:30,293.72667413829043,299.94564280897083,287.07714980346367,297.6494140625
2018-09-26 00:00:00+05:30,301.3807122866925,301.6677298572393,291.9087528830215,299.5628662109375
2018-09-27 00:00:00+05:30,302.00263248044166,302.33750581068034,292.1001165612574,293.3917541503906
2018-09-28 00:00:00+05:30,295.7358557904163,298.1277665794068,288.7514587676861,292.3393249511719
2018-10-01 00:00:00+05:30,293.0569139255009,301.42860213654103,287.5555188153888,300.42401123046875
2018-10-03 00:00:00+05:30,297.6493235502096,300.9023157183508,289.37331975242984,290.56927490234375
2018-10-04 00:00:00+05:30,286.07254177774485,307.3605486491657,282.05411981265127,302.81591796875
2018-10-05 00:00:00+05:30,301.04589565840666,307.9346106295256,286.40741284244234,294.013671875
2018-10-08 00:00:00+05:30,294.01365600342405,300.4718149909218,285.6898241606377,297.4101867675781
2018-10-09 00:00:00+05:30,297.9842186706407,298.41474503728807,289.89954958545917,293.009033203125
2018-10-10 00:00:00+05:30,293.82231270515035,308.9870322009745,291.334719767347,306.02105712890625
2018-10-11 00:00:00+05:30,296.5969386865948,301.8113159008207,290.85635277653165,298.22344970703125
2018-10-12 00:00:00+05:30,300.2804848891744,310.23082788534674,300.04129381139074,305.59051513671875
2018-10-15 00:00:00+05:30,303.19859502659233,304.1553593082781,296.16637171657624,299.8020935058594
2018-10-16 00:00:00+05:30,300.18480064212065,308.98704392585853,300.18480064212065,306.7864685058594
2018-10-17 00:00:00+05:30,311.04408196838375,313.9622014247601,298.17559036316516,301.18939208984375
2018-10-19 00:00:00+05:30,299.3236865312525,307.59969104157955,296.7882672347652,301.811279296875
2018-10-22 00:00:00+05:30,306.355973070179,315.58874370595055,302.4332331840104,312.9576416015625
2018-10-23 00:00:00+05:30,309.03489675776376,314.3927831603731,304.58594820134186,308.8913879394531
2018-10-24 00:00:00+05:30,314.5362532953298,315.7322086310535,302.57669993809293,308.0780944824219
2018-10-25 00:00:00+05:30,304.72944029075586,308.12594199622015,298.31910757556005,306.11676025390625
2018-10-26 00:00:00+05:30,305.97319024173714,309.41754732249944,299.46720513217406,302.00262451171875
2018-10-29 00:00:00+05:30,314.7754989261638,337.69001880992056,314.1057521428122,334.2934875488281
2018-10-30 00:00:00+05:30,332.42778610395146,338.551072123062,328.07449077925224,330.7534484863281
2018-10-31 00:00:00+05:30,330.5621052486796,341.13434035089654,327.5004474426659,339.6513671875
2018-11-01 00:00:00+05:30,341.5648421291312,342.95216199069966,335.91993881312135,338.40753173828125
2018-11-02 00:00:00+05:30,338.6945359718245,342.33022835102827,336.49398993148435,339.1250915527344
2018-11-05 00:00:00+05:30,335.8242609033465,336.6375163776384,332.95396807511275,334.5326232910156
2018-11-06 00:00:00+05:30,333.62373881494466,342.8086531693815,332.6191187337133,337.83349609375
2018-11-07 00:00:00+05:30,341.3256149969504,341.564806037593,339.22072216004574,340.5123596191406
2018-11-09 00:00:00+05:30,341.4691522164548,342.61728098639594,337.16371312636693,341.42132568359375
2018-11-12 00:00:00+05:30,340.60808960483917,342.712982736705,336.3026502699465,337.11590576171875
2018-11-13 00:00:00+05:30,332.7625864025473,346.30082357029977,332.7625864025473,345.29620361328125
2018-11-14 00:00:00+05:30,349.218957709014,353.90709678109835,345.6789182392877,350.7497863769531
2018-11-15 00:00:00+05:30,350.2714325116595,358.69094706762684,346.4443751320142,354.0028076171875
2018-11-16 00:00:00+05:30,354.0984885127319,359.0736455680231,349.7451932414552,351.6587219238281
2018-11-19 00:00:00+05:30,352.3762569202406,354.67251444827485,345.1526986078376,346.7313537597656
2018-11-20 00:00:00+05:30,346.348704136978,349.64955291366863,339.26865359369367,342.42596435546875
2018-11-21 00:00:00+05:30,340.94295320807373,344.72215455296936,337.7856136004753,341.3256530761719
2018-11-22 00:00:00+05:30,342.1867432983317,342.999998786405,335.82426659422083,336.828857421875
2018-11-26 00:00:00+05:30,339.41213393358515,342.37810909017816,335.53725021486355,340.9429626464844
2018-11-27 00:00:00+05:30,340.36891389860796,340.7037872571786,336.3983477278919,339.31646728515625
2018-11-28 00:00:00+05:30,341.5170080193518,345.9181001760885,337.97696864306096,343.4783630371094
2018-11-29 00:00:00+05:30,347.3054694036434,350.5584624509933,344.6265408230332,346.5400695800781
2018-11-30 00:00:00+05:30,349.2189643786861,349.2189643786861,338.5031926965817,339.7948303222656
2018-12-03 00:00:00+05:30,343.38272321132257,343.38272321132257,336.8767372378961,340.1297302246094
2018-12-04 00:00:00+05:30,338.02486838611435,343.5741197130307,338.02486838611435,342.4738464355469
2018-12-05 00:00:00+05:30,339.9383451566989,340.94296519366753,335.2980616459247,336.20697021484375
2018-12-06 00:00:00+05:30,333.1453480024565,334.8196855629551,328.5050352094487,332.6191101074219
2018-12-07 00:00:00+05:30,334.48484927891076,337.73784248875086,330.3707447268818,336.9724426269531
2018-12-10 00:00:00+05:30,331.51884450503417,334.3413109932037,329.36612473552094,331.3753356933594
2018-12-11 00:00:00+05:30,322.8122989408972,330.08371413539015,321.4728346362061,327.97882080078125
2018-12-12 00:00:00+05:30,327.9788135610292,336.4940397918753,324.72582055054767,334.8197021484375
2018-12-13 00:00:00+05:30,337.64211694065784,338.8859280543623,332.5712778102312,334.43695068359375
2018-12-14 00:00:00+05:30,334.10214786639784,338.7424319549351,334.0542921264145,336.6853942871094
2018-12-17 00:00:00+05:30,337.06808507794057,344.9135648054733,337.06808507794057,342.95220947265625
2018-12-18 00:00:00+05:30,341.3256866265528,347.2097816215539,339.2686490849679,346.587890625
2018-12-19 00:00:00+05:30,347.30543874035425,353.28521557817027,345.39191015225316,350.65411376953125
2018-12-20 00:00:00+05:30,347.3533001289982,349.69738456387756,345.53545362752646,346.4922180175781
2018-12-21 00:00:00+05:30,345.39187972249164,347.78379024688564,336.7810018346733,338.8858947753906
2018-12-24 00:00:00+05:30,338.12048712718644,341.66052660490186,336.3026408540873,337.49859619140625
2018-12-26 00:00:00+05:30,335.4893832410933,341.4691598894735,333.0974725817413,340.4645690917969
2018-12-27 00:00:00+05:30,343.9567723410943,345.15272773866417,339.55565063841124,340.2732238769531
2018-12-28 00:00:00+05:30,342.8086561335048,347.1140957236734,342.8086561335048,345.1527404785156
2018-12-31 00:00:00+05:30,347.11412474275437,347.7838715253578,343.9568137919288,344.5787048339844
2019-01-01 00:00:00+05:30,345.8702906028512,349.02760107848036,340.9907868875005,348.02301025390625
2019-01-02 00:00:00+05:30,345.8702979933479,351.99358373645344,344.72216914233394,348.8362731933594
2019-01-03 00:00:00+05:30,349.21898481522607,351.41953112248075,346.39651832719323,347.5446472167969
2019-01-04 00:00:00+05:30,346.20520329971504,352.8546983477767,342.56948106797586,349.4103698730469
2019-01-07 00:00:00+05:30,351.6108815537887,354.95955661620576,350.7019437861666,351.80224609375
2019-01-08 00:00:00+05:30,351.89791327792966,365.2926140647718,350.74981358650723,363.7139587402344
2019-01-09 00:00:00+05:30,365.1491105956524,366.96695703226635,359.360697921614,365.7231750488281
2019-01-10 00:00:00+05:30,364.4793608884802,365.6274604953443,359.79119259986794,363.092041015625
2019-01-11 00:00:00+05:30,364.14452043880715,364.7185848931457,359.0258252846628,362.1831359863281
2019-01-14 00:00:00+05:30,362.32664147197625,362.32664147197625,356.5860558401929,357.20794677734375
2019-01-15 00:00:00+05:30,357.39928034977834,359.1693000838056,354.57684328028523,356.6338806152344
2019-01-16 00:00:00+05:30,355.9641246114604,363.3312209552417,355.9641246114604,359.0736083984375
2019-01-17 00:00:00+05:30,359.7433949118742,361.6090970700577,356.68173731847827,358.4039306640625
2019-01-18 00:00:00+05:30,358.40388309792615,360.12604701681994,354.3376351578627,355.9162902832031
2019-01-21 00:00:00+05:30,356.8730542684131,359.8868557235478,354.5768259786975,355.6292724609375
2019-01-22 00:00:00+05:30,354.5290185968654,356.3947207606365,350.271434753637,353.0938720703125
2019-01-23 00:00:00+05:30,352.8546312995507,357.5427993180199,350.6062587497002,351.5151672363281
2019-01-24 00:00:00+05:30,350.74981173343394,352.5676581338467,346.10949886002453,349.0276184082031
2019-01-25 00:00:00+05:30,346.683555977049,348.88410222608763,339.2207767883163,341.7562255859375
2019-01-28 00:00:00+05:30,337.9291485722907,339.5556302966703,322.09468253818227,328.69635009765625
2019-01-29 00:00:00+05:30,328.12232385141414,334.9631826627024,326.5914951528426,331.85369873046875
2019-01-30 00:00:00+05:30,335.8242655367962,352.66332286772575,335.8242655367962,350.0800476074219
2019-01-31 00:00:00+05:30,356.5860542315306,360.36525556986186,338.7902330136587,348.6927490234375
2019-02-01 00:00:00+05:30,348.74060187222096,349.12330176853146,333.6715635197176,339.31646728515625
2019-02-04 00:00:00+05:30,335.8242928537651,341.4691967800568,331.04047101824136,339.2207946777344
2019-02-05 00:00:00+05:30,339.2685949565367,340.70374127259805,333.767200744968,337.40289306640625
2019-02-06 00:00:00+05:30,338.3118722261391,346.2530044694211,337.92917233455864,343.7654113769531
2019-02-07 00:00:00+05:30,343.5740492456375,346.1572952110165,341.086456347099,343.14349365234375
2019-02-08 00:00:00+05:30,341.46914266839514,342.9042889916286,335.5850485827632,339.7469787597656
2019-02-11 00:00:00+05:30,339.26863948726884,339.3643217605237,333.95857990199346,334.91534423828125
2019-02-12 00:00:00+05:30,333.91074436834106,336.78103729987413,328.4093495829028,329.4139404296875
2019-02-14 00:00:00+05:30,325.1563016792083,331.8536507181287,321.61626265081486,329.07904052734375
2019-02-15 00:00:00+05:30,329.1747494269303,332.71478905587804,325.8739300737943,327.3569030761719
2019-02-18 00:00:00+05:30,327.40476092610965,328.1701607003863,322.95578349397084,324.1039123535156
2019-02-19 00:00:00+05:30,324.4387965842604,335.2502220486659,324.4387965842604,328.40936279296875
2019-02-20 00:00:00+05:30,330.0836598884995,332.5712527301832,327.5482405144886,330.2750244140625
2019-02-21 00:00:00+05:30,331.80582799374093,339.603479937407,331.27961933902384,336.11126708984375
2019-02-22 00:00:00+05:30,336.2069664715115,338.7902417399494,336.1112842026566,336.828857421875
2019-02-25 00:00:00+05:30,337.7856059639938,341.9953920122857,337.7856059639938,340.2253723144531
2019-02-26 00:00:00+05:30,334.86748868386854,337.4507638472524,331.6144960619937,333.14532470703125
2019-02-27 00:00:00+05:30,335.8243019374225,339.36434187071654,328.457204432192,330.60992431640625
2019-02-28 00:00:00+05:30,333.3845046704049,336.5418149221939,330.0836564268853,335.010986328125
2019-03-01 00:00:00+05:30,336.8288532417207,339.65131954820373,335.489389088762,338.9337463378906
2019-03-05 00:00:00+05:30,339.6513413956308,348.40572928493435,337.54644816406767,347.5446472167969
2019-03-06 00:00:00+05:30,349.45819711392903,356.72961239384534,349.45819711392903,355.8685302734375
2019-03-07 00:00:00+05:30,355.43796573669255,357.82987667704714,352.56767260826706,354.7682189941406
2019-03-08 00:00:00+05:30,353.8114143290866,357.2557715306106,351.75437699424515,354.57684326171875
2019-03-11 00:00:00+05:30,355.7249407377677,362.0395907031392,354.00277674636095,359.599853515625
2019-03-12 00:00:00+05:30,361.6568865247681,372.1812932754888,361.03499560185105,371.4158935546875
2019-03-13 00:00:00+05:30,371.1288149102103,376.24750904839584,367.6844580659464,374.95587158203125
2019-03-14 00:00:00+05:30,375.05161530353894,376.0083796282929,370.0764291355665,371.1288757324219
2019-03-15 00:00:00+05:30,372.0377809861338,381.03135901272196,371.3202078053189,378.2088928222656
2019-03-18 00:00:00+05:30,379.1178931339626,382.6100773509644,376.4867910365029,380.8400573730469
2019-03-19 00:00:00+05:30,381.1748962402344,383.61466275585826,376.86945683421186,381.1748962402344
2019-03-20 00:00:00+05:30,380.4095239997605,380.9357327304375,375.2430021782582,375.9127197265625
2019-03-22 00:00:00+05:30,377.3956781674445,379.16566870931734,373.13806548458695,374.8602294921875
2019-03-25 00:00:00+05:30,371.17671058526577,371.17671058526577,365.9623336294639,366.9190979003906
2019-03-26 00:00:00+05:30,368.3064041012276,378.4002551055768,366.8234020174621,377.060791015625
2019-03-27 00:00:00+05:30,378.3046015073489,381.2227501653471,373.2815888908298,376.1997375488281
2019-03-28 00:00:00+05:30,375.7691836374272,384.52357125491767,375.7691836374272,383.23193359375
2019-04-01 00:00:00+05:30,384.0930294259606,391.8427966858371,378.63946138562756,381.0313720703125
2019-04-02 00:00:00+05:30,382.70569627912994,382.70569627912994,376.4389021818102,379.9789123535156
2019-04-03 00:00:00+05:30,381.74894548576844,385.3846380492387,373.7599579548992,375.14727783203125
2019-04-04 00:00:00+05:30,377.34782041389127,378.5916314777214,370.55478829029,371.9421081542969
2019-04-05 00:00:00+05:30,372.4204942441291,375.52997813955216,368.9283104781258,373.6642761230469
2019-04-08 00:00:00+05:30,374.52539487746066,374.52539487746066,368.3542534967696,370.36346435546875
2019-04-09 00:00:00+05:30,370.65046100671185,381.127041121604,370.4112699465374,379.9789123535156
2019-04-10 00:00:00+05:30,378.4481025713731,381.55758650845956,375.7213477081236,377.156494140625
2019-04-11 00:00:00+05:30,377.44352600914567,377.44352600914567,370.7940022747262,373.1859130859375
2019-04-12 00:00:00+05:30,373.71215772095434,378.4481236936596,371.46375567825316,377.5392150878906
2019-04-15 00:00:00+05:30,377.1565461629121,379.78764831874685,374.8602881956772,375.76922607421875
2019-04-16 00:00:00+05:30,380.3138151801482,390.7425403731351,380.3138151801482,389.403076171875
2019-04-18 00:00:00+05:30,393.23011635241886,393.23011635241886,385.1933022957907,386.91546630859375
2019-04-22 00:00:00+05:30,386.771963779464,387.1068371201975,376.67811221103875,377.4435119628906
2019-04-23 00:00:00+05:30,378.9743557728799,382.65790427153905,376.5824449553259,379.3570556640625
2019-04-24 00:00:00+05:30,379.93109117661805,385.24112110809546,376.43890748846724,383.7581481933594
2019-04-25 00:00:00+05:30,383.56679956342117,385.00194600419087,377.2521493844087,378.3045959472656
2019-04-26 00:00:00+05:30,382.7057069817951,390.359821121431,377.2043124439318,389.59442138671875
2019-04-30 00:00:00+05:30,390.1206608122843,392.082016035951,385.86304780718376,389.8814697265625
2019-05-02 00:00:00+05:30,386.24574164076296,387.4895234937139,377.3478165453639,378.4480895996094
2019-05-03 00:00:00+05:30,379.97890860952924,387.6808781901346,377.63485376179233,384.4278564453125
2019-05-06 00:00:00+05:30,379.357066701709,387.39388144290086,377.58704680559316,383.94952392578125
2019-05-07 00:00:00+05:30,380.7921875315835,389.7379394853307,367.68450507549096,369.7893981933594
2019-05-08 00:00:00+05:30,369.59806456358814,373.13810441291196,363.666142986672,365.67535400390625
2019-05-09 00:00:00+05:30,364.47938567681894,369.0240162752923,361.22636357414416,364.909912109375
2019-05-10 00:00:00+05:30,366.91909200578147,372.37265994170264,365.72313668633626,368.4499206542969
2019-05-13 00:00:00+05:30,368.3542878455692,369.07186113358006,359.0258351014282,360.0304260253906
2019-05-14 00:00:00+05:30,361.75254850988284,370.02855296937884,360.2217199559693,363.9530944824219
2019-05-15 00:00:00+05:30,365.8188544046079,367.8758919137844,359.55203040449334,360.74798583984375
2019-05-16 00:00:00+05:30,362.6136662900837,368.3542520361009,361.22634638887797,365.96234130859375
2019-05-17 00:00:00+05:30,364.7185773452942,375.05162051702115,364.2880217139179,372.85107421875
2019-05-20 00:00:00+05:30,387.7287004040716,396.10038733444947,384.61921668707413,390.0727844238281
2019-05-21 00:00:00+05:30,390.933882319507,393.03874617178957,380.4094754637099,382.8492126464844
2019-05-22 00:00:00+05:30,385.5759999861472,390.74252119348233,384.18868011836014,387.82440185546875
2019-05-23 00:00:00+05:30,396.100379766872,409.44725206870186,389.78573019183284,393.0865783691406
2019-05-24 00:00:00+05:30,397.53558713629127,414.80517196199696,394.8088029011454,413.0830078125
2019-05-27 00:00:00+05:30,413.56135354113223,419.8281477975534,411.07376061253734,416.67083740234375
2019-05-28 00:00:00+05:30,416.24030884105474,420.2109041571712,409.59081428634096,415.5227355957031
2019-05-29 00:00:00+05:30,410.0691590052854,411.8391786884864,403.8501914467768,404.998291015625
2019-05-30 00:00:00+05:30,402.65425446350645,409.495113249426,401.4582991093901,407.77294921875
2019-05-31 00:00:00+05:30,408.5383529670043,411.60001038277676,396.38743477093544,405.38104248046875
2019-06-03 00:00:00+05:30,407.5816063792347,407.96430627329806,401.45832047983004,404.6156311035156
2019-06-04 00:00:00+05:30,399.6404248527373,404.47207246610355,399.4490603302146,400.9798889160156
2019-06-06 00:00:00+05:30,399.3533629140223,399.78391847429583,392.6081871239069,393.75628662109375
2019-06-07 00:00:00+05:30,395.62206782007877,400.83644532670604,390.26418149727846,398.5880432128906
2019-06-10 00:00:00+05:30,400.78854742110155,404.4720957053532,395.1436440598719,398.109619140625
2019-06-11 00:00:00+05:30,400.35801886223516,405.38103125967973,395.1914684663611,403.13262939453125
2019-06-12 00:00:00+05:30,403.7544859379673,403.7544859379673,396.86577212896964,399.92742919921875
2019-06-13 00:00:00+05:30,398.68370231043554,404.04155912360113,397.3442089090144,401.45831298828125
2019-06-14 00:00:00+05:30,402.1280307863142,403.75454180458934,398.1096381734876,399.68829345703125
2019-06-17 00:00:00+05:30,400.83643978619153,401.5540130552695,395.2871889864435,396.29180908203125
2019-06-18 00:00:00+05:30,397.48776755539546,407.6294464770375,397.1528941876511,403.8980712890625
2019-06-19 00:00:00+05:30,405.42885822018394,407.58157782135305,399.30557274981743,401.6496276855469
2019-06-20 00:00:00+05:30,401.601794889904,415.8575764090862,400.88422170070226,414.66162109375
2019-06-21 00:00:00+05:30,415.4270636712036,416.38382795492527,410.30836891366687,412.1740417480469
2019-06-24 00:00:00+05:30,412.7959442571858,415.0443168693829,409.686460467921,410.8824157714844
2019-06-25 00:00:00+05:30,409.39945345770747,416.00112153523867,406.2421428287539,414.9008483886719
2019-06-26 00:00:00+05:30,413.80056715456993,420.97629953297286,413.80056715456993,419.6846618652344
2019-06-27 00:00:00+05:30,419.0627873804852,424.70769123388385,418.6800874782114,421.88525390625
2019-06-28 00:00:00+05:30,420.4978885201474,421.4546527716153,414.8529852761123,418.20166015625
2019-07-01 00:00:00+05:30,420.49788285170706,422.88979344813316,418.77571890153126,420.0195007324219
2019-07-02 00:00:00+05:30,420.01951035759964,420.9762746180953,414.85298919054867,417.8667907714844
2019-07-03 00:00:00+05:30,418.9671134396843,420.9763244642536,415.4271027755683,417.1014404296875
2019-07-04 00:00:00+05:30,419.0627094935132,422.31570185543586,415.3313350431275,417.3405456542969
2019-07-05 00:00:00+05:30,417.57978260963444,420.88060186406415,414.47029869275104,417.4841003417969
2019-07-08 00:00:00+05:30,415.2356973839936,416.5273350011963,403.7545260277542,407.48590087890625
2019-07-09 00:00:00+05:30,407.5815696048625,411.2172620676267,406.2899320305737,409.9734802246094
2019-07-10 00:00:00+05:30,411.40860190608447,413.99187689962883,408.7296738519929,412.2696838378906
2019-07-11 00:00:00+05:30,413.9440559782362,414.18324704596864,406.43345061181003,408.1077880859375
2019-07-12 00:00:00+05:30,408.825342179599,414.27890994823764,405.66803191236204,408.5861511230469
2019-07-15 00:00:00+05:30,409.87780223652686,409.87780223652686,403.37181696218835,404.0415344238281
2019-07-16 00:00:00+05:30,403.3239778392613,411.9348565147841,403.3239778392613,406.24212646484375
2019-07-17 00:00:00+05:30,406.24211680518687,408.586171758909,404.2329059890476,406.3377990722656
2019-07-18 00:00:00+05:30,406.62483672384735,407.10321888469895,399.4491043110736,400.54937744140625
2019-07-19 00:00:00+05:30,401.74533772672834,402.17589335598007,390.83823016636285,392.5603942871094
2019-07-22 00:00:00+05:30,392.99198192350775,396.0611195425941,387.7169217634607,394.67041015625
2019-07-23 00:00:00+05:30,395.91723342358785,398.9863710626251,392.9919844781505,395.1020202636719
2019-07-24 00:00:00+05:30,395.006087749476,395.006087749476,385.27121019620574,391.7930908203125
2019-07-25 00:00:00+05:30,392.46447611458984,396.9242937198651,388.72395560423183,392.27264404296875
2019-07-26 00:00:00+05:30,393.47155213026275,402.2473286090736,391.8410672021921,398.7466125488281
2019-07-29 00:00:00+05:30,415.2910905660916,417.5449857105858,407.9059947997401,411.7903747558594
2019-07-30 00:00:00+05:30,415.29113388854495,420.7580265736178,405.4603391486891,407.9540100097656
2019-07-31 00:00:00+05:30,406.56326665822894,412.6056258496001,403.9737092357546,407.2346496582031
2019-08-01 00:00:00+05:30,405.9398203110605,408.9130416238173,393.85513226952617,399.9933776855469
2019-08-02 00:00:00+05:30,396.97224481597374,400.7607087831123,388.9157952322565,393.8072204589844
2019-08-05 00:00:00+05:30,387.1414749440581,390.01878063560736,379.56457581020516,386.182373046875
2019-08-06 00:00:00+05:30,384.5998053123572,394.6703737806359,384.50388928257627,393.47149658203125
2019-08-07 00:00:00+05:30,392.5603598489642,398.0272518838291,389.6830544136594,391.6971740722656
2019-08-08 00:00:00+05:30,394.19087220992265,399.56184858541104,387.621018485864,397.4518127441406
2019-08-09 00:00:00+05:30,399.46592832018945,405.1246234917203,397.54772458275755,402.9666442871094
2019-08-13 00:00:00+05:30,399.94543345449614,404.4532234290346,392.41647879336665,393.47149658203125
2019-08-14 00:00:00+05:30,395.0540708719659,404.93283810656783,394.43066048436435,400.23321533203125
2019-08-16 00:00:00+05:30,400.7127443117047,402.8227801057593,395.24588128623463,401.81573486328125
2019-08-19 00:00:00+05:30,402.9187156594711,410.39969880168064,402.9187156594711,406.083740234375
2019-08-20 00:00:00+05:30,403.59000883173843,405.8918764709182,395.62947593287424,399.8495178222656
2019-08-21 00:00:00+05:30,398.986401328272,401.5759882369878,393.75928412231394,395.19793701171875
2019-08-22 00:00:00+05:30,394.1908636290959,395.6295164160634,381.7225394753775,382.7775573730469
2019-08-23 00:00:00+05:30,373.09060556400135,386.99758186394484,370.0214680520901,379.2288513183594
2019-08-26 00:00:00+05:30,390.3544221057433,397.0681345252524,376.78313785448546,394.8142395019531
2019-08-27 00:00:00+05:30,395.9172331950456,403.3023291706414,394.4306370307403,401.48004150390625
2019-08-28 00:00:00+05:30,400.90457941760684,401.1443548837657,392.94404564891926,396.0611267089844
2019-08-29 00:00:00+05:30,393.13583893629817,393.9990247396658,383.0173262173058,387.86077880859375
2019-08-30 00:00:00+05:30,389.8748922311922,395.96519467959456,386.1823443475573,392.89605712890625
2019-09-03 00:00:00+05:30,388.48422546286474,389.779018923672,375.0567984282045,376.11181640625
2019-09-04 00:00:00+05:30,375.00881900427476,383.30504405674225,373.9538011276075,381.24298095703125
2019-09-05 00:00:00+05:30,373.6181009808426,377.88611577286514,372.13150487277073,373.0906066894531
2019-09-06 00:00:00+05:30,375.0088214397699,378.3656778976707,373.28244982635005,375.3445129394531
2019-09-09 00:00:00+05:30,376.9270137935282,384.0243613800223,373.1865225639739,379.2768249511719
2019-09-11 00:00:00+05:30,378.7493277438329,382.68165131803687,377.2627315329655,378.46160888671875
2019-09-12 00:00:00+05:30,383.3050683242046,390.5463052279208,383.3050683242046,386.2303466796875
2019-09-13 00:00:00+05:30,390.16265814774727,397.93138972885293,384.26418706060963,396.49273681640625
2019-09-16 00:00:00+05:30,391.79313757656143,398.6507105076676,390.1147092026104,395.2938537597656
2019-09-17 00:00:00+05:30,389.25150161132905,395.05405624414243,382.0102648973303,384.26416015625
2019-09-18 00:00:00+05:30,388.8678611894537,388.8678611894537,380.28388782705906,383.017333984375
2019-09-19 00:00:00+05:30,379.51665192614996,379.51665192614996,368.6308389798165,370.788818359375
2019-09-20 00:00:00+05:30,373.09061586300055,406.659180272268,370.8367206844853,400.4250183105469
2019-09-23 00:00:00+05:30,417.9765502992441,431.5958074877543,410.92717552584855,428.047119140625
2019-09-24 00:00:00+05:30,423.44350901348344,430.3010820711331,415.62683401016335,422.8680419921875
2019-09-25 00:00:00+05:30,421.14167132923626,422.91601578738727,412.03020282088795,416.44207763671875
2019-09-26 00:00:00+05:30,421.04571424365633,439.8920598359769,420.6141067012239,433.4660949707031
2019-09-27 00:00:00+05:30,431.11627108630756,433.3701662328653,425.1698280531932,430.82855224609375
2019-09-30 00:00:00+05:30,425.1698172657162,426.94416145392205,413.3728768048258,415.96246337890625
2019-10-01 00:00:00+05:30,419.0795633099842,425.0739498473769,399.6577509288319,407.2346496582031
2019-10-03 00:00:00+05:30,406.65919427592206,416.8256799867134,405.0287093835387,409.82421875
2019-10-04 00:00:00+05:30,410.97512113207756,411.7423908639784,395.1978848207384,396.97222900390625
2019-10-07 00:00:00+05:30,398.1231735652543,406.1796230444749,394.67040114002697,399.082275390625
2019-10-09 00:00:00+05:30,403.06254583401875,420.47023827135104,400.0413809100958,418.83978271484375
2019-10-10 00:00:00+05:30,412.4137898250061,413.85244258020964,403.3023223753839,406.3714599609375
2019-10-11 00:00:00+05:30,410.4476640902372,415.5308923815789,404.83691219957007,411.0231018066406
2019-10-14 00:00:00+05:30,412.4138133721856,418.5520596242968,408.57740580593264,411.31085205078125
2019-10-15 00:00:00+05:30,412.4137965880663,417.6409133921432,410.6874249612979,414.1881408691406
2019-10-16 00:00:00+05:30,416.7298004544336,421.52531024102086,413.51680304352635,417.4970703125
2019-10-17 00:00:00+05:30,418.1684172715637,425.21782190285603,415.9624946680553,422.5802917480469
2019-10-18 00:00:00+05:30,419.7988886218441,425.55349968303756,417.449077397404,419.894775390625
2019-10-22 00:00:00+05:30,422.4843925060489,439.9400590233935,419.6550301560534,432.6988220214844
2019-10-23 00:00:00+05:30,433.5139918500431,440.2277041132075,429.8694169006818,436.4872131347656
2019-10-24 00:00:00+05:30,438.6931949437848,440.2277638087763,432.5549487532856,436.1515808105469
2019-10-25 00:00:00+05:30,438.9809178788227,451.4012689754678,435.8158642883816,449.9146728515625
2019-10-27 00:00:00+05:30,451.73696180229916,454.1347163766213,445.9823508239259,450.34625244140625
2019-10-29 00:00:00+05:30,450.96969792072537,462.2870879511627,447.75670089538744,457.8752136230469
2019-10-30 00:00:00+05:30,459.4097842018887,459.4097842018887,450.7778675884921,451.8808288574219
2019-10-31 00:00:00+05:30,455.5734322611242,457.25186069577046,442.4337236649631,444.1121520996094
2019-11-01 00:00:00+05:30,447.5648294786035,447.8525775676566,441.6663595212995,443.34478759765625
2019-11-04 00:00:00+05:30,444.06415197066366,452.9837873758952,444.06415197066366,451.2574157714844
2019-11-05 00:00:00+05:30,452.79197484071,454.61426244387053,447.8046336715146,449.1953430175781
2019-11-06 00:00:00+05:30,448.0444352300413,464.10939164266233,445.74259658302174,461.040283203125
2019-11-07 00:00:00+05:30,463.2461948842194,463.2461948842194,456.19679041252294,458.9781799316406
2019-11-08 00:00:00+05:30,461.08817593986595,475.7144779327582,460.65656843556906,469.432373046875
2019-11-11 00:00:00+05:30,468.04172652342487,478.5918474081742,464.7807859220321,476.4818115234375
2019-11-13 00:00:00+05:30,476.4817606501178,477.1531436152515,463.5338864012617,465.8836975097656
2019-11-14 00:00:00+05:30,469.72010340664065,479.4070373757086,463.9654926451504,478.256103515625
2019-11-15 00:00:00+05:30,477.4888702410064,488.8542332164971,475.71452593353047,479.4070739746094
2019-11-18 00:00:00+05:30,478.3520797360283,483.8189723550842,476.3379598621936,477.96844482421875
2019-11-19 00:00:00+05:30,477.5847566939981,481.4691073061123,469.81602620030543,473.3167419433594
2019-11-20 00:00:00+05:30,474.94726421331063,477.6327377781723,472.3576774211845,474.75543212890625
2019-11-21 00:00:00+05:30,477.72866864313823,483.1955319846874,471.1588146862407,477.8725280761719
2019-11-22 00:00:00+05:30,480.60596724915615,481.2293776293615,472.0219935487778,476.4818115234375
2019-11-25 00:00:00+05:30,471.8781386116034,479.55095387358074,471.44653104533023,477.44091796875
2019-11-26 00:00:00+05:30,481.27732412384063,496.3831791245344,480.5100543077828,489.8133544921875
2019-11-27 00:00:00+05:30,492.8824988095316,494.75270071747303,483.675085278344,484.8260192871094
2019-11-28 00:00:00+05:30,488.710372080646,498.73299886171174,487.22377581105684,497.91778564453125
2019-11-29 00:00:00+05:30,494.89652861639274,495.3760795162148,489.4296366506353,491.63555908203125
2019-12-02 00:00:00+05:30,492.4508235506368,492.9783178249598,486.504380771811,490.0050964355469
2019-12-03 00:00:00+05:30,488.9021590489756,490.34081179752576,484.0107338500119,488.5185241699219
2019-12-04 00:00:00+05:30,489.14193450250207,509.61873520777004,488.4705515120655,507.6046447753906
2019-12-05 00:00:00+05:30,510.7697243073484,515.5172905983203,504.53556172336874,506.501708984375
2019-12-06 00:00:00+05:30,508.3719241191186,511.6808372109306,500.31550369876265,503.3366394042969
2019-12-09 00:00:00+05:30,502.61735166388524,507.6526367658818,500.84303651970845,504.9671630859375
2019-12-10 00:00:00+05:30,504.53547481178055,508.5637139568478,503.2407108367962,507.0771179199219
2019-12-11 00:00:00+05:30,508.8993673653584,513.3112705580545,505.63845652441825,511.7287292480469
2019-12-12 00:00:00+05:30,512.9756492252827,515.1336285904167,508.1321961357693,513.4552001953125
2019-12-13 00:00:00+05:30,515.9008428811763,520.6004062247889,513.7908073718962,515.0855712890625
2019-12-16 00:00:00+05:30,517.4353931128122,519.2577098498175,514.7499199258505,517.1956176757812
2019-12-17 00:00:00+05:30,518.8261732874574,520.792320432131,516.7161374453233,519.0180053710938
2019-12-18 00:00:00+05:30,519.8811936361594,520.6964654065878,514.0306952316103,519.2578125
2019-12-19 00:00:00+05:30,515.2295060820326,519.0659133372392,511.8726497337268,518.1068115234375
2019-12-20 00:00:00+05:30,518.8261634683953,527.0264726729912,517.1956785967435,523.7655029296875
2019-12-23 00:00:00+05:30,524.6286962888076,526.4030112427683,515.6131157523678,519.1618041992188
2019-12-24 00:00:00+05:30,519.8332468922378,521.7035073665191,517.2436599693046,518.9700317382812
2019-12-26 00:00:00+05:30,518.9700527381731,520.2169321307726,515.6611977716333,516.7161865234375
2019-12-27 00:00:00+05:30,518.8741237167231,527.9855916932645,516.3324802866407,526.9306030273438
2019-12-30 00:00:00+05:30,527.1223818329446,529.6160819010763,520.4086685200996,521.7034912109375
2019-12-31 00:00:00+05:30,521.5596106557468,521.5596106557468,515.9968312460119,516.8600463867188
2020-01-01 00:00:00+05:30,517.8190454157441,520.312686488414,513.7908064577265,514.7978515625
2020-01-02 00:00:00+05:30,514.0785725495332,519.7372966704075,513.9346838617928,518.4904174804688
2020-01-03 00:00:00+05:30,515.9968594955575,518.682333301873,514.3184310492429,516.8120727539062
2020-01-06 00:00:00+05:30,515.2774743967568,515.2774743967568,502.37754266917267,504.1998596191406
2020-01-07 00:00:00+05:30,509.57079408346834,513.6949202731082,500.31549648353354,501.5143737792969
2020-01-08 00:00:00+05:30,494.89662087240987,505.7824049120704,493.937518893975,504.439697265625
2020-01-09 00:00:00+05:30,508.9953707677981,525.012383599199,508.6117066067494,523.9573364257812
2020-01-10 00:00:00+05:30,522.6146938268618,524.1492335837178,516.4764177215591,518.1548461914062
2020-01-13 00:00:00+05:30,517.3395939846152,523.7175865666383,515.9968278942235,516.572265625
2020-01-14 00:00:00+05:30,514.2704516400397,516.9079818709492,512.3043044484212,515.6131591796875
2020-01-15 00:00:00+05:30,513.2153953464705,514.9897689574212,508.9474387885477,513.6949462890625
2020-01-16 00:00:00+05:30,512.0645592586579,517.9150577922171,511.39317617965827,515.181640625
2020-01-17 00:00:00+05:30,512.6400031856899,515.9968600821351,508.89948208550425,510.2901916503906
2020-01-20 00:00:00+05:30,511.20121015882495,521.7513289425906,509.28300674359485,512.9755249023438
2020-01-21 00:00:00+05:30,511.15327984136405,518.1547107780583,508.51575007803285,509.3309631347656
2020-01-22 00:00:00+05:30,509.76259287184985,513.0715056998757,499.4522488015349,501.4663391113281
2020-01-23 00:00:00+05:30,500.0757122355206,508.56373992477535,495.9035841962313,506.1180419921875
2020-01-24 00:00:00+05:30,507.60463456763415,515.4213377597315,505.44665548822525,512.0164794921875
2020-01-27 00:00:00+05:30,516.476343125618,522.7105051132068,509.7626302159071,515.2774658203125
2020-01-28 00:00:00+05:30,516.0926992399667,518.4904539447406,503.000993675261,506.5976257324219
2020-01-29 00:00:00+05:30,509.81055393491357,512.9276348084697,503.81616763961324,505.06298828125
2020-01-30 00:00:00+05:30,506.0701192460413,512.1124492491086,502.7132627400115,510.43402099609375
2020-01-31 00:00:00+05:30,508.3240169525966,510.96154722923745,501.0348657854543,504.1519470214844
2020-02-03 00:00:00+05:30,483.38729107252937,497.9177062733158,481.46908753652724,494.46490478515625
2020-02-04 00:00:00+05:30,498.732959341593,512.7838247847699,495.5199915767917,509.09124755859375
2020-02-05 00:00:00+05:30,507.41279641447574,518.2986369856877,504.1998287947771,517.0517578125
2020-02-06 00:00:00+05:30,518.2505857527321,524.6286355418911,514.318292156013,519.449462890625
2020-02-07 00:00:00+05:30,518.8260895963564,519.5933592682017,513.2633113018235,514.5101318359375
2020-02-10 00:00:00+05:30,516.6202785767001,520.0730221129126,508.80357442305234,512.1124877929688
2020-02-11 00:00:00+05:30,515.7090848169913,522.5186846468627,515.5172527360938,517.6752319335938
2020-02-12 00:00:00+05:30,523.477738504971,528.1773606307698,520.5045464099893,526.8345947265625
2020-02-13 00:00:00+05:30,526.5469609681868,526.5469609681868,515.9968397101721,518.8741455078125
2020-02-14 00:00:00+05:30,519.1138814502214,526.2112586260373,514.606091002821,523.477783203125
2020-02-17 00:00:00+05:30,520.792228700634,523.0460943043034,515.7569447214843,519.449462890625
2020-02-18 00:00:00+05:30,518.8740858964921,522.1350555080863,514.0785767846946,519.06591796875
2020-02-19 00:00:00+05:30,521.2718560592015,524.1491616124262,518.3945505059768,522.5186767578125
2020-02-20 00:00:00+05:30,523.1900703388333,526.8825891245517,519.641381710325,524.6287231445312
2020-02-24 00:00:00+05:30,517.4354714319516,519.6893374656181,505.974192099305,508.18011474609375
2020-02-25 00:00:00+05:30,510.673790711555,516.7640640312139,503.8161890822969,509.2351379394531
2020-02-26 00:00:00+05:30,505.3027824096545,507.7005370163985,500.84299396446926,502.2816467285156
2020-02-27 00:00:00+05:30,501.41845306520895,501.89800400703473,491.68360406950643,494.27313232421875
2020-02-28 00:00:00+05:30,481.08548998143834,486.12077465382595,472.06993851715174,476.91339111328125
2020-03-02 00:00:00+05:30,487.4635218918848,499.2604630995341,478.0643353418444,485.4014587402344
2020-03-03 00:00:00+05:30,488.9980692845679,498.2533960032081,487.7032759723413,493.6976623535156
2020-03-04 00:00:00+05:30,496.3352556875946,496.3352556875946,476.72160923814283,487.5594787597656
2020-03-05 00:00:00+05:30,488.9021978614588,490.24493467947514,479.5509542535152,483.8669128417969
2020-03-06 00:00:00+05:30,465.1644046261222,476.48179492779605,457.7793085562303,466.4591979980469
2020-03-09 00:00:00+05:30,455.57340812578934,455.57340812578934,424.83420355898363,439.0289001464844
2020-03-11 00:00:00+05:30,431.59583571535165,452.45630110826033,431.2122008263867,446.60577392578125
2020-03-12 00:00:00+05:30,420.0866443991944,427.7115164334054,398.9864019864495,408.2417297363281
2020-03-13 00:00:00+05:30,384.5998515748421,445.7425960583737,379.0370724119701,428.9103698730469
2020-03-16 00:00:00+05:30,406.85103768999426,406.85103768999426,381.19506186485506,386.4221496582031
2020-03-17 00:00:00+05:30,390.3544292826487,391.74513858861565,349.11305223313053,352.2301330566406
2020-03-18 00:00:00+05:30,354.0045128632669,360.1427590951497,328.300564692399,340.52911376953125
2020-03-19 00:00:00+05:30,322.35416679128406,354.48408167198204,309.7899255661324,324.7039489746094
2020-03-20 00:00:00+05:30,314.5854378279183,345.0848679583254,309.78992810493173,331.5615539550781
2020-03-23 00:00:00+05:30,298.42449346440515,300.8702204050365,268.5484808263644,272.3848876953125
2020-03-24 00:00:00+05:30,283.2227842540529,292.52608455252687,257.32703250678003,284.37371826171875
2020-03-25 00:00:00+05:30,272.3848901294941,320.48383582487685,270.0830518414471,303.9393310546875
2020-03-26 00:00:00+05:30,308.8307876298141,349.4966991532631,301.3977484865499,316.7433776855469
2020-03-27 00:00:00+05:30,341.2484323537228,344.8450643526848,312.6672084430917,325.9507751464844
2020-03-30 00:00:00+05:30,316.5995645759376,320.2441403360196,298.3766272365894,300.5825500488281
2020-03-31 00:00:00+05:30,311.4203441443648,321.15522087202856,303.0761473666747,310.5091857910156
2020-04-01 00:00:00+05:30,305.9534852859958,310.50921900106937,295.4992811410883,298.4245300292969
2020-04-03 00:00:00+05:30,296.84206064401303,296.84206064401303,269.9872053999666,274.92657470703125
2020-04-07 00:00:00+05:30,295.6910918802516,316.11997907029706,284.7093931393589,312.76312255859375
2020-04-08 00:00:00+05:30,309.64600858234286,338.323145307297,302.21296995404646,305.905517578125
2020-04-09 00:00:00+05:30,318.80543783356364,330.8901265709161,309.4541951261247,328.6842041015625
2020-04-13 00:00:00+05:30,327.10166733589006,331.65740102730615,315.7842774523687,317.12701416015625
2020-04-15 00:00:00+05:30,328.6842252963358,337.5079450122009,311.70811034805513,313.9620056152344
2020-04-16 00:00:00+05:30,311.99583455536253,333.5756271803882,306.28919584509146,328.0128479003906
2020-04-17 00:00:00+05:30,347.19485598189243,369.7337485663523,334.7744758073511,360.190673828125
2020-04-20 00:00:00+05:30,360.6223079195863,363.40369752571104,342.399372147054,346.52349853515625
2020-04-21 00:00:00+05:30,327.053761515592,332.04110331100713,314.5854362965225,318.2779846191406
2020-04-22 00:00:00+05:30,312.6671913564266,324.1764131241478,309.8378292974093,322.21026611328125
2020-04-23 00:00:00+05:30,326.3344092663452,340.28932968148405,324.1764300720784,338.5150146484375
2020-04-24 00:00:00+05:30,324.08052249163654,329.21172345251,317.9422762549368,321.1552734375
2020-04-27 00:00:00+05:30,325.42325725734463,338.46704872257243,324.176436516989,333.6715393066406
2020-04-28 00:00:00+05:30,339.28231526095135,348.01014887138126,335.9254584315144,345.1328430175781
2020-04-29 00:00:00+05:30,338.56291810810626,361.10180925694624,337.2681248903442,355.29925537109375
2020-04-30 00:00:00+05:30,366.37691389129833,376.8790910627228,358.8479583671258,364.6025695800781
2020-05-04 00:00:00+05:30,344.3174956681377,344.3174956681377,322.2581575055551,324.22430419921875
2020-05-05 00:00:00+05:30,333.7674703561651,333.7674703561651,316.0720281079433,317.3188781738281
2020-05-06 00:00:00+05:30,317.9422454823659,331.41761401297316,311.9478592553228,327.4373474121094
2020-05-07 00:00:00+05:30,323.21731451837417,328.8760094231115,320.0522902086211,322.9775390625
2020-05-08 00:00:00+05:30,329.9310322640464,338.08339788684987,320.05229504067063,323.8887023925781
2020-05-11 00:00:00+05:30,327.05373734292596,329.49943540119364,305.1862264365813,307.05645751953125
2020-05-12 00:00:00+05:30,305.28211871171976,311.1326460722389,295.4033809902859,308.06353759765625
2020-05-13 00:00:00+05:30,329.4514199498755,334.1510122262729,318.7094696585731,324.22430419921875
2020-05-14 00:00:00+05:30,316.5035887050657,320.819546732862,312.33149009096985,314.0099182128906
2020-05-15 00:00:00+05:30,315.83221529797174,317.0310925641643,305.7616462619546,309.5021667480469
2020-05-18 00:00:00+05:30,306.9125902952261,307.3921412175624,281.25661595023456,286.2919006347656
2020-05-19 00:00:00+05:30,294.4921864522171,298.7602010318865,284.94914141271596,288.01824951171875
2020-05-20 00:00:00+05:30,286.7714834918021,295.64317654296985,285.33283056458566,293.1495056152344
2020-05-21 00:00:00+05:30,293.4851915053257,300.0070729421012,289.6487837732299,291.95062255859375
2020-05-22 00:00:00+05:30,288.6896824053703,295.1156770769981,273.8715458033539,279.1466064453125
2020-05-26 00:00:00+05:30,283.9420629233818,285.7164070244206,278.1395090121209,280.7290954589844
2020-05-27 00:00:00+05:30,283.99003587568507,308.78282212830555,282.7911586803888,305.8096008300781
2020-05-28 00:00:00+05:30,309.0705478439707,316.2638111762586,307.6318951775131,313.482421875
2020-05-29 00:00:00+05:30,309.69398154449425,320.62773678177984,306.9125920330875,318.3738708496094
2020-06-01 00:00:00+05:30,325.13556020648144,333.76747773408715,322.450086461236,325.3753356933594
2020-06-02 00:00:00+05:30,323.21736635923975,335.6856920644923,318.9014074612677,334.151123046875
2020-06-03 00:00:00+05:30,343.2625383756423,357.7449818318432,339.33021502708294,342.2554931640625
2020-06-04 00:00:00+05:30,342.3993725758002,348.15398387959516,331.3697009101932,333.62359619140625
2020-06-05 00:00:00+05:30,335.68564161667973,345.2766599485849,332.8083361171082,342.5911865234375
2020-06-08 00:00:00+05:30,351.5587453573565,358.4642898734055,338.7067873736475,345.0848083496094
2020-06-09 00:00:00+05:30,345.32465566329455,354.2443216253403,331.12995808878264,334.29498291015625
2020-06-10 00:00:00+05:30,334.2949728968292,342.2555366418939,331.1778915599622,338.56298828125
2020-06-11 00:00:00+05:30,338.03543936078034,339.7138675020564,326.19052633845376,327.2934875488281
2020-06-12 00:00:00+05:30,310.94085578743926,331.99312547914644,310.8449397410473,330.1228942871094
2020-06-15 00:00:00+05:30,327.245558680753,328.2526039023972,312.18764812339015,317.5586242675781
2020-06-16 00:00:00+05:30,328.25262818672644,333.6715481159009,312.71516556111635,328.92401123046875
2020-06-17 00:00:00+05:30,324.75193780081275,336.6447965545437,322.354182839598,327.9649353027344
2020-06-18 00:00:00+05:30,326.0946291143244,340.1934380220535,323.40915564116915,337.6038513183594
2020-06-19 00:00:00+05:30,336.6447424116672,350.5037755663153,334.91837082503446,348.9212341308594
2020-06-22 00:00:00+05:30,351.9903889760424,359.9029794639235,350.21604464910916,352.51788330078125
2020-06-23 00:00:00+05:30,353.9086015760749,362.82823755028664,349.30492415766895,360.76617431640625
2020-06-24 00:00:00+05:30,364.45868383763315,364.45868383763315,330.890120852588,333.86334228515625
2020-06-25 00:00:00+05:30,331.75331964920355,341.05661917826757,324.6559719074825,336.6447448730469
2020-06-26 00:00:00+05:30,341.0566415999861,343.8380312569579,331.9451735471518,334.8224792480469
2020-06-29 00:00:00+05:30,331.129934345848,331.4656258681587,324.6559964549444,329.06787109375
2020-06-30 00:00:00+05:30,332.80840032670176,339.9537220703227,332.13701720615063,337.076416015625
2020-07-01 00:00:00+05:30,339.7618244826346,350.79149556675685,337.2202104780125,349.1610107421875
2020-07-02 00:00:00+05:30,351.03126619813895,355.7308592632921,346.5714485880391,348.0101013183594
2020-07-03 00:00:00+05:30,349.7364948180006,352.1342495188912,345.08484484437963,346.23577880859375
2020-07-06 00:00:00+05:30,352.80563674124096,352.80563674124096,345.756231982843,347.051025390625
2020-07-07 00:00:00+05:30,348.1539600302084,362.54048730418396,347.2907742476628,360.67022705078125
2020-07-08 00:00:00+05:30,362.4445386422156,363.49955640123034,352.5178298628543,353.860595703125
2020-07-09 00:00:00+05:30,358.1765598990654,360.62225765141636,350.3598572285511,355.2033386230469
2020-07-10 00:00:00+05:30,349.97623663326567,353.1412900957596,344.31754193721537,345.6123352050781
2020-07-13 00:00:00+05:30,349.2089973886314,351.99038696305655,338.0834098214644,339.138427734375
2020-07-14 00:00:00+05:30,337.1243318235426,338.0354903740963,326.67012653411734,331.41766357421875
2020-07-15 00:00:00+05:30,335.20609823836435,342.20753007032073,329.6912625734986,331.65740966796875
2020-07-16 00:00:00+05:30,333.71946618381907,334.3428764684793,327.0536973022779,330.5544128417969
2020-07-17 00:00:00+05:30,331.8492478167165,341.440266539743,331.3217534947366,339.3302307128906
2020-07-20 00:00:00+05:30,343.3584520744555,351.3669581373476,340.72092206550366,348.1539611816406
2020-07-21 00:00:00+05:30,355.82678703869755,364.3627876663257,354.91562857164774,363.3077697753906
2020-07-22 00:00:00+05:30,371.07648113329515,373.5701516709995,359.95089438239694,365.5137023925781
2020-07-23 00:00:00+05:30,366.9044029351117,379.468643089938,363.35574363316886,376.20770263671875
2020-07-24 00:00:00+05:30,372.41922034587145,372.80288448465046,356.9297320002625,366.18505859375
2020-07-27 00:00:00+05:30,369.2542444545687,370.0215142937,342.0157553928526,343.8380432128906
2020-07-28 00:00:00+05:30,346.33168473755825,347.914196940043,329.1637674343824,337.69976806640625
2020-07-29 00:00:00+05:30,338.754780352284,343.02276596293785,333.95927116988736,336.69268798828125
2020-07-30 00:00:00+05:30,338.9465553782833,340.0974891955155,326.47823252593946,330.8421630859375
2020-07-31 00:00:00+05:30,332.2808538750555,338.5629594026439,328.0607822402995,332.61651611328125
2020-08-03 00:00:00+05:30,332.6165310333592,335.06225846813635,326.57420070173094,329.21173095703125
2020-08-04 00:00:00+05:30,332.80833752406625,338.7547806227723,330.122864087566,336.6447448730469
2020-08-05 00:00:00+05:30,338.946620099564,345.27669876413347,336.40500580977726,337.79571533203125
2020-08-06 00:00:00+05:30,338.99459126700714,348.87332950818,334.3429410196711,344.07781982421875
2020-08-07 00:00:00+05:30,344.74923041262895,344.94103325362,338.7068701667332,343.3105773925781
2020-08-10 00:00:00+05:30,344.79713700533694,350.0242541280866,342.73507375057545,348.6814880371094
2020-08-11 00:00:00+05:30,354.8676637043529,358.99178970988817,349.1609963234838,352.3260498046875
2020-08-12 00:00:00+05:30,350.7915091880078,353.6688147999395,348.87330544672,351.8465270996094
2020-08-13 00:00:00+05:30,353.86062104197754,357.12156131015075,351.27103447255126,352.9974060058594
2020-08-14 00:00:00+05:30,356.5940690303773,356.5940690303773,339.71389927491333,346.6194152832031
2020-08-17 00:00:00+05:30,351.0312539979127,351.3669454772133,339.85772403465876,345.4684753417969
2020-08-18 00:00:00+05:30,347.0989426088485,354.8676732003712,346.81122377079623,354.4360656738281
2020-08-19 00:00:00+05:30,358.7041041149381,360.4784484517529,355.2513314834678,359.1357116699219
2020-08-20 00:00:00+05:30,351.9904208413441,354.53203519243544,347.77037805299835,352.7097473144531
2020-08-21 00:00:00+05:30,354.8676808276509,357.74498634787506,352.0383186916443,355.97064208984375
2020-08-24 00:00:00+05:30,359.5193427771774,365.6096455217279,358.560240904633,364.7944030761719
2020-08-25 00:00:00+05:30,366.8564329845133,373.8578643114649,365.80141516648206,370.5489807128906
2020-08-26 00:00:00+05:30,372.3233692354547,375.6322532283093,368.4869616359939,373.42633056640625
2020-08-27 00:00:00+05:30,374.0017500036098,381.19501333793136,371.7478549716297,376.15972900390625
2020-08-28 00:00:00+05:30,377.7902336535944,395.05406790374616,376.8311317508082,392.9440612792969
2020-08-31 00:00:00+05:30,397.8834220175214,404.74099462709665,371.651979663507,378.46160888671875
2020-09-01 00:00:00+05:30,378.5575083687674,383.3050449202675,369.5419276473598,374.96087646484375
2020-09-02 00:00:00+05:30,371.4121937947124,377.88613132373575,365.5137232332731,376.3515625
2020-09-03 00:00:00+05:30,376.35157992796894,376.4954393591603,365.4657675026582,367.09625244140625
2020-09-04 00:00:00+05:30,359.66316554822123,364.4107310412431,353.2851445997254,357.3133544921875
2020-09-07 00:00:00+05:30,358.79998403227114,361.43751394403415,353.9085590692907,358.12860107421875
2020-09-08 00:00:00+05:30,357.16951065248537,365.7055109664409,354.0524297484958,360.3345642089844
2020-09-09 00:00:00+05:30,355.6349961710772,357.16956516576437,347.09899455430786,352.5658874511719
2020-09-10 00:00:00+05:30,356.4982255363091,359.66325043232547,350.5038380291037,355.53912353515625
2020-09-11 00:00:00+05:30,357.744983585579,358.3683939229209,350.16808496138606,355.34722900390625
2020-09-14 00:00:00+05:30,358.22456548323584,358.56025700759557,344.65327923113796,348.82537841796875
2020-09-15 00:00:00+05:30,349.16104463330663,357.0256921383661,348.82538237460716,356.35430908203125
2020-09-16 00:00:00+05:30,356.1624911102467,361.2936920526589,350.07218828213,359.37548828125
2020-09-17 00:00:00+05:30,354.8677017501376,356.5461300692261,352.37403096502703,353.9085998535156
2020-09-18 00:00:00+05:30,354.8676732003712,359.3274908069694,349.6405565765258,354.4360656738281
2020-09-21 00:00:00+05:30,351.65468184869815,352.37400822474325,334.2469894022993,336.3570251464844
2020-09-22 00:00:00+05:30,339.522035302053,341.5840983066331,335.2060772261794,339.9056701660156
2020-09-23 00:00:00+05:30,342.01572523824035,342.49527616278374,328.4444399275555,337.4599914550781
2020-09-24 00:00:00+05:30,330.8421812493349,332.7603848703904,320.10022926363825,321.9704895019531
2020-09-25 00:00:00+05:30,325.1834851139297,336.16521349656875,322.8337030377594,334.390869140625
2020-09-28 00:00:00+05:30,337.1242902351148,349.0651196197917,334.8224517175589,348.1539611816406
2020-09-29 00:00:00+05:30,348.8732901010221,348.8732901010221,339.76182273068616,342.4472961425781
2020-09-30 00:00:00+05:30,342.3514298998591,342.87892422934834,335.06224971269853,340.24139404296875
2020-10-01 00:00:00+05:30,343.598255832023,356.018637150486,343.598255832023,354.1004333496094
2020-10-05 00:00:00+05:30,355.5869863020982,367.00029167408536,355.5869863020982,357.84088134765625
2020-10-06 00:00:00+05:30,361.6773231230817,366.1850843764779,359.7591193719855,365.0341796875
2020-10-07 00:00:00+05:30,363.78730822833177,368.6307899758197,358.79999633135566,367.00030517578125
2020-10-08 00:00:00+05:30,369.2542228452621,373.76201337739343,367.00032757919644,371.6519775390625
2020-10-09 00:00:00+05:30,374.7211180904678,386.99761050783684,371.07651336663224,385.07940673828125
2020-10-12 00:00:00+05:30,386.94964776271394,393.2317530859349,384.3121177115278,387.52508544921875
2020-10-13 00:00:00+05:30,384.59983156607353,384.59983156607353,377.4065678834163,380.0440979003906
2020-10-14 00:00:00+05:30,378.22182747954395,392.5124394580894,373.09062663212404,390.1626281738281
2020-10-15 00:00:00+05:30,390.2585329878813,393.1358385089561,373.23447532152227,375.0088195800781
2020-10-16 00:00:00+05:30,377.8861183544238,384.88754995625027,374.5292619731028,379.9002380371094
2020-10-19 00:00:00+05:30,385.606881635731,401.623894012182,384.74369583682176,400.0413818359375
2020-10-20 00:00:00+05:30,396.5885674426321,399.8495074879052,394.1908131050104,397.6435852050781
2020-10-21 00:00:00+05:30,398.9864080235892,410.9751823031442,393.5195152443248,403.11053466796875
2020-10-22 00:00:00+05:30,399.3700403703709,402.4871216629474,390.9778984288187,396.01318359375
2020-10-23 00:00:00+05:30,399.94546535663955,403.30232178049624,394.9101807208545,399.89752197265625
2020-10-26 00:00:00+05:30,400.9525141018068,402.00753198390356,385.0314469099417,387.90875244140625
2020-10-27 00:00:00+05:30,389.7310349271428,395.53358929759764,377.166795085654,393.1838073730469
2020-10-28 00:00:00+05:30,393.13586206050724,393.13586206050724,378.65341754960616,379.852294921875
2020-10-29 00:00:00+05:30,376.2077069019713,386.42213591998626,373.71403619672014,383.5448303222656
2020-10-30 00:00:00+05:30,383.06524588852807,386.2302993309022,372.1794348086051,376.5433654785156
2020-11-02 00:00:00+05:30,399.94546765911724,405.5082466286042,390.3544492500257,400.3770751953125
2020-11-03 00:00:00+05:30,407.61831087665445,428.622636806758,406.8510410580854,425.6973876953125
2020-11-04 00:00:00+05:30,419.4152210155495,423.92301135082164,407.90599898792533,419.1754455566406
2020-11-05 00:00:00+05:30,426.80029317753616,427.99917040556295,417.7847422766675,420.5661315917969
2020-11-06 00:00:00+05:30,421.8609442728922,426.7043967893098,418.3602284597865,424.6902770996094
2020-11-09 00:00:00+05:30,431.59579360013356,445.59868520194163,430.6366918365777,443.7763977050781
2020-11-10 00:00:00+05:30,465.9316629140964,467.1305402160259,453.6551710501244,464.0614318847656
2020-11-11 00:00:00+05:30,464.9245989216767,470.48737767030303,452.79196696977436,466.6509704589844
2020-11-12 00:00:00+05:30,461.9034197381804,463.77365063388277,452.07262656477104,457.2038269042969
2020-11-13 00:00:00+05:30,453.36745909568145,467.17851996991544,448.4280611210911,465.69189453125
2020-11-14 00:00:00+05:30,469.8160872608035,469.8160872608035,464.82874550643885,466.9867248535156
2020-11-17 00:00:00+05:30,470.4394646122514,472.83721927388365,458.59455072989476,466.50714111328125
2020-11-18 00:00:00+05:30,468.0417006321521,478.5918209332866,466.3632724024261,477.2970275878906
2020-11-19 00:00:00+05:30,469.9599093046263,473.172906375194,456.3406512455631,459.1700134277344
2020-11-20 00:00:00+05:30,459.88934696324685,463.67781105999023,448.95559149204934,460.56072998046875
2020-11-23 00:00:00+05:30,462.0952755960666,463.58190107663614,447.4210284915889,449.0994567871094
2020-11-24 00:00:00+05:30,454.6142776058035,460.36888871473775,451.9288041294205,458.64251708984375
2020-11-25 00:00:00+05:30,465.164372048714,469.9119376567906,451.83286290987047,453.367431640625
2020-11-26 00:00:00+05:30,455.6692811817819,457.6834008605298,446.74961668145994,455.861083984375
2020-11-27 00:00:00+05:30,456.91615494908064,459.93732018361976,452.02472923772444,453.99090576171875
2020-12-01 00:00:00+05:30,460.08114060903887,468.52122465762403,454.9019675247858,465.2602844238281
2020-12-02 00:00:00+05:30,466.45920178861786,467.0826121521762,452.88791613952696,460.8005065917969
2020-12-03 00:00:00+05:30,462.383024983161,465.16441459799796,459.26594385441155,462.14324951171875
2020-12-04 00:00:00+05:30,463.9176230648857,483.38738086412553,463.246239994787,481.5171203613281
2020-12-07 00:00:00+05:30,484.3464608039996,494.5129175557969,483.5312183329113,489.5735778808594
2020-12-08 00:00:00+05:30,490.5805823443083,491.0601332556908,484.7300553715487,487.60736083984375
2020-12-09 00:00:00+05:30,489.14194414692537,493.9374534032678,485.3534801266286,490.5805969238281
2020-12-10 00:00:00+05:30,487.31966662027423,493.3620259706338,478.3520582704832,486.2167053222656
2020-12-11 00:00:00+05:30,488.42263617991574,495.7597890344216,485.4014710883663,494.36907958984375
2020-12-14 00:00:00+05:30,496.9106498261289,506.21394956797144,496.9106498261289,504.2957458496094
2020-12-15 00:00:00+05:30,502.56930739204626,502.80908282496233,492.11507510133674,496.8626403808594
2020-12-16 00:00:00+05:30,498.78088000993023,500.3634213974932,490.1969364508058,491.4917297363281
2020-12-17 00:00:00+05:30,492.9783154786964,495.3760699314138,488.278722605263,489.5255432128906
2020-12-18 00:00:00+05:30,492.97834801096093,497.054530849573,488.3266982118283,495.9995422363281
2020-12-21 00:00:00+05:30,493.553803248039,493.6497485592464,468.2335487796395,474.27587890625
2020-12-22 00:00:00+05:30,476.96131762160223,481.2772757595114,469.09670035420186,479.838623046875
2020-12-23 00:00:00+05:30,478.59181830769853,484.82598026962245,476.2420070911872,483.0036926269531
2020-12-24 00:00:00+05:30,486.0248719307564,494.8486208299843,484.442359701402,492.5467529296875
2020-12-28 00:00:00+05:30,494.80070668428937,499.8839351806584,492.59472542492193,498.8288879394531
2020-12-29 00:00:00+05:30,501.1786180892832,509.091207689945,496.6708280635452,507.1730041503906
2020-12-30 00:00:00+05:30,509.90657163940847,511.2013358474623,503.09691271770293,507.1251525878906
2020-12-31 00:00:00+05:30,508.41985369506335,516.4763324355349,504.96711054282105,513.1674194335938
2021-01-01 00:00:00+05:30,513.6469973988901,515.0377068252925,504.5834729732283,505.9262390136719
2021-01-04 00:00:00+05:30,510.5299971266399,513.11958430663,502.857180912709,509.9545593261719
2021-01-05 00:00:00+05:30,505.1110096868941,517.8670525075586,501.6102645398296,515.2774658203125
2021-01-06 00:00:00+05:30,516.7160717050868,528.0814041126355,513.9346531935635,524.3409423828125
2021-01-07 00:00:00+05:30,529.5681549128975,531.7261342588523,517.6752675462828,518.9700317382812
2021-01-08 00:00:00+05:30,524.6286689921694,524.7245557537454,514.4142117104807,519.881103515625
2021-01-11 00:00:00+05:30,522.8543980685591,523.6696112272414,513.1194908545314,522.4227905273438
2021-01-12 00:00:00+05:30,518.8740561826386,528.1294116539622,515.1335358740694,525.5877685546875
2021-01-13 00:00:00+05:30,528.9446641454157,538.056131614829,525.8275831690374,533.7401733398438
2021-01-14 00:00:00+05:30,531.3903468663191,535.610418251796,528.0814339094029,530.6710205078125
2021-01-15 00:00:00+05:30,527.5060102206348,528.4651120573996,519.3536446081341,520.7922973632812
2021-01-18 00:00:00+05:30,522.2309982793616,525.971519203273,507.26903166158786,511.34521484375
2021-01-19 00:00:00+05:30,516.9558760898676,525.3480169354823,512.0644802697094,524.1011962890625
2021-01-20 00:00:00+05:30,524.1013075029866,531.9179537973744,523.6696998886968,528.4652099609375
2021-01-21 00:00:00+05:30,532.3015035055736,538.0561143542824,527.2182756303331,530.0955810546875
2021-01-22 00:00:00+05:30,530.4791580501402,530.8628221682711,508.8993685311048,511.968505859375
2021-01-25 00:00:00+05:30,514.6060859942947,520.1209216327012,509.47491451152393,516.0447387695312
2021-01-27 00:00:00+05:30,515.8049827758548,517.1477488323302,497.86976579316274,500.9868469238281
2021-01-28 00:00:00+05:30,493.55377502202055,508.1800778323068,491.0601336961666,506.6455383300781
2021-01-29 00:00:00+05:30,511.53697437988643,522.6625915308599,507.7965120974116,515.0377197265625
2021-02-01 00:00:00+05:30,529.4242464033179,584.5246620166673,528.4651445076596,579.105712890625
2021-02-02 00:00:00+05:30,587.9294318485382,598.479552159034,574.21428715268,592.1015014648438
2021-02-03 00:00:00+05:30,597.9041375000774,601.8364318062661,588.888556380952,596.8970336914062
2021-02-04 00:00:00+05:30,593.492230882047,605.8167251477457,584.0930441777774,602.6036987304688
2021-02-05 00:00:00+05:30,602.6037278196378,609.317441295194,586.0112762235503,589.032470703125
2021-02-08 00:00:00+05:30,596.8970362185685,608.0226532359691,596.8970362185685,603.8505249023438
2021-02-09 00:00:00+05:30,605.528939822248,616.8943320603111,602.8914096901439,607.4471435546875
2021-02-10 00:00:00+05:30,607.4470788991019,612.0987575785106,600.7813684695071,606.2962036132812
2021-02-11 00:00:00+05:30,601.1171450084538,607.6869699268365,598.5755014344866,604.857666015625
2021-02-12 00:00:00+05:30,604.1382633655525,623.3202998776966,603.6587124527489,621.1143188476562
2021-02-15 00:00:00+05:30,628.2117265563467,649.1201356713515,625.3344209385314,646.38671875
2021-02-16 00:00:00+05:30,645.8592123613623,651.6138234894805,622.9845980037339,631.4246826171875
2021-02-17 00:00:00+05:30,628.019878168019,637.754785337775,622.7927613902524,630.465576171875
2021-02-18 00:00:00+05:30,623.4162056878533,625.7180735551965,611.5233192714663,618.2850341796875
2021-02-19 00:00:00+05:30,609.5092552791426,609.5092552791426,593.6840739855063,598.5275268554688
2021-02-22 00:00:00+05:30,596.5613755384175,603.5628076271427,582.4625660486134,584.9082641601562
2021-02-23 00:00:00+05:30,589.6078862018652,597.5684201719565,584.140993727343,591.094482421875
2021-02-24 00:00:00+05:30,589.9435392649928,618.6207087123476,589.9435392649928,614.8801879882812
2021-02-25 00:00:00+05:30,616.4147883093957,621.8816807183324,600.6854941045485,602.3159790039062
2021-02-26 00:00:00+05:30,589.8476066254312,589.8476066254312,566.7332766756808,573.3031005859375
2021-03-01 00:00:00+05:30,582.7023346970133,586.826461067641,575.652959304134,583.4696044921875
2021-03-02 00:00:00+05:30,585.0520653377098,591.2862266896691,574.5019461267019,585.5316162109375
2021-03-03 00:00:00+05:30,592.7249178907655,607.8307713807001,588.7446219683223,606.2482299804688
2021-03-04 00:00:00+05:30,593.4442840465557,605.0973952215884,590.6149218128098,595.3624877929688
2021-03-05 00:00:00+05:30,588.1212902883781,589.5599431224794,576.8997864746017,584.524658203125
2021-03-08 00:00:00+05:30,586.5866847221433,590.8067563977,576.5641169358287,583.181884765625
2021-03-09 00:00:00+05:30,589.7036918543895,602.6515655734177,587.2579940819137,599.5344848632812
2021-03-10 00:00:00+05:30,603.0352933902318,604.7137216422126,596.3695237674361,600.0140991210938
2021-03-12 00:00:00+05:30,605.6248512994015,611.9069564644086,583.4695643040568,587.7855224609375
2021-03-15 00:00:00+05:30,586.874472491116,587.7855724594814,566.4455553130019,578.8179931640625
2021-03-16 00:00:00+05:30,582.0309530412403,582.1748417389566,569.3708550437967,570.61767578125
2021-03-17 00:00:00+05:30,573.1113224689603,578.9618791193528,562.9928092406502,565.3905639648438
2021-03-18 00:00:00+05:30,570.4257968168466,576.8038472165829,551.9630871258432,554.936279296875
2021-03-19 00:00:00+05:30,551.6753769771448,564.8150835809497,546.688035819775,562.6571044921875
2021-03-22 00:00:00+05:30,562.8488774567164,562.8488774567164,546.208484360174,549.9969482421875
2021-03-23 00:00:00+05:30,552.4426156103026,565.150713972866,550.8121309050565,562.4172973632812
2021-03-24 00:00:00+05:30,556.2791183404461,556.8066126931541,541.8925894178483,544.2903442382812
2021-03-25 00:00:00+05:30,544.8657086672648,555.3199416932971,534.3155888768913,548.1746215820312
2021-03-26 00:00:00+05:30,560.5950344462785,560.5950344462785,550.8121838140233,554.8883666992188
2021-03-30 00:00:00+05:30,558.1972189351494,568.8432249528785,558.1972189351494,567.2607421875
2021-03-31 00:00:00+05:30,562.0337338523157,565.534479330281,555.3200203080047,558.293212890625
2021-04-01 00:00:00+05:30,563.5202662927583,571.7205751992258,556.4708912855509,570.0901489257812
2021-04-05 00:00:00+05:30,567.788264154814,567.788264154814,540.453862924388,547.8869018554688
2021-04-06 00:00:00+05:30,551.195883503118,554.8404590805619,541.3171454640947,542.7557983398438
2021-04-07 00:00:00+05:30,543.3791418524974,556.2790734532954,536.5215987427681,554.0252075195312
2021-04-08 00:00:00+05:30,558.1972414480667,561.8897599218,549.8530441722431,553.114013671875
2021-04-09 00:00:00+05:30,550.4764960656139,555.3199485028008,541.8925231504014,543.04345703125
2021-04-12 00:00:00+05:30,528.8488484363747,529.376342810853,509.4270335893105,516.5243530273438
2021-04-13 00:00:00+05:30,518.8741120995725,540.7416230458899,515.8529177909982,537.6724853515625
2021-04-15 00:00:00+05:30,542.803722617619,553.1620112505448,531.486332101294,551.6754150390625
2021-04-16 00:00:00+05:30,551.0999115714098,554.1211058801416,541.0293419275475,543.7628173828125
2021-04-19 00:00:00+05:30,527.5059961111964,539.3029366800793,512.5440312734322,536.8572387695312
2021-04-20 00:00:00+05:30,542.0844438450094,549.2297652120723,529.9997239287784,536.23388671875
2021-04-22 00:00:00+05:30,529.4242570271306,556.8545483778173,524.5328606766932,555.5118408203125
2021-04-23 00:00:00+05:30,546.5921933317907,556.7586500023934,543.8587178079017,546.64013671875
2021-04-26 00:00:00+05:30,577.3793439923375,580.7362006434557,563.9519173878646,566.9251098632812
2021-04-27 00:00:00+05:30,568.9872075664226,577.3314058832747,566.9251150463095,574.2622680664062
2021-04-28 00:00:00+05:30,573.5429805982163,597.3286978516924,573.5429805982163,595.93798828125
2021-04-29 00:00:00+05:30,597.0888631632214,602.7475876658382,584.0930444083912,596.0338745117188
2021-04-30 00:00:00+05:30,585.1480283788301,591.1424150756256,573.6388059209825,575.940673828125
2021-05-03 00:00:00+05:30,568.3158155136781,574.3581457373658,563.4723626573465,572.3440551757812
2021-05-04 00:00:00+05:30,572.2481440269456,583.133926643283,564.9109914356804,567.356689453125
2021-05-05 00:00:00+05:30,570.953282008722,580.064748983872,560.7868264835993,578.1465454101562
2021-05-06 00:00:00+05:30,578.1466923185749,585.8674519568584,574.7418918178471,583.3258666992188
2021-05-07 00:00:00+05:30,586.970313246791,589.655786632291,579.009779856622,582.2706909179688
2021-05-10 00:00:00+05:30,586.0112103642224,591.7658212679627,586.0112103642224,588.169189453125
2021-05-11 00:00:00+05:30,581.5994094710338,587.8335717555993,578.5782151021709,584.9082641601562
2021-05-12 00:00:00+05:30,578.530202964616,581.8391157994505,568.9391852050531,570.42578125
2021-05-14 00:00:00+05:30,567.7883534128749,577.3314295065713,566.9251382438007,572.87158203125
2021-05-17 00:00:00+05:30,578.578187129529,598.959101305248,576.6120400580105,598.0958862304688
2021-05-18 00:00:00+05:30,602.3159425232369,609.5092061680208,600.3977388846279,607.3032836914062
2021-05-19 00:00:00+05:30,601.4527221222361,608.070548032164,597.856090331825,599.8702392578125
2021-05-20 00:00:00+05:30,602.3638777818732,607.0155566661169,591.4301523126309,593.3003540039062
2021-05-21 00:00:00+05:30,596.849121454305,617.6137017282425,596.849121454305,616.175048828125
2021-05-24 00:00:00+05:30,616.942278498521,626.725129290155,611.9069936759524,620.8745727539062
2021-05-25 00:00:00+05:30,623.5120253637502,625.3343421075479,616.2228754664103,623.703857421875
2021-05-26 00:00:00+05:30,622.7927705634143,629.7942609859152,616.9902160071322,625.81396484375
2021-05-27 00:00:00+05:30,624.4711672139949,629.6503404213031,621.5938617741413,625.5741577148438
2021-05-28 00:00:00+05:30,631.1370173222818,633.0072778054033,613.1059126319759,616.75048828125
2021-05-31 00:00:00+05:30,617.4218395438927,637.8027546356328,617.4218395438927,635.644775390625
2021-06-01 00:00:00+05:30,637.3711183054573,637.7068390739963,621.8336567350354,623.5120849609375
2021-06-02 00:00:00+05:30,621.9775068472156,622.7927199479441,614.8801302309209,621.8336181640625
2021-06-03 00:00:00+05:30,626.7250822889248,626.916914356518,618.3808849295118,623.6559448242188
2021-06-04 00:00:00+05:30,626.2935326572268,628.1158496593986,613.2497704003066,616.414794921875
2021-06-07 00:00:00+05:30,618.8125745920288,623.4162521307455,617.9014160542043,621.6898803710938
2021-06-08 00:00:00+05:30,621.4980223431988,621.4980223431988,611.3315657636521,616.1270751953125
2021-06-09 00:00:00+05:30,618.0452478485959,619.1961232230994,603.0832240518123,610.0846557617188
2021-06-10 00:00:00+05:30,609.4613568934159,616.1271272746478,605.1933414306891,614.2089233398438
2021-06-11 00:00:00+05:30,617.6615833481272,618.1890776509646,605.6728103794136,609.7010498046875
2021-06-14 00:00:00+05:30,609.7010172238681,610.0846228150099,597.8560750403833,609.1735229492188
2021-06-15 00:00:00+05:30,610.3243531353154,619.7715401546795,609.9886909505187,618.9083251953125
2021-06-16 00:00:00+05:30,618.5248788277567,622.6490055573584,611.5233876726661,613.921142578125
2021-06-17 00:00:00+05:30,607.1594546183555,611.4754132289987,601.0691808833553,607.1115112304688
2021-06-18 00:00:00+05:30,606.7277749794288,610.5641821776268,595.314498688147,604.6177978515625
2021-06-21 00:00:00+05:30,597.3765654564494,607.2073594452721,591.0465166450728,605.4330444335938
2021-06-22 00:00:00+05:30,609.0296120898087,617.7574146112736,603.8024958373157,605.04931640625
2021-06-23 00:00:00+05:30,607.8307380935283,609.029615288979,597.9520017107992,599.15087890625
2021-06-24 00:00:00+05:30,601.3568737831835,610.2765094855781,598.9111757172107,608.1185302734375
2021-06-25 00:00:00+05:30,610.0845953488754,623.4161329930662,610.0845953488754,622.45703125
2021-06-28 00:00:00+05:30,624.3752403558492,626.2934438592465,619.7236202756807,623.703857421875
2021-06-29 00:00:00+05:30,619.8675864514507,622.2173979665881,610.4204555395179,613.921142578125
2021-06-30 00:00:00+05:30,612.1946692947736,614.5924238028518,604.0423039673072,605.0973510742188
2021-07-01 00:00:00+05:30,608.022566958705,611.3314797085528,604.282046712977,605.04931640625
2021-07-02 00:00:00+05:30,606.3921871043797,615.1199911346732,606.3921871043797,614.0650024414062
2021-07-05 00:00:00+05:30,616.4627298322067,621.9775656105579,614.9761336345248,621.3541259765625
2021-07-06 00:00:00+05:30,618.8124619037818,628.2116473626439,618.8124619037818,623.703857421875
2021-07-07 00:00:00+05:30,624.2794321230314,627.9719509159753,619.483922761321,627.2526245117188
2021-07-08 00:00:00+05:30,623.8957128961129,627.2525691530482,612.002827313114,615.6474609375
2021-07-09 00:00:00+05:30,613.3456066682451,614.9281480681834,607.8787146508283,612.4344482421875
2021-07-12 00:00:00+05:30,619.5798046119439,623.6559875370225,616.1270613145091,619.819580078125
2021-07-13 00:00:00+05:30,628.3556348405984,639.0975293174877,626.2935423346427,637.7548217773438
2021-07-14 00:00:00+05:30,634.9253944294336,640.680005255078,631.2808192809779,637.1792602539062
2021-07-15 00:00:00+05:30,637.8986632563945,642.2146218942291,634.0622555783191,640.152587890625
2021-07-16 00:00:00+05:30,640.1525850195336,640.4403038863118,630.8013413461656,633.2949829101562
2021-07-19 00:00:00+05:30,619.2441568289842,630.0340530589863,619.1482115169129,629.074951171875
2021-07-20 00:00:00+05:30,622.1213980044466,624.6150392368847,612.9619291008098,615.6474609375
2021-07-22 00:00:00+05:30,625.8139507131468,633.2949333587133,621.7857112766325,629.1228637695312
2021-07-23 00:00:00+05:30,629.1228383277181,650.1271326547408,624.135497252719,648.9762573242188
2021-07-26 00:00:00+05:30,652.189224406631,659.6222633612654,636.4599314612526,649.0721435546875
2021-07-27 00:00:00+05:30,652.3331168577857,657.5601748700745,645.7632343624089,649.7435302734375
2021-07-28 00:00:00+05:30,650.1751716956785,658.9029751710174,642.646187001588,657.03271484375
2021-07-29 00:00:00+05:30,666.122783203125,666.122783203125,657.0808042502404,661.313232421875
2021-07-30 00:00:00+05:30,660.8322576837224,661.4575227508178,652.1750665350274,656.503662109375
2021-08-02 00:00:00+05:30,657.9945831444882,661.8422234917526,651.886477577339,655.445556640625
2021-08-03 00:00:00+05:30,656.984624693034,665.5456484110892,650.8765187967865,664.102783203125
2021-08-04 00:00:00+05:30,667.5656100790976,690.0743299261285,666.7960937403815,687.4290771484375
2021-08-05 00:00:00+05:30,688.2466399819062,689.2085500307978,672.4232079355742,675.6937255859375
2021-08-06 00:00:00+05:30,678.1946985751973,679.1085249046,669.2008626997581,671.0765991210938
2021-08-09 00:00:00+05:30,670.8361886890324,679.3971541372249,667.9023156469517,676.0785522460938
2021-08-10 00:00:00+05:30,677.2808852090524,681.3209194145638,670.7399082007802,674.2028198242188
2021-08-11 00:00:00+05:30,679.3490217214053,680.2147643128654,663.7179822835677,667.1327514648438
2021-08-12 00:00:00+05:30,667.0846493726611,676.1747114919038,666.89225561203,674.6356201171875
2021-08-13 00:00:00+05:30,680.1185213478998,682.8600003465434,674.2989770116207,677.9542236328125
2021-08-16 00:00:00+05:30,675.645691903547,680.4552425044824,672.0385289528454,675.8861694335938
2021-08-17 00:00:00+05:30,673.144696378542,676.1266530039627,665.1608540517307,674.4913940429688
2021-08-18 00:00:00+05:30,674.1546625137918,674.1546625137918,657.5617134755323,662.0827026367188
2021-08-20 00:00:00+05:30,657.8022597032034,658.3313572757779,649.6260230912382,654.7722778320312
2021-08-23 00:00:00+05:30,663.669893230874,663.669893230874,648.1831052081379,656.696044921875
2021-08-24 00:00:00+05:30,657.2251294157104,670.6918719138004,654.4837088913059,667.99853515625
2021-08-25 00:00:00+05:30,673.2890515483309,673.7700066449852,660.9766128160503,664.72802734375
2021-08-26 00:00:00+05:30,665.6899067880511,674.8280532023797,663.7180027249211,672.1828002929688
2021-08-27 00:00:00+05:30,669.5856231666646,673.7699674905975,662.8041684399942,673.0966186523438
2021-08-30 00:00:00+05:30,677.6657224812404,687.7657793812447,674.2028693139456,686.4672241210938
2021-08-31 00:00:00+05:30,686.803864385746,692.4791578977184,682.3309585915356,691.6614990234375
2021-09-01 00:00:00+05:30,699.8857870082829,706.8115516854041,689.8819568838502,692.4791259765625
2021-09-02 00:00:00+05:30,694.7876956272153,700.3186790376726,690.1705386092486,697.5291748046875
2021-09-03 00:00:00+05:30,697.1443581116297,703.9258127023493,693.633362696337,696.7114868164062
2021-09-06 00:00:00+05:30,697.7695752407411,700.2705178919373,692.5752374755424,693.6814575195312
2021-09-07 00:00:00+05:30,693.4410856184164,694.9320346841002,684.5434162818343,689.5934448242188
2021-09-08 00:00:00+05:30,689.2086238242405,695.2205622735098,687.7657585964158,693.4891357421875
2021-09-09 00:00:00+05:30,693.344834746782,696.3267914825784,690.266710478682,692.8157958984375
2021-09-13 00:00:00+05:30,690.5552558292783,690.5552558292783,678.3389863204154,680.4552001953125
2021-09-14 00:00:00+05:30,686.0823626044692,686.8037951624129,679.5894695829758,680.5032958984375
2021-09-15 00:00:00+05:30,680.1665938172648,688.727617010042,679.3970774956327,687.1404418945312
2021-09-16 00:00:00+05:30,692.5752731243462,701.6172515631584,685.6975924140474,699.5010375976562
2021-09-17 00:00:00+05:30,704.983958665419,706.4268238622698,686.8038337009652,692.7196044921875
2021-09-20 00:00:00+05:30,682.9562377929688,692.9601272954802,679.5895521137077,682.9562377929688
2021-09-21 00:00:00+05:30,684.0623666606016,687.284741896347,667.950373061212,684.7356567382812
2021-09-22 00:00:00+05:30,687.7657864853312,687.7657864853312,675.5014315515018,676.5595092773438
2021-09-23 00:00:00+05:30,683.918114315017,692.5753056354603,680.2147837342951,689.6895751953125
2021-09-24 00:00:00+05:30,695.0762600840396,697.0000804094428,689.2567153417624,695.4129638671875
2021-09-27 00:00:00+05:30,696.9039518173427,703.8778008865983,694.7877375990867,702.1944580078125
2021-09-28 00:00:00+05:30,706.1382542598163,707.3887844879531,679.6857237626651,689.8339233398438
2021-09-29 00:00:00+05:30,680.407150366184,684.8319724725902,674.5876054505937,682.4752807617188
2021-09-30 00:00:00+05:30,682.5713763733572,686.7076367285839,672.1827591435228,674.1546630859375
2021-10-01 00:00:00+05:30,666.6037196580726,668.3832299132855,661.6980014823853,665.9784545898438
2021-10-04 00:00:00+05:30,670.4995003689473,676.5595229519627,667.6137697379552,673.529541015625
2021-10-05 00:00:00+05:30,666.6037989067081,672.3752603691038,665.4975786422788,670.547607421875
2021-10-06 00:00:00+05:30,670.0665992525628,678.1466681443754,662.1308403700223,663.237060546875
2021-10-07 00:00:00+05:30,670.9803418654793,678.0984997008346,667.0365341550146,675.4532470703125
2021-10-08 00:00:00+05:30,679.1085478197504,682.9561883173127,671.7018281198759,676.6076049804688
2021-10-11 00:00:00+05:30,675.2609202917469,691.998180261745,673.625661306808,686.1304931640625
2021-10-12 00:00:00+05:30,679.5894484199508,685.8418637274239,677.5694608047454,681.6094360351562
2021-10-13 00:00:00+05:30,686.6595565549661,688.6315193866254,680.984321735318,682.9081420898438
2021-10-14 00:00:00+05:30,683.1966133502092,702.0019430949387,682.0423095475726,699.59716796875
2021-10-18 00:00:00+05:30,710.8515762086283,720.3745098476543,704.1662891558037,717.055908203125
2021-10-19 00:00:00+05:30,726.2422076981952,726.2422076981952,710.6111668040288,718.9797973632812
2021-10-20 00:00:00+05:30,718.3064164616612,728.5988669799453,713.6411756406886,717.440673828125
2021-10-21 00:00:00+05:30,720.3745607964493,730.9074303505043,709.3125936725454,726.72314453125
2021-10-22 00:00:00+05:30,729.6088405643208,736.6788566031236,724.6549798634347,730.3783569335938
2021-10-25 00:00:00+05:30,769.5281642398962,833.9761479949875,767.9891313955522,809.6398315429688
2021-10-26 00:00:00+05:30,797.1348787547508,809.6397095393108,791.0267146453249,797.8082275390625
2021-10-27 00:00:00+05:30,797.183008068336,816.6616879034899,792.8063287857138,803.1949462890625
2021-10-28 00:00:00+05:30,798.4816558591507,800.261225005106,765.9210181629832,768.2777099609375
2021-10-29 00:00:00+05:30,767.6042757560868,777.9448095460341,754.0413665482897,771.5
2021-11-01 00:00:00+05:30,776.9347875975039,778.8586077680014,762.7946976022804,773.279541015625
2021-11-02 00:00:00+05:30,778.1853206241216,779.1472307855852,767.604308848021,770.4419555664062
2021-11-03 00:00:00+05:30,775.299655315813,775.299655315813,750.7228603664186,756.0133666992188
2021-11-04 00:00:00+05:30,758.4661852269164,758.9471403221777,749.3280384169536,752.3099365234375
2021-11-08 00:00:00+05:30,762.7947877081309,762.7947877081309,743.7008937445914,750.4342651367188
2021-11-09 00:00:00+05:30,754.1375340027245,758.5622970701373,749.5203771692645,756.5903930664062
2021-11-10 00:00:00+05:30,752.7427561275397,754.4260988452852,743.6526937096465,751.1556396484375
2021-11-11 00:00:00+05:30,747.115579737698,747.4041410230534,736.9192975425867,742.0655517578125
2021-11-12 00:00:00+05:30,743.267994769798,750.1937596861887,741.8251295251473,747.0194091796875
2021-11-15 00:00:00+05:30,747.4042333284161,754.6666436733875,742.161810940737,743.8451538085938
2021-11-16 00:00:00+05:30,743.8450559693728,746.2017474164606,732.9754837658305,734.9473876953125
2021-11-17 00:00:00+05:30,731.9174562250028,742.5465516347117,727.4926343111837,732.3021850585938
2021-11-18 00:00:00+05:30,735.7651289767874,738.2660719906005,727.5888923488785,733.84130859375
2021-11-22 00:00:00+05:30,739.0355692866476,741.1036996290563,712.0540008544922,723.3564453125
2021-11-23 00:00:00+05:30,712.7273121306753,729.0797841012621,703.3486885004858,723.2120971679688
2021-11-24 00:00:00+05:30,721.6730622241446,742.8350847085579,718.2582930653174,731.2440795898438
2021-11-25 00:00:00+05:30,726.1460163621073,726.1941001289069,716.9116434333895,722.442626953125
2021-11-26 00:00:00+05:30,710.8516696985639,713.7854841981472,691.2286772538713,694.6915893554688
2021-11-29 00:00:00+05:30,699.0682426590869,700.030152865704,683.4372018015565,691.0363159179688
2021-11-30 00:00:00+05:30,689.4490495697592,704.4067395658299,684.0142341357566,687.1404418945312
2021-12-01 00:00:00+05:30,689.1124221925735,704.8396289134694,687.7657245624437,699.9819946289062
2021-12-02 00:00:00+05:30,697.0001277012248,699.4049032711439,687.9582067845334,694.8839721679688
2021-12-03 00:00:00+05:30,693.0562697626139,701.713461196151,687.8619314183568,689.0162353515625
2021-12-06 00:00:00+05:30,691.6134396741168,699.1163275557735,680.5514722801636,682.5233764648438
2021-12-07 00:00:00+05:30,689.6896197285159,712.7273809719758,684.880068684384,706.6673583984375
2021-12-08 00:00:00+05:30,719.4125586255235,729.8973430717961,715.7572534228193,724.7030639648438
2021-12-09 00:00:00+05:30,730.1379119955152,733.9374689569537,719.8936037821486,726.2421875
2021-12-10 00:00:00+05:30,727.6850034769103,730.8592951207969,722.4425815974355,729.1278686523438
2021-12-13 00:00:00+05:30,733.9374650302553,740.3822749580407,723.8374081720408,725.2802734375
2021-12-14 00:00:00+05:30,722.4425608874742,735.2359533341739,717.8734879629149,729.7531127929688
2021-12-15 00:00:00+05:30,728.7430582731992,730.5707109222462,722.2983076599259,723.5968627929688
2021-12-16 00:00:00+05:30,729.0317339540828,729.0317339540828,710.803524674866,712.9197387695312
2021-12-17 00:00:00+05:30,713.7372615403001,713.7372615403001,698.3947844052855,700.55908203125
2021-12-20 00:00:00+05:30,690.7476748083334,692.7677214067882,671.605697507005,682.9081420898438
2021-12-21 00:00:00+05:30,692.5752812141857,701.18438846579,688.8719507640491,692.9119262695312
2021-12-22 00:00:00+05:30,698.5872565163235,706.9558866841286,692.623401758213,704.8877563476562
2021-12-23 00:00:00+05:30,710.8996889619862,711.3325602742,700.2225097158387,703.4448852539062
2021-12-24 00:00:00+05:30,705.945882176033,705.945882176033,692.1905200704235,699.4048461914062
2021-12-27 00:00:00+05:30,696.422899329144,710.6110730378524,688.8237861976352,707.9658203125
2021-12-28 00:00:00+05:30,712.1983205883165,714.1702247147841,704.5992066839718,707.7734985351562
2021-12-29 00:00:00+05:30,709.8896274997181,716.5749141891056,704.0219995912378,707.67724609375
2021-12-30 00:00:00+05:30,705.368638455147,712.294402660625,701.2324369204533,707.67724609375
2021-12-31 00:00:00+05:30,708.4948521845454,717.8253916302137,708.4948521845454,711.957763671875
2022-01-03 00:00:00+05:30,714.7472556317421,736.8231031671315,714.6991718709905,735.5726318359375
2022-01-04 00:00:00+05:30,738.6989069650325,748.3660921719735,734.5145626116483,743.4122314453125
2022-01-05 00:00:00+05:30,743.5565284847644,765.5361514118554,741.8251019975007,758.0332641601562
2022-01-06 00:00:00+05:30,745.5283605912855,762.3137024374956,744.5183667969989,755.1474609375
2022-01-07 00:00:00+05:30,762.0252843362712,771.7405540270927,756.3019068129162,763.0352783203125
2022-01-10 00:00:00+05:30,769.768595791657,781.8405564047105,768.566208106884,779.86865234375
2022-01-11 00:00:00+05:30,778.9067793142289,783.6682465149016,771.3558077781524,779.7725219726562
2022-01-12 00:00:00+05:30,787.419613439116,794.008733093517,781.1191137936345,792.3734741210938
2022-01-13 00:00:00+05:30,789.7282740343039,796.4616454328911,786.2654207991662,793.287353515625
2022-01-14 00:00:00+05:30,789.7283287234422,790.6902389898532,780.6863487350414,788.7664184570312
2022-01-17 00:00:00+05:30,788.7662442876851,797.3272672525007,783.523822751268,788.0928955078125
2022-01-18 00:00:00+05:30,789.7281203677682,804.1567705571914,787.0347840744747,791.7481079101562
2022-01-19 00:00:00+05:30,784.9186342315298,789.7281846863799,772.6542805716622,777.8004760742188
2022-01-20 00:00:00+05:30,772.4137862693083,781.9848032086095,765.1032932208796,779.3876342773438
2022-01-21 00:00:00+05:30,772.413824277016,780.4457502732224,765.1994983964711,773.856689453125
2022-01-24 00:00:00+05:30,782.032951339666,785.5920306339557,753.4642081648951,768.0371704101562
2022-01-25 00:00:00+05:30,758.9471085257047,773.6643220820446,756.1094618404804,771.1152954101562
2022-01-27 00:00:00+05:30,756.9270935755179,770.9709577814772,751.2998841721226,764.3818969726562
2022-01-28 00:00:00+05:30,773.1352635204412,775.1552513002487,748.8470328468596,751.3961181640625
2022-01-31 00:00:00+05:30,758.8990097108374,768.2776334895249,754.1375428195905,758.7546997070312
2022-02-01 00:00:00+05:30,771.5000321945082,781.8886501819028,759.2356776527822,779.435791015625
2022-02-02 00:00:00+05:30,783.9567211051507,787.5158001700258,778.0409505844574,782.7543334960938
2022-02-03 00:00:00+05:30,783.0429251825383,787.227269450717,775.2995604216349,778.13720703125
2022-02-04 00:00:00+05:30,778.954815327262,781.0710293656399,765.4880734416475,774.3857421875
2022-02-07 00:00:00+05:30,767.6523850364191,774.3376723346677,751.684699997876,756.4461669921875
2022-02-08 00:00:00+05:30,759.9090064015675,765.3919059113421,744.8070055449376,762.3137817382812
2022-02-09 00:00:00+05:30,766.8828461025273,773.6162169682755,763.9490319673754,772.221435546875
2022-02-10 00:00:00+05:30,775.2515358819836,777.9929564623666,765.9690789864078,774.8186645507812
2022-02-11 00:00:00+05:30,766.4980724435595,767.0271699894278,757.8890236490712,760.6785278320312
2022-02-14 00:00:00+05:30,742.5945808847806,744.4703172806362,722.5387792245511,724.9916381835938
2022-02-15 00:00:00+05:30,724.2702555751805,748.3660929705321,714.8916316594186,746.4903564453125
2022-02-16 00:00:00+05:30,746.153663654343,747.9331738250221,731.4364511160719,734.9473876953125
2022-02-17 00:00:00+05:30,737.3041601518302,738.0255927938574,717.8735625844956,721.769287109375
2022-02-18 00:00:00+05:30,718.4025490062162,727.9735664338679,717.1520775933826,720.37451171875
2022-02-21 00:00:00+05:30,717.8253993092255,733.8412256724185,711.8134612915603,725.7130737304688
2022-02-22 00:00:00+05:30,710.2744993905211,730.8112582203097,709.6492342902711,722.68310546875
2022-02-23 00:00:00+05:30,725.857382844603,727.588868099901,714.4106871732275,716.23828125
2022-02-24 00:00:00+05:30,685.7457055273899,699.4047814164884,675.5494236611878,680.4552001953125
2022-02-25 00:00:00+05:30,697.336774399035,711.1401615558102,692.8157849557639,702.2424926757812
2022-02-28 00:00:00+05:30,695.4129200158517,716.3825484983767,688.1505104874749,714.41064453125
2022-03-02 00:00:00+05:30,689.689529087093,697.3367259843092,680.7918608248118,687.6213989257812
2022-03-03 00:00:00+05:30,690.2666973388883,694.4510417005139,667.0366025373921,671.7018432617188
2022-03-04 00:00:00+05:30,664.6798706219661,679.6375607441131,658.9084100955814,661.8422241210938
2022-03-07 00:00:00+05:30,638.2273787606059,641.5940642551984,617.690620727726,628.8487548828125
2022-03-08 00:00:00+05:30,618.7968248379074,643.9508002520391,618.5082635176809,639.6702880859375
2022-03-09 00:00:00+05:30,639.3817244774972,648.8084327366437,632.9369143672521,642.0269775390625
2022-03-10 00:00:00+05:30,667.5175450881378,674.2989997486787,647.9907812312059,650.828369140625
2022-03-11 00:00:00+05:30,648.9527104489741,658.6198957779757,645.0569273475875,652.0789184570312
2022-03-14 00:00:00+05:30,652.2712040541151,671.8461094770455,651.4536039673771,669.6337280273438
2022-03-15 00:00:00+05:30,674.7799141420392,681.128497120255,661.7941281963264,670.7879638671875
2022-03-16 00:00:00+05:30,679.9742710103129,684.3028664465384,674.5394554784743,681.0323486328125
2022-03-17 00:00:00+05:30,690.4590662396927,697.3848307840285,688.9200335455442,692.6714477539062
2022-03-21 00:00:00+05:30,693.5371909555818,695.3648436530518,678.6275842152052,683.6776123046875
2022-03-22 00:00:00+05:30,681.657642004896,693.5372087115915,672.8561407680419,690.8438720703125
2022-03-23 00:00:00+05:30,697.384873358634,699.1162999228361,687.0443390295231,690.9400634765625
2022-03-24 00:00:00+05:30,675.6938543592543,685.5534342394253,671.4133420838435,677.377197265625
2022-03-25 00:00:00+05:30,678.1466448950605,679.2047225589896,670.1147187552602,672.6156616210938
2022-03-28 00:00:00+05:30,675.2609807864912,686.2267808816904,669.15287431622,683.2929077148438
2022-03-29 00:00:00+05:30,687.0924111352373,689.6414965270086,678.9642585933475,688.0543212890625
2022-03-30 00:00:00+05:30,693.5852698630619,703.8777197344883,691.7095334151772,703.0601196289062
2022-03-31 00:00:00+05:30,711.7174057001984,711.7174057001984,700.078256641294,702.4830322265625
2022-04-01 00:00:00+05:30,697.3848103910229,710.1782027568194,695.5571577486239,708.206298828125
2022-04-04 00:00:00+05:30,713.7372854184179,721.2401723640381,697.3848139196131,718.1620483398438
2022-04-05 00:00:00+05:30,718.3544725194936,726.6750186186015,709.8896751272518,713.544921875
2022-04-06 00:00:00+05:30,704.4068467381728,716.5269508116409,704.21445295091,713.3526000976562
2022-04-07 00:00:00+05:30,709.0239586727745,728.9355108172948,709.0239586727745,720.037841796875
2022-04-08 00:00:00+05:30,721.2883355505039,727.2041067282622,715.2763968374726,725.56884765625
2022-04-11 00:00:00+05:30,723.6449987542765,736.2941407922153,723.0197923789597,730.6669311523438
2022-04-12 00:00:00+05:30,728.1660046833707,739.6127592847214,721.6731109824291,734.7550659179688
2022-04-13 00:00:00+05:30,740.2860810788353,743.1237279670322,731.7251153557017,733.216064453125
2022-04-18 00:00:00+05:30,722.3945086883281,733.8412627362319,720.6630821938585,728.9354858398438
2022-04-19 00:00:00+05:30,732.7830989067962,748.2698866683684,728.165942191112,737.1116943359375
2022-04-20 00:00:00+05:30,737.5926680458729,740.670792170988,725.0878364897393,726.7711791992188
2022-04-21 00:00:00+05:30,730.1378422334291,735.0917026821545,722.5868715093972,733.3121337890625
2022-04-22 00:00:00+05:30,728.16595520894,729.9454654330449,717.4887764436427,719.172119140625
2022-04-25 00:00:00+05:30,719.1720880092134,733.167867799067,715.6610927662143,723.5487670898438
2022-04-26 00:00:00+05:30,738.7470149253732,739.2760537799318,723.0198070370735,725.039794921875
2022-04-27 00:00:00+05:30,720.4707043268018,721.432614479441,704.6472705738188,708.6392211914062
2022-04-28 00:00:00+05:30,710.947738756268,723.2602351314856,706.6672857353999,718.691162109375
2022-04-29 00:00:00+05:30,721.5287701571733,731.0036202312174,711.909668788805,714.98779296875
2022-05-02 00:00:00+05:30,704.1182599395875,715.4687884533765,703.2525172833952,712.7754516601562
2022-05-04 00:00:00+05:30,717.7773924713242,718.546908877988,693.6815540562385,696.6634521484375
2022-05-05 00:00:00+05:30,702.9639203826171,714.6992358629452,698.8277185120185,701.0401000976562
2022-05-06 00:00:00+05:30,688.968090578463,695.460983578679,683.2447138954657,691.8538208007812
2022-05-09 00:00:00+05:30,678.4352728002569,692.5753649092218,677.617672589709,683.2929077148438
2022-05-10 00:00:00+05:30,678.1467034450756,692.5753567098644,678.1467034450756,684.2067260742188
2022-05-11 00:00:00+05:30,690.6514625149543,692.3828889797495,680.2147612521699,686.9962158203125
2022-05-12 00:00:00+05:30,680.5995021565014,683.6295425564442,666.8922827754618,669.2970581054688
2022-05-13 00:00:00+05:30,675.6457637644213,675.6457637644213,649.28940018393,651.5498657226562
2022-05-16 00:00:00+05:30,650.9245970604578,664.6318164202733,650.0107706944032,656.984619140625
2022-05-17 00:00:00+05:30,659.9665606704501,684.880058181118,659.0527929543505,682.9562377929688
2022-05-18 00:00:00+05:30,685.2166551246631,689.6895606969994,679.2047168340687,680.4071044921875
2022-05-19 00:00:00+05:30,666.6999285843003,672.0866608694896,659.4856021660154,664.006591796875
2022-05-20 00:00:00+05:30,668.3352008943386,684.7839006802468,667.2771231494877,682.5233764648438
2022-05-23 00:00:00+05:30,682.5233213277435,698.2986709514657,680.5033335379057,683.9661865234375
2022-05-24 00:00:00+05:30,683.966200988479,690.0262231964891,679.1566502344494,681.1766967773438
2022-05-25 00:00:00+05:30,684.9281174017736,693.3929150641945,684.4952460878859,686.1785888671875
2022-05-26 00:00:00+05:30,695.4610807671478,705.0801828524473,688.1986704348147,700.7515869140625
2022-05-27 00:00:00+05:30,705.6092160303642,712.9678525503654,703.3968343106686,711.6211547851562
2022-05-30 00:00:00+05:30,720.2302846863976,723.3084091643542,715.9497724209845,719.9898071289062
2022-05-31 00:00:00+05:30,712.7753997788676,727.8774004231318,712.2944447182881,724.1740112304688
2022-06-01 00:00:00+05:30,719.5088444816322,726.8193386686997,715.8535973880984,723.9817504882812
2022-06-02 00:00:00+05:30,722.4426101312393,723.11595898177,714.8916388990363,721.192138671875
2022-06-03 00:00:00+05:30,727.3483774414684,728.1659775781285,712.9678090748398,715.94970703125
2022-06-06 00:00:00+05:30,712.0058968143595,722.346430811289,711.4287155046086,718.306396484375
2022-06-07 00:00:00+05:30,712.7754292259489,714.6511657817688,704.4548828500401,707.2444458007812
2022-06-08 00:00:00+05:30,708.5430400104985,712.7754684354117,698.779686566501,701.7135009765625
2022-06-09 00:00:00+05:30,697.3847966111182,706.1381547120357,694.6433764120208,704.839599609375
2022-06-10 00:00:00+05:30,697.144390657213,700.559159993908,690.6514970567491,692.5753173828125
2022-06-13 00:00:00+05:30,675.5013469208119,675.5494306822643,656.1188355186239,661.7941284179688
2022-06-14 00:00:00+05:30,656.4075670911068,668.1909674562671,654.7242241817981,659.3894653320312
2022-06-15 00:00:00+05:30,661.3132314449573,669.8261128310595,659.966533744062,661.07275390625
2022-06-16 00:00:00+05:30,673.3371990431558,673.3852828153043,650.5399135620544,652.6561279296875
2022-06-17 00:00:00+05:30,645.6821532032684,666.2670527820757,644.4316818180885,660.6879272460938
2022-06-20 00:00:00+05:30,659.8704104290523,661.601837081696,651.7903411029278,659.8223266601562
2022-06-21 00:00:00+05:30,664.2470427306498,681.0323866000778,662.3713061949807,669.5856323242188
2022-06-22 00:00:00+05:30,667.8061461675592,672.2790520134938,659.0046444876252,660.447509765625
2022-06-23 00:00:00+05:30,663.9103630737355,679.1085309188036,660.8322390102239,672.5194702148438
2022-06-24 00:00:00+05:30,683.8219212330318,688.0062067307631,679.6375770249666,686.2747802734375
2022-06-27 00:00:00+05:30,701.0881501892466,701.0881501892466,688.8237964616818,690.0261840820312
2022-06-28 00:00:00+05:30,683.9661835712957,689.9781218607387,680.0704593018035,683.2447509765625
2022-06-29 00:00:00+05:30,678.0985136948439,679.7818563126428,674.2508734255891,675.9822998046875
2022-06-30 00:00:00+05:30,675.9823664543122,684.7838679221638,674.4914174450397,680.2628784179688
2022-07-01 00:00:00+05:30,676.6557517085529,679.830043672348,667.6618559824033,677.088623046875
2022-07-04 00:00:00+05:30,678.002318554656,693.6333578653325,678.002318554656,692.6714477539062
2022-07-05 00:00:00+05:30,695.5091176817302,704.2625352158726,690.7476507282008,692.0462646484375
2022-07-06 00:00:00+05:30,695.4609984979778,704.0220218253087,694.4990884032364,698.2986450195312
2022-07-07 00:00:00+05:30,707.9178207765542,715.6611861154397,705.0801739551308,713.7373657226562
2022-07-08 00:00:00+05:30,722.6830991108424,728.6469539079985,716.1902054621572,726.91552734375
2022-07-11 00:00:00+05:30,726.2421229351953,742.1617232919068,726.2421229351953,740.1898193359375
2022-07-12 00:00:00+05:30,736.1978069526762,738.2178532116258,728.8392305595595,730.9554443359375
2022-07-13 00:00:00+05:30,735.6207927617427,735.6207927617427,721.3364504106216,724.5107421875
2022-07-14 00:00:00+05:30,721.432603123371,730.5707494296004,720.2782992163064,723.7412109375
2022-07-15 00:00:00+05:30,724.5588181214936,730.0898014659325,715.8535430344874,722.5869140625
2022-07-18 00:00:00+05:30,730.3302505967531,743.7008246021837,728.9835529593954,742.5946044921875
2022-07-19 00:00:00+05:30,738.5546408544184,752.2137774556554,737.9294344497446,750.9152221679688
2022-07-20 00:00:00+05:30,759.4280377870839,759.4761215508933,750.5784529637742,753.2717895507812
2022-07-21 00:00:00+05:30,755.0032627037406,758.8989868755986,750.3860472448966,756.0613403320312
2022-07-22 00:00:00+05:30,759.0433046266951,773.2796223541096,759.0433046266951,769.5762329101562
2022-07-25 00:00:00+05:30,772.4137864917292,786.6500437908554,766.7384935925267,770.393798828125
2022-07-26 00:00:00+05:30,771.0671058836498,772.2214097355484,761.4961474412256,765.968994140625
2022-07-27 00:00:00+05:30,764.718588281616,773.1833860702128,764.3819432048724,770.0090942382812
2022-07-28 00:00:00+05:30,776.2133832557163,784.4377030415528,774.6262080732151,783.5719604492188
2022-07-29 00:00:00+05:30,789.3915794534339,792.0368323370208,777.2233927048,787.4196166992188
2022-08-01 00:00:00+05:30,789.4396351728058,793.5758368835868,786.1691173306066,792.0368041992188
2022-08-02 00:00:00+05:30,788.7663486892387,790.6901690518954,781.2634610169454,786.60205078125
2022-08-03 00:00:00+05:30,786.6020895513332,796.4616693959081,780.638234391083,793.383544921875
2022-08-04 00:00:00+05:30,792.6139378476455,798.3373147962578,777.560021005119,789.0067749023438
2022-08-05 00:00:00+05:30,791.748193305573,808.8702403453466,791.748193305573,806.2730712890625
2022-08-08 00:00:00+05:30,809.5631921761261,815.0789944859878,804.2893695647675,809.9019165039062
2022-08-10 00:00:00+05:30,814.9338149348046,825.4331460989276,814.9338149348046,821.3204956054688
2022-08-11 00:00:00+05:30,832.2552912138466,838.4968549181506,830.3682985968268,831.9166259765625
2022-08-12 00:00:00+05:30,836.0293076257171,848.899473062235,830.7554261885765,846.1416015625
2022-08-16 00:00:00+05:30,852.9638133694502,855.9152333962162,848.0770282021615,850.8348999023438
2022-08-17 00:00:00+05:30,853.3024759064973,856.8829132175096,850.0123906157576,854.7056274414062
2022-08-18 00:00:00+05:30,852.0927841286835,858.9633650789451,846.7705305625299,856.4957275390625
2022-08-19 00:00:00+05:30,856.3990149386066,858.237635318903,836.3679753190374,842.2708740234375
2022-08-22 00:00:00+05:30,837.577562692972,839.3678107269875,822.1430152518094,824.7073974609375
2022-08-23 00:00:00+05:30,818.0303989411165,839.9484317589669,815.5628203147241,835.98095703125
2022-08-24 00:00:00+05:30,829.3523071984492,847.0608858274338,829.3523071984492,845.0771484375
2022-08-25 00:00:00+05:30,845.0771471360761,852.9637834319626,838.6904660215745,844.1578369140625
2022-08-26 00:00:00+05:30,845.8996983939115,849.1414112105084,839.2710376950179,842.706298828125
2022-08-29 00:00:00+05:30,822.578553999964,833.1746899177208,819.6271339840993,828.1911010742188
2022-08-30 00:00:00+05:30,832.6908149001724,861.9632113565701,831.3360357366329,858.6246948242188
2022-09-01 00:00:00+05:30,835.109967295738,857.0763710637874,835.109967295738,846.0931396484375
2022-09-02 00:00:00+05:30,845.8513119492113,852.8186382751104,838.9807893180364,844.206298828125
2022-09-05 00:00:00+05:30,843.3836943531853,857.2699740492576,843.3836943531853,853.9314575195312
2022-09-06 00:00:00+05:30,853.9798538402657,861.1891006795504,849.7220269779261,855.0927124023438
2022-09-07 00:00:00+05:30,850.1575143125283,854.1250483069637,844.303046547282,847.8834838867188
2022-09-08 00:00:00+05:30,856.8828858383836,871.6884168302877,856.8828858383836,869.7530517578125
2022-09-09 00:00:00+05:30,880.7362997186498,882.4781165024692,868.688640114694,872.1239013671875
2022-09-12 00:00:00+05:30,875.8010507589318,879.5266638893588,873.623765094288,877.881591796875
2022-09-13 00:00:00+05:30,884.4134833949648,884.4134833949648,876.0430056649864,880.5911254882812
2022-09-14 00:00:00+05:30,869.2207866727828,892.4451661664057,869.0272383644723,888.4292602539062
2022-09-15 00:00:00+05:30,890.2679573802188,906.3798956687386,886.1553064901472,887.9454956054688
2022-09-16 00:00:00+05:30,885.3327596651574,887.9454552145844,875.9462274246139,879.7201538085938
2022-09-19 00:00:00+05:30,875.7042498019863,883.0102405275197,866.4144627928192,870.1400756835938
2022-09-20 00:00:00+05:30,879.8169338004462,892.6870991353413,878.0266857521228,887.1229248046875
2022-09-21 00:00:00+05:30,882.5264794881863,887.3648922046785,876.3817189633032,885.6714477539062
2022-09-22 00:00:00+05:30,876.7203576495209,882.2361597916347,866.3661429375974,874.2044067382812
2022-09-23 00:00:00+05:30,872.559352125053,875.6559480442714,850.351026172373,853.7379150390625
2022-09-26 00:00:00+05:30,841.8837311623375,849.5284461393312,831.4327725190591,833.2229614257812
2022-09-27 00:00:00+05:30,836.9970288789647,846.577050634224,821.175383834994,824.9977416992188
2022-09-28 00:00:00+05:30,816.724071662099,835.3519607373306,816.724071662099,822.0463256835938
2022-09-29 00:00:00+05:30,830.2716815832371,833.7553153634176,813.9178218057762,816.6273803710938
2022-09-30 00:00:00+05:30,816.6273039608087,839.0291189080637,810.434112194796,834.142333984375
2022-10-03 00:00:00+05:30,831.9166422617177,833.1262453651974,818.3690875027453,820.9334106445312
2022-10-04 00:00:00+05:30,837.0454198204252,844.4482150774257,832.3037516206572,839.6098022460938
2022-10-06 00:00:00+05:30,844.8352463345713,862.8825496852432,844.8352463345713,856.8345336914062
2022-10-07 00:00:00+05:30,848.851120372951,855.9151909732008,844.5932936497752,854.0281982421875
2022-10-10 00:00:00+05:30,843.8192448433513,861.0439836709703,842.5612692495802,853.254150390625
2022-10-11 00:00:00+05:30,854.7056245622693,854.7056245622693,837.4808867374292,842.4644165039062
2022-10-12 00:00:00+05:30,839.9000717968735,843.5288813192437,833.6585076058656,840.287109375
2022-10-13 00:00:00+05:30,834.4809545241243,837.4808056192348,823.0139408776964,826.0137329101562
2022-10-14 00:00:00+05:30,855.2378190572801,855.2378190572801,840.4806602874627,842.125732421875
2022-10-17 00:00:00+05:30,843.819169079309,858.8182483462003,840.480652526728,856.5925903320312
2022-10-18 00:00:00+05:30,867.0919241532964,871.5916715685945,862.3503151667695,867.9144897460938
2022-10-19 00:00:00+05:30,870.9626189074545,871.5432638427761,856.93122271231,863.26953125
2022-10-20 00:00:00+05:30,860.9471461376742,864.4307795695652,851.6573585482091,859.9310913085938
2022-10-21 00:00:00+05:30,859.3021074302151,880.591123605288,857.0764493698978,877.833251953125
2022-10-24 00:00:00+05:30,895.1064043163051,903.3317064100225,887.9455294567113,896.3643798828125
2022-10-25 00:00:00+05:30,911.6053273434834,912.7665582070067,893.1226144069194,895.1547241210938
2022-10-27 00:00:00+05:30,896.1223975772693,903.5251925773455,890.509850700247,894.5257568359375
2022-10-28 00:00:00+05:30,888.3326220800642,897.5256067312196,871.8820179674705,878.5106201171875
2022-10-31 00:00:00+05:30,883.1071176224569,887.4133170073659,875.3656568181832,879.3331909179688
2022-11-01 00:00:00+05:30,891.2356151901904,891.2356151901904,870.4788129913081,879.236328125
2022-11-02 00:00:00+05:30,890.8485192322834,890.9936952377803,873.1883129460064,875.46240234375
2022-11-03 00:00:00+05:30,871.9303670762977,884.3166921482643,868.059636799892,879.2847900390625
2022-11-04 00:00:00+05:30,877.0106512647051,883.8812325567034,871.1078115500653,876.04296875
2022-11-07 00:00:00+05:30,880.8329957218846,890.364644722872,874.2527665336913,887.8486938476562
2022-11-09 00:00:00+05:30,890.2679352862438,892.1065557341796,876.4784591146905,881.074951171875
2022-11-10 00:00:00+05:30,878.2202700516638,883.4457793492138,874.7366365617335,881.2684936523438
2022-11-11 00:00:00+05:30,895.9773177319772,898.0094275096842,874.3012044773703,877.2526245117188
2022-11-14 00:00:00+05:30,875.7527248604484,877.2526210297223,862.4470895379831,866.0275268554688
2022-11-15 00:00:00+05:30,871.4465218331568,884.1231988683949,869.7530773449218,882.2362060546875
2022-11-16 00:00:00+05:30,883.0587131853342,888.4293396104207,878.7525139570553,884.0747680664062
2022-11-17 00:00:00+05:30,883.4941722971123,892.4936082418244,880.9297899025129,890.0744018554688
2022-11-18 00:00:00+05:30,890.0744148177511,892.2033282812789,881.1233510578792,890.6066284179688
2022-11-21 00:00:00+05:30,884.5101788391943,894.9127657321499,884.5101788391943,891.6226806640625
2022-11-22 00:00:00+05:30,893.8967609871374,896.5578880157866,890.6550480500273,893.848388671875
2022-11-23 00:00:00+05:30,897.0417039012154,901.7349405392831,893.8483633697614,897.4771728515625
2022-11-24 00:00:00+05:30,897.5739874507686,910.2506649996778,897.5739874507686,908.5087890625
2022-11-25 00:00:00+05:30,909.911871692526,912.4278817096287,897.5255471136236,900.2350463867188
2022-11-28 00:00:00+05:30,894.1386218139668,913.2987233260214,894.0902495019402,907.1055908203125
2022-11-29 00:00:00+05:30,903.3800210752162,919.201666001015,903.3800210752162,916.1534423828125
2022-11-30 00:00:00+05:30,917.4113797435194,927.2333807160768,910.5892299501535,922.1046752929688
2022-12-01 00:00:00+05:30,925.1045587003108,926.0722412930936,905.9928274928515,909.815185546875
2022-12-02 00:00:00+05:30,898.251360173674,904.2993763342832,896.1708189893614,900.525390625
2022-12-05 00:00:00+05:30,906.718550059355,906.718550059355,898.3965037479066,903.4284057617188
2022-12-06 00:00:00+05:30,895.1063668137049,899.7028589676131,890.4615023443921,892.8323364257812
2022-12-07 00:00:00+05:30,892.2032737055537,903.041329623835,890.8969259428682,892.3484497070312
2022-12-08 00:00:00+05:30,895.1063530529038,903.3800269902132,893.9451221877637,901.7833862304688
2022-12-09 00:00:00+05:30,901.8801321809183,904.5896314951109,895.1547266788406,899.8480224609375
2022-12-12 00:00:00+05:30,895.1547131011699,903.718738934402,895.1547131011699,900.2350463867188
2022-12-13 00:00:00+05:30,899.4609218974406,905.6541137851639,897.8158497651402,902.7994384765625
2022-12-14 00:00:00+05:30,905.7508406860252,905.7992129995994,890.2679203324179,891.9613647460938
2022-12-15 00:00:00+05:30,886.3971966272971,890.1711821157284,875.752688807537,879.4298706054688
2022-12-16 00:00:00+05:30,876.2365593751624,884.1715681914225,870.5756400158575,872.8496704101562
2022-12-19 00:00:00+05:30,878.6557188314514,881.1716697316784,872.0271172648877,877.1558227539062
2022-12-20 00:00:00+05:30,876.7203441907743,882.9619081225438,866.7532262625047,880.30078125
2022-12-21 00:00:00+05:30,880.8330193559941,886.2520178769291,858.3344006248467,863.4147338867188
2022-12-22 00:00:00+05:30,871.3981042199335,874.6398170181222,857.7053730160692,861.866455078125
2022-12-23 00:00:00+05:30,854.5120629604986,860.8988032205845,847.0125232068142,850.4962158203125
2022-12-26 00:00:00+05:30,852.6250513893447,868.0112272022727,846.9641322283046,864.3340454101562
2022-12-27 00:00:00+05:30,868.688659551625,873.5754447437527,859.495675087415,871.5433349609375
2022-12-28 00:00:00+05:30,867.0435181778438,874.7366058492067,866.84996986572,869.898193359375
2022-12-29 00:00:00+05:30,868.8821594099194,893.5096323243187,860.6084266035422,878.7041015625
2022-12-30 00:00:00+05:30,879.139556373027,879.139556373027,859.8342785729984,862.0599365234375
2023-01-02 00:00:00+05:30,865.1081661717191,877.6880388341714,865.1081661717191,873.2850952148438
2023-01-03 00:00:00+05:30,869.4627704497066,876.6720172537239,867.7693259886192,872.2206420898438
2023-01-04 00:00:00+05:30,869.9465903334593,878.5589884345696,865.8823119142538,870.0433349609375
2023-01-05 00:00:00+05:30,871.7851926344346,873.8173022704675,843.8191446066974,850.7380981445312
2023-01-06 00:00:00+05:30,850.5446171070525,850.5446171070525,832.6908616598616,841.9805908203125
2023-01-09 00:00:00+05:30,845.9964872549142,850.35105882214,834.4326687249722,845.1255493164062
2023-01-10 00:00:00+05:30,847.1092921682771,850.0123396958412,828.9168137454193,833.5133056640625
2023-01-11 00:00:00+05:30,835.0132596375089,842.7062883246897,827.2233681992996,838.3033447265625
2023-01-12 00:00:00+05:30,837.52917383229,841.254727699147,827.3201356345016,832.8359375
2023-01-13 00:00:00+05:30,836.755068178072,846.6254414742714,830.5618765632579,845.2222900390625
2023-01-16 00:00:00+05:30,848.8994826102181,849.0930309249112,833.2230141225258,837.2872924804688
2023-01-17 00:00:00+05:30,838.9323684728654,839.9000509881896,830.3683427746539,837.1905517578125
2023-01-18 00:00:00+05:30,836.5131783943544,843.8191697140958,830.9006315092457,841.3999633789062
2023-01-19 00:00:00+05:30,839.9483920867604,842.4159705966048,834.1422972105845,838.158203125
2023-01-20 00:00:00+05:30,845.2706967636465,848.1737443770304,837.5776087756478,842.2224731445312
2023-01-23 00:00:00+05:30,853.4959878330195,854.7539633041429,836.6582882575105,843.5288696289062
2023-01-24 00:00:00+05:30,850.5929389316187,853.2056935599804,839.9484311634187,842.6095581054688
2023-01-25 00:00:00+05:30,845.077098119616,848.4639868002098,820.5947431838545,827.6588134765625
2023-01-27 00:00:00+05:30,812.0308667721081,815.7564211082152,786.8226881223743,790.7902221679688
2023-01-30 00:00:00+05:30,774.1459969831512,799.5476625091609,770.2752669982355,796.8865356445312
2023-01-31 00:00:00+05:30,799.3057860504701,811.2082695992232,787.7903400840028,805.01513671875
2023-02-01 00:00:00+05:30,816.191876185139,846.915797809219,796.5479318096759,820.5464477539062
2023-02-02 00:00:00+05:30,801.6282311010465,832.7875613023073,799.402514032967,830.1748657226562
2023-02-03 00:00:00+05:30,836.7067208592392,844.4481810776783,824.5622578914393,835.8841552734375
2023-02-06 00:00:00+05:30,833.6585076979579,839.7548958836825,822.1914932310632,826.110595703125
2023-02-07 00:00:00+05:30,827.3685698899242,828.3362524278072,819.8206579069681,825.1912841796875
2023-02-08 00:00:00+05:30,824.9493783308778,832.884387096269,824.3687924228041,831.3360595703125
2023-02-09 00:00:00+05:30,830.7554820497575,836.9486740907996,824.0784487262168,832.9811401367188
2023-02-10 00:00:00+05:30,827.9008094833026,834.0456292295034,824.4655481784239,826.2557373046875
2023-02-13 00:00:00+05:30,825.8203066835285,831.5295982555967,821.9011451301623,823.1591796875
2023-02-14 00:00:00+05:30,826.3041477973615,839.2710584470253,824.562271968352,837.335693359375
2023-02-15 00:00:00+05:30,838.4001911703535,845.0287930620101,832.7875850885544,842.657958984375
2023-02-16 00:00:00+05:30,847.6415602493975,849.4317493814649,836.9002482690221,841.3516235351562
2023-02-17 00:00:00+05:30,839.5129712878102,839.5129712878102,827.5137432933884,834.7713623046875
2023-02-20 00:00:00+05:30,834.7713537474057,838.5452801570017,822.7720668133345,824.562255859375
2023-02-21 00:00:00+05:30,826.7879086540337,831.6746932125201,819.4818589086323,826.5943603515625
2023-02-22 00:00:00+05:30,823.7397538390513,826.4976254250806,807.7729920906293,812.1275634765625
2023-02-23 00:00:00+05:30,809.514854112909,817.1595701542185,806.611806359904,812.6114501953125
2023-02-24 00:00:00+05:30,816.6757001552671,818.2723409257021,808.5471431075151,812.5630493164062
2023-02-27 00:00:00+05:30,806.6118061869664,830.5619501441226,806.6118061869664,828.723388671875
2023-02-28 00:00:00+05:30,827.2718200485879,830.2716122720615,822.5301520177766,827.223388671875
2023-03-01 00:00:00+05:30,836.0776930578087,836.0776930578087,824.3203268741219,828.6265258789062
2023-03-02 00:00:00+05:30,825.4331354145703,833.9971015297435,823.5945151221156,826.4008178710938
2023-03-03 00:00:00+05:30,829.0620699895568,844.786912285828,822.3850364048458,840.480712890625
2023-03-06 00:00:00+05:30,843.5772118992917,848.5123689804957,837.3840203291142,839.7064819335938
2023-03-08 00:00:00+05:30,838.6420711240055,845.4158486956811,833.6584825712115,843.9158935546875
2023-03-09 00:00:00+05:30,839.1743935191705,841.6903447470089,826.5461469354024,828.2879638671875
2023-03-10 00:00:00+05:30,817.4014008412539,818.030359014257,809.2244720910029,815.4176635742188
2023-03-13 00:00:00+05:30,814.2564181239363,827.658796575545,797.3219750667736,801.628173828125
2023-03-14 00:00:00+05:30,800.2735455608877,807.4827930619672,791.806322436755,803.5152587890625
2023-03-15 00:00:00+05:30,809.4180227330859,816.6756413377892,795.6285473841493,799.208984375
2023-03-16 00:00:00+05:30,802.886228653789,804.4344971185735,784.1131634393323,797.273681640625
2023-03-17 00:00:00+05:30,804.9182883848257,811.305028296212,792.193298999629,809.2244873046875
2023-03-20 00:00:00+05:30,809.9503044168963,810.7244386539869,798.3381136725679,809.4180908203125
2023-03-21 00:00:00+05:30,815.7563608240233,826.8847097557864,811.9340030740609,824.8526000976562
2023-03-22 00:00:00+05:30,829.9329340902065,834.6745429845437,823.4978217289552,832.4005126953125
2023-03-23 00:00:00+05:30,829.3039121932823,839.4162062490099,825.2396338332466,827.8040161132812
2023-03-24 00:00:00+05:30,824.9493447241754,832.2069635927165,821.7076319212885,824.8526000976562
2023-03-27 00:00:00+05:30,827.3202329170024,828.7233844694034,816.7724691784372,821.272216796875
2023-03-28 00:00:00+05:30,827.9007210734906,831.1424927686556,820.788278581185,827.1265869140625
2023-03-29 00:00:00+05:30,829.352331482036,834.2391166284191,820.5948160711663,823.4978637695312
2023-03-31 00:00:00+05:30,834.0939446257819,852.5282844810888,830.7554281804934,848.8994750976562
2023-04-03 00:00:00+05:30,851.7542203344012,858.4311947113953,840.7709875930993,855.2378540039062
2023-04-05 00:00:00+05:30,857.9473279969231,859.0601865581069,845.7545514523069,856.011962890625
2023-04-06 00:00:00+05:30,853.4960068359375,861.3342118450829,844.4965709573414,846.7222290039062
2023-04-10 00:00:00+05:30,851.6090049377871,854.2701319147354,836.4648086702014,840.3839111328125
2023-04-11 00:00:00+05:30,845.4642830137524,856.9796702925302,837.0454327447134,853.3992919921875
2023-04-12 00:00:00+05:30,854.8991446182802,863.1728184534817,851.8509210177381,861.3826293945312
2023-04-13 00:00:00+05:30,862.3018181294501,872.5109153520875,857.8505024300003,869.946533203125
2023-04-17 00:00:00+05:30,887.6551614909503,887.6551614909503,864.2856641308982,872.1722412109375
2023-04-18 00:00:00+05:30,878.6074008266793,878.6074008266793,865.2049618009515,867.8660888671875
2023-04-19 00:00:00+05:30,866.9467798245536,867.9144623295201,858.5763025315322,863.0760498046875
2023-04-20 00:00:00+05:30,863.4147591759163,870.236909372004,860.4633391974846,865.4953002929688
2023-04-21 00:00:00+05:30,865.6404154507798,871.5916867731976,853.8831078765245,857.028076171875
2023-04-24 00:00:00+05:30,875.7526628125863,877.2041865631045,866.0758378091324,875.5107421875
2023-04-25 00:00:00+05:30,877.0107332480105,886.3972663306375,873.9141370989526,883.9296875
2023-04-26 00:00:00+05:30,881.9942756119498,887.316529658685,876.4784732418931,885.3811645507812
2023-04-27 00:00:00+05:30,880.1072370809303,890.1711587440801,879.1879268899205,888.6712036132812
2023-04-28 00:00:00+05:30,885.5262587849612,890.7033957534178,880.8330221437257,887.993896484375
2023-05-02 00:00:00+05:30,894.1386692839658,895.880486047962,889.0099636211668,892.300048828125
2023-05-03 00:00:00+05:30,889.8324772678072,893.9935004213415,882.091016865825,893.0258178710938
2023-05-04 00:00:00+05:30,890.2679527423538,894.0419383409981,882.3329439597278,891.9130249023438
2023-05-05 00:00:00+05:30,895.106415298882,911.9924886757009,893.6065190641563,896.993408203125
2023-05-08 00:00:00+05:30,897.0417142320913,911.2666593771053,897.0417142320913,907.5894775390625
2023-05-09 00:00:00+05:30,910.5893181947338,914.4600485590047,901.686626544379,904.20263671875
2023-05-10 00:00:00+05:30,904.3960428952724,910.5892345341686,898.2512826316067,905.7991943359375
2023-05-11 00:00:00+05:30,909.6699796963557,916.3953853081388,903.670336005355,908.8474731445312
2023-05-12 00:00:00+05:30,909.3796019336227,917.3629823177167,904.8798548193457,913.3955078125
2023-05-15 00:00:00+05:30,913.2503649686147,918.3306981247315,907.8797388732504,915.1857299804688
2023-05-16 00:00:00+05:30,919.2984223538758,921.4273357760685,912.5246445049526,915.766357421875
2023-05-17 00:00:00+05:30,916.6857031275833,917.7501894111974,905.5573533737447,908.9926147460938
2023-05-18 00:00:00+05:30,917.314711609197,921.4757348819819,911.6537330904164,915.9115600585938
2023-05-19 00:00:00+05:30,920.7016009331666,925.1045448518862,911.1698920993472,923.45947265625
2023-05-22 00:00:00+05:30,920.3144134762877,923.4110092338516,915.5728047480459,919.6370239257812
2023-05-23 00:00:00+05:30,921.2337828236806,927.8623846317511,914.4600050088006,922.5885620117188
2023-05-24 00:00:00+05:30,916.1050779412483,923.0239727062751,908.1700692529853,910.2506103515625
2023-05-25 00:00:00+05:30,906.7185078782338,911.169823779576,902.7994055425181,909.4763793945312
2023-05-26 00:00:00+05:30,909.4280061165383,921.6692134262162,905.3153554715091,919.9757690429688
2023-05-29 00:00:00+05:30,923.0239830690742,926.6527926566437,916.2018328569751,917.5082397460938
2023-05-30 00:00:00+05:30,914.7986250754225,921.5240302432906,914.1212945775248,919.25
2023-05-31 00:00:00+05:30,918.8145563715582,921.23376268112,910.1054136571358,918.4758911132812
2023-06-01 00:00:00+05:30,923.4110568080118,923.4110568080118,902.6542546695372,905.8475952148438
2023-06-02 00:00:00+05:30,912.5245963573434,914.121296105405,904.8315086794461,907.8313598632812
2023-06-05 00:00:00+05:30,912.524632867169,921.0402273846815,912.524632867169,916.1534423828125
2023-06-06 00:00:00+05:30,915.9115132741265,917.1694887487128,907.782956409231,911.6536865234375
2023-06-07 00:00:00+05:30,913.8310328693285,915.2825567585027,903.6219933280021,909.815185546875
2023-06-08 00:00:00+05:30,906.3314429874264,919.7822539132716,904.9767228695448,907.5894775390625
2023-06-09 00:00:00+05:30,910.9763299208923,913.4922807980292,905.9443691039659,907.7345581054688
2023-06-12 00:00:00+05:30,907.6861909387297,913.0084447235517,903.1380713464422,905.7024536132812
2023-06-13 00:00:00+05:30,905.6541484806579,915.6696395390605,903.9122725899293,913.056884765625
2023-06-14 00:00:00+05:30,915.4760554275856,916.3469933389074,905.9927783452874,909.4280395507812
2023-06-15 00:00:00+05:30,910.2990230245307,912.476308849158,894.47737726131,896.6546630859375
2023-06-16 00:00:00+05:30,899.2674258863005,907.4443556462712,897.041767724973,904.0090942382812
2023-06-19 00:00:00+05:30,903.3316527921857,903.7671217485372,889.0099629857297,893.316162109375
2023-06-20 00:00:00+05:30,891.187294543562,898.541658614634,885.2360229801786,895.6386108398438
2023-06-21 00:00:00+05:30,898.0094418025799,898.3965384629029,890.2679810973852,894.8161010742188
2023-06-22 00:00:00+05:30,894.5257445090998,905.3153691622226,890.9453073749864,895.8320922851562
2023-06-23 00:00:00+05:30,896.1223637087963,901.7833417486228,889.3002139237615,893.65478515625
2023-06-26 00:00:00+05:30,897.1384485290017,901.6865682253899,893.3645221055212,897.4771728515625
2023-06-27 00:00:00+05:30,899.9447553905696,909.5732084032469,892.3968434482118,905.8475952148438
2023-06-28 00:00:00+05:30,913.4923618648676,913.4923618648676,904.1058289611399,907.154052734375
2023-06-30 00:00:00+05:30,910.1054690270411,911.7505412301584,900.5738192125333,904.3961181640625
2023-07-03 00:00:00+05:30,906.7184853671359,915.1857070821438,906.2346441262783,912.089111328125
2023-07-04 00:00:00+05:30,916.6373175188082,920.5564201279725,911.5569840092028,914.1697387695312
2023-07-05 00:00:00+05:30,911.6053679395459,933.5717744448986,910.5893130372112,927.0399169921875
2023-07-06 00:00:00+05:30,923.8465943019188,932.7492860755926,923.1692046662566,928.3947143554688
2023-07-07 00:00:00+05:30,922.2014392920128,924.1851766406033,913.2987483173766,915.8147583007812
2023-07-10 00:00:00+05:30,915.4277212868661,922.1047547183556,910.9279736618201,917.7501831054688
2023-07-11 00:00:00+05:30,917.7501989021147,921.9112222579627,911.4602620196803,914.4116821289062
2023-07-12 00:00:00+05:30,917.7501246070915,920.4112515342325,910.8311709714633,913.87939453125
2023-07-13 00:00:00+05:30,917.0727487171628,928.2494701654196,911.7504947834543,924.814208984375
2023-07-14 00:00:00+05:30,928.7333276529091,933.8136610419978,920.6047706053051,929.0236206054688
2023-07-17 00:00:00+05:30,931.7814963207601,942.3292000589743,922.056240014047,937.39404296875
2023-07-18 00:00:00+05:30,946.393481874633,956.0219345303666,939.7648803965843,943.9259033203125
2023-07-19 00:00:00+05:30,948.3288481005554,948.3288481005554,936.2811891871556,941.9905395507812
2023-07-20 00:00:00+05:30,944.5065612098798,965.8923814574687,940.6842032435259,963.4247436523438
2023-07-21 00:00:00+05:30,963.1344078710805,969.0856790406557,956.84447144192,964.7794799804688
2023-07-24 00:00:00+05:30,972.4726020590396,976.1014116649148,958.1024805821794,959.9411010742188
2023-07-25 00:00:00+05:30,966.714794812472,966.714794812472,956.312208181607,962.5537719726562
2023-07-26 00:00:00+05:30,961.0055423866522,965.5052899891136,958.0057500267827,964.247314453125
2023-07-27 00:00:00+05:30,970.1501028645305,973.9724606478103,955.2961997425043,958.2476196289062
2023-07-28 00:00:00+05:30,956.070362346762,966.4245774762064,945.4742265790718,964.00537109375
2023-07-31 00:00:00+05:30,963.8117566441534,967.1019007236218,956.6508826183228,966.0374145507812
2023-08-01 00:00:00+05:30,969.2792731138692,971.2630105764858,958.4412164810167,962.40869140625
2023-08-02 00:00:00+05:30,953.4092491126727,961.9732162053438,945.9097092186121,955.0543212890625
2023-08-03 00:00:00+05:30,944.9903812949868,951.2319455477858,929.023619238488,933.8136596679688
2023-08-04 00:00:00+05:30,937.3457361804816,944.458179377576,930.1848616052202,939.1359252929688
2023-08-07 00:00:00+05:30,939.5713262813622,949.7803647470605,936.910199431587,944.1194458007812
2023-08-08 00:00:00+05:30,944.2162714278614,954.7156037290013,940.8777547355696,948.232177734375
2023-08-09 00:00:00+05:30,951.2078418442472,951.5492947573501,940.1342034996886,949.0126342773438
2023-08-10 00:00:00+05:30,947.8906587198094,949.9395549383418,936.0853435299007,940.6220703125
2023-08-11 00:00:00+05:30,939.9391281743053,940.0366691362146,926.8654236423497,929.64599609375
2023-08-14 00:00:00+05:30,925.8897886538025,939.4513172807983,922.9628451701761,936.182861328125
2023-08-16 00:00:00+05:30,931.2070262658186,936.42671801736,923.5481555397309,933.2070922851562
2023-08-17 00:00:00+05:30,933.6462023482969,934.4754791838435,923.4019001385633,928.4752807617188
2023-08-18 00:00:00+05:30,924.8166022554632,931.7436780317744,922.9628475581766,927.4996337890625
2023-08-21 00:00:00+05:30,927.548427427032,935.9389751584126,925.3044492708552,931.9388427734375
2023-08-22 00:00:00+05:30,933.1096469094867,933.6462413283504,926.1825113015468,928.8167724609375
2023-08-23 00:00:00+05:30,930.7680634965125,944.4759040942181,926.7191010359882,943.3051147460938
2023-08-24 00:00:00+05:30,948.8175418923399,958.4764795059389,943.2075667089148,945.35400390625
2023-08-25 00:00:00+05:30,939.5000885244812,948.9150543418253,936.8170569956474,946.7686767578125
2023-08-28 00:00:00+05:30,946.3296741533865,951.2566840430246,941.5489757166163,946.9150390625
2023-08-29 00:00:00+05:30,949.5979999303318,953.4518206829681,942.134329925956,944.1831665039062
2023-08-30 00:00:00+05:30,946.8174880873403,952.134780892738,932.133999542189,935.5487670898438
2023-08-31 00:00:00+05:30,936.6219035202087,942.6709318902067,930.8167871042523,935.40234375
2023-09-01 00:00:00+05:30,933.597414127154,949.3540905448681,929.5972223729281,945.1100463867188
2023-09-04 00:00:00+05:30,945.1100680190779,945.4515209412026,937.1585143582263,943.7929077148438
2023-09-05 00:00:00+05:30,940.6220495025765,946.3783955216684,938.8171248357994,944.8173828125
2023-09-06 00:00:00+05:30,939.1098712979502,945.8906360915063,927.6460085088062,934.182861328125
2023-09-07 00:00:00+05:30,934.0852438880298,945.8905586551218,931.4509828721614,942.1343383789062
2023-09-08 00:00:00+05:30,943.9393249350013,951.2566840430246,937.8415256783153,946.9150390625
2023-09-11 00:00:00+05:30,951.2078643033275,958.086169598933,945.7442007229635,954.427490234375
2023-09-12 00:00:00+05:30,965.9888674492851,970.9159365012332,958.7203389445621,966.379150390625
2023-09-13 00:00:00+05:30,965.6962280273438,970.6232377499122,956.671485433468,965.6962280273438
2023-09-14 00:00:00+05:30,968.1353562233099,968.720780666579,958.3301071739512,963.6473999023438
2023-09-15 00:00:00+05:30,966.2328420296343,973.2087481037405,964.5254582610313,968.28173828125
2023-09-18 00:00:00+05:30,965.9889473337481,971.9892056473607,963.257145164905,966.0865478515625
2023-09-20 00:00:00+05:30,957.6471152335464,971.7452382810216,956.7690679161975,963.1107788085938
2023-09-21 00:00:00+05:30,956.0861166419703,958.574006734418,934.1340401518692,935.93896484375
2023-09-22 00:00:00+05:30,933.2071092502335,937.4999833370895,924.328738198691,927.1580810546875
2023-09-25 00:00:00+05:30,927.1581334740866,937.7927187843896,918.5724443637747,933.060791015625
2023-09-26 00:00:00+05:30,935.5974971770788,935.5974971770788,924.0360346784909,925.5971069335938
2023-09-27 00:00:00+05:30,923.2555077433504,923.4506492144903,911.6453345707359,920.1334228515625
2023-09-28 00:00:00+05:30,922.4750324374734,924.1824161569504,911.9868181606855,919.6456298828125
2023-09-29 00:00:00+05:30,923.6457967074638,932.7193094608657,920.718853267733,928.7191772460938
2023-10-03 00:00:00+05:30,928.4264195210825,928.4264195210825,916.133281102177,917.401611328125
2023-10-04 00:00:00+05:30,912.2307137467868,912.7185376578814,902.4742355248961,907.4012451171875
2023-10-05 00:00:00+05:30,912.425857939374,920.9627764089626,911.7916630335349,917.938232421875
2023-10-06 00:00:00+05:30,922.9628794283824,923.4994738438675,915.1576965156688,922.182373046875
2023-10-09 00:00:00+05:30,917.3529458957726,919.1091002211714,913.4991247477328,915.7431030273438
2023-10-10 00:00:00+05:30,917.4992699211415,934.1828244813858,917.4504398891626,928.0362548828125
2023-10-11 00:00:00+05:30,931.6461674042404,938.6220138894535,927.5972049567132,929.8899536132812
2023-10-12 00:00:00+05:30,929.6460320781218,936.7194790060307,925.3044467752193,931.011962890625
2023-10-13 00:00:00+05:30,926.8166882827292,934.0852766849174,921.548166066008,928.1337890625
2023-10-16 00:00:00+05:30,925.4020425542179,931.597382962648,923.1092937854471,928.2314453125
2023-10-17 00:00:00+05:30,932.1340040397615,937.5488378388338,928.3289535059158,930.6705322265625
2023-10-18 00:00:00+05:30,926.0849317410963,927.4996330037417,916.2308529331116,920.7676391601562
2023-10-19 00:00:00+05:30,913.2063753381311,921.9872058702285,911.2550796643318,912.9624633789062
2023-10-20 00:00:00+05:30,909.303786581178,917.108969298613,907.3524909018192,910.0355224609375
2023-10-23 00:00:00+05:30,919.060255373007,921.7920573857958,902.8645252231158,907.3037109375
2023-10-25 00:00:00+05:30,903.4986624227306,911.0599331166206,889.2054574209906,893.7909545898438
2023-10-26 00:00:00+05:30,892.034835673972,894.2788138653154,877.1074351720209,886.5224609375
2023-10-27 00:00:00+05:30,893.6934385485141,895.7911052641983,889.1078817029663,890.5225830078125
2023-10-30 00:00:00+05:30,886.9614255083601,903.7425802279794,886.083378183647,902.376708984375
2023-10-31 00:00:00+05:30,906.6695650029363,908.3281783124116,891.8397052839899,893.0592651367188
2023-11-01 00:00:00+05:30,891.5469815954225,895.2544314664859,887.1565663286538,891.7908935546875
2023-11-02 00:00:00+05:30,897.6447821752898,902.279109409575,890.5713353440126,897.5472412109375
2023-11-03 00:00:00+05:30,905.9377853890679,911.7429019177837,904.2304016776113,911.0599365234375
2023-11-06 00:00:00+05:30,918.0846246991575,924.6702476712292,914.5723162669136,922.42626953125
2023-11-07 00:00:00+05:30,920.6212426036691,927.3044657799691,907.791509730304,925.0116577148438
2023-11-08 00:00:00+05:30,925.3532028172963,925.3532028172963,911.3526206284945,912.9624633789062
2023-11-09 00:00:00+05:30,911.2550412038593,919.4016764786073,910.2793934081378,914.5234375
2023-11-10 00:00:00+05:30,912.1332534052325,918.523735295646,909.6941336341723,915.7431030273438
2023-11-13 00:00:00+05:30,917.987093425993,917.987093425993,909.3038036701303,911.6941528320312
2023-11-15 00:00:00+05:30,921.401875563048,921.401875563048,915.8894412581842,918.1821899414062
2023-11-16 00:00:00+05:30,916.1333033243815,923.1579795407855,911.2550642225477,913.2063598632812
2023-11-17 00:00:00+05:30,903.9864967116965,915.5479593765705,897.7423862479302,899.4009399414062
2023-11-20 00:00:00+05:30,899.5473366065142,904.1816639914177,895.1569211892373,899.0107421875
2023-11-21 00:00:00+05:30,901.8888706577264,905.4499494794524,899.5472920649286,903.5474243164062
2023-11-22 00:00:00+05:30,900.7668766589127,902.6694018743736,892.4738699417713,900.279052734375
2023-11-23 00:00:00+05:30,900.52294921875,902.8156978051427,896.1325339733714,900.52294921875
2023-11-24 00:00:00+05:30,899.0594483982376,907.7427376445077,897.7911181670157,906.76708984375
2023-11-28 00:00:00+05:30,906.2793237215551,908.3769308976238,899.2546471984909,902.9620971679688
2023-11-29 00:00:00+05:30,908.2306003744137,918.1821607285481,903.4499021267856,916.7186889648438
2023-11-30 00:00:00+05:30,916.0845371003845,917.9382322384056,905.5963229827007,912.1819458007812
2023-12-01 00:00:00+05:30,913.1575988110403,928.8167345798552,910.2794258014757,923.6458129882812
2023-12-04 00:00:00+05:30,940.2318186642837,970.6232126126973,937.987840581793,967.0621337890625
2023-12-05 00:00:00+05:30,978.0869688482517,991.0143028504854,970.8183804617602,988.7703247070312
2023-12-06 00:00:00+05:30,989.3068784993693,991.502086070004,975.8917211232683,978.8186645507812
2023-12-07 00:00:00+05:30,972.0866896120442,977.7942651351568,964.0864250614673,974.6721801757812
2023-12-08 00:00:00+05:30,970.2817634001109,988.1848771958599,969.0622036170539,986.2335815429688
2023-12-11 00:00:00+05:30,982.574942236379,995.1608235299625,980.1846526032307,992.3314208984375
2023-12-12 00:00:00+05:30,992.3313863725926,996.1364367379356,984.0383797983786,990.9655151367188
2023-12-13 00:00:00+05:30,990.0873978964831,995.8437438660465,984.6237939125858,989.2093505859375
2023-12-14 00:00:00+05:30,997.3559845806298,1014.6737333957984,996.3803367600569,1008.4783935546875
2023-12-15 00:00:00+05:30,1018.234945315164,1018.2836562511309,1000.7219942122084,1012.1371459960938
2023-12-18 00:00:00+05:30,1004.8685091425787,1004.8685091425787,993.209564351382,996.5755615234375
2023-12-19 00:00:00+05:30,1000.5268676099422,1000.5268676099422,987.9409865576811,990.7216186523438
2023-12-20 00:00:00+05:30,997.1120339024774,997.1120339024774,977.5990782488085,982.1358642578125
2023-12-21 00:00:00+05:30,972.2818028712693,986.2823845261098,965.1108153630744,979.940673828125
2023-12-22 00:00:00+05:30,978.5259862915714,984.965238040039,967.4523478809576,970.0866088867188
2023-12-26 00:00:00+05:30,970.6720445389727,973.2087050634708,965.7938054158475,970.8671264648438
2023-12-27 00:00:00+05:30,973.6478046781592,980.4285692907043,967.8426879365178,977.8430786132812
2023-12-28 00:00:00+05:30,983.4530114256305,987.0629203019365,974.7697219298256,981.4041748046875
2023-12-29 00:00:00+05:30,979.5992158632049,983.9896312060448,969.501284394201,972.3306274414062
2024-01-01 00:00:00+05:30,967.4035679755073,980.3796718566513,966.8669735931653,975.0624389648438
2024-01-02 00:00:00+05:30,972.7208216223713,973.3550164890929,956.3787215600095,958.3300170898438
2024-01-03 00:00:00+05:30,960.720498665219,963.9401248241994,951.3542430995774,960.0863037109375
2024-01-04 00:00:00+05:30,962.3790429363942,965.0620744677926,957.9886277031968,963.1107788085938
2024-01-05 00:00:00+05:30,963.9400163911056,973.9891767169987,959.8422837638905,969.501220703125
2024-01-08 00:00:00+05:30,969.7938939733564,973.89162656188,956.4275074685884,958.0861206054688
2024-01-09 00:00:00+05:30,962.2326408633471,970.7695590966088,951.6468860736289,955.8909301757812
2024-01-10 00:00:00+05:30,950.5736686217577,970.7208201257515,950.5736686217577,968.8670654296875
2024-01-11 00:00:00+05:30,971.0622694484135,974.1843544018284,962.8180334077583,967.0133666992188
2024-01-12 00:00:00+05:30,970.5744738257089,984.1360028238887,967.598759779006,979.0626220703125
2024-01-15 00:00:00+05:30,979.0625946865415,987.0141482984905,974.9160914205547,985.2579345703125
2024-01-16 00:00:00+05:30,981.5993048814522,991.0631011947543,980.1358330664721,984.4774780273438
2024-01-17 00:00:00+05:30,963.8425433060156,983.2578999623713,952.9640458633737,957.84228515625
2024-01-18 00:00:00+05:30,950.2322029973618,970.086612247944,946.5247532036159,962.3302001953125
2024-01-19 00:00:00+05:30,967.1596680050709,986.2824009262613,963.500988695396,974.8673095703125
2024-01-23 00:00:00+05:30,1033.3085624484331,1033.6013044278507,996.331546511633,1003.9904174804688
2024-01-24 00:00:00+05:30,1004.3805964528723,1010.7223072563087,972.379419549497,974.8673095703125
2024-01-25 00:00:00+05:30,974.086809350288,990.380080339403,964.0864191743161,985.3555297851562
2024-01-29 00:00:00+05:30,995.1608069755424,1006.8685811752547,985.4043284757821,991.6484985351562
2024-01-30 00:00:00+05:30,990.233827264166,998.9170576629135,983.4530625914942,992.1363525390625
2024-01-31 00:00:00+05:30,992.0387268414895,1013.6981211276084,978.8187103188384,1003.1123657226562
2024-02-01 00:00:00+05:30,1008.7709929318956,1008.7709929318956,992.6240933363141,1000.1853637695312
2024-02-02 00:00:00+05:30,1011.8443169459497,1024.4301974773407,996.770605964979,999.0633544921875
2024-02-05 00:00:00+05:30,997.5999136860917,1001.4536750045531,987.453152358168,998.5755615234375
2024-02-06 00:00:00+05:30,998.6243361843565,1009.6979749138608,991.9411722900987,1001.4049682617188
2024-02-07 00:00:00+05:30,1002.9660000480089,1006.4295975899541,988.3312821484757,997.2584838867188
2024-02-08 00:00:00+05:30,999.1609693476559,1003.2099318661822,961.2570730572876,965.2084350585938
2024-02-09 00:00:00+05:30,964.7693393163379,989.0629942650385,961.5009428835466,986.0872802734375
2024-02-12 00:00:00+05:30,985.7946468678402,987.5508011511549,961.2570787394588,971.8428344726562
2024-02-13 00:00:00+05:30,981.5017091699309,1002.0391434670632,975.9405046734194,994.9656372070312
2024-02-14 00:00:00+05:30,984.9652512089306,1010.4784061393933,983.013955556177,997.7950439453125
2024-02-15 00:00:00+05:30,997.9413639559355,1001.6488733670452,982.0870866412254,991.8923950195312
2024-02-16 00:00:00+05:30,998.2828945562029,1001.2097785647912,992.136324995411,998.3316650390625
2024-02-19 00:00:00+05:30,998.4291584000189,1020.5276050243264,998.4291584000189,1018.3323974609375
2024-02-20 00:00:00+05:30,1015.6983130621115,1027.0158050957184,1008.0882116597372,1023.2107543945312
2024-02-21 00:00:00+05:30,1031.0647512783883,1038.08936853922,1022.4790020950211,1026.332763671875
2024-02-22 00:00:00+05:30,1030.284129893754,1040.0406083965356,1014.9665062834417,1036.8209228515625
2024-02-23 00:00:00+05:30,1043.9431665127322,1043.9431665127322,1031.8939397655,1035.455078125
2024-02-26 00:00:00+05:30,1027.4547652461576,1036.4307972587308,1024.9181045612984,1028.5279541015625
2024-02-27 00:00:00+05:30,1025.1618901176007,1040.235600463148,1021.0153871121286,1034.3817138671875
2024-02-28 00:00:00+05:30,1037.1135865360943,1038.9185111032964,1016.7713542133081,1020.72265625
2024-02-29 00:00:00+05:30,1017.6495772588014,1034.869667204587,1013.2103317291641,1026.57666015625
2024-03-01 00:00:00+05:30,1029.3084513108604,1063.40729502092,1028.3328034897127,1060.431640625
2024-03-04 00:00:00+05:30,1054.6752013263406,1068.3342696136383,1053.7970945454895,1065.748779296875
2024-03-05 00:00:00+05:30,1059.748545239955,1072.7247080376237,1050.2848096430214,1061.5535888671875
2024-03-06 00:00:00+05:30,1053.9923671118995,1086.4326564967669,1053.9923671118995,1070.3831787109375
2024-03-07 00:00:00+05:30,1068.285589791398,1068.3344198240536,1056.3339033595764,1061.4560546875
2024-03-11 00:00:00+05:30,1061.456016908724,1061.456016908724,1050.5288087704587,1052.4312744140625
2024-03-12 00:00:00+05:30,1050.821543798178,1068.1392927948118,1029.9426563996108,1050.6263427734375
2024-03-13 00:00:00+05:30,1050.9190113988607,1063.1146084324603,1047.016420348109,1057.5533447265625
2024-03-14 00:00:00+05:30,1053.6996058624843,1070.383159135781,1048.8701969746664,1057.2119140625
2024-03-15 00:00:00+05:30,1045.894380788199,1059.797361129833,1043.9430853016538,1054.041015625
2024-03-18 00:00:00+05:30,1048.8702225929605,1058.3827887115601,1034.2355054874226,1054.870361328125
2024-03-19 00:00:00+05:30,1052.1872820317788,1062.2365016265157,1049.0652568302282,1057.5533447265625
2024-03-20 00:00:00+05:30,1053.6995510243776,1063.4560283486774,1041.503954369003,1058.0899658203125
2024-03-21 00:00:00+05:30,1065.4073702120015,1073.212552411357,1052.870320123813,1055.455810546875
2024-03-22 00:00:00+05:30,1054.821699696048,1067.0660087880365,1052.431290998509,1063.7489013671875
2024-03-26 00:00:00+05:30,1054.675246883473,1062.626800085145,1050.7238257477718,1057.3094482421875
2024-03-27 00:00:00+05:30,1057.3095684040516,1065.8953174560265,1053.2607249476644,1057.3583984375
2024-03-28 00:00:00+05:30,1058.5778569174774,1078.1396428341293,1058.5778569174774,1066.67578125
2024-04-01 00:00:00+05:30,1069.3589072693567,1076.0907823680045,1067.7977753821392,1072.8712158203125
2024-04-02 00:00:00+05:30,1067.7976947713503,1067.7976947713503,1052.967895743458,1054.870361328125
2024-04-03 00:00:00+05:30,1048.8213958942579,1057.2607732714453,1046.1383644163889,1050.9677734375
2024-04-04 00:00:00+05:30,1058.3339827305892,1059.358460590309,1037.5526363294593,1052.57763671875
2024-04-05 00:00:00+05:30,1043.9432619814309,1059.5536285157325,1041.4553121759684,1057.0169677734375
2024-04-08 00:00:00+05:30,1052.089788769452,1065.1634932016668,1050.0897822238517,1060.675537109375
2024-04-09 00:00:00+05:30,1065.3586857606263,1088.0913296616127,1061.7976661736764,1080.091064453125
2024-04-10 00:00:00+05:30,1083.8959718279336,1089.3596952702449,1078.2372855450287,1082.3837890625
2024-04-12 00:00:00+05:30,1076.6275082635652,1084.7741447920198,1069.115066719454,1077.505615234375
2024-04-15 00:00:00+05:30,1073.4077256256494,1079.2129018387545,1050.3824599986701,1052.08984375
2024-04-16 00:00:00+05:30,1044.4797084070326,1048.4310101922226,1036.8207785700372,1041.06494140625
2024-04-18 00:00:00+05:30,1047.8457510924395,1051.7971723738806,1024.8691974587614,1029.7474365234375
2024-04-19 00:00:00+05:30,1027.308320425271,1045.8944589628718,1022.5764523362437,1041.2601318359375
2024-04-22 00:00:00+05:30,1052.52893245238,1062.1877507445827,1044.2846367847953,1060.187744140625
2024-04-23 00:00:00+05:30,1073.2126398224318,1073.2126398224318,1056.3338843025326,1063.7000732421875
2024-04-24 00:00:00+05:30,1065.6513328508768,1071.6515907716011,1062.4804774315448,1070.041748046875
2024-04-25 00:00:00+05:30,1063.4561708666527,1098.2380410085623,1063.407340834438,1086.6278076171875
2024-04-26 00:00:00+05:30,1085.066791491599,1092.7256033742926,1075.8956777866083,1080.9202880859375
2024-04-29 00:00:00+05:30,1081.017770192159,1135.1173934530657,1080.9202292309824,1131.8978271484375
2024-04-30 00:00:00+05:30,1131.702618945696,1141.0689331118688,1118.8241156136564,1122.38525390625
2024-05-02 00:00:00+05:30,1115.16550183226,1127.361100058772,1105.6529352155806,1111.701904296875
2024-05-03 00:00:00+05:30,1113.5069115913466,1129.2148177723732,1107.7992765304286,1114.2386474609375
2024-05-06 00:00:00+05:30,1113.7508047401204,1130.2391574450266,1110.3847483382629,1118.3851318359375
2024-05-07 00:00:00+05:30,1119.9948918245757,1124.6780491020515,1098.8722113377237,1104.3358154296875
2024-05-08 00:00:00+05:30,1099.1160631064367,1104.4332959114815,1088.8717613334063,1095.6524658203125
2024-05-09 00:00:00+05:30,1093.262260852585,1101.3600666593375,1082.9691282557828,1088.5302734375
2024-05-10 00:00:00+05:30,1090.7742298713763,1101.408814608253,1084.969173156462,1089.847412109375
2024-05-13 00:00:00+05:30,1085.3106792591882,1103.1162523100456,1079.7494151217084,1100.53076171875
2024-05-14 00:00:00+05:30,1098.4818990233766,1100.4331946539014,1091.3109114007254,1093.26220703125
2024-05-15 00:00:00+05:30,1094.7743968933958,1100.335660935582,1086.3838494464303,1096.9696044921875
2024-05-16 00:00:00+05:30,1105.4089352594046,1108.8725325190837,1085.7008977331961,1103.5064697265625
2024-05-17 00:00:00+05:30,1103.5065025670874,1116.1410940609796,1093.3109114992967,1102.9698486328125
2024-05-21 00:00:00+05:30,1094.8719034888254,1106.1895131432295,1089.0668467710689,1093.65234375
2024-05-22 00:00:00+05:30,1097.603764437141,1098.481871268217,1071.3588150501846,1084.042236328125
2024-05-23 00:00:00+05:30,1088.383958228494,1109.311556039796,1084.3349960118126,1106.8724365234375
2024-05-24 00:00:00+05:30,1102.4819339811972,1107.3601726271318,1096.7744185849785,1104.3843994140625
2024-05-27 00:00:00+05:30,1104.3358239678098,1119.8486485845435,1094.2378925514201,1102.2869873046875
2024-05-28 00:00:00+05:30,1104.9211184411913,1107.5553198262376,1097.6037600409186,1099.5062255859375
2024-05-29 00:00:00+05:30,1087.896192626463,1096.1891994265106,1071.7491729237856,1075.1639404296875
2024-05-30 00:00:00+05:30,1070.2857077875317,1093.7012565449618,1070.1881668205704,1086.5789794921875
2024-05-31 00:00:00+05:30,1090.774348346767,1103.0674880238118,1084.188725045031,1093.7501220703125
2024-06-03 00:00:00+05:30,1141.5079429889547,1144.4348864325161,1108.6286592786682,1131.75146484375
2024-06-04 00:00:00+05:30,1129.702743807571,1131.1662156790471,1027.8939077680864,1045.35791015625
2024-06-05 00:00:00+05:30,1058.5778828175676,1095.8964118662052,1025.454687026523,1081.6519775390625
2024-06-06 00:00:00+05:30,1090.7741517877903,1090.7741517877903,1069.8952667444207,1083.3592529296875
2024-06-07 00:00:00+05:30,1083.3594059306379,1100.8235264178431,1076.724952853582,1094.3841552734375
2024-06-10 00:00:00+05:30,1088.8228833488845,1105.6039769227384,1087.9447765589168,1096.4329833984375
2024-06-11 00:00:00+05:30,1092.4816621333332,1101.5552346286859,1083.9447435857408,1090.9693603515625
2024-06-12 00:00:00+05:30,1093.701262866966,1105.7993202810974,1084.9204320321733,1092.28662109375
2024-06-13 00:00:00+05:30,1094.872014336748,1095.8476622265855,1078.0909182705975,1080.3836669921875
2024-06-14 00:00:00+05:30,1086.8716106071388,1086.8716106071388,1072.6758879821507,1078.7249755859375
2024-06-18 00:00:00+05:30,1086.8228143148967,1107.4090780810202,1074.3833049204777,1095.506103515625
2024-06-19 00:00:00+05:30,1100.4818894098034,1137.166342002539,1098.7257948267247,1116.580078125
2024-06-20 00:00:00+05:30,1125.9464849282854,1131.751542182319,1107.8481690931235,1128.6295166015625
2024-06-21 00:00:00+05:30,1135.2151467086508,1141.410486972395,1122.629265145151,1130.4344482421875
2024-06-24 00:00:00+05:30,1126.531878313925,1147.0204843368606,1124.580582502217,1141.6055908203125
2024-06-25 00:00:00+05:30,1141.7519447999034,1176.631356914064,1139.2152841020384,1168.77734375
2024-06-26 00:00:00+05:30,1172.728745333667,1193.0709797006668,1164.7771913357117,1188.339111328125
2024-06-27 00:00:00+05:30,1198.4370480300415,1204.9251302431871,1179.6558263643078,1190.19287109375
2024-06-28 00:00:00+05:30,1197.119858680918,1197.119858680918,1167.2162295895332,1170.3870849609375
2024-07-01 00:00:00+05:30,1170.3870597440186,1185.7535123666644,1163.0209904215824,1182.3387451171875
2024-07-02 00:00:00+05:30,1187.3634506753801,1187.3634506753801,1156.6793729867939,1161.6063232421875
2024-07-03 00:00:00+05:30,1167.70405183156,1186.24136013032,1150.7277562015904,1172.33837890625
2024-07-04 00:00:00+05:30,1199.0711636260962,1204.8762204814082,1184.729188396717,1202.9737548828125
2024-07-05 00:00:00+05:30,1195.1685483777583,1212.339925743088,1191.1195862106667,1203.364013671875
2024-07-08 00:00:00+05:30,1198.9736190942626,1209.3154620742414,1187.2658453589734,1204.973876953125
2024-07-09 00:00:00+05:30,1204.8762530735444,1219.7548826422453,1199.3639380524303,1217.8524169921875
2024-07-10 00:00:00+05:30,1222.2429000724055,1222.2429000724055,1206.2422507799674,1212.9254150390625
2024-07-11 00:00:00+05:30,1215.998657353838,1227.1698965417374,1195.2174298923792,1208.291015625
2024-07-12 00:00:00+05:30,1205.8031641621653,1222.389177096727,1200.144359168967,1202.876220703125
2024-07-15 00:00:00+05:30,1203.071361476852,1208.2910537479374,1194.241819735426,1199.998046875
2024-07-16 00:00:00+05:30,1200.0467517768816,1214.6814682619654,1199.0711040112092,1209.7056884765625
2024-07-18 00:00:00+05:30,1204.8275385430438,1225.8526779859858,1201.7053940039573,1219.8525390625
2024-07-19 00:00:00+05:30,1213.706011208785,1220.0477226821429,1210.0473315126171,1218.2427978515625
2024-07-22 00:00:00+05:30,1209.8032741772045,1214.974255165563,1202.8761986042646,1210.92529296875
2024-07-23 00:00:00+05:30,1210.9253291470568,1218.2426878788428,1182.972994972106,1196.8759765625
2024-07-24 00:00:00+05:30,1195.1685807983697,1203.6079582700647,1172.777510944099,1193.21728515625
2024-07-25 00:00:00+05:30,1176.143415035895,1188.5829244027202,1161.6062390935692,1168.728515625
2024-07-26 00:00:00+05:30,1161.020907069825,1190.2903417018374,1157.0694857554495,1177.802001953125
2024-07-29 00:00:00+05:30,1185.5583771757993,1212.486231027865,1174.826252016832,1183.16796875
2024-07-30 00:00:00+05:30,1183.4607897362628,1200.876079269409,1175.0702424166864,1179.9971923828125
2024-07-31 00:00:00+05:30,1189.3148299701952,1194.827264609521,1181.509646508537,1185.314697265625
2024-08-01 00:00:00+05:30,1182.97292613369,1192.875774860644,1177.5093224180825,1180.63134765625
2024-08-02 00:00:00+05:30,1167.8504929230744,1172.3872793090957,1161.118498843589,1167.4114990234375
2024-08-05 00:00:00+05:30,1153.2156685567127,1159.9476620150213,1138.5809519506631,1144.0445556640625
2024-08-06 00:00:00+05:30,1146.3862463365044,1158.776926636575,1133.215000102,1138.4346923828125
2024-08-07 00:00:00+05:30,1150.2400266838533,1151.069422664435,1133.312559694185,1143.8983154296875
2024-08-08 00:00:00+05:30,1138.5322506611303,1145.8008988559393,1130.6783566530576,1136.239501953125
2024-08-09 00:00:00+05:30,1147.8984979263976,1152.1912530849597,1140.5323091971482,1143.0689697265625
2024-08-12 00:00:00+05:30,1152.3189994398172,1159.4533399572713,1137.5582949209468,1154.09033203125
2024-08-13 00:00:00+05:30,1164.3243778306348,1170.2779103089574,1145.0370803987933,1149.7113037109375
2024-08-14 00:00:00+05:30,1148.3827912230433,1151.3841824712085,1134.6061339161688,1143.1181640625
2024-08-16 00:00:00+05:30,1151.33488320732,1173.9679621079767,1147.0543031789523,1168.3096923828125
2024-08-19 00:00:00+05:30,1171.9999545311712,1176.67417769156,1154.58237101426,1157.140869140625
2024-08-20 00:00:00+05:30,1155.4679086606573,1170.8191375512558,1151.3349594196018,1160.6341552734375
2024-08-21 00:00:00+05:30,1158.223268928432,1159.846970432822,1146.513086110094,1156.1075439453125
2024-08-22 00:00:00+05:30,1163.1435847596479,1173.5744592109102,1157.829706794536,1172.098388671875
2024-08-23 00:00:00+05:30,1173.968043848346,1185.7766075752363,1169.589082848793,1184.300537109375
2024-08-26 00:00:00+05:30,1186.3178499958535,1195.5677952382332,1181.889638715724,1193.9442138671875
2024-08-27 00:00:00+05:30,1193.9442695051366,1212.8379237983015,1189.6144386937667,1206.7860107421875
2024-08-28 00:00:00+05:30,1203.1451193533376,1206.8352956977394,1197.8804917932434,1204.325927734375
2024-08-29 00:00:00+05:30,1199.504093644897,1215.2980967161698,1197.5852499624118,1202.4071044921875
2024-08-30 00:00:00+05:30,1210.3777397050092,1215.8392482869917,1199.4548426639624,1209.5904541015625
2024-09-02 00:00:00+05:30,1219.2341641068904,1219.4309254466023,1202.997389524353,1210.3284912109375
2024-09-03 00:00:00+05:30,1207.6224463883482,1230.9935629487222,1200.930998773239,1227.79541015625
2024-09-04 00:00:00+05:30,1220.070629288316,1223.859186152754,1213.1331701237295,1216.62646484375
2024-09-05 00:00:00+05:30,1218.2502546691317,1224.9909529744998,1211.65718744667,1216.23291015625
2024-09-06 00:00:00+05:30,1206.3923063523205,1214.21555165295,1185.7765708665058,1188.8763427734375
2024-09-09 00:00:00+05:30,1183.710090812365,1218.5453765912819,1181.299103730193,1215.2979736328125
2024-09-10 00:00:00+05:30,1217.216888818786,1221.5467196441462,1207.4256692162026,1217.5614013671875
2024-09-11 00:00:00+05:30,1211.8538609951502,1219.5294755207808,1206.83524540051,1216.62646484375
2024-09-12 00:00:00+05:30,1218.2502705064035,1236.9471648033514,1206.7860981365827,1232.174560546875
2024-09-13 00:00:00+05:30,1232.0267776590285,1235.9137150505585,1222.2355585854264,1230.403076171875
2024-09-16 00:00:00+05:30,1231.042802375231,1245.4098646133787,1224.8432581989914,1242.7037353515625
2024-09-17 00:00:00+05:30,1239.849987924078,1251.9538142521255,1238.3247871252927,1247.8699951171875
2024-09-18 00:00:00+05:30,1241.8672616672682,1274.6852037097235,1241.8672616672682,1267.796875
2024-09-19 00:00:00+05:30,1267.7968764476732,1279.2610475522447,1264.8447355687065,1271.388671875
2024-09-20 00:00:00+05:30,1274.340862241716,1340.616403523679,1270.9459481482343,1317.09765625
2024-09-23 00:00:00+05:30,1309.7664484410157,1310.553734024932,1287.62539277616,1300.8116455078125
2024-09-24 00:00:00+05:30,1299.9260678444703,1310.1601805182468,1294.4645590257803,1297.5643310546875
2024-09-25 00:00:00+05:30,1289.8395992053097,1306.568398126912,1289.1999446337225,1302.7305908203125
2024-09-26 00:00:00+05:30,1298.9419832399822,1312.0789860913483,1295.8914616978661,1307.84765625
2024-09-27 00:00:00+05:30,1311.7346011418329,1311.7346011418329,1283.0496081575457,1285.7557373046875
2024-09-30 00:00:00+05:30,1271.4871691598821,1276.1122623682022,1250.625419751032,1252.69189453125
2024-10-01 00:00:00+05:30,1249.542987688833,1259.8262312755362,1247.3780121127852,1254.069580078125
2024-10-03 00:00:00+05:30,1233.6012439093365,1245.5574384870451,1228.2382360313827,1236.307373046875
2024-10-04 00:00:00+05:30,1227.2048887996382,1244.2289485494368,1216.4787533567373,1219.97216796875
2024-10-07 00:00:00+05:30,1221.7435594913184,1242.8020684792546,1205.4575341441214,1214.215576171875
2024-10-08 00:00:00+05:30,1221.202267135771,1227.8938344569156,1210.1317389284563,1216.8724365234375
2024-10-09 00:00:00+05:30,1223.2195743635768,1244.9177369185495,1212.9854623508438,1224.302001953125
2024-10-10 00:00:00+05:30,1226.8606284171833,1234.6837542167523,1218.2502169484444,1223.6624755859375
2024-10-11 00:00:00+05:30,1217.2661601929808,1221.0055869072553,1202.5054549359925,1203.489501953125
2024-10-14 00:00:00+05:30,1201.5213486036762,1218.1517663968125,1197.9788035414683,1212.099853515625
2024-10-15 00:00:00+05:30,1219.1849221736488,1238.2263267782284,1215.691627570544,1235.470947265625
2024-10-16 00:00:00+05:30,1228.5826203359522,1234.9296751311315,1221.7926723383464,1223.3179931640625
2024-10-17 00:00:00+05:30,1229.5175181191341,1236.897870871355,1204.867212000474,1211.60791015625
2024-10-18 00:00:00+05:30,1208.3604278039818,1248.6572232672752,1205.7035490362575,1244.327392578125
2024-10-21 00:00:00+05:30,1244.3274858742436,1252.0522311372122,1230.6000776735575,1238.9644775390625
2024-10-22 00:00:00+05:30,1246.3938747133964,1264.4019824079978,1239.653176958133,1247.279541015625
2024-10-23 00:00:00+05:30,1240.8832443668052,1247.7223228428932,1223.2196490881518,1231.6331787109375
2024-10-24 00:00:00+05:30,1230.3047750515273,1240.3420065108755,1221.251590602818,1232.764892578125
2024-10-25 00:00:00+05:30,1227.3526156126327,1248.657257098042,1214.5107542672154,1235.4217529296875
2024-10-28 00:00:00+05:30,1264.9924978474703,1286.9367953731105,1260.1706432204314,1272.2252197265625
2024-10-29 00:00:00+05:30,1280.5894733227,1314.0470695956533,1278.5229987539544,1310.6029052734375
2024-10-30 00:00:00+05:30,1302.878217992093,1309.6681662645217,1284.771729306591,1291.21728515625
2024-10-31 00:00:00+05:30,1286.3953474845157,1297.908648500615,1267.9937179678298,1271.6346435546875
2024-11-01 00:00:00+05:30,1269.3713115804678,1275.521605000899,1265.7303859247397,1271.19189453125
2024-11-04 00:00:00+05:30,1269.5189366152897,1271.1918884914494,1249.7888674900407,1256.82470703125
2024-11-05 00:00:00+05:30,1252.6918064806564,1280.540384084737,1242.9497173467564,1276.013671875
2024-11-06 00:00:00+05:30,1279.507133687592,1294.0218271864514,1272.077530661039,1281.5736083984375
2024-11-07 00:00:00+05:30,1276.4565194695,1282.016408736549,1254.905867336954,1258.30078125
2024-11-08 00:00:00+05:30,1249.739603368689,1254.6598380276207,1232.7155433996181,1238.7674560546875
2024-11-11 00:00:00+05:30,1241.8673121816607,1255.545589486218,1226.7622147783625,1249.0509033203125
2024-11-12 00:00:00+05:30,1255.7915869540607,1274.34084864136,1244.3274155266408,1250.330078125
2024-11-13 00:00:00+05:30,1250.330002060316,1255.8898912252891,1230.058659378344,1233.6995849609375
2024-11-14 00:00:00+05:30,1233.7488030417599,1247.4762092717035,1223.219549242433,1236.897705078125
2024-11-18 00:00:00+05:30,1239.8991689148563,1242.4576669848584,1229.468295169204,1233.45361328125
2024-11-19 00:00:00+05:30,1236.996341503432,1240.8832791422965,1221.054707873685,1229.173095703125
2024-11-21 00:00:00+05:30,1228.6318816632047,1236.8486497660301,1212.887130281342,1230.5999755859375
2024-11-22 00:00:00+05:30,1237.931065448711,1260.9577881469831,1235.962971544977,1257.6612548828125
2024-11-25 00:00:00+05:30,1275.3249381508517,1290.2824048083883,1269.420656029783,1280.1959228515625
2024-11-26 00:00:00+05:30,1289.691969633128,1293.2837651950626,1281.6719625867895,1284.132080078125
2024-11-27 00:00:00+05:30,1277.7849738450245,1289.9379297411074,1277.1453192983001,1279.9498291015625
2024-11-28 00:00:00+05:30,1280.294297193127,1289.593492566128,1261.8434173872402,1265.8287353515625
2024-11-29 00:00:00+05:30,1262.6306978559342,1282.4592691846208,1262.6306978559342,1279.3594970703125
2024-12-02 00:00:00+05:30,1279.1626909163074,1289.6428152581445,1268.58418590124,1283.8369140625
2024-12-03 00:00:00+05:30,1283.1480184509742,1291.8569303693412,1275.4232736408442,1287.527099609375
2024-12-04 00:00:00+05:30,1281.819549984778,1298.9419911656362,1280.9338836934899,1295.0550537109375
2024-12-05 00:00:00+05:30,1295.2518809925427,1321.4767579162362,1287.7238973177443,1315.1788330078125
2024-12-06 00:00:00+05:30,1321.0831368877882,1325.6097291981625,1305.5351457750585,1307.552490234375
2024-12-09 00:00:00+05:30,1301.008440803049,1307.8476391384686,1299.1879779810015,1301.205322265625
2024-12-10 00:00:00+05:30,1297.957930171136,1310.750540551898,1294.2677540997624,1309.2252197265625
2024-12-11 00:00:00+05:30,1303.567008056277,1310.01256393174,1295.005847236935,1306.3223876953125
2024-12-12 00:00:00+05:30,1300.467319981326,1317.392879799611,1300.467319981326,1308.04443359375
2024-12-13 00:00:00+05:30,1304.206657466483,1325.658929951843,1292.5457246301107,1323.44482421875
2024-12-16 00:00:00+05:30,1323.4448020295467,1328.9061906725217,1318.672198220594,1324.6256103515625
2024-12-17 00:00:00+05:30,1320.591043814433,1326.5937063526414,1304.8955425723648,1312.47265625
2024-12-18 00:00:00+05:30,1304.108322781897,1313.6535308964567,1286.5922376487658,1293.1854248046875
2024-12-19 00:00:00+05:30,1265.4844508567164,1282.2132499737959,1263.9591299468714,1266.3701171875
2024-12-20 00:00:00+05:30,1263.4671101390386,1277.0470069229707,1252.1014392500044,1267.84619140625
2024-12-23 00:00:00+05:30,1273.9964575675247,1286.149413849784,1266.5177244802055,1276.1121826171875
2024-12-24 00:00:00+05:30,1276.1122805813325,1283.689394924585,1269.6667242632777,1276.5550537109375
2024-12-26 00:00:00+05:30,1286.149397655659,1291.8076677677632,1268.6333134333681,1276.6533203125
2024-12-27 00:00:00+05:30,1277.834372258314,1294.9566951975391,1277.834372258314,1286.6907958984375
2024-12-30 00:00:00+05:30,1284.1320718868315,1305.3383325760412,1268.8793435378464,1273.9964599609375
2024-12-31 00:00:00+05:30,1266.3701041548643,1269.3713754212274,1259.6785365277274,1261.203857421875
2025-01-01 00:00:00+05:30,1261.2039030056599,1272.3728127979782,1246.8859706361397,1263.1719970703125
2025-01-02 00:00:00+05:30,1264.5988495821298,1272.7664882086394,1258.0057823459824,1270.0111083984375
2025-01-03 00:00:00+05:30,1265.6811494083963,1267.4524819820733,1242.1132728120124,1244.86865234375
2025-01-06 00:00:00+05:30,1247.8208957681682,1257.3661039966464,1236.9471279387867,1243.933837890625
2025-01-07 00:00:00+05:30,1246.2955634538516,1268.387371227451,1246.2955634538516,1258.8421630859375
2025-01-08 00:00:00+05:30,1260.1213925757818,1264.500353533012,1232.3711960120443,1243.58935546875
2025-01-09 00:00:00+05:30,1237.9311554007072,1244.5734728084612,1228.1890658447487,1242.260986328125
2025-01-10 00:00:00+05:30,1238.9151869887507,1244.7702186556908,1223.2688154875007,1229.9111328125
2025-01-13 00:00:00+05:30,1215.1997021699149,1224.1052557235084,1205.3592318634503,1210.1318359375
2025-01-14 00:00:00+05:30,1213.6743510380347,1224.9908916090162,1207.868449677033,1220.5135498046875
2025-01-15 00:00:00+05:30,1214.3138943569554,1224.5480063080474,1210.3777066929133,1218.49609375
2025-01-16 00:00:00+05:30,1225.2369076646085,1235.4710205893364,1219.8738995113004,1229.173095703125
2025-01-17 00:00:00+05:30,1223.51473271735,1229.0746219251816,1198.569166937447,1205.9002685546875
2025-01-20 00:00:00+05:30,1204.3752079938956,1221.9404238041425,1195.8631769905248,1213.28076171875
2025-01-21 00:00:00+05:30,1217.216791341657,1219.1848851844006,1173.6727150709557,1177.0677490234375
2025-01-22 00:00:00+05:30,1181.840346118592,1188.236651072606,1172.787162540538,1181.299072265625
2025-01-23 00:00:00+05:30,1178.150279677383,1188.6304043313805,1167.0797508434964,1182.5784912109375
2025-01-24 00:00:00+05:30,1183.9070048715128,1198.569330226456,1182.824577120033,1189.90966796875
2025-01-27 00:00:00+05:30,1175.9361728164579,1214.9536606503923,1174.0664594794448,1208.3604736328125
2025-01-28 00:00:00+05:30,1227.4509517938643,1243.8353577059515,1216.28204282006,1227.0081787109375
2025-01-29 00:00:00+05:30,1232.0268875547777,1235.7663143361442,1223.2197146425951,1231.6824951171875
2025-01-30 00:00:00+05:30,1230.058696999526,1239.7515355072983,1219.72620394473,1235.5693359375
2025-01-31 00:00:00+05:30,1234.4870409428568,1235.963111537846,1219.332692143045,1232.814208984375
2025-02-01 00:00:00+05:30,1231.1904328305643,1241.2276642201673,1214.117241339197,1235.520263671875
2025-02-03 00:00:00+05:30,1226.9589513144845,1239.8991931084147,1218.0533982313877,1233.0108642578125
2025-02-04 00:00:00+05:30,1242.6546259748302,1260.0722101946521,1239.8992462672875,1247.9683837890625
2025-02-05 00:00:00+05:30,1249.9364358288246,1257.366038635732,1244.9670706142904,1247.476318359375
2025-02-06 00:00:00+05:30,1254.6598163131562,1258.5960039721779,1243.0480146698765,1252.101318359375
2025-02-07 00:00:00+05:30,1251.707841237699,1254.6599823726938,1229.616033126662,1236.8487548828125
2025-02-10 00:00:00+05:30,1237.143764104477,1244.8193782805915,1229.4190196551453,1242.4576416015625
2025-02-11 00:00:00+05:30,1235.815414286521,1241.7196963503554,1228.48431210643,1232.764892578125
2025-02-12 00:00:00+05:30,1237.1437132102558,1249.49354984024,1224.7939967031841,1231.8299560546875
2025-02-13 00:00:00+05:30,1232.5681139223714,1245.8034979804984,1226.0241773689,1228.976318359375
2025-02-14 00:00:00+05:30,1232.125182860914,1243.3433423047895,1224.5971995418054,1239.99755859375
2025-02-17 00:00:00+05:30,1231.1904296875,1238.0787586965241,1213.5759643398394,1231.1904296875
2025-02-18 00:00:00+05:30,1232.912442887429,1237.537415485285,1217.3153228151366,1223.2196044921875
2025-02-19 00:00:00+05:30,1215.150440982361,1244.2782088063445,1210.6238487061553,1241.52294921875
2025-02-20 00:00:00+05:30,1235.323399403501,1243.8354301295267,1226.8606190775215,1230.009521484375
2025-02-21 00:00:00+05:30,1221.3007691973355,1224.843314551203,1205.0148626007026,1213.28076171875
2025-02-24 00:00:00+05:30,1207.1304651110468,1212.2475818317712,1190.9429392289517,1198.9136962890625
2025-02-25 00:00:00+05:30,1207.0320830347105,1212.0015686679765,1201.5214435997075,1204.6212158203125
2025-02-27 00:00:00+05:30,1205.6052412387521,1215.1504493679895,1199.0120540726923,1202.9482421875
2025-02-28 00:00:00+05:30,1196.6011747582393,1205.4575979266801,1180.9548031360748,1184.8909912109375
2025-03-03 00:00:00+05:30,1191.188847446512,1197.5851526992194,1184.9401732626818,1186.9573974609375
2025-03-04 00:00:00+05:30,1187.8923015092375,1197.2407475483415,1187.0066352283177,1191.0904541015625
2025-03-05 00:00:00+05:30,1197.5852173719204,1206.3923901078597,1191.9761974350436,1196.305908203125
2025-03-06 00:00:00+05:30,1208.3604997504162,1208.3604997504162,1189.7128566225836,1198.6185302734375
2025-03-07 00:00:00+05:30,1191.7792822265046,1198.4215993904008,1187.0559287614878,1195.17431640625
2025-03-10 00:00:00+05:30,1188.7287844485525,1206.2448692222129,1188.7287844485525,1195.469482421875
2025-03-11 00:00:00+05:30,1197.7819082260587,1228.0906025562624,1197.7819082260587,1225.5321044921875
2025-03-12 00:00:00+05:30,1227.0573656262773,1231.9776006544478,1215.5933141089804,1224.105224609375
2025-03-13 00:00:00+05:30,1231.0919570840585,1235.5692985318378,1225.4336872491594,1230.10791015625
2025-03-17 00:00:00+05:30,1236.9964228158067,1253.626722273369,1234.7330664957105,1248.7557373046875
2025-03-18 00:00:00+05:30,1248.7557373046875,1248.7557373046875,1248.7557373046875,1248.7557373046875
2025-03-19 00:00:00+05:30,1284.771625690972,1297.2690935608202,1281.3767118900164,1292.1519775390625
2025-03-20 00:00:00+05:30,1298.9420363179743,1303.1242360561191,1290.1348637421092,1300.6148681640625
2025-03-21 00:00:00+05:30,1295.005932648197,1327.47948567053,1290.676101553966,1321.673583984375
2025-03-24 00:00:00+05:30,1334.3185449313019,1351.0965951268047,1323.592528220555,1336.4835205078125
2025-03-25 00:00:00+05:30,1337.3198832805363,1342.0433569660177,1308.8317704607064,1322.263916015625
2025-03-26 00:00:00+05:30,1322.608385783058,1336.3357930453642,1310.2585481884407,1314.58837890625
2025-03-27 00:00:00+05:30,1311.8822515956433,1329.9394896015347,1311.8822515956433,1315.326416015625
2025-03-28 00:00:00+05:30,1314.6867654992452,1336.2865486646785,1306.027104024632,1326.8397216796875
2025-04-01 00:00:00+05:30,1318.6230094191676,1330.7759661157215,1294.4154767036698,1297.416748046875
2025-04-02 00:00:00+05:30,1301.0577695360655,1316.605640115626,1301.0577695360655,1310.0125732421875
2025-04-03 00:00:00+05:30,1300.8608684683468,1311.7346357410256,1300.172083625529,1308.3397216796875
2025-04-04 00:00:00+05:30,1308.3397764539347,1317.196199721689,1301.0085540085365,1313.998046875
2025-04-07 00:00:00+05:30,1274.5868794921314,1303.8622778051142,1244.8194576780902,1267.009765625
2025-04-08 00:00:00+05:30,1279.113469327377,1289.1508208042862,1266.8128818235116,1279.1627197265625
2025-04-09 00:00:00+05:30,1284.1320386492785,1284.2796697185806,1264.008326268558,1280.04833984375
2025-04-11 00:00:00+05:30,1284.2796640863085,1303.8622226242683,1284.2796640863085,1290.7252197265625
2025-04-15 00:00:00+05:30,1329.4474418665204,1332.6948448810174,1314.8834988213314,1328.66015625
2025-04-16 00:00:00+05:30,1335.35175670462,1338.0086355110902,1321.4767182608662,1334.7613525390625
2025-04-17 00:00:00+05:30,1340.271938683508,1386.4237644145942,1338.4022254639915,1384.2587890625
2025-04-21 00:00:00+05:30,1413.0915548092914,1413.0915548092914,1382.2908342910866,1387.3095703125
2025-04-22 00:00:00+05:30,1390.2616620074302,1396.1659440599142,1376.5833845612567,1393.902587890625
2025-04-23 00:00:00+05:30,1406.2031056627204,1407.0887719511927,1388.7855225220842,1401.676513671875
2025-04-24 00:00:00+05:30,1393.7057666784372,1398.5275007158652,1376.4849447649922,1380.3226318359375
2025-04-25 00:00:00+05:30,1387.5061560869792,1392.2296293483562,1366.2507666566128,1382.38916015625
2025-04-28 00:00:00+05:30,1383.1763860592027,1412.1073907727903,1381.4051736009749,1406.00634765625
2025-04-29 00:00:00+05:30,1406.0063095097996,1415.354755397171,1399.9051464358704,1406.9903564453125
2025-04-30 00:00:00+05:30,1410.1393895834246,1410.828174453101,1377.665837694902,1404.235107421875
2025-05-02 00:00:00+05:30,1404.136620262742,1423.5222971739024,1401.8732642232824,1407.2855224609375
2025-05-05 00:00:00+05:30,1417.0276759030696,1423.719243532893,1403.251017942901,1406.5968017578125
2025-05-06 00:00:00+05:30,1406.2030986214052,1410.8280712604956,1397.740318833432,1408.7615966796875
2025-05-07 00:00:00+05:30,1402.2669857299177,1418.9957848579238,1398.3307976997987,1412.5010986328125
2025-05-08 00:00:00+05:30,1415.6500090207114,1425.7857413048096,1403.3494213569647,1412.5994873046875
2025-05-09 00:00:00+05:30,1392.6232842813388,1397.2483773146432,1364.8732065732167,1366.742919921875
2025-05-12 00:00:00+05:30,1386.9158758891217,1429.8203013758846,1381.601998025975,1425.39208984375
2025-05-13 00:00:00+05:30,1417.126034216079,1424.8016487219365,1404.6286855985884,1407.777587890625
2025-05-14 00:00:00+05:30,1407.088799803615,1417.7164351068907,1394.6898318883327,1403.44775390625
2025-05-15 00:00:00+05:30,1403.152601872172,1433.2644152009339,1392.9184893353395,1427.6553955078125
2025-05-16 00:00:00+05:30,1430.115536446277,1435.4292940858757,1423.915992369514,1430.8043212890625
2025-05-19 00:00:00+05:30,1423.4240376832488,1436.413410510274,1420.7671587350164,1425.8841552734375
2025-05-20 00:00:00+05:30,1427.0649116587983,1435.724573309837,1412.5994688048465,1415.25634765625
2025-05-21 00:00:00+05:30,1419.88149736354,1428.1475165201844,1415.5516663650185,1421.6527099609375
2025-05-22 00:00:00+05:30,1418.11006923761,1422.2431385993382,1405.0223165661077,1419.0941162109375
2025-05-23 00:00:00+05:30,1419.1925334305297,1428.639480716087,1411.5170389146704,1426.67138671875
2025-05-26 00:00:00+05:30,1434.7404521515875,1448.1234666381572,1431.7883113035389,1437.2989501953125
2025-05-27 00:00:00+05:30,1429.3282240162364,1439.660717201896,1412.7961868700127,1423.3255615234375
2025-05-28 00:00:00+05:30,1424.5063806110309,1434.7404932016627,1419.487765050342,1430.6075439453125
2025-05-29 00:00:00+05:30,1433.3627849687755,1439.5623288964678,1421.9478642011566,1433.264404296875
2025-05-30 00:00:00+05:30,1436.6102684488903,1437.5943154688398,1421.2591589622632,1422.7352294921875
2025-06-02 00:00:00+05:30,1418.9958296640707,1436.7086763589064,1409.9426449581042,1427.3602294921875
2025-06-03 00:00:00+05:30,1431.6899803606145,1431.7883610343827,1409.1552804132207,1414.961181640625
2025-06-04 00:00:00+05:30,1414.4691895072294,1417.1260683724902,1403.6446724484365,1408.1712646484375
2025-06-05 00:00:00+05:30,1408.072806574806,1435.724501880477,1404.5302615748733,1431.591552734375
2025-06-06 00:00:00+05:30,1425.4904326139017,1438.0862820195339,1419.0941272375726,1436.413330078125
2025-06-09 00:00:00+05:30,1441.6289396983907,1443.40027245163,1410.5330766960358,1411.9107666015625
2025-06-10 00:00:00+05:30,1416.0435714397854,1418.7004501751119,1393.902514902332,1400.200439453125
2025-06-11 00:00:00+05:30,1399.1180802484353,1411.6154291671444,1395.9690577575766,1408.1712646484375
2025-06-12 00:00:00+05:30,1407.679242298958,1413.5835243358638,1397.3467487343728,1402.4637451171875
2025-06-13 00:00:00+05:30,1381.2083238229704,1398.822788875249,1381.2083238229704,1393.5089111328125
2025-06-16 00:00:00+05:30,1394.000986381205,1406.2031934701922,1391.639249505445,1404.13671875
2025-06-17 00:00:00+05:30,1404.1366513466178,1406.990411596049,1395.1818479070278,1400.49560546875
2025-06-18 00:00:00+05:30,1394.3945278693373,1409.1552321163663,1387.7029605615166,1390.064697265625
2025-06-19 00:00:00+05:30,1385.538241229197,1392.1313083904192,1382.2908379271437,1388.78564453125
2025-06-20 00:00:00+05:30,1388.7856250535913,1410.4346597691706,1387.7030772194692,1404.33349609375
2025-06-23 00:00:00+05:30,1394.394668602004,1400.4957122573712,1389.3760526760818,1397.4451904296875
2025-06-24 00:00:00+05:30,1404.9238929302046,1412.993150628414,1393.9026142728064,1401.38134765625
2025-06-25 00:00:00+05:30,1399.3147727333048,1406.104720760603,1392.7217061711412,1403.05419921875
2025-06-26 00:00:00+05:30,1402.0701682033073,1424.4079863300926,1399.0195265038492,1416.1419677734375
2025-06-27 00:00:00+05:30,1415.9451910518737,1442.6128395732899,1414.1738584793554,1438.8734130859375
2025-06-30 00:00:00+05:30,1438.4799818113797,1438.5783624887893,1419.291064922364,1422.7352294921875
2025-07-01 00:00:00+05:30,1422.6366689959384,1424.506382279972,1406.7935366641375,1409.1552734375
2025-07-02 00:00:00+05:30,1409.352049520214,1427.8521809615802,1399.905222450911,1405.0223388671875
2025-07-03 00:00:00+05:30,1409.253631009119,1423.030288484485,1400.9876124993152,1403.152587890625
2025-07-04 00:00:00+05:30,1404.2350901711065,1421.35753225384,1398.4291887589882,1419.7830810546875
2025-07-07 00:00:00+05:30,1414.0754516482682,1417.9132587357801,1406.7934802735126,1412.796142578125
2025-07-08 00:00:00+05:30,1409.1552578612602,1421.947868442403,1407.1871639257,1418.9957275390625
2025-07-09 00:00:00+05:30,1413.2883371129633,1415.7484547587683,1403.8415093776578,1409.0570068359375
2025-07-10 00:00:00+05:30,1413.8788169776346,1416.0436723886824,1399.4132536015054,1401.38134765625
2025-07-11 00:00:00+05:30,1399.3148113378843,1405.2190932422636,1392.032839631232,1399.2164306640625
2025-07-14 00:00:00+05:30,1402.1686636122888,1402.1686636122888,1393.5090015352046,1400.2989501953125
2025-07-15 00:00:00+05:30,1398.429159387504,1410.9266282871913,1396.3626847243358,1407.9744873046875
2025-07-16 00:00:00+05:30,1403.2510104989537,1406.3999128239755,1396.4610622300193,1403.6446533203125
2025-07-17 00:00:00+05:30,1398.3308611520058,1400.495716617636,1387.0143200519017,1396.0675048828125
2025-07-18 00:00:00+05:30,1393.213729649599,1406.2031014317106,1386.0301388149505,1403.05419921875
2025-07-21 00:00:00+05:30,1424.9000530820128,1444.2857308931439,1414.07553610418,1442.4161376953125
2025-07-22 00:00:00+05:30,1450.5836983181339,1458.3576938551728,1446.25386737522,1450.0916748046875
2025-07-23 00:00:00+05:30,1459.243275244324,1466.2299847038992,1449.1075434082761,1464.852294921875
2025-07-24 00:00:00+05:30,1463.9666816111749,1464.9507286163912,1454.5198543856832,1459.7353515625
2025-07-25 00:00:00+05:30,1476.0704664133914,1476.0704664133914,1450.0916021799312,1453.5357666015625
2025-07-28 00:00:00+05:30,1453.5358600374882,1469.969517693696,1453.5358600374882,1464.6556396484375
2025-07-29 00:00:00+05:30,1456.2911765714125,1466.0332658775797,1451.8629650797843,1462.4906005859375
2025-07-30 00:00:00+05:30,1463.9667199639605,1464.754005637929,1453.7327269399423,1458.7513427734375
2025-07-31 00:00:00+05:30,1446.4507928310486,1470.6583264040125,1440.6448911712775,1457.767333984375
2025-08-01 00:00:00+05:30,1456.7831967694258,1461.408169601032,1446.3523226373668,1448.12353515625
2025-08-04 00:00:00+05:30,1453.240679444368,1455.2087734738848,1437.987950715613,1439.8575439453125
2025-08-05 00:00:00+05:30,1429.820201520808,1438.184600497358,1418.0116382597967,1421.357421875
2025-08-06 00:00:00+05:30,1419.291123395121,1430.8044259536912,1418.6022183790183,1420.5703125
2025-08-07 00:00:00+05:30,1418.110163604165,1424.8017315172433,1406.301599138448,1417.322998046875
2025-08-08 00:00:00+05:30,1422.8336344297813,1424.5064663430474,1409.1553565946745,1412.9931640625
2025-08-11 00:00:00+05:30,1405.1207239838918,1415.4532174004985,1397.7403715434584,1413.681884765625
2025-08-12 00:00:00+05:30,1419.0368204237539,1421.8134608053708,1408.2279203629066,1410.112060546875
2025-08-13 00:00:00+05:30,1412.6902784003407,1415.7643381003145,1403.368838463484,1408.922119140625
2025-08-14 00:00:00+05:30,1400.1956576735638,1419.1359571615956,1400.1956576735638,1415.3677978515625
2025-08-18 00:00:00+05:30,1437.8779693374279,1440.2579294966365,1419.0368097392131,1422.606689453125
2025-08-19 00:00:00+05:30,1419.1358802007367,1426.474039895735,1414.3760811646432,1424.29248046875
2025-08-20 00:00:00+05:30,1420.6234166864958,1423.8958770531979,1411.1036970512757,1418.64013671875
2025-08-21 00:00:00+05:30,1428.0606770004104,1435.6963772945633,1424.3916575816534,1433.911376953125
2025-08-22 00:00:00+05:30,1432.2257038615987,1433.9114434457279,1417.450243616132,1424.3917236328125
2025-08-25 00:00:00+05:30,1423.8958843891958,1423.8958843891958,1412.0953443103494,1421.2183837890625
2025-08-26 00:00:00+05:30,1415.9627825871721,1415.9627825871721,1401.2864621426106,1404.7572021484375
2025-08-28 00:00:00+05:30,1396.2290622275916,1399.9973424915918,1384.6269231275805,1387.4034423828125
2025-08-29 00:00:00+05:30,1380.4619594997932,1393.254139151069,1380.4619594997932,1386.1143798828125
2025-09-01 00:00:00+05:30,1386.4117998354175,1400.5922996421114,1386.4117998354175,1399.2039794921875
2025-09-02 00:00:00+05:30,1402.0798141390458,1402.0798141390458,1378.3795940317052,1382.54443359375
2025-09-03 00:00:00+05:30,1377.387925122752,1388.2959648465462,1372.6280048233573,1385.321044921875
2025-09-04 00:00:00+05:30,1398.1132401473494,1403.2697196534332,1390.180120261188,1393.75
2025-09-05 00:00:00+05:30,1399.2040313658385,1399.699851362779,1376.098771088494,1391.0726318359375
2025-09-08 00:00:00+05:30,1390.4775686686341,1398.807368933041,1385.9160488487796,1390.973388671875
2025-09-09 00:00:00+05:30,1387.304306420236,1395.7332460946977,1383.5360261458507,1391.9649658203125
2025-09-10 00:00:00+05:30,1398.2123094765393,1401.8813288190768,1390.3783297737682,1392.163330078125
2025-09-11 00:00:00+05:30,1386.3126886500647,1396.2290884258164,1384.3294086949145,1389.882568359375
2025-09-12 00:00:00+05:30,1393.3532613043915,1407.8311802789096,1388.39506158368,1405.847900390625
2025-09-15 00:00:00+05:30,1410.1120532176328,1414.8719735471493,1404.4597537449094,1407.5338134765625
2025-09-16 00:00:00+05:30,1402.1788926034542,1412.987792293879,1401.8813521978338,1409.71533203125
2025-09-17 00:00:00+05:30,1408.2279494348236,1414.1777894755733,1404.5589298296168,1407.33544921875
2025-09-18 00:00:00+05:30,1419.1358927633355,1420.821753289835,1403.4680543540285,1409.814453125
2025-09-19 00:00:00+05:30,1404.26135906907,1406.145499251229,1388.494259091765,1390.4775390625
2025-09-22 00:00:00+05:30,1392.1634074537787,1398.1132473992611,1385.5193468847744,1389.783447265625
2025-09-23 00:00:00+05:30,1379.3712163938944,1391.568436605077,1379.3712163938944,1382.6436767578125
2025-09-24 00:00:00+05:30,1374.8096433544556,1379.2720231049968,1364.9923836933056,1371.1405029296875
2025-09-25 00:00:00+05:30,1365.488259405882,1379.867039189023,1360.331779903573,1364.29833984375
2025-09-26 00:00:00+05:30,1356.563442311047,1361.2241016242142,1345.655402935739,1348.233642578125
2025-09-29 00:00:00+05:30,1348.233693764239,1355.076033842118,1334.9456938107846,1336.829833984375
2025-09-30 00:00:00+05:30,1342.3830124406416,1345.2587926353076,1331.3758327091439,1336.730712890625
2025-10-01 00:00:00+05:30,1336.7306701838102,1367.8681892333634,1335.8381700071102,1360.530029296875
2025-10-03 00:00:00+05:30,1360.4309257938526,1360.4309257938526,1349.9195661151996,1353.786865234375
2025-10-06 00:00:00+05:30,1359.5383926525742,1361.1249923873581,1347.73785285358,1352.001953125
2025-10-07 00:00:00+05:30,1352.2002408686599,1371.5372203120692,1352.2002408686599,1364.3974609375
2025-10-08 00:00:00+05:30,1360.8276403806535,1370.0498198860423,1352.8945202642897,1358.8443603515625
2025-10-09 00:00:00+05:30,1358.3484255020637,1367.173924045517,1353.687645197864,1364.69482421875
2025-10-10 00:00:00+05:30,1358.8443421746942,1373.4214017735967,1358.8443421746942,1368.7607421875
2025-10-13 00:00:00+05:30,1361.6207839903618,1374.8096436760768,1361.6207839903618,1367.8681640625
2025-10-14 00:00:00+05:30,1377.3878684808556,1377.3878684808556,1363.6040491867466,1372.52880859375
2025-10-15 00:00:00+05:30,1374.9088107982643,1388.692630514965,1373.9171708337506,1386.7093505859375
2025-10-16 00:00:00+05:30,1389.287635646356,1407.0380158006922,1387.7010358612888,1405.451416015625
2025-10-17 00:00:00+05:30,1400.1956466119625,1427.5648857493748,1399.1048668479334,1424.5899658203125
2025-10-20 00:00:00+05:30,1429.944862993793,1432.9197829584125,1377.5862231965677,1378.6771240234375
2025-10-21 00:00:00+05:30,1372.9255110082336,1375.999570643796,1364.3974316467445,1370.4464111328125
2025-10-23 00:00:00+05:30,1373.4214191916344,1378.1813396780694,1348.7295586366392,1352.2994384765625
2025-10-24 00:00:00+05:30,1356.66265330236,1370.0497932383416,1356.66265330236,1366.182373046875
2025-10-27 00:00:00+05:30,1370.5456319928564,1375.206412664237,1362.5133721313011,1366.083251953125
2025-10-28 00:00:00+05:30,1361.521728041381,1364.298368477702,1344.8621275230646,1351.7044677734375
2025-10-29 00:00:00+05:30,1353.191921020162,1360.2325408166014,1347.043801434495,1358.9434814453125
2025-10-30 00:00:00+05:30,1351.0103759765625,1358.7450954369456,1349.9195961737937,1351.0103759765625
2025-10-31 00:00:00+05:30,1345.6554843440952,1350.6136843601014,1332.07006472016,1334.0533447265625
2025-11-03 00:00:00+05:30,1329.2933430972657,1340.3005222505137,1326.715103456384,1335.14404296875
2025-11-04 00:00:00+05:30,1331.375810196628,1338.5156906678078,1322.0543701938611,1325.7235107421875
2025-11-06 00:00:00+05:30,1318.88116976713,1330.979129069885,1306.386530263507,1309.3614501953125
2025-11-07 00:00:00+05:30,1309.3614221413634,1333.0616413002483,1307.576421800604,1331.7724609375
2025-11-10 00:00:00+05:30,1331.6733731274833,1338.3173126722259,1329.7892329275433,1336.730712890625
2025-11-11 00:00:00+05:30,1337.7222802082897,1349.0269997439532,1334.9456399539874,1346.944580078125
2025-11-12 00:00:00+05:30,1358.5467300041707,1358.5467300041707,1344.0688109600715,1347.53955078125
2025-11-13 00:00:00+05:30,1347.5395638924115,1378.7762225869417,1347.142883699029,1374.3138427734375
2025-11-14 00:00:00+05:30,1362.513368521827,1369.653128146561,1351.8036080349211,1361.521728515625
2025-11-17 00:00:00+05:30,1363.6041374139656,1370.9422976111398,1362.1166774165574,1367.4715576171875
2025-11-18 00:00:00+05:30,1368.6614140079962,1371.2397747243117,1357.6542347453071,1361.9183349609375
2025-11-19 00:00:00+05:30,1362.0175118520117,1372.4297316368286,1360.133371680989,1371.5372314453125
2025-11-20 00:00:00+05:30,1368.5623301618334,1376.6938507345087,1363.9016706145442,1371.4381103515625
2025-11-21 00:00:00+05:30,1361.5216431243439,1364.4965629563708,1353.1918433847088,1358.0509033203125
2025-11-24 00:00:00+05:30,1361.8192653055182,1365.488284898759,1350.1178648436169,1356.960205078125
2025-11-25 00:00:00+05:30,1353.5886121834044,1365.3891524995797,1342.978112507823,1346.4488525390625
2025-11-26 00:00:00+05:30,1348.6304048295453,1365.4882848899147,1348.5312650391513,1363.5050048828125
2025-11-27 00:00:00+05:30,1367.471557668799,1382.3461576434415,1364.1990972544559,1380.5611572265625
2025-11-28 00:00:00+05:30,1380.3628968845176,1386.8085569633604,1374.0163765969262,1377.189697265625
2025-12-01 00:00:00+05:30,1382.3461800316288,1388.2960201178482,1373.8181001180092,1378.478759765625
2025-12-02 00:00:00+05:30,1370.2482089901266,1370.2482089901266,1359.1417682907786,1361.521728515625
2025-12-03 00:00:00+05:30,1355.5718853340877,1382.544445020301,1355.5718853340877,1379.8670654296875
2025-12-04 00:00:00+05:30,1375.4045960658268,1379.9661155774988,1368.3639767054422,1375.1070556640625
2025-12-05 00:00:00+05:30,1369.4547830523452,1383.6352828825825,1369.4547830523452,1380.858642578125
2025-12-08 00:00:00+05:30,1375.404670384236,1383.2386505394277,1371.7356508298087,1377.98291015625
2025-12-09 00:00:00+05:30,1368.3640275890855,1372.7272676950297,1361.9183677427457,1363.7032470703125
2025-12-10 00:00:00+05:30,1366.3806948465074,1367.8681547535796,1346.5478960855444,1352.2001953125
2025-12-11 00:00:00+05:30,1352.299390595187,1355.1751707435094,1341.490611666704,1348.63037109375
2025-12-12 00:00:00+05:30,1356.5634801370334,1359.240859638436,1351.90282069391,1354.5802001953125
2025-12-15 00:00:00+05:30,1344.7629655399599,1358.5467856038574,1344.7629655399599,1353.786865234375
2025-12-16 00:00:00+05:30,1352.5969202535916,1357.257579696715,1344.1679805012782,1354.5802001953125
2025-12-17 00:00:00+05:30,1353.5885110391764,1353.5885110391764,1331.8715722565005,1341.0938720703125
2025-12-18 00:00:00+05:30,1335.0449336848067,1358.0509324595278,1334.2515732926577,1345.4571533203125
2025-12-19 00:00:00+05:30,1342.6805232986085,1349.0270433350909,1339.5073238052678,1342.7796630859375
2025-12-22 00:00:00+05:30,1346.647106277973,1359.8359665635035,1343.4739067302291,1357.059326171875
2025-12-23 00:00:00+05:30,1349.7210845323889,1353.5885044694035,1345.6553850292898,1351.605224609375
2025-12-24 00:00:00+05:30,1352.3986889312134,1356.7618081188289,1346.2504482626368,1348.43212890625
2025-12-26 00:00:00+05:30,1345.159575111433,1350.6135947672478,1337.2264556120658,1339.110595703125
2025-12-29 00:00:00+05:30,1340.7964277815033,1344.3663075928198,1330.2850679288142,1332.070068359375
2025-12-30 00:00:00+05:30,1332.0699716952038,1335.8381308143366,1326.9133714087848,1331.276611328125
2025-12-31 00:00:00+05:30,1331.574200056716,1338.7139594203709,1328.3017397359904,1331.67333984375
2026-01-01 00:00:00+05:30,1332.665031313395,1337.1274113505744,1324.8310510381634,1326.8143310546875
2026-01-02 00:00:00+05:30,1326.8142878641993,1345.5563076202234,1325.12854832495,1344.06884765625
2026-01-05 00:00:00+05:30,1342.878760280637,1364.0007394532674,1341.2921605842894,1360.0341796875
2026-01-06 00:00:00+05:30,1360.5299848190614,1401.7821817231495,1354.5801452353044,1399.4022216796875
2026-01-07 00:00:00+05:30,1396.2290239898057,1417.9459627064246,1392.4607438290054,1415.7642822265625
2026-01-08 00:00:00+05:30,1417.0535778936194,1430.1431776389843,1411.4012782421678,1423.00341796875
2026-01-09 00:00:00+05:30,1415.1693772847862,1417.549337423264,1389.7834182572258,1392.56005859375
2026-01-12 00:00:00+05:30,1388.1967781468372,1412.3928169264516,1380.0652579976486,1401.286376953125
2026-01-13 00:00:00+05:30,1408.1288141663404,1429.746614803746,1399.3031938675902,1424.9866943359375
2026-01-14 00:00:00+05:30,1413.6818734015883,1431.8289327125644,1403.0713744699053,1406.5421142578125
2026-01-15 00:00:00+05:30,1406.5421142578125,1406.5421142578125,1406.5421142578125,1406.5421142578125
2026-01-16 00:00:00+05:30,1406.0463569783972,1417.0535365865687,1388.494256638521,1399.0057373046875
2026-01-19 00:00:00+05:30,1388.1968051292893,1388.2959449153948,1348.6303464892405,1369.05810546875
2026-01-20 00:00:00+05:30,1363.207439020359,1376.1980196642805,1360.0342394881388,1364.29833984375
2026-01-21 00:00:00+05:30,1356.0676290796277,1360.0341888721825,1328.3017105317451,1337.7222900390625
2026-01-22 00:00:00+05:30,1343.7713064680374,1346.6470866066866,1326.814287098488,1334.2515869140625
2026-01-23 00:00:00+05:30,1329.2934092663852,1343.8704687287582,1324.5334888848981,1332.169189453125
2026-01-27 00:00:00+05:30,1328.7975572308817,1357.6542560921293,1317.492837384778,1350.0186767578125
2026-01-28 00:00:00+05:30,1351.2086513775284,1368.859891948821,1351.2086513775284,1356.2659912109375
2026-01-29 00:00:00+05:30,1347.6387612421634,1376.098780848474,1343.0772414479197,1372.0330810546875
2026-01-30 00:00:00+05:30,1356.7617179329986,1370.347257745332,1341.8871188281207,1343.672119140625
2026-02-02 00:00:00+05:30,1318.7820210502812,1343.0772003288644,1317.9886606539171,1341.4906005859375
2026-02-03 00:00:00+05:30,1400.1956512153185,1405.15385111339,1361.918372212169,1378.08203125
2026-02-04 00:00:00+05:30,1375.4046132419246,1402.1788919423802,1375.3054734566974,1396.625732421875
2026-02-05 00:00:00+05:30,1402.1788945018798,1402.1788945018798,1381.5527350454402,1384.8251953125
2026-02-06 00:00:00+05:30,1385.0235305539115,1398.7082108846507,1383.0402505668367,1394.344970703125
2026-02-09 00:00:00+05:30,1401.6831123688528,1402.1789323590788,1377.1896532716103,1384.626953125
2026-02-10 00:00:00+05:30,1389.2875574724217,1397.716496971719,1383.8335377964056,1394.7415771484375
2026-02-11 00:00:00+05:30,1395.6341511146452,1401.1873108684945,1388.6926711598828,1394.344970703125
2026-02-12 00:00:00+05:30,1394.3449463736551,1421.0200859443291,1393.5517070225485,1418.045166015625
2026-02-13 00:00:00+05:30,1413.3845464564506,1422.4084462850303,1398.9065055547715,1402.77392578125
2026-02-16 00:00:00+05:30,1392.2625106722887,1402.1789103209517,1388.7917707952565,1399.7989501953125
2026-02-17 00:00:00+05:30,1394.4440959690942,1401.782256054804,1381.9494563906167,1395.7332763671875
2026-02-18 00:00:00+05:30,1398.3115083316352,1400.4931889124357,1387.2051890014204,1396.4273681640625
2026-02-19 00:00:00+05:30,1396.7249570846573,1400.4932375506726,1373.2231372171063,1377.189697265625
2026-02-20 00:00:00+05:30,1376.8920792080073,1391.9649581225938,1372.4296994050287,1382.8419189453125
2026-02-23 00:00:00+05:30,1388.29600959884,1396.5266700756697,1383.6353499865377,1387.7010498046875
2026-02-24 00:00:00+05:30,1389.1884011120849,1389.1884011120849,1370.7439226377844,1373.2230224609375
2026-02-25 00:00:00+05:30,1380.164528913772,1395.634087902335,1376.5945282588896,1388.791748046875
2026-02-26 00:00:00+05:30,1393.3533088725535,1398.2123689746954,1380.4619891586024,1393.155029296875
2026-02-27 00:00:00+05:30,1388.296016563106,1390.4775761692113,1365.1907558675261,1367.3724365234375
2026-03-02 00:00:00+05:30,1343.672146415433,1367.6697850385044,1343.672146415433,1362.5133056640625
2026-03-04 00:00:00+05:30,1314.9145907457403,1364.4965888884906,1314.9145907457403,1353.9852294921875
2026-03-05 00:00:00+05:30,1357.45594601842,1359.3400861254038,1336.3339667529167,1346.2503662109375
2026-03-06 00:00:00+05:30,1327.8058801381828,1346.2503588188658,1299.4450020539286,1302.419921875
2026-03-09 00:00:00+05:30,1262.060104122135,1271.9765035292385,1240.6407056127512,1267.7125244140625
2026-03-10 00:00:00+05:30,1276.8355955325096,1304.006554800674,1274.8523156012538,1300.9324951171875
2026-03-11 00:00:00+05:30,1289.1319797351587,1295.5776396338345,1280.1080800869731,1283.777099609375
2026-03-12 00:00:00+05:30,1265.0350263567016,1269.7949465011072,1247.780588195275,1255.9119873046875
2026-03-13 00:00:00+05:30,1241.434156276259,1251.747236619689,1238.2608356053079,1244.3099365234375
2026-03-16 00:00:00+05:30,1244.5081652081492,1266.125965023717,1229.7327054112554,1262.258544921875
2026-03-17 00:00:00+05:30,1268.2083924442081,1283.578812107693,1262.3576923623407,1277.9263916015625
2026-03-18 00:00:00+05:30,1275.2490239961462,1286.2562036480494,1260.1761446052265,1278.521484375
2026-03-19 00:00:00+05:30,1257.0027465645267,1275.1498056385733,1233.3025281122907,1239.6490478515625
2026-03-20 00:00:00+05:30,1247.8797225177066,1263.34928134462,1231.3192629188682,1234.9884033203125
2026-03-23 00:00:00+05:30,1216.3455695278035,1224.5762297429494,1207.9166297375125,1212.4781494140625
2026-03-24 00:00:00+05:30,1226.757768953439,1243.4173686829902,1213.46976929413,1240.7398681640625
2026-03-25 00:00:00+05:30,1248.3755838951454,1262.2585434912949,1243.9132040249544,1249.1688232421875
2026-03-27 00:00:00+05:30,1245.499833090769,1250.358893273775,1219.8163330232837,1223.4854736328125
2026-03-30 00:00:00+05:30,1206.3300855990337,1212.3790655174357,1190.3647054702,1195.8187255859375
2026-04-01 00:00:00+05:30,1217.8330476356737,1223.6837477872427,1199.884388024768,1202.561767578125
2026-04-02 00:00:00+05:30,1186.001465486272,1211.883245832491,1177.67166509731,1205.635986328125
2026-04-06 00:00:00+05:30,1202.8592693089724,1224.0803886246306,1190.4637698313447,1221.10546875
2026-04-07 00:00:00+05:30,1218.7254656803555,1239.9465842479708,1206.429106422035,1235.0875244140625
2026-04-08 00:00:00+05:30,1299.048365281531,1322.3519046587187,1281.595525957938,1298.2550048828125
2026-04-09 00:00:00+05:30,1289.032858674316,1297.065118454786,1265.2334987026684,1270.58837890625
2026-04-10 00:00:00+05:30,1278.2238983175278,1312.931296642674,1277.7280783414542,1310.848876953125
2026-04-13 00:00:00+05:30,1293.9909710757174,1345.655387306946,1285.8594510059597,1339.8046875
2026-04-15 00:00:00+05:30,1346.647094004827,1353.3902942945808,1326.8142943876721,1336.829833984375
2026-04-16 00:00:00+05:30,1340.697246754227,1355.4727065977952,1328.995846624469,1334.2515869140625
2026-04-17 00:00:00+05:30,1335.7390510601572,1341.5897511433582,1322.8477313394578,1335.540771484375
2026-04-20 00:00:00+05:30,1353.2910001768837,1364.893260297481,1341.6888611060856,1344.862060546875
2026-04-21 00:00:00+05:30,1356.5634890022861,1381.4536282235813,1348.6303691835594,1376.79296875
2026-04-22 00:00:00+05:30,1368.463107425001,1368.5622472083335,1353.588508431251,1356.166748046875
2026-04-23 00:00:00+05:30,1337.1273930984762,1342.680552858981,1332.268332914358,1336.730712890625
2026-04-24 00:00:00+05:30,1325.1285758443225,1337.5240758015216,1312.931355466517,1315.1129150390625
2026-04-27 00:00:00+05:30,1316.7986931874252,1324.7318126631535,1299.9408143015023,1303.114013671875
2026-04-28 00:00:00+05:30,1303.3124724850059,1306.6839515728986,1275.943112231791,1281.1988525390625
2026-04-29 00:00:00+05:30,1283.876190331697,1285.9587310592146,1265.5308513211887,1270.290771484375
2026-04-30 00:00:00+05:30,1250.4580524616338,1261.5643721523936,1248.474772441869,1252.8380126953125
2026-05-01 00:00:00+05:30,1252.8380126953125,1252.8380126953125,1252.8380126953125,1252.8380126953125
2026-05-04 00:00:00+05:30,1253.7304875272214,1271.4807465048432,1253.7304875272214,1260.1761474609375
2026-05-05 00:00:00+05:30,1253.4328902069624,1256.11026963796,1235.0875512284588,1240.839111328125
2026-05-06 00:00:00+05:30,1251.449645209005,1272.0758050555082,1241.6323852719695,1268.8033447265625
2026-05-07 00:00:00+05:30,1273.9597944081108,1283.1820943562475,1262.5559349914981,1268.3074951171875
2026-05-08 00:00:00+05:30,1268.902517705381,1268.902517705381,1250.6563175253964,1254.226318359375
2026-05-11 00:00:00+05:30,1248.871386509416,1265.035045184508,1241.5332266149906,1255.8128662109375
2026-05-12 00:00:00+05:30,1245.4998520747622,1249.3672723222166,1225.9645923052954,1229.93115234375
2026-05-13 00:00:00+05:30,1227.9478864287817,1238.7566658178762,1216.940585355795,1225.2703857421875
2026-05-14 00:00:00+05:30,1228.7410341788377,1246.193873036946,1225.6669745529443,1235.5833740234375
2026-05-15 00:00:00+05:30,1236.178367000428,1247.4830869105315,1231.616847331383,1234.095947265625
2026-05-18 00:00:00+05:30,1225.171187688256,1243.218986792355,1221.7004477797907,1240.6407470703125
2026-05-19 00:00:00+05:30,1240.6406985843882,1245.7972988767476,1219.518840596794,1230.4268798828125
2026-05-20 00:00:00+05:30,1219.7171565954964,1229.3360158332805,1213.0732172518474,1226.9561767578125
2026-05-21 00:00:00+05:30,1234.8892560806848,1237.8641758775068,1224.0803566089394,1232.41015625
2026-05-22 00:00:00+05:30,1231.6168488886804,1260.1761285871792,1231.6168488886804,1253.73046875
2026-05-25 00:00:00+05:30,1260.3744497717253,1282.6863499447102,1260.2753099809177,1281.0006103515625
2026-05-26 00:00:00+05:30,1279.215515708668,1290.9169153575494,1265.5308361904704,1268.4066162109375
2026-05-27 00:00:00+05:30,1275.2490410953124,1282.587201311576,1256.1103406589523,1262.0601806640625
2026-05-28 00:00:00+05:30,1262.0601806640625,1262.0601806640625,1262.0601806640625,1262.0601806640625
2026-05-29 00:00:00+05:30,1264.4401034217194,1277.0340036893715,1237.4675446174365,1245.896484375
2026-06-01 00:00:00+05:30,1246.5906197801364,1251.3505402000205,1225.5679002002253,1229.3360595703125
2026-06-02 00:00:00+05:30,1222.692101166893,1227.3527606751832,1210.4948809348448,1216.3455810546875
2026-06-03 00:00:00+05:30,1209.7016025437176,1237.8642014111729,1203.5533622069204,1231.6168212890625
2026-06-04 00:00:00+05:30,1221.8987381131592,1251.7471984286103,1221.8987381131592,1241.2357177734375
2026-06-05 00:00:00+05:30,1246.4914883012805,1254.4246083541127,1239.5500082550523,1251.548828125
2026-06-08 00:00:00+05:30,1235.98013161075,1243.516571470306,1232.7076711606426,1239.748291015625
2026-06-09 00:00:00+05:30,1244.5081432866116,1269.2000023713417,1242.2273229706288,1264.3409423828125
2026-06-10 00:00:00+05:30,1260.6719575059049,1295.0818164605482,1260.6719575059049,1282.488037109375
2026-06-11 00:00:00+05:30,1275.7448484381675,1321.8561080202699,1275.7448484381675,1305.9898681640625
2026-06-12 00:00:00+05:30,1318.881182108178,1333.0616823357286,1307.6756018402702,1329.5909423828125
2026-06-15 00:00:00+05:30,1343.2755003149457,1351.3077599885314,1314.2205213660739,1316.501220703125
2026-06-16 00:00:00+05:30,1320.7653035280132,1326.1201835892518,1315.2121438922036,1323.145263671875
2026-06-17 00:00:00+05:30,1330.7808691866162,1334.7474291543856,1322.2527894658729,1325.6243896484375
2026-06-18 00:00:00+05:30,1322.4510288431072,1335.6398887549333,1320.2694693470728,1331.078369140625
2026-06-19 00:00:00+05:30,1329.293324489997,1340.994724069171,1320.8643850956182,1335.2431640625
2026-06-22 00:00:00+05:30,1341.6888318212496,1351.307690769155,1337.1273123310036,1341.0938720703125
2026-06-23 00:00:00+05:30,1346.647075338441,1357.654254763427,1320.3686162099664,1327.11181640625
2026-06-24 00:00:00+05:30,1329.3925787519856,1366.0832592753275,1329.3925787519856,1362.11669921875
2026-06-25 00:00:00+05:30,1370.3473528540349,1392.2625728462838,1368.562352417643,1375.9005126953125
2026-06-26 00:00:00+05:30,1375.9005126953125,1375.9005126953125,1375.9005126953125,1375.9005126953125
2026-06-29 00:00:00+05:30,1378.379593988644,1390.2792739367474,1371.6363935981306,1375.9996337890625
2026-06-30 00:00:00+05:30,1390.2792468566804,1390.2792468566804,1354.6793474953972,1363.7032470703125
2026-07-01 00:00:00+05:30,1359.935092537661,1373.5205118412996,1356.2659519824388,1368.264892578125
2026-07-02 00:00:00+05:30,1370.347360452637,1393.2542205810548,1365.2900205878914,1388.2960205078125
2026-07-03 00:00:00+05:30,1402.1789477753737,1408.128787723501,1394.1466880553623,1399.6007080078125
2026-07-06 00:00:00+05:30,1400.1956098660596,1419.6317286825692,1399.7989296759679,1414.9710693359375
2026-07-07 00:00:00+05:30,1419.6317869331858,1421.0201071305735,1398.212387337131,1402.873046875
2026-07-08 00:00:00+05:30,1398.5098849300493,1406.4430046152802,1364.397446073597,1369.05810546875
2026-07-09 00:00:00+05:30,1371.3389070760331,1391.8658055614053,1365.7857475821456,1369.1572265625
2026-07-10 00:00:00+05:30,1378.081980498166,1396.4273194454097,1377.9828407138161,1389.48583984375
2026-07-13 00:00:00+05:30,1381.850313043882,1401.1872926666704,1374.710553603081,1397.716552734375
2026-07-14 00:00:00+05:30,1388.2959393084109,1399.9973392167874,1380.36281965522,1395.9315185546875
2026-07-15 00:00:00+05:30,1401.0881343697583,1416.061873669893,1397.4189938599209,1404.3604736328125
2026-07-16 00:00:00+05:30,1408.2278901435363,1411.7977698077207,1394.4440704195183,1406.34375
2026-07-17 00:00:00+05:30,1410.2112272612976,1442.935347434669,1407.8312670387277,1432.2257080078125
2026-07-20 00:00:00+05:30,1432.4239762420166,1467.6271961496604,1427.4657762550246,1447.99267578125
2026-07-21 00:00:00+05:30,1457.7107481698004,1461.5781682422519,1444.4227484323062,1450.868408203125
2026-07-22 00:00:00+05:30,1454.1408592092237,1454.1408592092237,1426.374940373995,1428.6556396484375
2026-07-23 00:00:00+05:30,1420.5242697074934,1433.9114094220142,1414.673569622298,1422.606689453125
2026-07-24 00:00:00+05:30,1416.0618385071728,1427.9615178223592,1403.5671994361867,1420.9208984375
2026-07-27 00:00:00+05:30,1423.6974916567503,1436.8863520032721,1416.8552725346733,1433.6138916015625
2026-07-28 00:00:00+05:30,1430.2423604987887,1433.8122401392648,1405.7487808950839,1418.8385009765625
2026-07-29 00:00:00+05:30,1430.4406700852692,1436.3905099608405,1416.557710375603,1425.879150390625
2026-07-30 00:00:00+05:30,1419.13595728037,1430.143136895818,1410.7070174140658,1421.91259765625
2026-07-31 00:00:00+05:30,1422.309244666781,1429.8456841613988,1419.4334645695478,1423.4000244140625
2026-08-03 00:00:00+05:30,1442.0,1460.0,1433.0,1460.0
2026-08-04 00:00:00+05:30,1452.0,1454.5999755859375,1430.800048828125,1454.5999755859375
2026-08-05 00:00:00+05:30,1454.5999755859375,1454.5999755859375,1431.199951171875,1450.0999755859375
2026-08-06 00:00:00+05:30,1460.0,1460.0,1448.300048828125,1457.5
2026-08-07 00:00:00+05:30,1451.0,1455.0,1418.199951171875,1421.0
2026-08-10 00:00:00+05:30,1428.0999755859375,1441.9000244140625,1415.5,1431.800048828125
2026-08-11 00:00:00+05:30,1432.0999755859375,1434.0,1412.199951171875,1429.5999755859375
2026-08-12 00:00:00+05:30,1429.4000244140625,1435.0,1418.5999755859375,1431.699951171875
2026-08-13 00:00:00+05:30,1429.0,1429.0,1406.4000244140625,1406.800048828125
2026-08-14 00:00:00+05:30,1403.0,1417.800048828125,1401.0,1417.0
2026-08-17 00:00:00+05:30,1418.0,1423.5999755859375,1407.0,1415.300048828125
2026-08-18 00:00:00+05:30,1410.0,1416.5999755859375,1406.300048828125,1412.0
2026-08-19 00:00:00+05:30,1412.0,1416.0,1391.5,1402.0
2026-08-20 00:00:00+05:30,1407.800048828125,1413.0,1403.300048828125,1411.9000244140625
2026-08-21 00:00:00+05:30,1417.0,1420.0,1411.199951171875,1420.0
2026-08-24 00:00:00+05:30,1420.5,1425.5,1408.699951171875,1415.0
2026-08-25 00:00:00+05:30,1408.0,1424.9000244140625,1408.0,1422.699951171875
2026-08-26 00:00:00+05:30,1423.0999755859375,1446.0,1423.0999755859375,1430.0
2026-08-27 00:00:00+05:30,1445.0,1453.800048828125,1433.0999755859375,1443.0
2026-08-28 00:00:00+05:30,1435.0,1439.800048828125,1418.9000244140625,1422.800048828125
2026-08-31 00:00:00+05:30,1422.800048828125,1454.0,1419.0,1454.0
2026-09-01 00:00:00+05:30,1442.9000244140625,1446.699951171875,1422.800048828125,1438.0
2026-09-02 00:00:00+05:30,1425.0999755859375,1436.0,1420.699951171875,1426.5
2026-09-03 00:00:00+05:30,1438.300048828125,1452.0,1430.0,1430.0
2026-09-04 00:00:00+05:30,1432.0999755859375,1438.300048828125,1421.4000244140625,1423.199951171875
