Date,Open,High,Low,Close
2018-09-24 00:00:00+05:30,537.5608273075529,548.82594937841,533.1565644174077,545.3512573242188
2018-09-25 00:00:00+05:30,546.8783314029075,551.0833835775716,528.951502034145,544.7094116210938
2018-09-26 00:00:00+05:30,548.4276564018437,555.0450433187049,543.182406037007,553.9163208007812
2018-09-27 00:00:00+05:30,555.5098534087277,559.0509693100778,547.7636845353077,554.95654296875
2018-09-28 00:00:00+05:30,557.6786993825865,562.9018475967209,552.1014514445271,556.8155517578125
2018-10-01 00:00:00+05:30,556.704946131616,556.704946131616,532.9352921219858,545.1963500976562
2018-10-03 00:00:00+05:30,544.2226390246745,548.6932669178199,531.1869568120767,533.4222412109375
2018-10-04 00:00:00+05:30,526.5170934450266,526.9154556769621,489.55686709787676,496.7497253417969
2018-10-05 00:00:00+05:30,486.6796898804231,493.67333663354873,459.5238698269349,464.2601013183594
2018-10-08 00:00:00+05:30,464.7692126511354,494.42589557164916,453.94671346148436,491.0618591308594
2018-10-09 00:00:00+05:30,496.48415089049286,497.214511197296,478.5794793640813,482.496826171875
2018-10-10 00:00:00+05:30,484.2008956262235,493.91680201452164,479.951580863742,487.8305358886719
2018-10-11 00:00:00+05:30,470.9661217456406,493.4299456169422,461.67073718064023,481.5008850097656
2018-10-12 00:00:00+05:30,489.0920567053838,499.73747508395496,487.7420219664262,498.65301513671875
2018-10-15 00:00:00+05:30,500.13590944604493,507.66076601238575,494.93495083345624,504.49591064453125
2018-10-16 00:00:00+05:30,507.26240112320806,516.7348063938479,504.6065346457416,515.141357421875
2018-10-17 00:00:00+05:30,521.8693644996696,522.0242535824618,504.60647095666945,509.6083068847656
2018-10-19 00:00:00+05:30,486.9010283540417,491.7700475018947,473.73256019501423,487.4764404296875
2018-10-22 00:00:00+05:30,491.32736792200456,493.45202534091646,468.0225300115831,470.3684997558594
2018-10-23 00:00:00+05:30,465.9864921007632,471.2760054890812,461.9584887707688,466.8496398925781
2018-10-24 00:00:00+05:30,475.79083404980474,476.255619514561,456.53612848480526,462.8879699707031
2018-10-25 00:00:00+05:30,458.5722447244144,460.63050852172944,449.896535320371,456.2705078125
2018-10-26 00:00:00+05:30,457.20004454263693,467.86762393617505,452.37531752942397,462.5116882324219
2018-10-29 00:00:00+05:30,462.99864081915166,484.1788235216352,462.99864081915166,481.5008850097656
2018-10-30 00:00:00+05:30,480.48274061457715,480.48274061457715,465.698634922711,467.8675842285156
2018-10-31 00:00:00+05:30,468.75290522555224,471.78497301426796,463.4412611735673,469.74884033203125
2018-11-01 00:00:00+05:30,472.6923389405378,472.6923389405378,464.76915084726494,467.5356140136719
2018-11-02 00:00:00+05:30,472.2940088927251,478.4909317196763,470.58984477361537,475.79083251953125
2018-11-05 00:00:00+05:30,475.14904983069204,483.6698117450583,471.4087528995298,482.60748291015625
2018-11-06 00:00:00+05:30,484.2451636297323,492.21264367437743,483.1828349269601,488.7158203125
2018-11-07 00:00:00+05:30,493.54055213197415,493.54055213197415,489.8666788739522,491.63720703125
2018-11-09 00:00:00+05:30,489.66748163448926,493.00938629301976,480.2614421518218,484.001708984375
2018-11-12 00:00:00+05:30,485.8829720740352,486.3698592250039,475.6359151924671,478.04827880859375
2018-11-13 00:00:00+05:30,475.3924398100861,488.2289093220157,473.6440133349889,486.6575622558594
2018-11-14 00:00:00+05:30,489.13634567495455,492.50038186216375,480.4827968608081,485.9936218261719
2018-11-15 00:00:00+05:30,485.5509458126148,488.228883919858,480.92537069001344,485.5066833496094
2018-11-16 00:00:00+05:30,485.99364589349165,500.15804992215857,485.6174148995349,499.0293273925781
2018-11-19 00:00:00+05:30,501.4638099233881,509.785390436092,500.6228230165289,509.0329284667969
2018-11-20 00:00:00+05:30,506.81969290772537,511.6444196910351,500.1800869033896,503.45562744140625
2018-11-21 00:00:00+05:30,503.49994588336864,507.0410615999847,490.02163993065284,492.6110534667969
2018-11-22 00:00:00+05:30,493.3192926298162,498.1219183611258,486.9453196665298,488.1625671386719
2018-11-26 00:00:00+05:30,490.88476733552335,494.6471656942796,485.7501733968261,491.21673583984375
2018-11-27 00:00:00+05:30,490.39781567752465,500.18008616996013,489.31335575970326,499.38336181640625
2018-11-28 00:00:00+05:30,501.2645281617081,512.4632857475384,498.542357170042,510.2058410644531
2018-11-29 00:00:00+05:30,513.9018159634514,522.2676572802367,513.4591913637076,517.2216186523438
2018-11-30 00:00:00+05:30,518.9037053513254,524.9678409771739,514.4773401972819,516.8012084960938
2018-12-03 00:00:00+05:30,520.0545716674077,520.0545716674077,508.36892549379166,511.887939453125
2018-12-04 00:00:00+05:30,512.5740455041195,512.5740455041195,505.58039732565175,510.051025390625
2018-12-05 00:00:00+05:30,506.2664299064278,512.9281382181655,504.2966614243573,511.3124694824219
2018-12-06 00:00:00+05:30,508.59021642539426,508.59021642539426,494.9791534586504,497.3694152832031
2018-12-07 00:00:00+05:30,499.936644435788,503.25638815354296,490.59696955454234,501.8620910644531
2018-12-10 00:00:00+05:30,491.3274009700011,493.23074619157273,479.4204720397295,482.5853271484375
2018-12-11 00:00:00+05:30,471.85136663265433,487.83059080270107,466.9823768220481,485.81658935546875
2018-12-12 00:00:00+05:30,486.45837456551925,492.8766391720069,481.4787287925514,491.5487060546875
2018-12-13 00:00:00+05:30,499.29485901164674,499.29485901164674,484.7099627810662,490.0216064453125
2018-12-14 00:00:00+05:30,488.2732056825799,493.4963246900918,483.27139901697336,492.30120849609375
2018-12-17 00:00:00+05:30,493.9611324193799,501.50809045246905,491.99139339222495,500.1358947753906
2018-12-18 00:00:00+05:30,497.2144102590971,504.16379396352653,495.97500224834,503.0129699707031
2018-12-19 00:00:00+05:30,505.27045843181776,507.837740503206,501.5965556374403,503.1900634765625
2018-12-20 00:00:00+05:30,496.1963780651814,501.2867390481279,494.0496188714748,499.49407958984375
2018-12-21 00:00:00+05:30,497.9668881776643,500.7333807389976,485.1304194246723,486.989501953125
2018-12-24 00:00:00+05:30,487.29940701814274,488.31747334945453,480.9475654515845,482.0984191894531
2018-12-26 00:00:00+05:30,480.61559723152027,486.90104509867547,471.6964438229025,486.1706848144531
2018-12-27 00:00:00+05:30,490.08801663787307,498.852251139613,488.6715881289746,495.84228515625
2018-12-28 00:00:00+05:30,498.1882579195662,502.50399626800674,496.2849127090147,498.2104187011719
2018-12-31 00:00:00+05:30,500.6007069524883,501.88437775725583,494.07181493765887,496.30712890625
2019-01-01 00:00:00+05:30,498.077654745739,498.98506492593896,491.37168372531875,496.1964111328125
2019-01-02 00:00:00+05:30,493.31926575244586,498.8522514846727,487.343655344541,489.7339172363281
2019-01-03 00:00:00+05:30,490.22081646225075,493.36354038015054,482.5189400816617,483.6919250488281
2019-01-04 00:00:00+05:30,485.7502164249091,488.8708092850702,478.53522679127866,486.3034973144531
2019-01-07 00:00:00+05:30,489.99947507255644,495.06767517209585,487.3436384673368,489.0035400390625
2019-01-08 00:00:00+05:30,489.1584706528177,491.30525940351646,485.1304679541355,488.95928955078125
2019-01-09 00:00:00+05:30,492.21267318377784,494.425855651597,486.32558772693704,491.65936279296875
2019-01-10 00:00:00+05:30,490.3314508444639,491.7700401073639,488.2289245811867,490.2207946777344
2019-01-11 00:00:00+05:30,490.2650868480433,493.0094485923321,481.8549812853927,486.03790283203125
2019-01-14 00:00:00+05:30,484.6878651488265,487.12236004562834,480.8811746140079,485.484619140625
2019-01-15 00:00:00+05:30,489.1142147216286,501.0654355760193,489.1142147216286,500.0252380371094
2019-01-16 00:00:00+05:30,502.39332672848343,506.8197509366535,500.3350923620848,502.791748046875
2019-01-17 00:00:00+05:30,506.57623657866645,508.10332119014834,500.1801034631088,502.1498718261719
2019-01-18 00:00:00+05:30,508.5016772065438,526.6940822128304,502.50396544977406,524.2374267578125
2019-01-21 00:00:00+05:30,528.5089422923119,548.8481079387703,526.1408115885986,547.8521728515625
2019-01-22 00:00:00+05:30,545.7053520130312,551.9465366426136,539.8403687748806,546.723388671875
2019-01-23 00:00:00+05:30,545.9044615705386,550.7292469993979,540.9026853969897,542.8060302734375
2019-01-24 00:00:00+05:30,542.2307176885093,554.7130882758987,540.0617976543355,552.1679077148438
2019-01-25 00:00:00+05:30,553.4958304499542,559.8033797795792,546.8341222864655,551.5260620117188
2019-01-28 00:00:00+05:30,553.5179429525717,555.9303361110078,541.0798348240664,544.2446899414062
2019-01-29 00:00:00+05:30,544.8864613246026,545.1741968816506,531.7622569321205,535.8787841796875
2019-01-30 00:00:00+05:30,537.8043656072043,542.2307307181926,527.2252808955305,529.2614135742188
2019-01-31 00:00:00+05:30,532.0500376390211,544.3110954962458,531.6074129717023,543.182373046875
2019-02-01 00:00:00+05:30,546.2144636186489,555.5098184046919,543.1381334083609,553.2744750976562
2019-02-04 00:00:00+05:30,551.9686981888808,574.0784806662556,549.7776764638679,571.4005126953125
2019-02-05 00:00:00+05:30,571.8873820352513,577.3761052108845,565.9560341911196,571.6881713867188
2019-02-06 00:00:00+05:30,573.7685318299614,583.2409946417941,572.883282546338,579.9654541015625
2019-02-07 00:00:00+05:30,579.9654440045323,584.8123314865187,569.2757931615276,571.1791381835938
2019-02-08 00:00:00+05:30,568.7003724990501,575.6498162527372,563.145285109626,565.5576782226562
2019-02-11 00:00:00+05:30,564.7609421263937,564.8052045928157,553.7392334148291,554.7351684570312
2019-02-12 00:00:00+05:30,553.9605964529412,563.1895874760552,553.9605964529412,556.1295166015625
2019-02-14 00:00:00+05:30,549.3128564552972,549.3128564552972,539.1321939259117,541.8765258789062
2019-02-15 00:00:00+05:30,544.3332058212081,553.2523589386116,537.3616603663344,550.8399658203125
2019-02-18 00:00:00+05:30,553.2965993868063,554.4032201240432,537.8043227333932,540.061767578125
2019-02-19 00:00:00+05:30,539.1321855608721,548.7374358904422,536.1222788619095,538.2911987304688
2019-02-20 00:00:00+05:30,541.7216465839695,548.8702417164039,539.57482832799,546.3693237304688
2019-02-21 00:00:00+05:30,547.0996507231351,556.7491632550892,544.1561082536389,551.9243774414062
2019-02-22 00:00:00+05:30,550.9063696321634,551.2162068932724,542.673314598179,545.4840698242188
2019-02-25 00:00:00+05:30,547.0996231918582,550.1981136755784,540.3051285442053,545.4618530273438
2019-02-26 00:00:00+05:30,535.369810658872,546.5685699194651,533.8206242395728,540.128173828125
2019-02-27 00:00:00+05:30,543.5807423314526,551.039174906928,535.1484763797688,541.5667114257812
2019-02-28 00:00:00+05:30,546.103714945572,548.8037843138575,542.9166993834878,544.9085693359375
2019-03-01 00:00:00+05:30,547.5422609049652,549.9103912857396,541.0133999644827,542.6953735351562
2019-03-05 00:00:00+05:30,541.5224694607421,548.7817507558763,539.397811854067,547.830078125
2019-03-06 00:00:00+05:30,548.7816838409304,563.5214978834231,546.70128895691,559.8475952148438
2019-03-07 00:00:00+05:30,559.493577776652,566.4872253380775,556.9041346329068,562.2600708007812
2019-03-08 00:00:00+05:30,560.4009372146203,564.1191025568273,558.6082777903562,560.86572265625
2019-03-11 00:00:00+05:30,562.171592664967,580.7402027272578,561.2641824047415,577.243408203125
2019-03-12 00:00:00+05:30,582.9090423710314,590.4781607218365,581.7360574304449,589.30517578125
2019-03-13 00:00:00+05:30,591.8060821060708,601.9866858465925,587.8666043720284,596.365234375
2019-03-14 00:00:00+05:30,597.4497089144025,602.8720089653071,591.4076752180963,593.820068359375
2019-03-15 00:00:00+05:30,595.3472108928156,601.455609336697,580.3860816359203,585.0116577148438
2019-03-18 00:00:00+05:30,589.1501929738362,601.0793114262324,588.2649436727448,597.5824584960938
2019-03-19 00:00:00+05:30,601.9866738940681,610.8394625509037,594.5061398709255,609.3123779296875
2019-03-20 00:00:00+05:30,609.8656369626848,614.3805267326183,603.7572393047114,608.825439453125
2019-03-22 00:00:00+05:30,607.5197242067311,611.2378899295851,591.6733460571144,593.9086303710938
2019-03-25 00:00:00+05:30,588.9732071022316,591.7397001118269,582.8205465049533,586.2509765625
2019-03-26 00:00:00+05:30,588.8403780475189,607.1213086670006,588.7075906473199,605.1958618164062
2019-03-27 00:00:00+05:30,609.9320140041797,609.9320140041797,595.0151502686878,597.2283325195312
2019-03-28 00:00:00+05:30,597.6710757187243,606.3246549025426,594.3734329198153,601.9867553710938
2019-04-01 00:00:00+05:30,606.4131620781352,622.7021649241899,603.1155193758486,616.0847778320312
2019-04-02 00:00:00+05:30,618.806959600837,621.0644045184021,610.8837416081006,615.133056640625
2019-04-03 00:00:00+05:30,616.4831138425319,621.0201646238312,607.2983856558683,608.71484375
2019-04-04 00:00:00+05:30,610.3968352667464,612.4772302504579,596.3430591887059,598.910400390625
2019-04-05 00:00:00+05:30,602.4072136697757,603.7129859979176,594.4618939853823,599.28662109375
2019-04-08 00:00:00+05:30,600.2161424166632,600.8800793688172,585.9189530457305,588.3755493164062
2019-04-09 00:00:00+05:30,588.2206517980837,593.4437406042086,584.7237990427792,590.6773071289062
2019-04-10 00:00:00+05:30,592.22661208358,596.6751382297164,587.1584113334028,589.3273315429688
2019-04-11 00:00:00+05:30,590.0133624275286,598.888252928807,588.264965445455,596.1439208984375
2019-04-12 00:00:00+05:30,597.5603952687154,600.614624046917,591.65120748071,594.5062255859375
2019-04-15 00:00:00+05:30,595.347137600993,597.0955936790656,590.9207727394057,593.2003784179688
2019-04-16 00:00:00+05:30,595.3471355615848,601.9866828312216,593.1339531383726,594.7938842773438
2019-04-18 00:00:00+05:30,608.6262569615424,615.1551181712927,604.1998923495519,613.47314453125
2019-04-22 00:00:00+05:30,601.9866741912256,605.0851649965012,593.7093566824035,595.5020751953125
2019-04-23 00:00:00+05:30,596.6751097030148,607.7410225803753,595.7898603109938,603.69091796875
2019-04-24 00:00:00+05:30,606.5459252679693,617.3905256072113,604.7532066374247,615.0445556640625
2019-04-25 00:00:00+05:30,614.8674710903454,625.180921221674,603.137562941129,607.4754028320312
2019-04-26 00:00:00+05:30,608.6262313685243,617.8994831602779,606.7228863920471,616.505126953125
2019-04-30 00:00:00+05:30,618.0986346931494,618.0986346931494,604.9965912649715,616.505126953125
2019-05-02 00:00:00+05:30,616.1510924873053,625.8448682453895,611.768990059855,621.9275512695312
2019-05-03 00:00:00+05:30,623.211134884836,627.4383480359272,620.865165141616,623.6094970703125
2019-05-06 00:00:00+05:30,618.8069835524767,620.9316411509761,609.9984567813605,613.0084228515625
2019-05-07 00:00:00+05:30,617.3903973068092,617.4789222260629,593.2223852056566,594.68310546875
2019-05-08 00:00:00+05:30,593.1339293378248,593.1339293378248,571.9758802189367,575.1849975585938
2019-05-09 00:00:00+05:30,570.4709655524047,570.4709655524047,554.0712771743898,556.1516723632812
2019-05-10 00:00:00+05:30,559.9361634824019,565.5576740793575,551.083433698049,553.8056640625
2019-05-13 00:00:00+05:30,552.3670646760603,558.0770407016413,543.3372265765931,545.3512573242188
2019-05-14 00:00:00+05:30,547.3210543953884,561.8617193156638,545.1078717528416,557.9222412109375
2019-05-15 00:00:00+05:30,563.4772624034616,565.6904447842285,553.5621746080103,556.3507690429688
2019-05-16 00:00:00+05:30,557.7007715657779,562.9902830901406,556.881886536584,560.0910034179688
2019-05-17 00:00:00+05:30,560.8215462998704,565.2257509949617,554.1819389855777,560.9985961914062
2019-05-20 00:00:00+05:30,581.448359716685,592.1159095094665,576.9776733603718,586.8927612304688
2019-05-21 00:00:00+05:30,589.6814037049653,605.0851552655346,588.7297311552686,593.04541015625
2019-05-22 00:00:00+05:30,595.634903419491,601.8539280461488,590.9650652062413,593.31103515625
2019-05-23 00:00:00+05:30,607.298434663643,616.1511655016716,586.4944817370215,590.4339599609375
2019-05-24 00:00:00+05:30,596.6750980613658,599.2423803435563,582.7320067411391,591.7396850585938
2019-05-27 00:00:00+05:30,591.8503232509513,592.0273731116835,578.5269075629556,580.1425170898438
2019-05-28 00:00:00+05:30,584.1927040808862,590.8322514138105,581.3376863176912,585.9411010742188
2019-05-29 00:00:00+05:30,584.7238497637976,590.1683104518131,577.265417294087,581.2048950195312
2019-05-30 00:00:00+05:30,582.6213139410421,594.019223371127,582.6213139410421,588.596923828125
2019-05-31 00:00:00+05:30,592.2044778643392,593.9750357311897,584.3697844190792,588.7740478515625
2019-06-03 00:00:00+05:30,590.920760397822,605.1958488284881,584.8123628335076,602.0752563476562
2019-06-04 00:00:00+05:30,600.8579927431291,608.2943239066423,596.7193632541569,598.2907104492188
2019-06-06 00:00:00+05:30,602.8277324367702,602.8277324367702,584.7681141139942,587.5346069335938
2019-06-07 00:00:00+05:30,586.9149542153037,587.4903663054001,577.9072759524873,582.0238037109375
2019-06-10 00:00:00+05:30,584.6796520973529,587.3797219595616,579.8991869751485,583.905029296875
2019-06-11 00:00:00+05:30,585.1001405330676,590.6994905962937,583.3960059300211,588.3313598632812
2019-06-12 00:00:00+05:30,590.788085432952,592.4258560740252,586.4945072440522,589.6593627929688
2019-06-13 00:00:00+05:30,588.7076650171063,590.7880603117848,579.257361246404,587.4904174804688
2019-06-14 00:00:00+05:30,585.1221629957886,586.4943584434794,579.5892369328708,583.1967163085938
2019-06-17 00:00:00+05:30,584.281171161653,584.281171161653,565.911717325974,567.59375
2019-06-18 00:00:00+05:30,566.0888007170457,570.0947015577816,561.7509609348842,567.0183715820312
2019-06-19 00:00:00+05:30,569.6299846715991,576.3137950100071,558.8739088523005,565.4027709960938
2019-06-20 00:00:00+05:30,566.5757585163682,575.4285481413866,565.690509101577,573.9899291992188
2019-06-21 00:00:00+05:30,573.6356905902745,573.6578513679913,564.6059123632908,566.3543090820312
2019-06-24 00:00:00+05:30,563.1010185325224,565.0043637095691,556.4393695082755,558.7853393554688
2019-06-25 00:00:00+05:30,557.2361269861518,574.5432253793795,555.1778335046871,573.591552734375
2019-06-26 00:00:00+05:30,571.4448748232141,577.4647488383883,569.3865810485029,572.8391723632812
2019-06-27 00:00:00+05:30,572.3964952020063,574.0563674458016,562.5920326523112,563.9863891601562
2019-06-28 00:00:00+05:30,565.2920488190996,567.837229088313,552.6989939576308,554.6687622070312
2019-07-01 00:00:00+05:30,556.8598569334886,563.3223546770223,551.7252923519377,561.640380859375
2019-07-02 00:00:00+05:30,563.8978322942693,567.0184250293855,559.1837315656976,565.9118041992188
2019-07-03 00:00:00+05:30,567.859354913293,569.4528627467002,564.3846627720479,567.7044067382812
2019-07-04 00:00:00+05:30,567.1954892433374,571.4448046030109,566.5757555607951,568.3463134765625
2019-07-05 00:00:00+05:30,568.8331631776572,571.2234546184956,557.7229883348122,559.205810546875
2019-07-08 00:00:00+05:30,556.8376847003334,561.3083116822136,552.4998451082868,554.2039794921875
2019-07-09 00:00:00+05:30,552.8319115410211,568.1250393463115,551.3048266580228,566.6200561523438
2019-07-10 00:00:00+05:30,566.5979221124492,570.7144501025082,561.5739839200136,566.0667724609375
2019-07-11 00:00:00+05:30,569.6741727579423,570.913580866762,566.265844780248,567.2617797851562
2019-07-12 00:00:00+05:30,567.9036197336648,575.4284751870541,565.7125390667155,566.7970581054688
2019-07-15 00:00:00+05:30,568.7889060528559,570.7807762086532,562.3043067510758,564.8494873046875
2019-07-16 00:00:00+05:30,566.5536173225701,573.1710630706701,565.2699466652127,572.3300170898438
2019-07-17 00:00:00+05:30,572.9054787586715,574.1006245841717,566.5757680501406,567.3946533203125
2019-07-18 00:00:00+05:30,567.4610232119414,569.4086308695252,556.8377355775831,558.5418701171875
2019-07-19 00:00:00+05:30,561.3526341456075,563.4551309237335,550.065350230861,552.85400390625
2019-07-22 00:00:00+05:30,553.7392172248569,568.5675567105824,543.2487175124882,566.7970581054688
2019-07-23 00:00:00+05:30,568.7889053842914,572.7283832232471,557.9000427899266,563.7207641601562
2019-07-24 00:00:00+05:30,563.6986188429327,566.044588804399,554.8679903139908,557.3246459960938
2019-07-25 00:00:00+05:30,559.4935026021844,561.7288456848177,543.1159181038291,545.1077880859375
2019-07-26 00:00:00+05:30,545.1077634712697,549.9767524986003,535.5910386319488,537.2730712890625
2019-07-29 00:00:00+05:30,538.645363328299,540.9028083982834,533.422214571478,536.0116577148438
2019-07-30 00:00:00+05:30,537.3395773958161,540.0175454119949,520.5193664215706,522.7103881835938
2019-07-31 00:00:00+05:30,520.4308216260823,524.5251884932695,514.5215754092878,516.2257690429688
2019-08-01 00:00:00+05:30,514.9641771223088,525.9416230925917,509.1877776603354,522.4226684570312
2019-08-02 00:00:00+05:30,523.532441715617,533.5738082205122,517.4764342690546,527.3842163085938
2019-08-05 00:00:00+05:30,519.6583734800695,519.6583734800695,502.29191737731014,509.127197265625
2019-08-06 00:00:00+05:30,505.29763110816157,511.9102698816642,499.6201429946176,502.42547607421875
2019-08-07 00:00:00+05:30,501.6240130506623,506.9898045620142,491.20409739999894,494.00946044921875
2019-08-08 00:00:00+05:30,493.54184479656,515.6506970351464,487.7307721921939,513.1348266601562
2019-08-09 00:00:00+05:30,517.3652107876658,523.4434533759943,513.1126227962699,517.4765014648438
2019-08-13 00:00:00+05:30,549.1146665266605,580.1293917889301,545.9308139324703,567.638916015625
2019-08-14 00:00:00+05:30,580.663783789375,580.8641307811267,570.1325471404525,573.650390625
2019-08-16 00:00:00+05:30,574.9639544714397,575.2311234055627,566.8595923358139,569.0860595703125
2019-08-19 00:00:00+05:30,570.4442512567612,577.4576445072138,569.9766758533586,575.58740234375
2019-08-20 00:00:00+05:30,574.3405755757227,575.5873639681415,566.6814947931508,568.1732177734375
2019-08-21 00:00:00+05:30,568.0395990053597,569.3755030810053,563.9651837223562,565.9467163085938
2019-08-22 00:00:00+05:30,565.9467035825179,565.9689379340402,551.6750440617036,555.1705932617188
2019-08-23 00:00:00+05:30,551.7195912204171,571.7577958939527,546.1533935304763,568.128662109375
2019-08-26 00:00:00+05:30,576.2107721314826,576.2107721314826,560.6255006974678,564.0988159179688
2019-08-27 00:00:00+05:30,572.2030462418404,572.2030462418404,561.6050487465466,567.683349609375
2019-08-28 00:00:00+05:30,567.1936244358561,570.422005132932,559.311902506049,562.540283203125
2019-08-29 00:00:00+05:30,559.4899700160746,561.1820993687841,550.0719976379863,552.9441528320312
2019-08-30 00:00:00+05:30,554.6139685195744,558.5770931023615,543.7042736035451,555.9721069335938
2019-09-03 00:00:00+05:30,553.1667296097228,553.5007204611325,534.3530213828047,537.2029418945312
2019-09-04 00:00:00+05:30,534.5980044145409,536.6908871128855,528.1412437026385,534.8651733398438
2019-09-05 00:00:00+05:30,537.3810413836705,540.2309023757294,531.3695629057722,533.7296142578125
2019-09-06 00:00:00+05:30,535.6890247215708,547.2667026168646,532.2380032672461,544.3722534179688
2019-09-09 00:00:00+05:30,543.5483703495372,549.0477457084417,540.2086995227424,544.2385864257812
2019-09-11 00:00:00+05:30,544.3721751701554,552.1648395776373,544.3721751701554,549.6712036132812
2019-09-12 00:00:00+05:30,549.9383694188567,552.3651834163759,536.8912642441294,538.9618530273438
2019-09-13 00:00:00+05:30,539.6966172932991,547.043940961514,537.4256220176591,545.7526245117188
2019-09-16 00:00:00+05:30,529.4548132897087,542.8581433798865,528.1634374665119,539.1399536132812
2019-09-17 00:00:00+05:30,539.2513635093034,539.2513635093034,531.4586984555199,533.2175903320312
2019-09-18 00:00:00+05:30,536.5573665004321,541.6114612308611,533.1063449627244,536.891357421875
2019-09-19 00:00:00+05:30,537.8486354259852,538.6724360290432,522.174308515453,525.024169921875
2019-09-20 00:00:00+05:30,528.9872826439796,565.4791456790705,522.9090409219021,558.5548095703125
2019-09-23 00:00:00+05:30,567.3716909391333,570.4219587525063,549.9384128123469,551.8086547851562
2019-09-24 00:00:00+05:30,553.7679670566171,578.3481633555577,553.3894480019216,569.3977661132812
2019-09-25 00:00:00+05:30,571.7577776639475,576.6560528769686,565.0116138141937,569.7762451171875
2019-09-26 00:00:00+05:30,575.320108871329,578.3480825353281,571.5350972037298,577.45751953125
2019-09-27 00:00:00+05:30,575.5427970097883,585.5619288812624,571.7577850305494,582.9124145507812
2019-09-30 00:00:00+05:30,583.3354436432543,594.8017698849055,581.3538516822917,593.2432250976562
2019-10-01 00:00:00+05:30,595.3584063407384,597.5848734333644,575.8990090440144,581.064453125
2019-10-03 00:00:00+05:30,572.6484099833085,585.4283468989939,570.5555272924099,583.8030395507812
2019-10-04 00:00:00+05:30,587.7438805028344,591.6179488730752,580.5969035775893,582.4893798828125
2019-10-07 00:00:00+05:30,582.4893213904081,588.144574835985,579.6394603175088,583.3799438476562
2019-10-09 00:00:00+05:30,582.7567068046495,592.2192088311317,575.5429067022577,589.9036254882812
2019-10-10 00:00:00+05:30,590.0148840590675,609.6078075068975,588.2336983910574,606.8247680664062
2019-10-11 00:00:00+05:30,607.2477366748323,608.0938310517881,595.1580158763934,602.3049926757812
2019-10-14 00:00:00+05:30,607.8043293742732,607.8043293742732,601.5256817061605,604.7095336914062
2019-10-15 00:00:00+05:30,606.7134978008605,610.0532287991813,603.0620696733909,607.4482421875
2019-10-16 00:00:00+05:30,610.0085788805053,614.3501629165811,607.2477145302422,611.0995483398438
2019-10-17 00:00:00+05:30,612.2796626348761,622.9667180114293,610.9437584190024,621.8534545898438
2019-10-18 00:00:00+05:30,625.1931291335094,635.835655393317,622.8330774763288,630.6925048828125
2019-10-22 00:00:00+05:30,634.54428464092,639.8210196591194,624.9036715114763,629.712890625
2019-10-23 00:00:00+05:30,630.6702961024129,634.9673523948646,615.908766295107,620.0277099609375
2019-10-24 00:00:00+05:30,623.8572069872114,641.8471160772802,617.4227401722367,639.6428833007812
2019-10-25 00:00:00+05:30,641.7135822318234,641.8694010565094,628.4215409194215,637.30517578125
2019-10-27 00:00:00+05:30,641.6691312524844,643.4503171998066,636.7708550348107,638.6633911132812
2019-10-29 00:00:00+05:30,643.6728963240666,659.0355270409135,642.1588794964196,653.2689819335938
2019-10-30 00:00:00+05:30,659.0354579712998,661.0615781305346,650.2631739322103,658.6347045898438
2019-10-31 00:00:00+05:30,660.8167008364321,663.3326309021771,650.8866244956587,652.066650390625
2019-11-01 00:00:00+05:30,647.9030496511755,650.9310231992381,641.6689305109226,648.7490844726562
2019-11-04 00:00:00+05:30,652.7567916180376,655.0277868325503,643.4946981510161,649.0831298828125
2019-11-05 00:00:00+05:30,651.5100516103723,654.1149784345749,641.6690319851688,644.474365234375
2019-11-06 00:00:00+05:30,642.4260127980896,644.0958483615741,636.1028363395386,638.9526977539062
2019-11-07 00:00:00+05:30,638.9972836207461,651.4654644310114,637.7504358146491,649.5062255859375
2019-11-08 00:00:00+05:30,645.2313964399264,649.973734129593,641.8026095996164,643.6728515625
2019-11-11 00:00:00+05:30,640.8228151399748,643.1161038873624,633.4531987305794,635.791015625
2019-11-13 00:00:00+05:30,636.770685668936,657.2097012891945,636.770685668936,655.6066284179688
2019-11-14 00:00:00+05:30,657.2541931939941,659.74782893942,648.2592694711562,651.3540649414062
2019-11-15 00:00:00+05:30,652.6456577177172,662.0636317047055,651.5323941941255,654.961181640625
2019-11-18 00:00:00+05:30,655.7625002501892,661.7071569205408,648.081186273856,649.7733154296875
2019-11-19 00:00:00+05:30,653.2466682094622,674.5763092701517,652.356105073382,672.2830200195312
2019-11-20 00:00:00+05:30,692.4548091499332,700.1806517569983,687.1780744035942,689.1596069335938
2019-11-21 00:00:00+05:30,687.9795894631586,692.8778052437542,680.6545001439249,684.6843872070312
2019-11-22 00:00:00+05:30,686.6881628798455,698.8892327274816,684.6843366720202,688.6474609375
2019-11-25 00:00:00+05:30,690.7180748056101,696.7963156275273,690.6512528586042,695.34912109375
2019-11-26 00:00:00+05:30,698.2659351892099,701.9395972615475,692.8778499230012,694.7703857421875
2019-11-27 00:00:00+05:30,694.636699251103,701.5610346187405,692.9222763090311,699.0451049804688
2019-11-28 00:00:00+05:30,700.2919947848181,705.4129111039688,696.417985740945,703.6985473632812
2019-11-29 00:00:00+05:30,704.4331672085468,704.4331672085468,689.2486511776627,690.7181396484375
2019-12-02 00:00:00+05:30,712.4708300137888,718.9052971997955,702.2290568533912,706.4593505859375
2019-12-03 00:00:00+05:30,709.2424307785986,709.7990029904348,700.2697400300401,703.0750732421875
2019-12-04 00:00:00+05:30,700.4478393142873,702.4516656991397,682.9700335019947,691.4083862304688
2019-12-05 00:00:00+05:30,700.8930681166133,703.4535259601828,687.5342661895404,690.5845336914062
2019-12-06 00:00:00+05:30,691.5420265271395,698.2214285325554,686.2429974104203,692.3880615234375
2019-12-09 00:00:00+05:30,692.9446250588585,702.4071251649631,688.6475096381411,700.2697143554688
2019-12-10 00:00:00+05:30,700.0248063059641,700.7150224336392,692.0540287591915,695.52734375
2019-12-11 00:00:00+05:30,692.6996280796019,701.1156860993483,690.4731611640682,695.7276611328125
2019-12-12 00:00:00+05:30,699.2233427990602,700.8264159286773,693.1673349928408,698.3104858398438
2019-12-13 00:00:00+05:30,703.5648862571924,708.0178801238153,700.1806870147386,704.8562622070312
2019-12-16 00:00:00+05:30,708.9084095503324,709.7544444582198,696.5960482571616,697.5979614257812
2019-12-17 00:00:00+05:30,697.664748110966,703.1195956735934,692.6774758966036,695.861328125
2019-12-18 00:00:00+05:30,695.9949025377775,703.5648670591819,695.5496209983077,701.7169189453125
2019-12-19 00:00:00+05:30,700.7595267067665,719.1056609955814,699.9134917904707,716.9014282226562
2019-12-20 00:00:00+05:30,719.150161810269,720.2856594061476,710.734103320188,712.0700073242188
2019-12-23 00:00:00+05:30,694.703492066375,702.4738626190867,693.6793445765387,699.7353515625
2019-12-24 00:00:00+05:30,698.6221435556297,700.0248101711578,686.8663538680914,688.6253051757812
2019-12-26 00:00:00+05:30,686.4878562421779,691.5196564072455,672.461071963697,674.7988891601562
2019-12-27 00:00:00+05:30,679.9642809467703,688.5139241722563,677.4261167611049,686.799560546875
2019-12-30 00:00:00+05:30,688.4026855518733,689.1596642144276,680.4319077161741,687.6234130859375
2019-12-31 00:00:00+05:30,686.6437000385328,687.4007381135765,671.5260051917422,674.19775390625
2020-01-01 00:00:00+05:30,675.9565477815083,680.0087281455684,670.390410387018,672.216064453125
2020-01-02 00:00:00+05:30,673.2849207275859,686.1762083080744,673.2849207275859,683.6602783203125
2020-01-03 00:00:00+05:30,682.6360622006584,686.4878962665452,678.1831277621862,684.4840698242188
2020-01-06 00:00:00+05:30,676.8473220199032,680.3651059474896,667.0508300218751,668.609375
2020-01-07 00:00:00+05:30,676.4020559317804,683.3041589781277,673.9529475234624,678.895751953125
2020-01-08 00:00:00+05:30,674.6207976476823,683.2817317108661,672.3943304886236,673.7969970703125
2020-01-09 00:00:00+05:30,685.1296647498189,690.2059926741842,681.8567565985553,689.3154296875
2020-01-10 00:00:00+05:30,691.0520831577536,693.7461255846073,685.5972357997355,689.1596069335938
2020-01-13 00:00:00+05:30,688.0018555733295,694.0800969009713,685.0406443123888,687.4006958007812
2020-01-14 00:00:00+05:30,685.7530617339828,690.2059955864581,677.6709945202575,681.032958984375
2020-01-15 00:00:00+05:30,683.9052640096224,685.7086841864183,676.068070171922,678.5617065429688
2020-01-16 00:00:00+05:30,680.8549886137533,687.244928030335,680.4096475753698,684.8180541992188
2020-01-17 00:00:00+05:30,691.7647140458548,705.7692070144411,691.6311295637312,704.0103149414062
2020-01-20 00:00:00+05:30,716.4784286658733,716.4784286658733,679.6971043882497,682.3466186523438
2020-01-21 00:00:00+05:30,680.6768744071713,688.3581898620575,677.7378970312928,683.0369262695312
2020-01-22 00:00:00+05:30,687.534328261155,688.7588822425179,681.7900179448524,682.7919311523438
2020-01-23 00:00:00+05:30,684.1947008010877,686.6215747770138,677.1590729366771,679.8976440429688
2020-01-24 00:00:00+05:30,679.9642896946181,684.1278207028573,676.201571520967,677.5374755859375
2020-01-27 00:00:00+05:30,674.5762817936037,678.8288097703885,670.1678160991427,670.8580322265625
2020-01-28 00:00:00+05:30,671.7708247894806,672.3942783497732,651.7326219117568,655.3617553710938
2020-01-29 00:00:00+05:30,656.385937187332,665.4476838598071,651.9330029814765,658.9686889648438
2020-01-30 00:00:00+05:30,658.5901746274501,658.9018717010598,641.2237192109507,642.8935546875
2020-01-31 00:00:00+05:30,647.0125691802425,647.123919300985,626.6181376421537,628.5996704101562
2020-02-03 00:00:00+05:30,610.0085691432375,623.3896651574961,606.9583015760081,616.9551391601562
2020-02-04 00:00:00+05:30,623.411935184783,637.8840014691701,622.4323157911366,635.167724609375
2020-02-05 00:00:00+05:30,638.9526598272524,646.9234370233874,636.9043647870463,645.0086669921875
2020-02-06 00:00:00+05:30,647.5023606854987,653.2466113131902,641.2682409254869,649.14990234375
2020-02-07 00:00:00+05:30,646.121961162775,646.7231209827357,636.0137726868787,638.3961181640625
2020-02-10 00:00:00+05:30,635.8802065407942,643.6728717218461,628.0653070065835,639.2644653320312
2020-02-11 00:00:00+05:30,644.5188995976021,652.8904307204514,643.4724582072458,646.9012451171875
2020-02-12 00:00:00+05:30,648.4153034245885,656.742306925112,647.9031998730488,654.7161865234375
2020-02-13 00:00:00+05:30,658.0336151395259,658.0336151395259,651.2873910883294,656.4305419921875
2020-02-14 00:00:00+05:30,657.8109261027595,668.5870368609382,647.0570496970056,662.4197387695312
2020-02-17 00:00:00+05:30,663.0430895240688,670.6798756802237,656.4972728187931,658.2561645507812
2020-02-18 00:00:00+05:30,657.2096942768698,657.2096942768698,648.9717487058438,653.4246826171875
2020-02-19 00:00:00+05:30,658.7459628812005,670.8134485862718,656.8534867255756,669.6334228515625
2020-02-20 00:00:00+05:30,666.6055073331329,671.5037233050037,660.7276124968037,661.6849975585938
2020-02-24 00:00:00+05:30,654.4712592785945,657.6996400047707,641.0233984620075,643.427978515625
2020-02-25 00:00:00+05:30,646.3001152119884,646.3001152119884,627.864922735704,630.71484375
2020-02-26 00:00:00+05:30,627.8649155292255,628.911356956024,617.779020325235,619.849609375
2020-02-27 00:00:00+05:30,618.0683975689975,620.6511494965837,609.6078101962304,617.2891845703125
2020-02-28 00:00:00+05:30,603.329103417816,604.264254045817,590.014829470249,591.64013671875
2020-03-02 00:00:00+05:30,603.4182603911414,609.6078528086264,579.3724007114388,586.0740966796875
2020-03-03 00:00:00+05:30,592.1077172942299,602.8838272617827,588.6789307113166,597.9633178710938
2020-03-04 00:00:00+05:30,602.0378101189941,602.8393168736188,582.4003001293128,596.5606689453125
2020-03-05 00:00:00+05:30,602.126845697354,604.6873035839145,581.5542452021383,583.8475341796875
2020-03-06 00:00:00+05:30,565.5236515774449,573.6057788366949,552.654658716733,565.9689331054688
2020-03-09 00:00:00+05:30,552.1870935973562,552.6101407818697,487.59719353402716,496.12457275390625
2020-03-11 00:00:00+05:30,493.3860202311153,524.7569973633897,493.3860202311153,513.669189453125
2020-03-12 00:00:00+05:30,483.14426957764243,490.26895266015714,466.98007386558294,473.3477783203125
2020-03-13 00:00:00+05:30,444.40363928088584,507.6354013912499,419.64530200918597,492.1837158203125
2020-03-16 00:00:00+05:30,472.2568121164352,480.78419157795764,447.5207086747309,452.2853698730469
2020-03-17 00:00:00+05:30,466.3343737158094,472.0118916262875,446.7191870864638,448.8565979003906
2020-03-18 00:00:00+05:30,456.560224275454,461.2803576562569,427.9278160593616,431.26751708984375
2020-03-19 00:00:00+05:30,409.7152202964063,430.59951868687136,397.2915088300032,408.6465148925781
2020-03-20 00:00:00+05:30,418.3539154289049,460.8349919401429,414.1236220114131,453.2872619628906
2020-03-23 00:00:00+05:30,407.9786036891489,423.0295668803202,389.92193040058896,393.66241455078125
2020-03-24 00:00:00+05:30,414.1236553813101,431.9354232678665,398.8946097412174,420.0906066894531
2020-03-25 00:00:00+05:30,429.17453892225654,512.7784854174777,428.92963410724576,481.91961669921875
2020-03-26 00:00:00+05:30,487.95339378494543,497.3491012446338,464.1524132137663,474.7726745605469
2020-03-27 00:00:00+05:30,487.59715574121174,493.07426683799997,465.86679422968973,474.5054931640625
2020-03-30 00:00:00+05:30,463.37318015277566,478.6022243792753,454.2001132600208,458.8534240722656
2020-03-31 00:00:00+05:30,478.2237906959417,503.09345030601094,466.6684068629954,495.9465026855469
2020-04-01 00:00:00+05:30,499.7315008161992,500.77794227385374,465.421603232838,481.11822509765625
2020-04-03 00:00:00+05:30,505.1640794985781,505.1640794985781,470.3643151321363,479.78228759765625
2020-04-07 00:00:00+05:30,490.7587797499459,540.587180545846,489.82365880229355,537.0693969726562
2020-04-08 00:00:00+05:30,525.4471639311407,547.2666119015739,516.5412959187852,530.8574829101562
2020-04-09 00:00:00+05:30,540.5871800325931,548.9587106749909,531.2360300150857,543.2366943359375
2020-04-13 00:00:00+05:30,536.1120125498173,541.0325221376103,525.4471928092958,529.5216674804688
2020-04-15 00:00:00+05:30,533.0394274350746,550.3836477833194,508.97127785494433,512.0215454101562
2020-04-16 00:00:00+05:30,512.0216140957893,528.7646769192855,509.8619687316648,520.1259765625
2020-04-17 00:00:00+05:30,541.477788467049,547.7119081332823,531.0801379395491,545.0401000976562
2020-04-20 00:00:00+05:30,545.9307453957434,559.7348298724658,535.2436911572639,553.8569946289062
2020-04-21 00:00:00+05:30,538.8059664932713,557.5083250081677,518.3224819342147,550.9848022460938
2020-04-22 00:00:00+05:30,587.7883765401166,616.6879797457742,578.8825082607582,607.2031860351562
2020-04-23 00:00:00+05:30,608.8731391707544,617.1110859522549,602.6167250854138,610.4539184570312
2020-04-24 00:00:00+05:30,601.2140016546114,665.6926093550011,599.9003914322975,630.98193359375
2020-04-27 00:00:00+05:30,638.5518388221476,656.8089146894805,633.6536236053566,636.6593627929688
2020-04-28 00:00:00+05:30,645.6766291201964,648.1034431126441,619.9163502379175,635.9469604492188
2020-04-29 00:00:00+05:30,643.4056688448253,647.3019715047586,632.3178017703171,635.41259765625
2020-04-30 00:00:00+05:30,647.4355395070829,665.6926172797448,640.3553848329962,652.8013305664062
2020-05-04 00:00:00+05:30,641.2237757465786,652.3561123219903,631.1823492999154,639.0863647460938
2020-05-05 00:00:00+05:30,647.3242698899517,658.5901902105282,644.4298209519568,650.4190063476562
2020-05-06 00:00:00+05:30,651.9107566845831,661.2396721044524,643.6728107196592,650.4635620117188
2020-05-07 00:00:00+05:30,647.9031324834183,674.0196380436263,643.4501981639638,671.0361328125
2020-05-08 00:00:00+05:30,687.9796035544326,703.5203455803562,684.4617604589652,695.4605712890625
2020-05-11 00:00:00+05:30,703.564854514178,719.1501837188379,700.1361272712575,702.1399536132812
2020-05-12 00:00:00+05:30,696.79641276918,698.3772514173569,652.3560664564766,658.7014770507812
2020-05-13 00:00:00+05:30,686.4096865474885,686.4096865474885,653.5950534044931,672.677001953125
2020-05-14 00:00:00+05:30,660.3377319199246,672.789324791763,642.8291322565639,645.4812622070312
2020-05-15 00:00:00+05:30,649.0999085460102,659.3039301915819,636.1089238922658,656.0224609375
2020-05-18 00:00:00+05:30,660.7873261418357,666.181474909855,641.9076865534937,647.6389770507812
2020-05-19 00:00:00+05:30,654.9436171986698,657.0563561877386,630.7821895369445,633.3218994140625
2020-05-20 00:00:00+05:30,633.8164459231173,650.3810982575258,626.1746653038855,644.469970703125
2020-05-21 00:00:00+05:30,645.0542141170009,656.9438839898754,640.5590706705585,647.8637084960938
2020-05-22 00:00:00+05:30,652.6061872445827,655.3931503743523,641.233434844536,643.5034790039062
2020-05-26 00:00:00+05:30,650.9653191440415,651.6620746780493,636.6482413729298,640.1320190429688
2020-05-27 00:00:00+05:30,643.2563461009137,653.5952030424527,634.7155589905317,649.7968139648438
2020-05-28 00:00:00+05:30,654.0445650157022,665.1700639694456,651.3474905739236,661.7987060546875
2020-05-29 00:00:00+05:30,659.8882522484166,661.6863216286777,652.9882315987021,658.27001953125
2020-06-01 00:00:00+05:30,665.282470467664,691.5116927649323,663.4619289082036,683.42041015625
2020-06-02 00:00:00+05:30,685.9601831154127,692.2533963499591,683.622663148201,690.3204345703125
2020-06-03 00:00:00+05:30,694.5009892228203,701.243705152625,689.2640858781962,692.9951171875
2020-06-04 00:00:00+05:30,694.0514864853873,714.5044764477512,692.7029788544525,710.1441650390625
2020-06-05 00:00:00+05:30,716.9767743613463,727.3156301764457,707.4020907099616,710.9982299804688
2020-06-08 00:00:00+05:30,727.495369555277,727.495369555277,703.4912471731864,705.5140380859375
2020-06-09 00:00:00+05:30,701.3785617206731,711.5825840206448,689.1068040465735,690.9722900390625
2020-06-10 00:00:00+05:30,693.6469213591369,710.0317972109347,692.2759415871488,706.7053833007812
2020-06-11 00:00:00+05:30,703.9408036567188,704.8173365444579,688.207799283614,691.2195434570312
2020-06-12 00:00:00+05:30,674.2728513186369,716.0777776124157,672.9242842139472,714.1898193359375
2020-06-15 00:00:00+05:30,703.4912994111404,731.3387563203479,701.7381741898191,725.7647705078125
2020-06-16 00:00:00+05:30,738.5534772559045,741.0482428927804,712.6163922222294,727.1807250976562
2020-06-17 00:00:00+05:30,722.9328087814987,735.1596222116743,720.1683177338406,726.1243896484375
2020-06-18 00:00:00+05:30,722.3708411805889,748.4426971382073,721.7415020695015,744.3521118164062
2020-06-19 00:00:00+05:30,750.6903261392612,804.0927203501327,747.0942467519249,790.8770141601562
2020-06-22 00:00:00+05:30,797.1702444845414,811.0152901303186,779.90883714488,784.9209594726562
2020-06-23 00:00:00+05:30,786.6515522559022,792.83240486235,771.4129953643138,773.5706787109375
2020-06-24 00:00:00+05:30,780.3134354719743,796.8556158794696,769.4351890087056,776.69482421875
2020-06-25 00:00:00+05:30,776.3126312670805,786.2019827039641,770.0418905851864,772.2220458984375
2020-06-26 00:00:00+05:30,777.1218366018753,787.5505795010465,771.8175170961591,782.8980712890625
2020-06-29 00:00:00+05:30,776.7847811125145,782.0440974489501,771.165850862043,774.5821533203125
2020-06-30 00:00:00+05:30,780.807914512527,782.6059245493964,762.1754677566296,766.0188598632812
2020-07-01 00:00:00+05:30,773.166189855075,786.2021202640287,767.7944531593192,781.07763671875
2020-07-02 00:00:00+05:30,786.6934075977497,797.7964904471671,783.1051979902952,794.5242309570312
2020-07-03 00:00:00+05:30,803.3027790862244,809.2605842388523,797.9769338084662,806.9586791992188
2020-07-06 00:00:00+05:30,814.6767489280919,838.59798707909,808.8543846026165,835.7996826171875
2020-07-07 00:00:00+05:30,839.5006450288294,841.463976689244,815.2634586435034,823.0039672851562
2020-07-08 00:00:00+05:30,823.2748823910197,828.1945237391301,807.9066216942804,811.5173950195312
2020-07-09 00:00:00+05:30,816.4820787561033,828.2170013060332,806.2139692943585,823.3650512695312
2020-07-10 00:00:00+05:30,825.2833506758969,850.6037702244128,823.3650864259226,847.6474609375
2020-07-13 00:00:00+05:30,859.0663542368072,879.083489970848,857.5543543318056,873.3514404296875
2020-07-14 00:00:00+05:30,872.9001726962613,876.3755044340146,851.8223671864567,865.227294921875
2020-07-15 00:00:00+05:30,874.6829238098223,893.1203699369507,811.5173183412455,832.2791137695312
2020-07-16 00:00:00+05:30,833.6331186808312,843.5627139468717,818.039164673242,832.00830078125
2020-07-17 00:00:00+05:30,832.7305852324822,866.5814210599477,829.5711436446031,862.8352661132812
2020-07-20 00:00:00+05:30,865.5883422314392,871.9974193757844,857.3964422325445,866.5361328125
2020-07-21 00:00:00+05:30,875.1569121232839,892.3079949125722,874.0285529843062,889.84814453125
2020-07-22 00:00:00+05:30,895.0159986639695,907.202312550526,884.9510213382299,904.4942626953125
2020-07-23 00:00:00+05:30,904.4716734406272,938.6610205330575,898.784750623047,928.776611328125
2020-07-24 00:00:00+05:30,928.8668185460966,976.2579590026274,928.776564146926,968.65283203125
2020-07-27 00:00:00+05:30,983.389199696608,992.4160717579479,960.4157553838029,973.1887817382812
2020-07-28 00:00:00+05:30,973.1888006028569,990.2496273324197,970.6838232619775,982.8927001953125
2020-07-29 00:00:00+05:30,982.9830381867582,985.1945694094204,934.4860429521891,946.311279296875
2020-07-30 00:00:00+05:30,947.3719425825504,965.7416374844678,935.1856290159112,951.8176879882812
2020-07-31 00:00:00+05:30,954.3678150249528,960.9122737981927,926.5198556854664,932.9740600585938
2020-08-03 00:00:00+05:30,925.8427641229805,928.4154321923008,904.0879333721077,906.7509155273438
2020-08-04 00:00:00+05:30,911.9865259436237,978.063309181602,902.801648867005,970.6612548828125
2020-08-05 00:00:00+05:30,978.9660179222315,991.1522713264957,956.0828280071764,959.7612915039062
2020-08-06 00:00:00+05:30,973.549911434821,978.3792977984335,951.3437476637285,963.214111328125
2020-08-07 00:00:00+05:30,961.2733354792168,973.9109808198931,956.9404677314833,968.7882080078125
2020-08-10 00:00:00+05:30,974.4978239673667,977.1607467636378,951.4792497470256,956.7825317382812
2020-08-11 00:00:00+05:30,963.5300059793976,974.9039101007246,947.9811795142966,963.0786743164062
2020-08-12 00:00:00+05:30,957.3014618538515,968.1337801877427,950.8923849420117,960.2803344726562
2020-08-13 00:00:00+05:30,960.4609378961798,965.3805786775785,952.3367286962583,957.7754516601562
2020-08-14 00:00:00+05:30,958.0011681580643,973.5499968825059,942.9714216597392,954.0519409179688
2020-08-17 00:00:00+05:30,950.0799458521248,950.0799458521248,934.3280471075294,943.9191284179688
2020-08-18 00:00:00+05:30,941.0531171539242,963.3044077157676,939.8570673079405,956.1957397460938
2020-08-19 00:00:00+05:30,966.3284692913196,972.1959605908819,957.4595415393626,962.063232421875
2020-08-20 00:00:00+05:30,956.8501235506358,958.6103827292058,942.4070922309022,946.4917602539062
2020-08-21 00:00:00+05:30,955.9475181738237,957.7529046597705,937.4423813079499,939.6314086914062
2020-08-24 00:00:00+05:30,943.9416977644579,949.8542559602391,934.5085615853247,945.905029296875
2020-08-25 00:00:00+05:30,950.5313951315512,952.9235547016002,937.8937489378307,939.7442626953125
2020-08-26 00:00:00+05:30,941.0532201142951,969.4653315021213,923.9021368360374,964.6585083007812
2020-08-27 00:00:00+05:30,969.4878026998181,970.3905257659359,949.2901575537568,952.6075439453125
2020-08-28 00:00:00+05:30,956.8501236807623,962.6724872841761,950.64417889511,955.1124877929688
2020-08-31 00:00:00+05:30,981.2227244337602,981.2227244337602,929.9274278526689,939.1123046875
2020-09-01 00:00:00+05:30,947.8232778251647,957.9333821236513,930.8527051045198,942.0686645507812
2020-09-02 00:00:00+05:30,944.2125954179412,964.9744517777982,941.0532136373029,960.55126953125
2020-09-03 00:00:00+05:30,960.4608430815497,965.3127925841867,949.1772534689192,953.2844848632812
2020-09-04 00:00:00+05:30,940.3986668867657,946.4466666938623,935.2758940537118,937.55517578125
2020-09-07 00:00:00+05:30,940.6017681981718,950.4184857636033,922.6607820696723,939.992431640625
2020-09-08 00:00:00+05:30,944.2126121052745,957.3015905702279,939.0221479235777,951.0279541015625
2020-09-09 00:00:00+05:30,941.0531948204808,978.4244877673116,939.4508806683891,975.5133056640625
2020-09-10 00:00:00+05:30,985.3301307802309,1058.380270975466,981.832175492863,1044.4111328125
2020-09-11 00:00:00+05:30,1043.5083899488072,1055.175562246342,1032.269926063605,1047.0062255859375
2020-09-14 00:00:00+05:30,1049.3758922384438,1065.1729199258552,1029.9679721043801,1039.2431640625
2020-09-15 00:00:00+05:30,1043.4858431799203,1049.7143521325797,1032.7437783357252,1046.60009765625
2020-09-16 00:00:00+05:30,1047.1190836022542,1069.392939817957,1042.8539659959436,1049.1727294921875
2020-09-17 00:00:00+05:30,1047.1189158166728,1053.302416097168,1034.4135806713612,1037.5279541015625
2020-09-18 00:00:00+05:30,1044.5238896915514,1046.8708623526327,1027.5081886685462,1040.6649169921875
2020-09-21 00:00:00+05:30,1038.092106363457,1054.340524274349,1014.3288160609994,1018.1653442382812
2020-09-22 00:00:00+05:30,1027.7112111815643,1027.7112111815643,993.6573068799258,997.990234375
2020-09-23 00:00:00+05:30,1020.0383606869218,1027.5983602691515,995.3498434566727,1006.8590698242188
2020-09-24 00:00:00+05:30,996.5233454684201,1004.6926220511629,982.1480045429355,984.4724731445312
2020-09-25 00:00:00+05:30,987.9929866283342,998.7349916951074,978.1988318727759,993.7250366210938
2020-09-28 00:00:00+05:30,1005.1440030800964,1010.1088306263572,996.1396943292455,1000.2920532226562
2020-09-29 00:00:00+05:30,1004.2412750821471,1021.8436272783866,1000.2919888371054,1013.2907104492188
2020-09-30 00:00:00+05:30,1020.0384044786468,1023.1977860425367,1004.2413772750692,1008.4614868164062
2020-10-01 00:00:00+05:30,1021.7534063617467,1021.7534063617467,999.276480594019,1004.3541259765625
2020-10-05 00:00:00+05:30,1012.8168908433682,1015.1412998899507,995.6658680054296,998.4641723632812
2020-10-06 00:00:00+05:30,1004.3541775876134,1008.2582772733267,993.7024274130506,997.629150390625
2020-10-07 00:00:00+05:30,1008.7548038474227,1042.154304099075,1001.9846493971844,1018.9100952148438
2020-10-08 00:00:00+05:30,1019.5870900273933,1023.6492546738874,1002.9325253755236,1010.6730346679688
2020-10-09 00:00:00+05:30,1008.7548278164428,1016.8790372265936,1000.6757456073183,1008.0552368164062
2020-10-12 00:00:00+05:30,1008.7547657275612,1018.1200919736274,1004.8055389601913,1009.6799926757812
2020-10-13 00:00:00+05:30,1006.7689180188713,1031.6606295627953,1004.6250177214829,1029.38134765625
2020-10-14 00:00:00+05:30,1028.5689032035948,1039.8976215416956,1023.8748385588287,1032.450439453125
2020-10-15 00:00:00+05:30,1033.5787209899615,1033.5787209899615,990.7010157207518,995.8914794921875
2020-10-16 00:00:00+05:30,999.727820862308,1007.6262738234162,980.6133498050216,982.0350952148438
2020-10-19 00:00:00+05:30,988.466891534098,1005.9113606750328,972.7149909324551,982.2157592773438
2020-10-20 00:00:00+05:30,983.4794597665089,989.7982821843228,971.4059645919401,973.0534057617188
2020-10-21 00:00:00+05:30,978.5148226542062,989.3470825746206,946.8078286470422,958.9264526367188
2020-10-22 00:00:00+05:30,960.1901490428081,962.4919944695694,943.7612212611413,950.9601440429688
2020-10-23 00:00:00+05:30,950.5313739814042,963.6203515996452,946.198506037611,953.71337890625
2020-10-26 00:00:00+05:30,948.7033536754576,948.7033536754576,911.0386780241073,915.8229370117188
2020-10-27 00:00:00+05:30,918.4407627043238,929.7017897460652,904.9455811340416,918.26025390625
2020-10-28 00:00:00+05:30,921.5550042670169,928.7314227324945,906.028800472741,907.8567504882812
2020-10-29 00:00:00+05:30,901.3348351173212,921.645358569465,898.6267852210569,914.8300170898438
2020-10-30 00:00:00+05:30,917.8088456567091,932.0713684328344,912.5281277212341,927.287109375
2020-11-02 00:00:00+05:30,914.875118139784,914.875118139784,839.1169961667077,847.3765869140625
2020-11-03 00:00:00+05:30,853.0409611809424,861.6165021715815,828.2621884933044,835.167724609375
2020-11-04 00:00:00+05:30,829.1197861195681,870.6434990617774,829.1197861195681,863.51220703125
2020-11-05 00:00:00+05:30,882.3557933334056,885.063843200435,871.9974294692396,882.3783569335938
2020-11-06 00:00:00+05:30,898.1754160907856,920.7425971059893,892.8269476303738,915.8455200195312
2020-11-09 00:00:00+05:30,930.7173580690493,933.831612463532,918.9372485037195,925.572021484375
2020-11-10 00:00:00+05:30,937.4423956918613,943.3098869382017,921.2842908558239,940.8500366210938
2020-11-11 00:00:00+05:30,942.858502861752,945.5665526357731,892.8043809348467,901.425048828125
2020-11-12 00:00:00+05:30,894.1133787125383,906.5027656017824,886.8918324917257,893.6619873046875
2020-11-13 00:00:00+05:30,894.564633496026,919.2305871473199,894.4518154997988,901.06396484375
2020-11-14 00:00:00+05:30,909.4139724729714,909.5944812873773,900.5901715592453,903.7269897460938
2020-11-17 00:00:00+05:30,941.0531655438715,941.0531655438715,895.9186819311539,899.6422729492188
2020-11-18 00:00:00+05:30,899.6422344929193,905.6226031588405,884.6801802584594,896.91162109375
2020-11-19 00:00:00+05:30,896.9116378432019,907.4053832429535,888.3360969077845,890.5702514648438
2020-11-20 00:00:00+05:30,891.405329502187,895.3771801930644,855.297775024968,857.328857421875
2020-11-23 00:00:00+05:30,880.5729426320072,889.148483349999,869.4021701299365,880.4375610351562
2020-11-24 00:00:00+05:30,886.4403880618394,890.9538240299142,871.9973571487645,886.4629516601562
2020-11-25 00:00:00+05:30,893.6619486348033,899.5068761620935,876.6011807335245,879.128662109375
2020-11-26 00:00:00+05:30,881.4982981188252,886.891834503416,871.1173701719107,881.295166015625
2020-11-27 00:00:00+05:30,875.8339033969402,882.8748813272135,867.2132345680465,871.0045166015625
2020-12-01 00:00:00+05:30,875.7661090949532,887.4559636242224,871.1172913559293,882.3331909179688
2020-12-02 00:00:00+05:30,883.9580550659119,885.5378055525415,873.3514915114731,883.8001098632812
2020-12-03 00:00:00+05:30,890.0511607131228,894.1583922194357,884.0256651975251,886.4629516601562
2020-12-04 00:00:00+05:30,888.6971374121213,888.6971374121213,875.6081607043218,878.6547241210938
2020-12-07 00:00:00+05:30,875.8789913444388,886.8917588790096,875.8789913444388,883.8226318359375
2020-12-08 00:00:00+05:30,885.1541251431139,909.120487964561,880.1216067950427,899.867919921875
2020-12-09 00:00:00+05:30,907.179721423537,917.9442894095523,902.3503351540464,914.8525390625
2020-12-10 00:00:00+05:30,912.4378508699459,915.5521050393417,903.1401558672769,905.8482055664062
2020-12-11 00:00:00+05:30,908.556276462948,919.8399265746882,891.0666814664153,905.306640625
2020-12-14 00:00:00+05:30,906.2770801525107,909.4590851843236,896.5280523361688,898.76220703125
2020-12-15 00:00:00+05:30,898.0399769590505,898.0399769590505,885.1315087967429,891.1118774414062
2020-12-16 00:00:00+05:30,897.2727587493416,900.4096365369544,887.2077809533278,892.1048583984375
2020-12-17 00:00:00+05:30,895.6930552499342,904.9456238899453,892.3756687000254,896.1895141601562
2020-12-18 00:00:00+05:30,893.7070380485435,904.9003732935029,886.8916973794171,898.8748779296875
2020-12-21 00:00:00+05:30,907.2023343255363,912.6184341659626,837.3567682633857,875.4727783203125
2020-12-22 00:00:00+05:30,879.6703154945026,884.13862467934,852.3413781920493,874.1187744140625
2020-12-23 00:00:00+05:30,871.0947542977892,880.7760906412614,866.8746448149003,877.3458862304688
2020-12-24 00:00:00+05:30,878.767526196303,902.1471750538747,878.2710673327456,900.0484619140625
2020-12-28 00:00:00+05:30,905.7129083554405,910.8131178458168,900.5675716632815,904.1783447265625
2020-12-29 00:00:00+05:30,906.7509753463718,908.2404117114976,894.8128611333499,898.197998046875
2020-12-30 00:00:00+05:30,900.544896853225,905.9384324891365,891.6534065904553,900.65771484375
2020-12-31 00:00:00+05:30,899.7551043755919,908.0598221912284,893.0300772883096,896.0540771484375
2021-01-01 00:00:00+05:30,897.2726941006515,901.3347986266252,894.5646443140231,897.0470581054688
2021-01-04 00:00:00+05:30,900.4772253363753,902.1922975973049,888.2457850636894,898.5590209960938
2021-01-05 00:00:00+05:30,888.6971735420237,895.286819208082,882.8296824610696,887.3883056640625
2021-01-06 00:00:00+05:30,887.2979208301023,887.3430480265655,859.8787914584216,863.9860229492188
2021-01-07 00:00:00+05:30,866.8069639014568,877.8649187321673,859.8788642012053,862.5869140625
2021-01-08 00:00:00+05:30,865.678604878862,874.8860460383853,863.0156822176616,872.7647094726562
2021-01-11 00:00:00+05:30,875.0665066757083,875.0665066757083,854.1692713388484,856.3131713867188
2021-01-12 00:00:00+05:30,858.9084582491231,884.6350813991116,857.5092762592445,883.3036499023438
2021-01-13 00:00:00+05:30,886.2373626282811,891.3826993524976,865.8817711258671,875.0665893554688
2021-01-14 00:00:00+05:30,877.8649670437152,887.7494361349055,875.1794806347706,884.9059448242188
2021-01-15 00:00:00+05:30,884.9059553680901,890.8637012770374,866.6039495178113,874.4573364257812
2021-01-18 00:00:00+05:30,879.7154868801754,901.3348792931557,868.0933816341949,895.44482421875
2021-01-19 00:00:00+05:30,900.2741041573885,916.6804669801634,900.2741041573885,910.0908813476562
2021-01-20 00:00:00+05:30,912.3475752102067,928.8667555895526,903.320643603404,927.3773193359375
2021-01-21 00:00:00+05:30,939.6991037539394,956.8501859101181,936.539722158253,947.552490234375
2021-01-22 00:00:00+05:30,952.7880800202875,954.7514714069698,918.5536065523528,925.0755615234375
2021-01-25 00:00:00+05:30,918.4633177239738,918.4633177239738,871.9974047459384,876.0595092773438
2021-01-27 00:00:00+05:30,868.8380990078514,868.8380990078514,852.1383477435087,855.2977294921875
2021-01-28 00:00:00+05:30,848.5952770841457,868.0708291399083,844.0141496085763,846.970458984375
2021-01-29 00:00:00+05:30,854.9817319108826,863.4670185270817,825.9602859922227,831.3538818359375
2021-02-01 00:00:00+05:30,839.2297544881135,859.8110390936073,834.0844184137254,855.4330444335938
2021-02-02 00:00:00+05:30,863.9861301874793,875.6082351731134,837.2214015345261,869.1991577148438
2021-02-03 00:00:00+05:30,870.3274543100903,881.024271808645,857.5543678212887,871.3881225585938
2021-02-04 00:00:00+05:30,868.3866534338506,875.6081993096957,859.8111124753323,868.5220947265625
2021-02-05 00:00:00+05:30,871.1173559922115,877.7070019033696,866.5813559125976,868.2738647460938
2021-02-08 00:00:00+05:30,872.4713450669083,888.6972004305863,870.6660182415897,880.776123046875
2021-02-09 00:00:00+05:30,885.5152551213864,897.9948961529354,881.1597638793062,882.8973999023438
2021-02-10 00:00:00+05:30,881.814282391384,895.8059243068913,869.8761670362735,891.08935546875
2021-02-11 00:00:00+05:30,893.6619528050209,931.6652040177879,890.1640575276463,927.8287353515625
2021-02-12 00:00:00+05:30,927.7385398005773,937.8937722721672,909.6396062888572,921.46484375
2021-02-15 00:00:00+05:30,924.3760583294887,930.3563680750268,913.9725661817749,917.4027709960938
2021-02-16 00:00:00+05:30,920.6298293819443,938.5256299749142,918.4859291608079,929.5438842773438
2021-02-17 00:00:00+05:30,929.7695004811927,945.9953555067547,925.5268870227972,940.2633056640625
2021-02-18 00:00:00+05:30,941.0530705612548,951.6145059493895,929.3632164892342,933.2448120117188
2021-02-19 00:00:00+05:30,928.4155145358285,950.0574695218014,926.745509641073,938.9318237304688
2021-02-22 00:00:00+05:30,938.7964367473062,943.2647459186029,900.4096042931712,906.3447265625
2021-02-23 00:00:00+05:30,924.3534685124855,926.5650596508531,908.8272033401173,913.27294921875
2021-02-24 00:00:00+05:30,916.2291858661802,932.1390906998175,914.4914901976813,930.2208862304688
2021-02-25 00:00:00+05:30,936.9910577541981,971.2932222091624,935.637002954952,967.8404541015625
2021-02-26 00:00:00+05:30,955.4962007136306,963.123891576847,934.5989040579532,941.4142456054688
2021-03-01 00:00:00+05:30,952.4269850885058,953.2394537638484,930.897848571293,948.590576171875
2021-03-02 00:00:00+05:30,957.7527951178306,961.3635079846885,942.9035601228561,950.53125
2021-03-03 00:00:00+05:30,957.3240740262065,1001.9394719927689,951.0729423807295,993.905517578125
2021-03-04 00:00:00+05:30,983.9308776144062,988.421750465709,973.8659000002634,982.0578002929688
2021-03-05 00:00:00+05:30,973.098629670046,998.3513582522689,971.7671384426377,983.3441162109375
2021-03-08 00:00:00+05:30,978.7404377726681,1007.355680497462,978.5148017597687,988.9408569335938
2021-03-09 00:00:00+05:30,992.9576927650287,999.1862609710787,968.8559482883367,988.9181518554688
2021-03-10 00:00:00+05:30,996.1171267701603,999.7730267712369,979.5301951697431,984.8109130859375
2021-03-12 00:00:00+05:30,990.7010162557301,995.8463528292266,958.6104430105866,964.7938842773438
2021-03-15 00:00:00+05:30,965.899662068002,969.894016181107,939.022056998036,951.8402709960938
2021-03-16 00:00:00+05:30,954.142054646313,959.558213666829,945.7922099765842,948.0940551757812
2021-03-17 00:00:00+05:30,946.9431947370554,949.1773492874154,918.5310260738679,927.6707763671875
2021-03-18 00:00:00+05:30,935.5918936777657,940.9629260845496,903.1402423037733,906.796142578125
2021-03-19 00:00:00+05:30,898.6267780925764,945.9502287147974,894.9257507304794,939.6990966796875
2021-03-22 00:00:00+05:30,934.7342566902689,936.0882516774249,917.6734303772165,930.8526611328125
2021-03-23 00:00:00+05:30,930.6496682735799,952.2013688377597,927.9641819762402,942.1815185546875
2021-03-24 00:00:00+05:30,938.6835805295864,938.6835805295864,920.9232211318065,924.0374755859375
2021-03-25 00:00:00+05:30,927.0614339788925,927.0614339788925,895.9186520687285,898.829833984375
2021-03-26 00:00:00+05:30,908.1049312659724,908.8722130154059,890.8184686126791,900.2741088867188
2021-03-30 00:00:00+05:30,906.2996230548414,924.7596332154852,898.8750045089173,915.9132690429688
2021-03-31 00:00:00+05:30,910.8130997767836,925.210945158364,902.2374989986004,904.0880126953125
2021-04-01 00:00:00+05:30,910.813084242052,916.2291839450849,904.1105608753422,912.5507202148438
2021-04-05 00:00:00+05:30,913.9499154284324,913.9724790288182,885.582933146535,899.3489379882812
2021-04-06 00:00:00+05:30,904.4942743627021,904.9230424620014,888.6971873373794,895.602783203125
2021-04-07 00:00:00+05:30,902.6887934928391,923.8568508845015,899.6647938214671,903.97509765625
2021-04-08 00:00:00+05:30,907.6536814191865,912.6184496390974,899.5294718287386,905.1035766601562
2021-04-09 00:00:00+05:30,901.9892122750459,905.5547980293608,893.6618715981054,894.587158203125
2021-04-12 00:00:00+05:30,884.1837415365642,885.2669734194948,857.6672732350632,862.5869140625
2021-04-13 00:00:00+05:30,868.3867078045856,875.8790770428972,865.610966973059,871.9072265625
2021-04-15 00:00:00+05:30,869.4247410901053,885.0863863250735,863.421868505896,877.5489501953125
2021-04-16 00:00:00+05:30,874.0736236379038,880.0764962565872,869.492436882543,872.0425415039062
2021-04-19 00:00:00+05:30,859.3596988204337,864.9563664944045,853.0408766277532,858.3215942382812
2021-04-20 00:00:00+05:30,862.2935975446998,866.1300068005348,853.2441605444959,858.0735473632812
2021-04-22 00:00:00+05:30,854.0564191309984,864.076268326873,847.0380060050811,860.4429321289062
2021-04-23 00:00:00+05:30,860.262540485022,866.0848449417196,855.4557174605446,859.517822265625
2021-04-26 00:00:00+05:30,866.5813583165724,885.5378273951245,862.7448895453444,874.6378173828125
2021-04-27 00:00:00+05:30,875.6081964100579,901.4250736005504,874.8183510247649,897.5661010742188
2021-04-28 00:00:00+05:30,901.7184741400474,906.2996013229371,893.7297060704715,901.47021484375
2021-04-29 00:00:00+05:30,913.0245579839406,922.7736442808828,905.9836407520165,913.5436401367188
2021-04-30 00:00:00+05:30,906.5253048610995,918.9372550182458,897.0696639164535,900.2064819335938
2021-05-03 00:00:00+05:30,887.3431780134558,893.2106694861402,877.007436823715,884.2063598632812
2021-05-04 00:00:00+05:30,880.1216239409943,888.1555786981006,862.5192105636345,865.0466918945312
2021-05-05 00:00:00+05:30,868.0932764991574,874.9311213941457,861.1876811156937,866.6264038085938
2021-05-06 00:00:00+05:30,867.4162861727356,873.351467984722,860.5332540943049,871.5460815429688
2021-05-07 00:00:00+05:30,874.5926322966467,882.6717141211767,869.289350739611,871.8845825195312
2021-05-10 00:00:00+05:30,875.1568754240988,878.677334300937,867.010102487007,869.379638671875
2021-05-11 00:00:00+05:30,864.324640162575,874.9537675806936,862.0678622246373,872.5165405273438
2021-05-12 00:00:00+05:30,871.1398768410697,872.4036175039552,860.7138223730607,863.4895629882812
2021-05-14 00:00:00+05:30,870.2146050700743,876.5108642766377,860.2625054108522,874.3895874023438
2021-05-17 00:00:00+05:30,874.3895393110239,886.1921519936135,871.2752254332202,884.7930297851562
2021-05-18 00:00:00+05:30,894.1133650520243,903.8623926091062,890.2768962963072,897.2501831054688
2021-05-19 00:00:00+05:30,893.6619198826413,910.1134700489604,890.0512067367108,901.3573608398438
2021-05-20 00:00:00+05:30,901.7411000663334,907.6085916449601,894.1134087677735,896.0993041992188
2021-05-21 00:00:00+05:30,899.0780871843959,907.0217278069957,896.3700373777015,903.8397827148438
2021-05-24 00:00:00+05:30,906.2995769189343,907.1120455871035,894.5646545808229,896.2120361328125
2021-05-25 00:00:00+05:30,901.0640055897504,901.3348284850034,884.6350781454706,886.0568237304688
2021-05-26 00:00:00+05:30,891.4052361303035,893.436318314461,887.0272410491106,889.1710815429688
2021-05-27 00:00:00+05:30,889.283937975624,899.5294239766795,885.6506014850115,891.9017333984375
2021-05-28 00:00:00+05:30,898.1754320907405,950.0800090423911,898.1754320907405,945.476318359375
2021-05-31 00:00:00+05:30,948.7259715836556,989.2115769657272,941.0757172389948,975.0393676757812
2021-06-01 00:00:00+05:30,977.6120318921522,993.860450495012,968.8107952002592,978.9209594726562
2021-06-02 00:00:00+05:30,973.5499025688986,997.2455024822107,973.5499025688986,993.5219116210938
2021-06-03 00:00:00+05:30,1002.4358843892015,1015.5249208069228,991.1974809457165,997.3131713867188
2021-06-04 00:00:00+05:30,999.637561927722,1000.3822800699458,985.8489944972179,988.669921875
2021-06-07 00:00:00+05:30,993.8604245557929,1011.9141694726093,986.1875471509084,1005.3245239257812
2021-06-08 00:00:00+05:30,1004.9635226595291,1005.2117222594065,992.1227450436447,999.54736328125
2021-06-09 00:00:00+05:30,1001.5332651004173,1002.4359284900111,973.9786921208427,981.6741333007812
2021-06-10 00:00:00+05:30,989.9788572705107,1006.4980988117626,982.8250618353879,985.284912109375
2021-06-11 00:00:00+05:30,988.6745798453265,1009.1011952964063,987.4063735342977,1002.3753051757812
2021-06-14 00:00:00+05:30,1003.2132032493698,1022.8018743951756,994.1774433422952,1016.7554321289062
2021-06-15 00:00:00+05:30,1024.0473211443173,1030.342827568094,1014.671868485548,1019.065185546875
2021-06-16 00:00:00+05:30,1016.7554817175181,1017.7292188167856,999.0689992893482,1001.6732788085938
2021-06-17 00:00:00+05:30,996.4193416411849,1012.2714997953356,987.315715260484,1003.5075073242188
2021-06-18 00:00:00+05:30,1007.9687553467284,1012.2715036865906,989.3311797612216,1008.0366821289062
2021-06-21 00:00:00+05:30,998.0046654296643,1017.9329709190221,996.4873942658087,1013.2905883789062
2021-06-22 00:00:00+05:30,1020.877007795391,1024.047523693767,1005.1834033496904,1008.0820922851562
2021-06-23 00:00:00+05:30,1019.0652413259819,1019.336948449686,997.1892837583877,998.8424682617188
2021-06-24 00:00:00+05:30,999.5219522378009,1003.0320420254984,969.24439537304,975.3587646484375
2021-06-25 00:00:00+05:30,975.3587813357442,975.3587813357442,942.5675134722279,953.1431274414062
2021-06-28 00:00:00+05:30,961.0918688993542,963.1299720367883,942.5222185353294,944.7868041992188
2021-06-29 00:00:00+05:30,946.3720075153033,955.2039275943256,943.9262837366043,945.60205078125
2021-06-30 00:00:00+05:30,949.4291224770184,961.3861531398231,947.0739679222726,955.951171875
2021-07-01 00:00:00+05:30,959.280142195751,961.6126545352091,948.863024683412,950.1991577148438
2021-07-02 00:00:00+05:30,949.7688254664646,966.0286046961062,947.9345027993265,964.2848510742188
2021-07-05 00:00:00+05:30,967.6364952540457,975.3814069298204,965.3945518663345,973.8641357421875
2021-07-06 00:00:00+05:30,971.486252797126,973.2752309763289,960.2765368506975,962.3599243164062
2021-07-07 00:00:00+05:30,963.6961219133111,963.6961219133111,950.2218196134942,955.679443359375
2021-07-08 00:00:00+05:30,958.8046409163389,958.8046409163389,942.522218479792,947.7760620117188
2021-07-09 00:00:00+05:30,945.692616426164,947.3684433649398,935.7737479702222,938.0836181640625
2021-07-12 00:00:00+05:30,941.9560333000883,951.8070347554016,939.5782363454429,943.92626953125
2021-07-13 00:00:00+05:30,951.1276138236502,952.5090313833667,945.7152147930674,950.9917602539062
2021-07-14 00:00:00+05:30,951.2861518765445,954.2301252196338,942.6354298484742,944.7868041992188
2021-07-15 00:00:00+05:30,948.8630578642602,948.8630578642602,941.3899132919198,943.1336669921875
2021-07-16 00:00:00+05:30,945.5794029707818,957.808201493028,945.5114761829108,956.7438354492188
2021-07-19 00:00:00+05:30,951.1276470202398,961.9976700838799,947.6175572445412,950.652099609375
2021-07-20 00:00:00+05:30,950.9010338343012,954.750876817544,943.8808552475344,948.3193969726562
2021-07-22 00:00:00+05:30,959.7329730544459,961.9522739144625,950.2896532195613,960.5029296875
2021-07-23 00:00:00+05:30,966.7306870173245,966.7306870173245,952.0561048845019,953.7092895507812
2021-07-26 00:00:00+05:30,954.7510454031105,960.6389323639107,938.0383595793566,940.6426391601562
2021-07-27 00:00:00+05:30,940.6199818363403,943.7450933231961,924.8584510240973,930.746337890625
2021-07-28 00:00:00+05:30,932.1050093559254,932.1050093559254,913.1956670017476,922.7522583007812
2021-07-29 00:00:00+05:30,930.2933681370648,939.5329082786225,925.4924300252735,929.9536743164062
2021-07-30 00:00:00+05:30,932.1050565925411,936.6115854453042,919.9215431668897,921.8238525390625
2021-08-02 00:00:00+05:30,930.4293230086479,941.7975357253354,924.4734496016514,938.6724243164062
2021-08-03 00:00:00+05:30,946.5984271599676,947.0513322851771,934.9131634487219,945.579345703125
2021-08-04 00:00:00+05:30,948.5913497541121,957.4685547431583,945.2397556194825,952.826171875
2021-08-05 00:00:00+05:30,957.604315821072,975.9474827845528,953.0525024475675,966.6400756835938
2021-08-06 00:00:00+05:30,964.6925186543999,972.3921457790564,941.5031281309346,946.168212890625
2021-08-09 00:00:00+05:30,942.5222572127834,946.507954500859,935.9549225779072,940.7785034179688
2021-08-10 00:00:00+05:30,942.9750770172923,957.0155553586313,939.238504866793,945.7152099609375
2021-08-11 00:00:00+05:30,949.7461759426325,960.1859355324891,943.6091647712293,958.9630737304688
2021-08-12 00:00:00+05:30,962.4052906590396,962.9941092821113,953.3922326146494,955.88330078125
2021-08-13 00:00:00+05:30,958.9630848706249,973.7282353115995,955.181228214771,971.8032836914062
2021-08-16 00:00:00+05:30,973.4791039346753,997.7781437654177,963.8772277608733,984.4170532226562
2021-08-17 00:00:00+05:30,982.3111087496648,989.7162669243918,972.7998007947025,980.2276611328125
2021-08-18 00:00:00+05:30,984.6436264377176,990.4409443539315,974.9511803260805,984.0321655273438
2021-08-20 00:00:00+05:30,970.6031001945055,983.7377088016336,967.8856094241049,972.98095703125
2021-08-23 00:00:00+05:30,984.6436123486905,984.6436123486905,965.756910089194,979.3671264648438
2021-08-24 00:00:00+05:30,980.5899239821464,992.7960796490014,976.3098177521405,989.036865234375
2021-08-25 00:00:00+05:30,989.8068486851395,1005.4778098902966,987.4063495975512,997.5969848632812
2021-08-26 00:00:00+05:30,1000.0427010414176,1016.7553848783828,998.6839258042111,1010.210693359375
2021-08-27 00:00:00+05:30,1013.1773175448565,1015.7816567389563,1003.6887127626729,1008.8292846679688
2021-08-30 00:00:00+05:30,1019.0652631807153,1030.7732288164937,1013.0867479284576,1028.23681640625
2021-08-31 00:00:00+05:30,1031.2486961976206,1034.351165067264,1015.5550939662595,1022.7565307617188
2021-09-01 00:00:00+05:30,1029.482446811587,1038.495504793424,1024.9532755584123,1026.8101806640625
2021-09-02 00:00:00+05:30,1021.3299483032399,1045.2440116453542,1021.3299483032399,1039.1749267578125
2021-09-03 00:00:00+05:30,1046.2403322593964,1084.7384068201698,1042.8435137983438,1081.79443359375
2021-09-06 00:00:00+05:30,1092.8909697996994,1123.2365131929273,1092.4380047519112,1098.5977783203125
2021-09-07 00:00:00+05:30,1100.5904921516135,1113.272195169168,1092.4379602260194,1105.52734375
2021-09-08 00:00:00+05:30,1110.5549614804072,1111.460771899485,1090.0150722909684,1101.2021484375
2021-09-09 00:00:00+05:30,1099.6394421897962,1104.145971203985,1094.2950296674799,1098.5977783203125
2021-09-13 00:00:00+05:30,1101.949327153265,1101.949327153265,1072.5323557228828,1074.1175537109375
2021-09-14 00:00:00+05:30,1075.6799942004575,1084.2853708994928,1071.6036685532943,1072.71337890625
2021-09-15 00:00:00+05:30,1072.7360805602518,1085.0780298856923,1072.7360805602518,1077.1746826171875
2021-09-16 00:00:00+05:30,1078.6465641491313,1103.647571826163,1072.0565884901453,1099.775146484375
2021-09-17 00:00:00+05:30,1107.8371172912175,1112.2983612101125,1075.9516645338,1082.7227783203125
2021-09-20 00:00:00+05:30,1074.3666078022443,1095.3140549772365,1073.415512979037,1084.444091796875
2021-09-21 00:00:00+05:30,1089.2676895218028,1094.5215333838828,1079.7563812162018,1089.1318359375
2021-09-22 00:00:00+05:30,1090.6263219107966,1106.025455452025,1086.210362198153,1100.8170166015625
2021-09-23 00:00:00+05:30,1108.4711801776828,1130.9358947742098,1107.6106545484265,1127.72021484375
2021-09-24 00:00:00+05:30,1133.9026086017536,1134.7631343059459,1119.613065939266,1124.459228515625
2021-09-27 00:00:00+05:30,1126.4068411721403,1145.8370159244848,1121.1077134942575,1143.3685302734375
2021-09-28 00:00:00+05:30,1147.6939414575027,1161.689135216267,1138.092065214608,1154.0574951171875
2021-09-29 00:00:00+05:30,1163.9991145771864,1163.9991145771864,1141.3758992926414,1144.90869140625
2021-09-30 00:00:00+05:30,1143.6176447212324,1147.965677369511,1132.4532137255203,1141.0133056640625
2021-10-01 00:00:00+05:30,1133.1778684079156,1150.3208140813133,1130.0301151683525,1143.02880859375
2021-10-04 00:00:00+05:30,1156.2994941506686,1166.1957202690803,1149.0754144086845,1157.7261962890625
2021-10-05 00:00:00+05:30,1157.2506571555696,1183.021746414647,1153.7405072590436,1181.7535400390625
2021-10-06 00:00:00+05:30,1186.6221652780882,1186.6221652780882,1155.438860897584,1159.40185546875
2021-10-07 00:00:00+05:30,1175.3219190109808,1177.0204479976474,1162.9573276219362,1165.0860595703125
2021-10-08 00:00:00+05:30,1170.9058970806193,1215.8128063604343,1169.2074879845059,1209.85693359375
2021-10-11 00:00:00+05:30,1223.5124154081877,1231.9366542030143,1198.1263679197398,1201.4326171875
2021-10-12 00:00:00+05:30,1197.9680041586355,1215.1788796176056,1196.2694750157295,1208.29443359375
2021-10-13 00:00:00+05:30,1213.3671067441883,1231.7103344750674,1208.9737889938256,1220.5911865234375
2021-10-14 00:00:00+05:30,1223.0369280495506,1230.7818997818822,1217.0810544912147,1223.0595703125
2021-10-18 00:00:00+05:30,1208.6565974394791,1243.2594798164876,1205.8031936198447,1226.3204345703125
2021-10-19 00:00:00+05:30,1233.6577079515857,1246.1356302424738,1226.5016753447112,1237.3037109375
2021-10-20 00:00:00+05:30,1242.2406818392346,1242.2406818392346,1219.0286485058555,1223.0595703125
2021-10-21 00:00:00+05:30,1235.2883536749923,1235.5600608138357,1179.0358711096487,1187.7772216796875
2021-10-22 00:00:00+05:30,1186.6448064236538,1206.9809106504802,1182.7950231580921,1189.9964599609375
2021-10-25 00:00:00+05:30,1213.8201056097269,1213.8201056097269,1163.9990998346134,1178.40185546875
2021-10-26 00:00:00+05:30,1185.3316395816128,1208.792739180254,1179.013369646043,1205.2373046875
2021-10-27 00:00:00+05:30,1201.1382490708493,1212.3706072222662,1186.6221641632774,1189.9964599609375
2021-10-28 00:00:00+05:30,1186.6449607541927,1194.7748510901267,1173.283988789091,1176.9525146484375
2021-10-29 00:00:00+05:30,1175.843002928945,1175.843002928945,1133.0649360229452,1148.7132568359375
2021-11-01 00:00:00+05:30,1148.7131311991511,1157.6582624374937,1129.6225892164332,1149.4151611328125
2021-11-02 00:00:00+05:30,1152.6759743257276,1154.0347494893902,1130.1433322293192,1132.656982421875
2021-11-03 00:00:00+05:30,1135.034999269857,1141.353269066621,1114.6310849978502,1124.8670654296875
2021-11-04 00:00:00+05:30,1129.1016597099565,1134.514118637374,1127.7656464746356,1131.77392578125
2021-11-08 00:00:00+05:30,1141.0812028496898,1141.3530297583548,1112.5474040608012,1133.1778564453125
2021-11-09 00:00:00+05:30,1134.5594552172417,1145.38413396809,1126.4295651226153,1142.1231689453125
2021-11-10 00:00:00+05:30,1139.858648545967,1158.5641535733516,1133.9480592535028,1154.8955078125
2021-11-11 00:00:00+05:30,1150.4341308509872,1164.2254244154967,1148.3959679290283,1157.00146484375
2021-11-12 00:00:00+05:30,1160.783463915503,1177.0206028987552,1158.111197547698,1174.4615478515625
2021-11-15 00:00:00+05:30,1177.5864592461573,1178.5829582987624,1163.9989466772256,1167.53173828125
2021-11-16 00:00:00+05:30,1164.9273785910239,1166.2635115241296,1130.030145313062,1140.4019775390625
2021-11-17 00:00:00+05:30,1131.819326460902,1131.819326460902,1114.631092727357,1115.9898681640625
2021-11-18 00:00:00+05:30,1114.1781038166205,1127.3127730233773,1109.6715745881545,1120.201904296875
2021-11-22 00:00:00+05:30,1103.353466536403,1109.1961291306902,1064.8101030658254,1070.5848388671875
2021-11-23 00:00:00+05:30,1056.6801744196864,1087.5692534410966,1045.7875684738456,1080.59423828125
2021-11-24 00:00:00+05:30,1077.9446209027212,1091.4868494573443,1061.4357769402945,1064.9912109375
2021-11-25 00:00:00+05:30,1074.7742721480843,1133.2006528139436,1067.5954770563671,1129.1016845703125
2021-11-26 00:00:00+05:30,1117.7107252384765,1122.1493269988055,1087.6822964764374,1092.709716796875
2021-11-29 00:00:00+05:30,1104.712245845007,1132.2949564813318,1086.5954393266575,1105.7991943359375
2021-11-30 00:00:00+05:30,1117.8013949441001,1121.3794713466475,1081.9529437331894,1089.44873046875
2021-12-01 00:00:00+05:30,1101.9492572911422,1120.5189065172979,1098.3711810133602,1117.3485107421875
2021-12-02 00:00:00+05:30,1118.5714698041102,1130.5737867535804,1114.9028239659328,1124.52734375
2021-12-03 00:00:00+05:30,1131.5699598889346,1131.6152444047298,1087.002808328186,1090.7393798828125
2021-12-06 00:00:00+05:30,1094.2497321105475,1098.3259382907745,1067.595476803198,1070.0638427734375
2021-12-07 00:00:00+05:30,1076.2008936152106,1088.814549469748,1068.8862454989733,1078.782470703125
2021-12-08 00:00:00+05:30,1097.9183562650253,1101.405743762558,1089.8563933091182,1095.2008056640625
2021-12-09 00:00:00+05:30,1102.8549816392585,1120.9263799101873,1098.3258109417873,1112.570068359375
2021-12-10 00:00:00+05:30,1105.2328712872275,1116.8955527047663,1100.7489847314073,1113.7025146484375
2021-12-13 00:00:00+05:30,1120.2924973928066,1120.5642045309762,1088.8146024741634,1091.3736572265625
2021-12-14 00:00:00+05:30,1077.9447685198427,1089.7206627192115,1074.9555104415622,1078.0126953125
2021-12-15 00:00:00+05:30,1079.7563157042177,1089.2676234327396,1069.38448219365,1074.8648681640625
2021-12-16 00:00:00+05:30,1089.5845283011158,1094.0231302341062,1072.8039773873268,1088.769287109375
2021-12-17 00:00:00+05:30,1086.1198166210095,1090.6263454753455,1050.7694958949853,1060.03173828125
2021-12-20 00:00:00+05:30,1049.7957435304404,1049.7957435304404,1017.7517924627566,1031.45263671875
2021-12-21 00:00:00+05:30,1046.8518030785813,1062.5454064146618,1038.1784989493156,1046.8065185546875
2021-12-22 00:00:00+05:30,1052.988828746117,1074.276029474332,1051.6754577350616,1071.6490478515625
2021-12-23 00:00:00+05:30,1075.2271551661324,1077.944705915956,1068.0031950967277,1071.26416015625
2021-12-24 00:00:00+05:30,1073.4155095265614,1083.3796623765666,1058.718285237532,1074.6837158203125
2021-12-27 00:00:00+05:30,1069.5882123719496,1077.038713611814,1063.4964862774043,1073.528564453125
2021-12-28 00:00:00+05:30,1075.9516508475376,1089.1995288788441,1074.7967758285763,1086.2781982421875
2021-12-29 00:00:00+05:30,1082.926817028114,1095.6085205634522,1078.8957755234705,1088.1353759765625
2021-12-30 00:00:00+05:30,1087.003127167027,1089.245070757408,1062.3643899373753,1068.478759765625
2021-12-31 00:00:00+05:30,1074.7741732718725,1079.710904759357,1068.8862272626782,1072.5775146484375
2022-01-03 00:00:00+05:30,1071.1510311358852,1090.6038512736811,1070.494285660877,1088.746826171875
2022-01-04 00:00:00+05:30,1094.2044407783767,1114.6309956772857,1088.81462402871,1113.3175048828125
2022-01-05 00:00:00+05:30,1115.0838981501056,1121.8776545605729,1101.9265882823174,1118.5260009765625
2022-01-06 00:00:00+05:30,1110.1923187691705,1111.4605249543165,1091.0791361515087,1094.47607421875
2022-01-07 00:00:00+05:30,1101.020877531252,1113.2949007403674,1092.2342419850618,1103.30810546875
2022-01-10 00:00:00+05:30,1110.5546559066986,1112.8192412314568,1094.2722359075522,1104.2137451171875
2022-01-11 00:00:00+05:30,1103.3080358803265,1120.9491128479206,1102.8550708538112,1112.16259765625
2022-01-12 00:00:00+05:30,1119.2959115588758,1143.595009691511,1116.4425076278837,1141.8511962890625
2022-01-13 00:00:00+05:30,1141.9194026287705,1150.8645340891296,1136.0993826537385,1148.2828369140625
2022-01-14 00:00:00+05:30,1148.1469975068374,1162.7761757448827,1144.0027445379585,1149.9586181640625
2022-01-17 00:00:00+05:30,1149.5057137125311,1161.7344520199854,1149.0527486713804,1155.959716796875
2022-01-18 00:00:00+05:30,1157.091856839492,1160.533959238436,1139.4280204859526,1142.168212890625
2022-01-19 00:00:00+05:30,1145.882379974198,1151.3173615953267,1136.3710722869748,1142.077880859375
2022-01-20 00:00:00+05:30,1132.3173998078944,1136.801286170844,1111.9133687702085,1122.0814208984375
2022-01-21 00:00:00+05:30,1110.554606660208,1133.3136701947521,1110.554606660208,1122.262451171875
2022-01-24 00:00:00+05:30,1120.9717499530957,1134.4461715764583,1066.666981959244,1076.9935302734375
2022-01-25 00:00:00+05:30,1064.1532222498897,1081.8623458947789,1043.9757327083191,1074.887451171875
2022-01-27 00:00:00+05:30,1058.0163123551283,1067.119939925388,1046.7160258148951,1058.9674072265625
2022-01-28 00:00:00+05:30,1071.1508364816766,1076.087568078922,1054.5740661673967,1057.9482421875
2022-01-31 00:00:00+05:30,1068.9768076649402,1089.9016105598887,1067.1650674426833,1080.933837890625
2022-02-01 00:00:00+05:30,1090.6264803582178,1096.3331695818495,1063.0437697429202,1077.35595703125
2022-02-02 00:00:00+05:30,1090.1733881906252,1090.1733881906252,1075.725349000261,1079.552490234375
2022-02-03 00:00:00+05:30,1083.3795890325775,1087.6596951339798,1063.0888887078768,1065.6025390625
2022-02-04 00:00:00+05:30,1060.2808911532845,1063.6551874088461,1051.2678326966015,1055.8875732421875
2022-02-07 00:00:00+05:30,1060.7338205814565,1067.4370085401163,1043.9757907846413,1049.4561767578125
2022-02-08 00:00:00+05:30,1055.5931024543218,1068.8862659765236,1046.240291320876,1067.09716796875
2022-02-09 00:00:00+05:30,1073.936188431649,1081.2055520274612,1067.9804353407576,1079.52978515625
2022-02-10 00:00:00+05:30,1085.0554293647551,1085.0554293647551,1071.1962083846827,1078.4202880859375
2022-02-11 00:00:00+05:30,1074.887628748344,1079.9829770138074,1061.6850317485462,1076.3143310546875
2022-02-14 00:00:00+05:30,1059.9412213800138,1066.599124811997,1047.5991516117767,1059.1712646484375
2022-02-15 00:00:00+05:30,1064.9004831978962,1097.8277206759533,1057.8803043046898,1095.1328125
2022-02-16 00:00:00+05:30,1100.5904953127101,1101.9492706042658,1085.16871921443,1092.8682861328125
2022-02-17 00:00:00+05:30,1096.1065786813085,1111.8681080705421,1091.5321231787168,1106.704833984375
2022-02-18 00:00:00+05:30,1107.112541400613,1112.5475227496659,1096.1292475949579,1098.05419921875
2022-02-21 00:00:00+05:30,1092.4379072087868,1103.987376793005,1080.028031731223,1086.9576416015625
2022-02-22 00:00:00+05:30,1065.6705251768456,1085.146105195485,1063.066305633856,1082.0208740234375
2022-02-23 00:00:00+05:30,1087.5012562225045,1089.9696221846223,1072.5096827529123,1075.249755859375
2022-02-24 00:00:00+05:30,1043.975778151862,1059.7827129241718,1016.0760782454672,1021.6695556640625
2022-02-25 00:00:00+05:30,1032.698202879161,1045.3119804850721,1030.954508957098,1034.4420166015625
2022-02-28 00:00:00+05:30,1015.8948766365417,1072.2151647642706,1015.8948766365417,1068.682373046875
2022-03-02 00:00:00+05:30,1057.3143787554548,1087.4561461649769,1054.936581459969,1086.346435546875
2022-03-03 00:00:00+05:30,1087.002981514595,1093.7288113845136,1073.4381104672327,1077.1746826171875
2022-03-04 00:00:00+05:30,1065.7157207883167,1070.8337101992126,1050.9280486616494,1053.283203125
2022-03-07 00:00:00+05:30,1032.0641066685334,1047.1916548725635,1006.3837060047663,1014.3324584960938
2022-03-08 00:00:00+05:30,1001.6280233273343,1017.253760796074,987.3611211647836,1012.498046875
2022-03-09 00:00:00+05:30,1012.7244638561707,1072.05665089973,1011.8864606126765,1066.2139892578125
2022-03-10 00:00:00+05:30,1087.0029472759036,1089.267532756051,1068.8862634347242,1083.4927978515625
2022-03-11 00:00:00+05:30,1076.1555181267943,1091.9850941858494,1076.1555181267943,1086.617919921875
2022-03-14 00:00:00+05:30,1081.0696038594047,1098.0540530902786,1075.2269427815568,1095.540283203125
2022-03-15 00:00:00+05:30,1099.6620420875429,1099.6620420875429,1060.2128731362302,1070.4488525390625
2022-03-16 00:00:00+05:30,1078.8504605069668,1090.5810688907009,1076.6311594559988,1088.520263671875
2022-03-17 00:00:00+05:30,1101.8361008572806,1131.1172183134404,1093.8420644373464,1124.0064697265625
2022-03-21 00:00:00+05:30,1106.9314074851866,1125.0480919172617,1104.6668219311773,1117.5296630859375
2022-03-22 00:00:00+05:30,1114.2232739689239,1148.124249688356,1111.2794206216663,1146.4031982421875
2022-03-23 00:00:00+05:30,1142.7120228084564,1161.666592238369,1142.7120228084564,1150.0491943359375
2022-03-24 00:00:00+05:30,1136.823891628139,1170.407753742212,1136.823891628139,1167.9166259765625
2022-03-25 00:00:00+05:30,1169.6604672992412,1184.8331776508987,1167.169339474114,1175.7069091796875
2022-03-28 00:00:00+05:30,1182.1158606493575,1191.060992805179,1171.4723190412603,1187.5283203125
2022-03-29 00:00:00+05:30,1194.7973413665754,1194.7973413665754,1180.9381215710694,1187.7998046875
2022-03-30 00:00:00+05:30,1195.6581430818142,1217.4434746814534,1185.331593767139,1210.6270751953125
2022-03-31 00:00:00+05:30,1207.003765404827,1209.1551399202813,1190.5402036058347,1193.3255615234375
2022-04-01 00:00:00+05:30,1193.891542920345,1207.094137293246,1187.5507515318518,1202.8819580078125
2022-04-04 00:00:00+05:30,1202.7009276541294,1211.555489970758,1196.45070474843,1206.4375
2022-04-05 00:00:00+05:30,1200.7307025551163,1209.2456310104756,1186.9620503043643,1189.3851318359375
2022-04-06 00:00:00+05:30,1171.744039651222,1193.2122590361132,1171.744039651222,1186.2147216796875
2022-04-07 00:00:00+05:30,1175.3672812713683,1180.3041331292436,1162.6402930619627,1165.2899169921875
2022-04-08 00:00:00+05:30,1159.4698932414146,1188.9096265891387,1159.4698932414146,1184.6748046875
2022-04-11 00:00:00+05:30,1177.5865608022991,1195.0466201854251,1169.8869936426172,1182.2064208984375
2022-04-12 00:00:00+05:30,1171.6988117922874,1178.7643968010725,1157.3866234467262,1159.9456787109375
2022-04-13 00:00:00+05:30,1166.0373022107094,1174.2351195875087,1152.9026326764838,1155.6881103515625
2022-04-18 00:00:00+05:30,1147.2410619855225,1159.3792305452218,1142.1683569783831,1152.1551513671875
2022-04-19 00:00:00+05:30,1158.564096562945,1208.385101413979,1155.4163428280708,1196.065673828125
2022-04-20 00:00:00+05:30,1203.448252046231,1238.277682969599,1199.8248909839451,1231.2347412109375
2022-04-21 00:00:00+05:30,1245.9319403276972,1263.1880996959114,1237.3717275306717,1260.06298828125
2022-04-22 00:00:00+05:30,1249.555416364938,1269.0761631730086,1242.897512398799,1249.5101318359375
2022-04-25 00:00:00+05:30,1242.0822318802027,1249.3288344946673,1206.41491600151,1220.6138916015625
2022-04-26 00:00:00+05:30,1227.4074011312523,1265.9054714118893,1226.3657374070801,1257.1414794921875
2022-04-27 00:00:00+05:30,1248.1739283672139,1280.851985416539,1247.811532355269,1258.3646240234375
2022-04-28 00:00:00+05:30,1272.6767577965609,1291.269050141953,1261.874601680994,1277.16064453125
2022-04-29 00:00:00+05:30,1293.6015662528664,1293.6015662528664,1257.8889681093667,1263.7542724609375
2022-05-02 00:00:00+05:30,1250.9593611931234,1270.6612443033114,1249.1702630612974,1259.315673828125
2022-05-04 00:00:00+05:30,1261.3764403153348,1263.6410258882418,1212.1442565160846,1220.0023193359375
2022-05-05 00:00:00+05:30,1233.5218443509423,1236.4658174286478,1192.079918457506,1196.11083984375
2022-05-06 00:00:00+05:30,1183.112189870724,1204.3087009820067,1174.6651887519583,1186.9393310546875
2022-05-09 00:00:00+05:30,1166.2410086662385,1176.2732081933118,1135.4652620079833,1140.583251953125
2022-05-10 00:00:00+05:30,1130.0301899582084,1144.3423749690376,1113.2721615832613,1120.813232421875
2022-05-11 00:00:00+05:30,1119.9075231154202,1125.478478168712,1096.9445548183617,1109.3319091796875
2022-05-12 00:00:00+05:30,1099.458311385817,1102.787203178042,1073.4155164726255,1086.7313232421875
2022-05-13 00:00:00+05:30,1098.7788299822744,1122.3304948076038,1093.9551898739935,1099.050537109375
2022-05-16 00:00:00+05:30,1102.6059947530612,1123.6892942266647,1094.54403200538,1099.3223876953125
2022-05-17 00:00:00+05:30,1102.9003909379085,1150.366239393939,1101.496331090796,1145.497314453125
2022-05-18 00:00:00+05:30,1150.252881038085,1163.998888744779,1136.0312660890313,1149.6640625
2022-05-19 00:00:00+05:30,1125.0481241931686,1137.956250241304,1116.918234266966,1123.16845703125
2022-05-20 00:00:00+05:30,1137.956229855782,1197.6961004424857,1133.2006360812218,1188.660400390625
2022-05-23 00:00:00+05:30,1191.8534622113486,1201.8403770570499,1174.4161648907582,1180.7117919921875
2022-05-24 00:00:00+05:30,1180.7569797022973,1194.7973375363194,1176.5448004718992,1184.7652587890625
2022-05-25 00:00:00+05:30,1193.4387237828619,1203.2670225299603,1178.2658929997126,1183.0216064453125
2022-05-26 00:00:00+05:30,1188.6376579513867,1193.393371125466,1154.0347740615534,1171.743896484375
2022-05-27 00:00:00+05:30,1174.4388502012214,1179.9191164627784,1150.4568600156867,1166.3089599609375
2022-05-30 00:00:00+05:30,1184.3803827895526,1211.1025664956994,1174.9597635821942,1206.935791015625
2022-05-31 00:00:00+05:30,1196.337262181718,1213.2764285050255,1184.6973432373502,1192.374267578125
2022-06-01 00:00:00+05:30,1193.1215535044294,1202.587575606305,1184.9237375655662,1192.75927734375
2022-06-02 00:00:00+05:30,1192.98576447725,1237.5755649319342,1192.98576447725,1233.88427734375
2022-06-03 00:00:00+05:30,1242.8068535360608,1276.0283243723425,1241.9009234208313,1258.8853759765625
2022-06-06 00:00:00+05:30,1259.1119042533815,1274.5110388345443,1246.3395117355965,1253.4730224609375
2022-06-07 00:00:00+05:30,1254.5372764842177,1264.139152836091,1246.4527910651425,1255.828125
2022-06-08 00:00:00+05:30,1255.8280315270272,1259.564603425916,1230.2608467946977,1233.77099609375
2022-06-09 00:00:00+05:30,1227.4075206691546,1269.5288357275542,1227.4075206691546,1267.60400390625
2022-06-10 00:00:00+05:30,1255.4432409626409,1263.5957731905057,1223.5577842447772,1229.33251953125
2022-06-13 00:00:00+05:30,1200.2325310142617,1210.558959942895,1184.9691305419672,1206.0750732421875
2022-06-14 00:00:00+05:30,1200.2552293704455,1210.1288135182253,1183.6783373201108,1190.3135986328125
2022-06-15 00:00:00+05:30,1185.5354082981676,1194.4805402025763,1170.5211912252462,1175.910888671875
2022-06-16 00:00:00+05:30,1188.0035257051024,1204.3312302745605,1156.7521762440374,1159.4697265625
2022-06-17 00:00:00+05:30,1159.4697388409886,1188.8414216894157,1157.7034029954712,1173.0572509765625
2022-06-20 00:00:00+05:30,1179.851164692969,1185.331550638825,1141.8513382748356,1151.79296875
2022-06-21 00:00:00+05:30,1159.4698864092793,1174.5973137201734,1145.112415821389,1170.38525390625
2022-06-22 00:00:00+05:30,1158.6092618232658,1158.6998308652678,1132.747607320494,1134.8310546875
2022-06-23 00:00:00+05:30,1139.1111811125647,1143.6177098347453,1107.3842221697334,1116.419921875
2022-06-24 00:00:00+05:30,1123.2365200121847,1137.2768791745684,1117.8014186070498,1132.3175048828125
2022-06-27 00:00:00+05:30,1152.6534598644344,1152.6534598644344,1123.9383995696694,1128.9658203125
2022-06-28 00:00:00+05:30,1124.187598454475,1147.67133814574,1124.187598454475,1144.840576171875
2022-06-29 00:00:00+05:30,1135.5557396776305,1176.2278290145132,1132.7476201425022,1168.5960693359375
2022-06-30 00:00:00+05:30,1168.5282289340553,1184.7880089664673,1162.1874370508547,1175.616455078125
2022-07-01 00:00:00+05:30,1166.2183382001654,1173.9631898181497,1071.150907551117,1090.943359375
2022-07-04 00:00:00+05:30,1077.4691189892487,1106.025565464495,1071.6490989100685,1093.2080078125
2022-07-05 00:00:00+05:30,1097.42011751126,1116.3973279805082,1094.7478514073186,1102.0625
2022-07-06 00:00:00+05:30,1096.106567126978,1106.0027924376789,1081.5679595799388,1092.3699951171875
2022-07-07 00:00:00+05:30,1098.7335863010783,1102.0624779330788,1075.6800503518655,1081.61328125
2022-07-08 00:00:00+05:30,1095.155510044553,1095.155510044553,1079.0995110804106,1083.10791015625
2022-07-11 00:00:00+05:30,1076.359301395055,1100.046817658232,1073.4153285810387,1097.82763671875
2022-07-12 00:00:00+05:30,1088.8146344584836,1104.983845261713,1088.8146344584836,1096.26513671875
2022-07-13 00:00:00+05:30,1099.3678502402163,1102.4023929174853,1074.7743973152858,1076.8350830078125
2022-07-14 00:00:00+05:30,1081.5680252499114,1102.3796184650857,1076.5632467388843,1085.712158203125
2022-07-15 00:00:00+05:30,1093.796752824721,1093.796752824721,1079.3487135847495,1087.8182373046875
2022-07-18 00:00:00+05:30,1096.5143900160117,1098.3260107043704,1083.5155743058108,1097.08056640625
2022-07-19 00:00:00+05:30,1087.1388148491112,1108.2901609105513,1087.1388148491112,1103.8062744140625
2022-07-20 00:00:00+05:30,1150.4115948025603,1151.5438277746334,1126.0672081991272,1133.653564453125
2022-07-21 00:00:00+05:30,1129.577106403111,1132.294656611249,1117.484223617453,1126.089599609375
2022-07-22 00:00:00+05:30,1132.29491466853,1139.6774905895736,1130.0303289124045,1133.698974609375
2022-07-25 00:00:00+05:30,1117.5522733397709,1117.5522733397709,1088.361726850526,1096.242431640625
2022-07-26 00:00:00+05:30,1096.5597066124965,1106.8862563190191,1092.1437462800975,1096.7408447265625
2022-07-27 00:00:00+05:30,1096.038608509345,1099.2316463703332,1087.90871936657,1095.698974609375
2022-07-28 00:00:00+05:30,1103.3080323769393,1117.7787135139506,1096.5142758027298,1112.8646240234375
2022-07-29 00:00:00+05:30,1120.8358207488034,1140.039571763476,1115.9896583759382,1136.57470703125
2022-08-01 00:00:00+05:30,1140.9681259695833,1172.038340631328,1135.7369249153332,1166.1956787109375
2022-08-02 00:00:00+05:30,1165.1313691654111,1181.1193216829413,1160.1718752661886,1170.63427734375
2022-08-03 00:00:00+05:30,1177.586478112168,1182.11564904104,1162.8440902328596,1180.4625244140625
2022-08-04 00:00:00+05:30,1182.1157790494954,1185.6259288355277,1148.1469933470867,1164.859619140625
2022-08-05 00:00:00+05:30,1166.7165845896059,1167.9846710602349,1144.5009315875282,1147.6939697265625
2022-08-08 00:00:00+05:30,1146.3351396535795,1170.1359894573532,1146.3351396535795,1162.7081298828125
2022-08-10 00:00:00+05:30,1167.1242318013608,1173.012178752456,1158.133815529184,1169.66064453125
2022-08-11 00:00:00+05:30,1178.990645714219,1182.0704726435374,1168.618812190309,1173.5556640625
2022-08-12 00:00:00+05:30,1173.193230375856,1196.3146936661199,1169.5247047340195,1192.5328369140625
2022-08-16 00:00:00+05:30,1198.511418811862,1203.5388398516432,1189.9513255065965,1200.8212890625
2022-08-17 00:00:00+05:30,1207.0261894301318,1212.4158859762824,1202.7460834374597,1207.0941162109375
2022-08-18 00:00:00+05:30,1208.6925853891362,1212.7820913718717,1199.6955520359063,1209.2833251953125
2022-08-19 00:00:00+05:30,1204.148579928399,1209.464997552082,1183.6779742626552,1187.72216796875
2022-08-22 00:00:00+05:30,1189.1535324408326,1195.651309470641,1175.0672431781986,1184.427734375
2022-08-23 00:00:00+05:30,1178.7024907985585,1205.6027266806439,1177.4982950302235,1202.694580078125
2022-08-24 00:00:00+05:30,1199.6499778722127,1213.236390851307,1197.4915843453323,1199.4908447265625
2022-08-25 00:00:00+05:30,1203.671444195302,1210.0102083418858,1191.6981161929027,1195.9921875
2022-08-26 00:00:00+05:30,1196.4237108559755,1204.1485194816453,1184.6095168359632,1189.6077880859375
2022-08-29 00:00:00+05:30,1174.6126958822672,1206.4204546360302,1171.4546722003442,1180.36083984375
2022-08-30 00:00:00+05:30,1187.790261371782,1201.990130578996,1170.795826558723,1198.6729736328125
2022-09-01 00:00:00+05:30,1173.5450568236956,1183.6780172121637,1159.0270403092493,1163.4346923828125
2022-09-02 00:00:00+05:30,1163.4345573963137,1170.2277638288456,1147.6670348863252,1149.84814453125
2022-09-05 00:00:00+05:30,1150.0754462865928,1173.0224725362493,1150.0754462865928,1167.7060546875
2022-09-06 00:00:00+05:30,1169.1600343727337,1184.1550886922698,1168.705591439244,1179.997314453125
2022-09-07 00:00:00+05:30,1170.0689487334319,1179.1114147484413,1167.796974159679,1173.1361083984375
2022-09-08 00:00:00+05:30,1176.0894937430355,1180.5198614611618,1168.2512248209334,1174.79443359375
2022-09-09 00:00:00+05:30,1185.9727033347192,1185.9727033347192,1165.0704903678632,1167.4788818359375
2022-09-12 00:00:00+05:30,1168.046804859231,1186.8816091364133,1168.046804859231,1180.542724609375
2022-09-13 00:00:00+05:30,1189.607891122723,1194.9243089400052,1181.8832020191865,1190.403076171875
2022-09-14 00:00:00+05:30,1170.068717981627,1185.9725368614704,1169.0463716919833,1176.1348876953125
2022-09-15 00:00:00+05:30,1173.7040529111878,1183.041828116281,1161.776157155841,1164.4798583984375
2022-09-16 00:00:00+05:30,1155.8688094894658,1160.0720155619993,1131.8994412292752,1135.62548828125
2022-09-19 00:00:00+05:30,1135.6257495827476,1146.3040180403946,1127.5147655140897,1137.1025390625
2022-09-20 00:00:00+05:30,1146.1903481529216,1153.119972213298,1133.5808482063046,1137.2841796875
2022-09-21 00:00:00+05:30,1134.5125199123227,1150.9843653188254,1133.7173348356014,1140.419677734375
2022-09-22 00:00:00+05:30,1129.6276634257686,1137.3523524884633,1123.3116153435435,1129.673095703125
2022-09-23 00:00:00+05:30,1129.1733426023927,1134.1488981287762,1106.9533532004177,1108.498291015625
2022-09-26 00:00:00+05:30,1087.845960638479,1098.6379294477279,1079.257938059937,1080.257568359375
2022-09-27 00:00:00+05:30,1087.8231145473603,1102.3638454814661,1072.4191704410875,1088.8455810546875
2022-09-28 00:00:00+05:30,1072.5328732525227,1080.5529923156532,1057.4242371952328,1059.855224609375
2022-09-29 00:00:00+05:30,1072.3738473223364,1075.7817488504493,1051.0171916607421,1056.6063232421875
2022-09-30 00:00:00+05:30,1050.108360317172,1091.458340177691,1050.108360317172,1080.4393310546875
2022-10-03 00:00:00+05:30,1086.687214378407,1098.251530811662,1073.7369732258553,1076.6905517578125
2022-10-04 00:00:00+05:30,1089.5498341414104,1098.7285948569065,1086.073664575446,1096.5474853515625
2022-10-06 00:00:00+05:30,1103.7271026820092,1113.269322563035,1098.7968595905177,1100.5916748046875
2022-10-07 00:00:00+05:30,1097.2065545320427,1110.4976589700225,1097.2065545320427,1105.2493896484375
2022-10-10 00:00:00+05:30,1092.8217242927421,1098.5471532665001,1085.0970345592755,1093.185302734375
2022-10-11 00:00:00+05:30,1096.9109001565705,1096.9109001565705,1068.3294365607771,1071.4193115234375
2022-10-12 00:00:00+05:30,1068.7386577474495,1082.2342073300697,1064.6944639855953,1079.3033447265625
2022-10-13 00:00:00+05:30,1077.5540097610362,1087.8232672093102,1072.4193209412924,1082.734130859375
2022-10-14 00:00:00+05:30,1097.3654596284905,1097.9789154976827,1076.508681223135,1077.2357177734375
2022-10-17 00:00:00+05:30,1070.1019383497958,1096.9111900194368,1064.9218171343564,1094.525634765625
2022-10-18 00:00:00+05:30,1100.5464186357249,1119.1766588278992,1099.705801236905,1113.8375244140625
2022-10-19 00:00:00+05:30,1115.314085328947,1148.6440655761994,1109.4977929604431,1133.21728515625
2022-10-20 00:00:00+05:30,1129.173323936751,1144.6227018334394,1129.173323936751,1136.2618408203125
2022-10-21 00:00:00+05:30,1139.4879233106462,1143.6229813098248,1120.994103570685,1123.084228515625
2022-10-24 00:00:00+05:30,1117.8133802746593,1137.1252236758137,1115.6778227953112,1126.8331298828125
2022-10-25 00:00:00+05:30,1135.5348605120162,1135.5348605120162,1107.8167232856267,1109.4298095703125
2022-10-27 00:00:00+05:30,1116.90446154382,1121.6529753517277,1105.4537260220727,1113.7918701171875
2022-10-28 00:00:00+05:30,1120.0852998000876,1151.893061521459,1117.5634478847232,1147.8717041015625
2022-10-31 00:00:00+05:30,1154.6194450652783,1163.6846262416873,1150.62068370947,1158.5272216796875
2022-11-01 00:00:00+05:30,1181.428644108962,1181.428644108962,1139.6243422706675,1149.5528564453125
2022-11-02 00:00:00+05:30,1150.666129478395,1158.7998289194838,1142.8051438822936,1156.7322998046875
2022-11-03 00:00:00+05:30,1149.5530246719463,1163.0485752218901,1147.3719146666933,1161.0491943359375
2022-11-04 00:00:00+05:30,1160.4810755593053,1181.428720196316,1159.2088516372303,1178.1343994140625
2022-11-07 00:00:00+05:30,1177.3392175630618,1186.1090891689403,1169.6145286927685,1184.427734375
2022-11-09 00:00:00+05:30,1186.1090519678319,1191.4027533204435,1176.9074538352093,1183.246337890625
2022-11-10 00:00:00+05:30,1176.8848340514855,1179.8611290593667,1164.616195791804,1168.9329833984375
2022-11-11 00:00:00+05:30,1181.428793587036,1197.787058206641,1175.9760787775724,1195.878662109375
2022-11-14 00:00:00+05:30,1195.4015009715274,1200.5134736804264,1183.7689145270133,1190.0850830078125
2022-11-15 00:00:00+05:30,1191.561895358841,1193.4248592098502,1176.8848651845096,1184.7459716796875
2022-11-16 00:00:00+05:30,1185.9727580356148,1188.6764594316192,1172.954366703904,1177.9527587890625
2022-11-17 00:00:00+05:30,1174.5902807120274,1187.3360795772503,1172.3410220887527,1180.997314453125
2022-11-18 00:00:00+05:30,1184.4957775689334,1185.518244075579,1168.2966485184213,1180.36083984375
2022-11-21 00:00:00+05:30,1175.9760614312995,1175.9760614312995,1155.5737233322704,1159.1180419921875
2022-11-22 00:00:00+05:30,1156.4369938334312,1167.1152613187112,1152.5746494360667,1165.547607421875
2022-11-23 00:00:00+05:30,1170.0688915510787,1171.3866679891707,1159.7313656787815,1161.9124755859375
2022-11-24 00:00:00+05:30,1165.9794167577484,1178.7024981272687,1157.8911489931052,1171.9320068359375
2022-11-25 00:00:00+05:30,1176.430472976704,1192.7431844497548,1173.295044904841,1189.4261474609375
2022-11-28 00:00:00+05:30,1185.472920181286,1236.4333911015242,1136.8980043426527,1230.299072265625
2022-11-29 00:00:00+05:30,1228.6632233258865,1241.2500078770877,1224.1419904117938,1232.4119873046875
2022-11-30 00:00:00+05:30,1232.5484624207777,1247.5208029020678,1226.050564487551,1241.11376953125
2022-12-01 00:00:00+05:30,1245.862104269674,1251.8601266305577,1234.1387734132652,1237.455810546875
2022-12-02 00:00:00+05:30,1240.5001400003844,1248.6792715763747,1227.1408877532265,1236.93310546875
2022-12-05 00:00:00+05:30,1232.3209547622266,1234.4793482971581,1216.8715781623773,1218.8935546875
2022-12-06 00:00:00+05:30,1211.0099786652759,1225.5051588426245,1209.146894711336,1222.415283203125
2022-12-07 00:00:00+05:30,1220.052515180835,1224.5964643493226,1200.5816581384124,1204.3758544921875
2022-12-08 00:00:00+05:30,1208.6925503476532,1210.9645247591304,1199.6500849785011,1203.8077392578125
2022-12-09 00:00:00+05:30,1202.330873974504,1208.6924740397408,1182.2692798901842,1185.563720703125
2022-12-12 00:00:00+05:30,1174.8401159938364,1191.8798642806923,1174.6128344148897,1187.38134765625
2022-12-13 00:00:00+05:30,1187.381293975718,1196.4237590933476,1184.473147579326,1192.7886962890625
2022-12-14 00:00:00+05:30,1198.5366123572992,1199.1273520766265,1186.4269889714612,1188.4718017578125
2022-12-15 00:00:00+05:30,1182.564761948623,1188.244637773301,1168.2513114103942,1171.591064453125
2022-12-16 00:00:00+05:30,1168.2513090093973,1189.9714223850988,1162.412300039899,1165.7974853515625
2022-12-19 00:00:00+05:30,1172.7951677670053,1183.246273075343,1166.2972711057284,1181.110595703125
2022-12-20 00:00:00+05:30,1174.1129983269077,1193.242990634255,1165.9792991040035,1191.3345947265625
2022-12-21 00:00:00+05:30,1190.9711686756098,1196.423883640869,1170.5688296926967,1174.3857421875
2022-12-22 00:00:00+05:30,1180.5199485444361,1183.541675654874,1166.3200787009303,1171.3411865234375
2022-12-23 00:00:00+05:30,1164.7524600759673,1177.112082738486,1132.4676588679463,1136.9888916015625
2022-12-26 00:00:00+05:30,1142.6916774565434,1155.073896863254,1132.5358801607608,1146.91748046875
2022-12-27 00:00:00+05:30,1149.6210331376262,1158.1636228081527,1142.9186909584178,1156.3006591796875
2022-12-28 00:00:00+05:30,1153.2562711921107,1158.6181211536698,1145.7587436629801,1156.1871337890625
2022-12-29 00:00:00+05:30,1148.2577664634932,1158.2089965163484,1147.5761621923448,1155.6644287109375
2022-12-30 00:00:00+05:30,1156.4824475075623,1170.97762738263,1154.6649160603042,1157.4366455078125
2023-01-02 00:00:00+05:30,1158.7090222381169,1171.8865462707408,1157.8911210447166,1170.4779052734375
2023-01-03 00:00:00+05:30,1165.5476587645308,1169.160125804233,1157.7093889350726,1161.9124755859375
2023-01-04 00:00:00+05:30,1161.8898109401732,1163.7301788455284,1142.350805656606,1144.4183349609375
2023-01-05 00:00:00+05:30,1146.6676067944138,1152.5293324862785,1137.806869836127,1142.37353515625
2023-01-06 00:00:00+05:30,1148.0988183662998,1157.7774553339088,1144.3046224842542,1152.75634765625
2023-01-09 00:00:00+05:30,1156.5732620005954,1182.3375684218504,1155.687212453628,1179.974609375
2023-01-10 00:00:00+05:30,1184.155127696438,1184.155127696438,1156.891435377878,1162.52587890625
2023-01-11 00:00:00+05:30,1159.8450319996036,1162.3441677767541,1145.5768933771294,1147.8717041015625
2023-01-12 00:00:00+05:30,1147.280880250268,1150.7569299071174,1120.0852177263125,1123.084228515625
2023-01-13 00:00:00+05:30,1117.0863548772086,1123.675117069892,1106.2717897707075,1121.266845703125
2023-01-16 00:00:00+05:30,1123.584175159578,1126.7421991055548,1102.8182596793808,1110.5885009765625
2023-01-17 00:00:00+05:30,1116.9046027544262,1128.2644751675343,1113.5421334042796,1126.3560791015625
2023-01-18 00:00:00+05:30,1123.947854631307,1131.9451378363888,1117.9725482719243,1124.4930419921875
2023-01-19 00:00:00+05:30,1123.674992689111,1127.4237562572607,1116.2910462380278,1123.288818359375
2023-01-20 00:00:00+05:30,1124.6293134044963,1124.6293134044963,1107.475983857866,1109.9296875
2023-01-23 00:00:00+05:30,1112.8150268033937,1120.6305800710875,1101.9094778576764,1104.3177490234375
2023-01-24 00:00:00+05:30,1108.7253859560433,1110.3839043654414,1084.8014472016187,1097.7972412109375
2023-01-25 00:00:00+05:30,1096.2068953996695,1097.2292417944516,1081.4617181061994,1082.620361328125
2023-01-27 00:00:00+05:30,1083.4611595770739,1084.8015319770323,1050.403768536496,1062.081787109375
2023-01-30 00:00:00+05:30,1059.5144571522903,1077.781116815708,1045.564464693845,1072.26025390625
2023-01-31 00:00:00+05:30,1082.3705756526113,1084.9379802131518,1063.7403362487162,1069.579345703125
2023-02-01 00:00:00+05:30,1081.4391134749721,1081.4391134749721,1047.382090519888,1063.2406005859375
2023-02-02 00:00:00+05:30,1053.2890475640809,1066.920892525141,1050.1083077780725,1057.35595703125
2023-02-03 00:00:00+05:30,1067.3754956611733,1067.3754956611733,1041.9293331709027,1058.28759765625
2023-02-06 00:00:00+05:30,1051.9258301558875,1054.652247201578,1047.7454602358487,1050.312744140625
2023-02-07 00:00:00+05:30,1050.5627428744976,1057.5603943899198,1041.9291690153093,1047.7908935546875
2023-02-08 00:00:00+05:30,1051.017186057536,1072.3284093286718,1048.290888887822,1068.7159423828125
2023-02-09 00:00:00+05:30,1069.3974980927496,1077.3039157739506,1060.559478401166,1070.578857421875
2023-02-10 00:00:00+05:30,1070.0563840638993,1070.0563840638993,1054.7886158361225,1061.763671875
2023-02-13 00:00:00+05:30,1063.3768779331142,1067.8299624778901,1051.2672523692866,1055.7203369140625
2023-02-14 00:00:00+05:30,1058.7192622894795,1082.3250555378218,1055.8565481440585,1080.598388671875
2023-02-15 00:00:00+05:30,1079.6440602664363,1107.4531801088635,1078.2809718116707,1105.0675048828125
2023-02-16 00:00:00+05:30,1113.019527781497,1119.5401413378127,1101.9322491792432,1104.2042236328125
2023-02-17 00:00:00+05:30,1099.6375221146495,1112.1334412904273,1095.3661670147737,1108.8162841796875
2023-02-20 00:00:00+05:30,1110.9974583087273,1113.1558521216361,1095.1390690194628,1097.093017578125
2023-02-21 00:00:00+05:30,1101.4552961916092,1111.8154187780797,1096.1614739086865,1106.044677734375
2023-02-22 00:00:00+05:30,1102.34116225432,1104.181409716533,1079.2124090771258,1080.9617919921875
2023-02-23 00:00:00+05:30,1080.5529686414243,1088.1640768500556,1072.9872927091903,1075.78173828125
2023-02-24 00:00:00+05:30,1077.8264053087537,1088.8001014405165,1076.0088741166164,1083.142822265625
2023-02-27 00:00:00+05:30,1082.3705449963543,1085.8467152410444,1068.6024012348664,1075.9407958984375
2023-02-28 00:00:00+05:30,1070.601498241021,1075.5544571553608,1051.3124942776465,1055.3565673828125
2023-03-01 00:00:00+05:30,1065.1034156724897,1065.7850199744744,1055.6746563210354,1065.0579833984375
2023-03-02 00:00:00+05:30,1061.9228195758383,1068.57973034707,1054.925046511839,1056.9471435546875
2023-03-03 00:00:00+05:30,1067.44368158329,1087.573426851757,1063.9903475271667,1083.91552734375
2023-03-06 00:00:00+05:30,1090.5497203643376,1101.7278641326047,1090.5497203643376,1094.5029296875
2023-03-08 00:00:00+05:30,1094.5028585607813,1099.1832244435238,1083.7337262043,1098.4334716796875
2023-03-09 00:00:00+05:30,1097.8199821583767,1098.2288726400263,1070.147279158801,1072.032958984375
2023-03-10 00:00:00+05:30,1063.9676377715205,1065.103564973256,1051.9487563495386,1055.4249267578125
2023-03-13 00:00:00+05:30,1058.2876262665352,1065.1035499544928,1033.7502288751577,1038.0670166015625
2023-03-14 00:00:00+05:30,1036.0220100653578,1047.359164622662,1031.0464552108242,1034.1817626953125
2023-03-15 00:00:00+05:30,1037.885231401589,1044.3375763114452,1012.1209234658597,1016.505859375
2023-03-16 00:00:00+05:30,1019.2095726723305,1024.207844384365,1000.6701985245505,1011.4393310546875
2023-03-17 00:00:00+05:30,1020.0047033408911,1023.2763079373278,1005.4413153341551,1010.1670532226562
2023-03-20 00:00:00+05:30,1006.4864851819102,1008.7584596340857,990.5826039210764,1000.238525390625
2023-03-21 00:00:00+05:30,1008.2811925498517,1033.2957451749278,1007.3951430408976,1031.341796875
2023-03-22 00:00:00+05:30,1038.294084967167,1041.2249475152355,1031.47816188993,1034.4771728515625
2023-03-23 00:00:00+05:30,1030.569386905087,1031.4327203269945,1019.2322313496287,1021.390625
2023-03-24 00:00:00+05:30,1020.2319499604101,1022.3903437977212,998.7617725722084,1001.1700439453125
2023-03-27 00:00:00+05:30,1007.6223573447278,1024.2077208751948,999.7613122149304,1016.73291015625
2023-03-28 00:00:00+05:30,1020.118297683826,1025.3438507677042,1016.4831146440141,1021.4815063476562
2023-03-29 00:00:00+05:30,1017.391938716083,1020.0274916428302,1004.71434981678,1015.4381103515625
2023-03-31 00:00:00+05:30,1024.6623383806666,1064.8536804760474,1024.5260415402947,1059.2191162109375
2023-04-03 00:00:00+05:30,1065.5579119993613,1067.3754434349298,1051.9259454677697,1059.4007568359375
2023-04-05 00:00:00+05:30,1066.9210129823457,1066.9210129823457,1048.995215362799,1056.856201171875
2023-04-06 00:00:00+05:30,1053.357419977002,1069.647537063385,1053.357419977002,1063.94482421875
2023-04-10 00:00:00+05:30,1067.8299972108045,1068.0117263349803,1054.9023498118622,1056.40185546875
2023-04-11 00:00:00+05:30,1060.559540630498,1063.7402807994256,1056.0383079017138,1061.6273193359375
2023-04-12 00:00:00+05:30,1061.6271300614383,1075.9178623263667,1058.764536534493,1066.3074951171875
2023-04-13 00:00:00+05:30,1069.1929322468407,1075.0092249147228,1064.1946609026813,1070.3289794921875
2023-04-17 00:00:00+05:30,1101.8867990924884,1101.8867990924884,1067.3981721567704,1075.759033203125
2023-04-18 00:00:00+05:30,1080.0985197030036,1080.0985197030036,1056.9243329412964,1063.4449462890625
2023-04-19 00:00:00+05:30,1062.8542061722762,1071.4195123263064,1059.741614492453,1068.7386474609375
2023-04-20 00:00:00+05:30,1069.692811176778,1071.9193532094926,1059.6961482625013,1066.034912109375
2023-04-21 00:00:00+05:30,1068.1252410633845,1072.8282030082607,1061.6500596936005,1067.37548828125
2023-04-24 00:00:00+05:30,1079.1897769115358,1081.8706418346944,1066.9210188410907,1071.465087890625
2023-04-25 00:00:00+05:30,1075.1002048906516,1081.7343994033272,1068.0571198634168,1079.6668701171875
2023-04-26 00:00:00+05:30,1081.0073822687018,1084.2336751201349,1069.6702254865136,1073.328125
2023-04-27 00:00:00+05:30,1079.189733985385,1083.2792397187284,1074.191342363561,1080.1212158203125
2023-04-28 00:00:00+05:30,1082.3704342762564,1101.409681900637,1082.2568535921685,1099.8646240234375
2023-05-02 00:00:00+05:30,1106.9988106394346,1111.361030519598,1103.3181951274973,1109.20263671875
2023-05-03 00:00:00+05:30,1110.9974233118683,1110.9974233118683,1096.4795270846325,1099.6829833984375
2023-05-04 00:00:00+05:30,1100.1601065895743,1114.564421653396,1097.1838117593734,1112.360595703125
2023-05-05 00:00:00+05:30,1109.1797657715506,1118.4266754436653,1106.9077915916328,1109.5205078125
2023-05-08 00:00:00+05:30,1113.2694731180964,1128.5599594768491,1110.6113241430285,1123.2208251953125
2023-05-09 00:00:00+05:30,1124.6292481933926,1129.9912183396398,1119.290114376559,1126.69677734375
2023-05-10 00:00:00+05:30,1131.4453248412979,1135.9211253467272,1127.446563252221,1134.4443359375
2023-05-11 00:00:00+05:30,1135.51203899488,1140.3058651251242,1125.3335267806174,1127.03759765625
2023-05-12 00:00:00+05:30,1122.2664514997994,1130.2638545526538,1116.2229969798393,1128.8779296875
2023-05-15 00:00:00+05:30,1131.3999221918086,1138.0567125858797,1123.7886933664054,1131.1044921875
2023-05-16 00:00:00+05:30,1133.2627523170945,1135.8073202110538,1113.3374551908087,1114.99609375
2023-05-17 00:00:00+05:30,1119.1764803056624,1120.0852459817609,1103.7271032383842,1108.4073486328125
2023-05-18 00:00:00+05:30,1113.0649351771951,1116.4502407386783,1102.8864225456616,1106.0218505859375
2023-05-19 00:00:00+05:30,1106.0218196807168,1111.4291017814717,1099.1149119209986,1109.6114501953125
2023-05-22 00:00:00+05:30,1106.4536050806153,1120.5398963368386,1105.2495293990407,1115.54150390625
2023-05-23 00:00:00+05:30,1118.1086413363598,1121.4483940779485,1113.9281511842048,1115.3367919921875
2023-05-24 00:00:00+05:30,1111.4063935962217,1119.630957590089,1105.749113749558,1108.8389892578125
2023-05-25 00:00:00+05:30,1105.9537453747698,1112.8151011277312,1097.8427615845399,1108.7027587890625
2023-05-26 00:00:00+05:30,1116.904610291511,1140.0787982471202,1113.6102893364032,1138.94287109375
2023-05-29 00:00:00+05:30,1145.5314605509366,1149.6210865747194,1139.2608448772517,1145.3497314453125
2023-05-30 00:00:00+05:30,1145.349753161613,1153.1199946776444,1142.509755067562,1145.054443359375
2023-05-31 00:00:00+05:30,1135.9891655098565,1140.4649655887667,1118.267694287889,1122.311767578125
2023-06-01 00:00:00+05:30,1126.969538270473,1129.1279320638168,1116.9046059479208,1119.2901611328125
2023-06-02 00:00:00+05:30,1122.8117036497752,1128.1962696801756,1113.7238061790024,1115.6322021484375
2023-06-05 00:00:00+05:30,1121.085068396339,1128.6053121788445,1117.1090229973545,1125.6517333984375
2023-06-06 00:00:00+05:30,1128.4689187387335,1130.4000307352399,1118.7221336360576,1126.6058349609375
2023-06-07 00:00:00+05:30,1130.0820196952836,1135.989176828128,1123.5386905370437,1135.1485595703125
2023-06-08 00:00:00+05:30,1138.7156307485393,1143.6458744813403,1131.8997070078415,1135.8302001953125
2023-06-09 00:00:00+05:30,1139.1699412328312,1139.874261684162,1125.9924180855612,1127.787353515625
2023-06-12 00:00:00+05:30,1124.8564945620458,1131.0816777652867,1120.0852643496842,1128.7869873046875
2023-06-13 00:00:00+05:30,1133.7173319025067,1146.6448585440896,1129.741286337972,1145.46337890625
2023-06-14 00:00:00+05:30,1145.5314201372407,1160.9809175855808,1143.7138887627082,1159.549560546875
2023-06-15 00:00:00+05:30,1159.5268135380984,1164.4116242878063,1152.1201510303479,1159.86767578125
2023-06-16 00:00:00+05:30,1163.3437504987226,1173.4313981302719,1163.3437504987226,1171.159423828125
2023-06-19 00:00:00+05:30,1174.1585755296505,1174.1585755296505,1155.369322961202,1159.5269775390625
2023-06-20 00:00:00+05:30,1157.5956756067337,1165.070366166299,1151.8929638688387,1161.93505859375
2023-06-21 00:00:00+05:30,1161.889630244124,1167.7286388194623,1157.8001247424693,1165.206787109375
2023-06-22 00:00:00+05:30,1161.4354185434336,1169.296404389101,1150.52986917785,1152.1202392578125
2023-06-23 00:00:00+05:30,1149.1212794125972,1151.1660925456156,1141.4420223330224,1142.691650390625
2023-06-26 00:00:00+05:30,1139.1698775330913,1142.9867893628173,1130.8544495978458,1133.967041015625
2023-06-27 00:00:00+05:30,1134.4216529822017,1140.305974461151,1129.9231362063101,1134.376220703125
2023-06-28 00:00:00+05:30,1141.896393407388,1153.1881169201986,1135.0122016455275,1149.3939208984375
2023-06-30 00:00:00+05:30,1157.0732487107562,1161.7307784588775,1151.1888070463274,1158.8226318359375
2023-07-03 00:00:00+05:30,1162.3669506539804,1191.425580555085,1161.1400387375704,1188.5628662109375
2023-07-04 00:00:00+05:30,1192.788615416969,1192.788615416969,1169.2735683249591,1176.3167724609375
2023-07-05 00:00:00+05:30,1185.5184537103503,1185.5184537103503,1170.4325328520283,1174.3857421875
2023-07-06 00:00:00+05:30,1170.546016490242,1201.6266214253383,1170.546016490242,1199.03662109375
2023-07-07 00:00:00+05:30,1197.332705283274,1210.9418359205672,1194.1518448825288,1196.696533203125
2023-07-10 00:00:00+05:30,1221.8244401255106,1252.3144236363512,1215.508392547687,1242.7947998046875
2023-07-11 00:00:00+05:30,1250.905728718348,1258.6758491021378,1243.9535094175255,1256.267578125
2023-07-12 00:00:00+05:30,1256.9946762890331,1273.2166423107678,1254.8817149747802,1257.653564453125
2023-07-13 00:00:00+05:30,1264.9922784824523,1271.853634660212,1243.7947539621482,1246.407470703125
2023-07-14 00:00:00+05:30,1249.5879849572364,1254.5409440468316,1238.2735461254954,1245.3621826171875
2023-07-17 00:00:00+05:30,1248.225023984058,1279.1466167196916,1239.5914489485467,1270.8084716796875
2023-07-18 00:00:00+05:30,1280.0324439694932,1289.324785415803,1269.1268963755451,1281.60009765625
2023-07-19 00:00:00+05:30,1285.9397747939042,1297.7540895736324,1270.944719940005,1291.3243408203125
2023-07-20 00:00:00+05:30,1270.1421687973038,1295.224991076979,1270.1421687973038,1289.760498046875
2023-07-21 00:00:00+05:30,1284.4190157057792,1287.3235564344566,1242.3763715855305,1249.834716796875
2023-07-24 00:00:00+05:30,1221.4041174807796,1238.117785416934,1215.6441946530279,1224.5548095703125
2023-07-25 00:00:00+05:30,1227.8041962368873,1233.3179681079685,1220.9119513502328,1223.767333984375
2023-07-26 00:00:00+05:30,1223.3732632571832,1253.896056948107,1223.3732632571832,1243.6561279296875
2023-07-27 00:00:00+05:30,1247.5209111436616,1249.2931304965796,1226.0072859774648,1232.087158203125
2023-07-28 00:00:00+05:30,1236.6902137331379,1251.853175548335,1231.0287272255082,1244.4686279296875
2023-07-31 00:00:00+05:30,1244.4686660676819,1257.2930680054526,1239.594792375287,1255.00390625
2023-08-01 00:00:00+05:30,1257.8346449464532,1259.803857697837,1233.3672005487501,1237.25634765625
2023-08-02 00:00:00+05:30,1235.2870185350293,1236.665491369381,1212.8380673987745,1224.0379638671875
2023-08-03 00:00:00+05:30,1218.5981228148664,1231.201012494138,1210.1058926997707,1218.8934326171875
2023-08-04 00:00:00+05:30,1230.1672134573323,1238.6348041373592,1216.776590964359,1235.45947265625
2023-08-07 00:00:00+05:30,1241.0963994857652,1244.7393951840495,1233.2195480808575,1242.49951171875
2023-08-08 00:00:00+05:30,1244.5423492739476,1247.7176805176769,1230.5363488514104,1235.0162353515625
2023-08-09 00:00:00+05:30,1233.1456430382627,1245.034716513302,1221.453442754676,1243.1639404296875
2023-08-10 00:00:00+05:30,1243.0409059369185,1255.3731247892663,1234.9179033647526,1248.702392578125
2023-08-11 00:00:00+05:30,1246.733259512152,1259.7301365729732,1236.8380369520157,1253.9700927734375
2023-08-14 00:00:00+05:30,1249.9577340453427,1271.274485095857,1243.065489745762,1268.788330078125
2023-08-16 00:00:00+05:30,1255.8654425931288,1271.5207081344915,1255.8654425931288,1267.7545166015625
2023-08-17 00:00:00+05:30,1263.7916479940673,1269.2069834305885,1246.9302626576266,1249.465576171875
2023-08-18 00:00:00+05:30,1246.142454602955,1268.960755625946,1234.9671961841154,1258.7208251953125
2023-08-21 00:00:00+05:30,1254.8424457661688,1262.5000997685252,1242.8371963360953,1244.986328125
2023-08-22 00:00:00+05:30,1243.4547138866417,1253.8543258928648,1234.6114071159911,1244.6898193359375
2023-08-23 00:00:00+05:30,1247.0614487779783,1256.275409297995,1243.4796423923776,1246.0733642578125
2023-08-24 00:00:00+05:30,1254.8177179260883,1254.8177179260883,1220.7782590700385,1225.1258544921875
2023-08-25 00:00:00+05:30,1213.3676467766436,1237.5757146480018,1206.747529523438,1219.4691162109375
2023-08-28 00:00:00+05:30,1221.272366528133,1227.2008731617648,1201.0660879981488,1207.315673828125
2023-08-29 00:00:00+05:30,1211.4162410930335,1212.107851949824,1189.7277154191993,1195.755126953125
2023-08-30 00:00:00+05:30,1201.5106390304122,1206.9451032694478,1193.1119215700844,1194.6187744140625
2023-08-31 00:00:00+05:30,1197.0643437840804,1198.0524282609965,1185.651919829385,1189.15966796875
2023-09-01 00:00:00+05:30,1188.9373425267036,1198.3734766692594,1186.5164632510111,1191.950927734375
2023-09-04 00:00:00+05:30,1191.9507848594153,1197.3852486913688,1188.3196473047951,1190.9874267578125
2023-09-05 00:00:00+05:30,1195.5822395056102,1202.4741047382813,1191.852196412095,1197.36083984375
2023-09-06 00:00:00+05:30,1196.1256007292052,1203.5608392350891,1194.2234900414205,1199.8802490234375
2023-09-07 00:00:00+05:30,1196.421961377583,1204.5983838407617,1191.1357340059783,1201.5106201171875
2023-09-08 00:00:00+05:30,1205.463038004146,1213.3677136631895,1197.039593881822,1209.51416015625
2023-09-11 00:00:00+05:30,1211.391482722607,1223.668479723262,1211.391482722607,1222.556884765625
2023-09-12 00:00:00+05:30,1226.7068128830886,1226.7068128830886,1203.462102676104,1204.8948974609375
2023-09-13 00:00:00+05:30,1205.462928884613,1216.652936105206,1198.6698488550378,1210.922119140625
2023-09-14 00:00:00+05:30,1215.3438722575231,1218.2093412827492,1207.9332388900991,1212.0338134765625
2023-09-15 00:00:00+05:30,1219.2962186489121,1219.2962186489121,1210.156437431325,1214.28173828125
2023-09-18 00:00:00+05:30,1205.487828880595,1210.8975674516837,1201.535490839137,1203.709228515625
2023-09-20 00:00:00+05:30,1197.089090701199,1199.3370070481767,1163.4694916701224,1176.8826904296875
2023-09-21 00:00:00+05:30,1173.3255153106452,1180.8103271156433,1165.9396084396587,1168.31103515625
2023-09-22 00:00:00+05:30,1173.8443150051187,1177.0308632017375,1160.9992172819989,1163.4447021484375
2023-09-25 00:00:00+05:30,1161.1968240581607,1166.2854832156668,1153.638074334712,1156.2811279296875
2023-09-26 00:00:00+05:30,1155.342502590839,1161.0980464311394,1153.8851021083722,1157.2939453125
2023-09-27 00:00:00+05:30,1157.7880446735417,1171.769464855697,1155.3178333556975,1170.336669921875
2023-09-28 00:00:00+05:30,1177.3026603074284,1177.3026603074284,1148.6482103293206,1153.14404296875
2023-09-29 00:00:00+05:30,1156.9481416896208,1170.435518964013,1153.1440405649926,1158.529052734375
2023-10-03 00:00:00+05:30,1151.0936382938999,1153.885049186791,1144.2017734963838,1145.263916015625
2023-10-04 00:00:00+05:30,1140.7434506187415,1145.683872665596,1133.8763122199225,1143.2877197265625
2023-10-05 00:00:00+05:30,1145.8074528562056,1150.8219332922222,1140.743519950406,1143.26318359375
2023-10-06 00:00:00+05:30,1144.7206253894863,1148.5494528467332,1142.2504141267464,1145.18994140625
2023-10-09 00:00:00+05:30,1140.2988590719287,1142.200849187487,1133.826857954507,1135.4324951171875
2023-10-10 00:00:00+05:30,1139.5331157395624,1145.1404226117538,1138.1497733893898,1140.447021484375
2023-10-11 00:00:00+05:30,1143.4359710357805,1160.8509589721596,1142.7196339530417,1158.5537109375
2023-10-12 00:00:00+05:30,1157.9609209243824,1165.6185754357678,1155.1447837404767,1160.7027587890625
2023-10-13 00:00:00+05:30,1156.058825491677,1164.7045645712087,1150.6984190160554,1160.6534423828125
2023-10-16 00:00:00+05:30,1158.5291304894404,1163.247258320988,1154.082750031272,1158.059814453125
2023-10-17 00:00:00+05:30,1163.963549268257,1165.7914814830851,1156.7011522648252,1163.593017578125
2023-10-18 00:00:00+05:30,1163.5929949263082,1169.3979912920374,1146.6720480730119,1148.1541748046875
2023-10-19 00:00:00+05:30,1142.2256445327594,1147.0672825471008,1136.7911799610206,1139.33544921875
2023-10-20 00:00:00+05:30,1136.2971288231192,1143.559525479833,1134.4691966955595,1135.8525390625
2023-10-23 00:00:00+05:30,1131.356688684127,1139.3848747937852,1114.1887214650121,1118.1163330078125
2023-10-25 00:00:00+05:30,1111.6196977984057,1127.0090643806484,1108.1366760976812,1115.5225830078125
2023-10-26 00:00:00+05:30,1112.089019549233,1115.5473150342816,1096.9219477593886,1099.9849853515625
2023-10-27 00:00:00+05:30,1106.654565590137,1123.204979852311,1104.6536704890175,1119.40087890625
2023-10-30 00:00:00+05:30,1123.4520304054054,1148.6481841216216,1121.4511352518443,1142.47265625
2023-10-31 00:00:00+05:30,1150.1303563093797,1150.1303563093797,1127.8490026208185,1130.3192138671875
2023-11-01 00:00:00+05:30,1130.9367248364767,1144.9428703315039,1124.0448598372486,1135.0125732421875
2023-11-02 00:00:00+05:30,1143.1889695269997,1148.302354744411,1140.2247162104195,1146.2767333984375
2023-11-03 00:00:00+05:30,1149.7349795725816,1153.5638066087804,1144.078220526126,1146.0296630859375
2023-11-06 00:00:00+05:30,1152.2546386732256,1156.0587394619763,1148.9445800808262,1155.564697265625
2023-11-07 00:00:00+05:30,1153.1192304428853,1155.614167696399,1145.9556184844287,1148.0552978515625
2023-11-08 00:00:00+05:30,1152.1064866637696,1156.552866758098,1147.042553778562,1154.033203125
2023-11-09 00:00:00+05:30,1154.0085696526105,1154.0331752710283,1138.3720609954937,1141.50927734375
2023-11-10 00:00:00+05:30,1139.039102652828,1144.3747829309668,1135.3337858785344,1143.6583251953125
2023-11-13 00:00:00+05:30,1147.6107081381433,1148.4506764659145,1142.0774589944763,1143.51025390625
2023-11-15 00:00:00+05:30,1156.0588204395372,1166.9030232858888,1149.6362714370953,1164.185791015625
2023-11-16 00:00:00+05:30,1161.542667627995,1172.9302438744137,1159.4923201233041,1166.285400390625
2023-11-17 00:00:00+05:30,1162.4319266451018,1172.4857343750468,1162.012063114762,1163.7412109375
2023-11-20 00:00:00+05:30,1160.2828426994563,1165.1490860409533,1154.2801575494677,1160.6781005859375
2023-11-21 00:00:00+05:30,1168.9038812090425,1179.7728099438689,1166.0384122376151,1175.2769775390625
2023-11-22 00:00:00+05:30,1173.3502489811203,1182.9593458443583,1171.9669066696931,1179.87158203125
2023-11-23 00:00:00+05:30,1179.8716170501546,1185.7013394254852,1179.8716170501546,1183.4781494140625
2023-11-24 00:00:00+05:30,1181.5514214570694,1186.9858858764198,1181.2796741129466,1182.6876220703125
2023-11-28 00:00:00+05:30,1182.6876712625676,1185.5531403805655,1173.4738317237427,1182.9346923828125
2023-11-29 00:00:00+05:30,1189.6536514263266,1191.605094048659,1184.7379555197092,1186.047119140625
2023-11-30 00:00:00+05:30,1183.0828973645985,1186.0471507278282,1170.8306260067593,1174.5606689453125
2023-12-01 00:00:00+05:30,1174.8324632282502,1183.922792325671,1174.6348945757863,1182.8853759765625
2023-12-04 00:00:00+05:30,1210.4035134582498,1210.4035134582498,1185.0097900344595,1195.6810302734375
2023-12-05 00:00:00+05:30,1204.9689932142376,1205.8830195816831,1196.3973123183705,1204.3514404296875
2023-12-06 00:00:00+05:30,1208.9708595498532,1221.7417795681863,1202.992899973077,1215.887451171875
2023-12-07 00:00:00+05:30,1215.3438750518303,1215.813191043024,1206.4511149904754,1213.886474609375
2023-12-08 00:00:00+05:30,1217.2459307176134,1223.5943006598802,1207.9331869400896,1213.244140625
2023-12-11 00:00:00+05:30,1213.367615499601,1219.098553135076,1211.5890153738967,1215.022705078125
2023-12-12 00:00:00+05:30,1215.3438006129375,1217.7892853568703,1195.6561708810905,1197.5830078125
2023-12-13 00:00:00+05:30,1196.570218805253,1204.6478570918039,1188.8137803209581,1202.4739990234375
2023-12-14 00:00:00+05:30,1212.3795628682321,1222.7297228698085,1206.7721356331074,1217.39404296875
2023-12-15 00:00:00+05:30,1224.236571728094,1235.1055001292314,1220.3089603608373,1232.9317626953125
2023-12-18 00:00:00+05:30,1232.9317234441762,1252.3474847954778,1230.634354917611,1245.4803466796875
2023-12-19 00:00:00+05:30,1262.2778691174958,1271.615218807123,1247.5553868731267,1263.8094482421875
2023-12-20 00:00:00+05:30,1270.207325538083,1283.9417239360823,1244.9864450577063,1248.518798828125
2023-12-21 00:00:00+05:30,1248.444829631281,1271.4177954317774,1244.1219597225854,1266.008056640625
2023-12-22 00:00:00+05:30,1264.550535970751,1275.0735389423144,1258.6466348491601,1267.2430419921875
2023-12-26 00:00:00+05:30,1268.7003790735205,1280.5326657287192,1266.0819312708138,1273.66552734375
2023-12-27 00:00:00+05:30,1275.6170305456778,1284.4603381656593,1271.2201029702012,1278.01318359375
2023-12-28 00:00:00+05:30,1279.470665481518,1290.4383794995902,1278.0132649417642,1287.2518310546875
2023-12-29 00:00:00+05:30,1289.9937398232034,1291.4264140714613,1274.2831724837226,1277.074462890625
2024-01-01 00:00:00+05:30,1274.9006856426909,1287.8940202608817,1271.2447008145452,1279.69287109375
2024-01-02 00:00:00+05:30,1277.099135940161,1291.920402508132,1271.1706293129728,1290.2900390625
2024-01-03 00:00:00+05:30,1289.450180352941,1301.3071935056118,1273.2455715878027,1276.25927734375
2024-01-04 00:00:00+05:30,1278.581319191514,1289.3761903993159,1274.1843914947026,1282.854736328125
2024-01-05 00:00:00+05:30,1285.9424160498672,1294.3165279752034,1283.521657474919,1288.3138427734375
2024-01-08 00:00:00+05:30,1289.4502625359673,1300.2944657165137,1269.1698042070248,1278.26025390625
2024-01-09 00:00:00+05:30,1284.5098000629723,1287.8693113555237,1273.245613077726,1274.8759765625
2024-01-10 00:00:00+05:30,1273.1469362430112,1313.6584025883456,1272.183577934786,1309.261474609375
2024-01-11 00:00:00+05:30,1313.6582540274271,1346.265040325212,1312.6701695941608,1343.696044921875
2024-01-12 00:00:00+05:30,1343.6961234746648,1356.961085397271,1329.7147038034357,1354.39208984375
2024-01-15 00:00:00+05:30,1358.616069177015,1379.8104316098675,1349.723309451493,1377.51318359375
2024-01-16 00:00:00+05:30,1373.4126778584214,1379.6623844587446,1354.1697570573224,1358.24560546875
2024-01-17 00:00:00+05:30,1343.3007252899447,1369.7567088979374,1338.879071777444,1345.3509521484375
2024-01-18 00:00:00+05:30,1335.2974203430863,1354.6638524622786,1335.1491835446054,1351.650146484375
2024-01-19 00:00:00+05:30,1359.6042988176375,1359.6042988176375,1342.806861986315,1351.1561279296875
2024-01-23 00:00:00+05:30,1355.4048574857818,1355.4048574857818,1306.791150318716,1312.7442626953125
2024-01-24 00:00:00+05:30,1319.314984194113,1333.4199132911328,1308.1497027138623,1327.8619384765625
2024-01-25 00:00:00+05:30,1326.9480369708251,1347.895500834099,1319.2903820615336,1336.952392578125
2024-01-29 00:00:00+05:30,1348.241154971167,1435.1925816017736,1343.9677382154596,1430.795654296875
2024-01-30 00:00:00+05:30,1442.5537625848374,1442.5784888178382,1387.690473107798,1390.852294921875
2024-01-31 00:00:00+05:30,1387.2705659116798,1417.1601204834947,1385.788439238697,1409.6259765625
2024-02-01 00:00:00+05:30,1417.9011153905622,1426.1515960154993,1401.1531330404457,1409.650634765625
2024-02-02 00:00:00+05:30,1416.0978932450594,1457.3256902760372,1416.0978932450594,1440.33056640625
2024-02-05 00:00:00+05:30,1443.3442832345067,1452.9781061073709,1414.4675408489986,1421.878173828125
2024-02-06 00:00:00+05:30,1424.6695010773788,1424.6695010773788,1402.9069175392074,1410.7869873046875
2024-02-07 00:00:00+05:30,1418.8152626559165,1432.2284612961826,1412.2197504708995,1424.966064453125
2024-02-08 00:00:00+05:30,1432.7224367107362,1442.0845126481563,1410.515263064875,1432.845947265625
2024-02-09 00:00:00+05:30,1436.6747903139974,1454.4355841797649,1433.661084495157,1443.3443603515625
2024-02-12 00:00:00+05:30,1443.3443671360003,1443.5913882496639,1425.163589047209,1435.04443359375
2024-02-13 00:00:00+05:30,1438.1568697691962,1461.3768535820275,1436.6747431428453,1447.6424560546875
2024-02-14 00:00:00+05:30,1440.1331160740654,1465.9715491065435,1440.1331160740654,1463.7236328125
2024-02-15 00:00:00+05:30,1465.674980481667,1467.0335965408115,1449.0505085860837,1453.076904296875
2024-02-16 00:00:00+05:30,1458.881830082394,1459.4005984941116,1441.1704903137313,1443.1712646484375
2024-02-19 00:00:00+05:30,1444.6288410678121,1461.8708655513933,1436.2053974591388,1456.4364013671875
2024-02-20 00:00:00+05:30,1457.4492860314679,1457.9186020207894,1444.3818933388152,1453.4969482421875
2024-02-21 00:00:00+05:30,1456.4365283424868,1470.7884795851646,1440.1825868389801,1450.2115478515625
2024-02-22 00:00:00+05:30,1450.6561919754163,1467.2559381666686,1440.6271108051608,1464.0941162109375
2024-02-23 00:00:00+05:30,1471.7517883622584,1479.7059164315408,1465.6750448712426,1475.82763671875
2024-02-26 00:00:00+05:30,1475.7534607654734,1476.7168189041834,1464.8350802180469,1469.6025390625
2024-02-27 00:00:00+05:30,1465.3539102526265,1482.0771665679397,1460.4382144226488,1467.9476318359375
2024-02-28 00:00:00+05:30,1465.3290823583084,1473.5055044292124,1432.8952620082478,1438.2802734375
2024-02-29 00:00:00+05:30,1447.5437052316252,1461.352161163495,1437.1935448412644,1443.393798828125
2024-03-01 00:00:00+05:30,1446.061542580972,1482.1266237591103,1445.0734581651325,1474.345458984375
2024-03-04 00:00:00+05:30,1472.7150995331629,1494.4282305064353,1469.503825173054,1489.4384765625
2024-03-05 00:00:00+05:30,1487.8328618357061,1489.4384990399915,1468.3429205099196,1482.32421875
2024-03-06 00:00:00+05:30,1475.654687549837,1491.0194491388315,1460.8828731290673,1485.0909423828125
2024-03-07 00:00:00+05:30,1485.0662153094684,1485.1897258668157,1457.968071396935,1461.3028564453125
2024-03-11 00:00:00+05:30,1471.257625711574,1471.257625711574,1446.0614742974403,1449.12451171875
2024-03-12 00:00:00+05:30,1449.1245651727334,1470.269595576354,1447.568380480176,1457.844482421875
2024-03-13 00:00:00+05:30,1462.142657909758,1465.4279903850718,1410.7622676768488,1415.10986328125
2024-03-14 00:00:00+05:30,1422.5451836499767,1431.2651015924712,1408.5144322207132,1414.418212890625
2024-03-15 00:00:00+05:30,1408.9589780840722,1416.1473166057365,1396.0645483366263,1401.3260498046875
2024-03-18 00:00:00+05:30,1403.0798345242215,1424.5459437848976,1399.6462653903534,1422.32275390625
2024-03-19 00:00:00+05:30,1411.7256294896865,1420.4701525728194,1400.3626585436627,1408.267333984375
2024-03-20 00:00:00+05:30,1410.935092987457,1427.7819805194806,1407.056934025752,1426.546875
2024-03-21 00:00:00+05:30,1435.2173701383908,1440.5283239841642,1427.460931435626,1433.685791015625
2024-03-22 00:00:00+05:30,1432.6977472783171,1442.6033181580033,1430.1040255590262,1437.6876220703125
2024-03-26 00:00:00+05:30,1427.7819423573562,1435.0937909604027,1421.8534360223084,1424.397705078125
2024-03-27 00:00:00+05:30,1430.7463249095808,1482.126717793074,1429.7582404310522,1475.0618896484375
2024-03-28 00:00:00+05:30,1475.0865810929813,1488.0057370987279,1461.0311038405712,1468.145263671875
2024-04-01 00:00:00+05:30,1474.691331987126,1476.1734586788064,1464.8352136106084,1467.0831298828125
2024-04-02 00:00:00+05:30,1466.3172549197961,1476.198098955644,1457.4244952875333,1469.2320556640625
2024-04-03 00:00:00+05:30,1464.4152240453116,1466.7619246317818,1451.397283687729,1454.0650634765625
2024-04-04 00:00:00+05:30,1462.117879861305,1462.117879861305,1432.7223691832353,1445.493408203125
2024-04-05 00:00:00+05:30,1443.467815909923,1453.274601948929,1438.6509043996564,1442.7020263671875
2024-04-08 00:00:00+05:30,1445.5427357963142,1473.2090987059642,1443.5912932499484,1468.2686767578125
2024-04-09 00:00:00+05:30,1471.2577557160955,1472.0482715276003,1445.0735176190665,1446.2098388671875
2024-04-10 00:00:00+05:30,1448.8776750369068,1469.281643980642,1448.8776750369068,1461.945068359375
2024-04-12 00:00:00+05:30,1458.2891033204971,1468.7627741208264,1445.6415744118667,1449.6680908203125
2024-04-15 00:00:00+05:30,1443.591352839028,1464.4646364315843,1429.0911655763507,1447.3707275390625
2024-04-16 00:00:00+05:30,1436.0325186728678,1453.6451964542034,1433.6364862387566,1448.2847900390625
2024-04-18 00:00:00+05:30,1446.0615875622616,1468.2934876101954,1441.9610129858208,1446.876708984375
2024-04-19 00:00:00+05:30,1439.4168835663286,1456.4366156882386,1425.8307211065503,1452.6077880859375
2024-04-22 00:00:00+05:30,1454.9048261235944,1465.1562017707047,1450.3103301575065,1462.2166748046875
2024-04-23 00:00:00+05:30,1461.3768889290402,1475.7041133303053,1438.20635702296,1441.936279296875
2024-04-24 00:00:00+05:30,1446.0614393265091,1451.0513135165108,1432.2282584925008,1432.895263671875
2024-04-25 00:00:00+05:30,1425.31186113177,1450.4832891142164,1424.3237766526493,1442.57861328125
2024-04-26 00:00:00+05:30,1446.5062542977878,1447.5437912682185,1432.7225237808307,1435.2421875
2024-04-29 00:00:00+05:30,1432.7223672737166,1450.4091019997668,1432.7223672737166,1447.568359375
2024-04-30 00:00:00+05:30,1450.5079819172845,1465.403306850403,1445.4440490785064,1449.5198974609375
2024-05-02 00:00:00+05:30,1454.460329459568,1459.7218309784546,1446.6791643138517,1449.0753173828125
2024-05-03 00:00:00+05:30,1453.4722101911175,1457.3750954799905,1399.275802819383,1416.9130859375
2024-05-06 00:00:00+05:30,1418.3952205864964,1422.841600588335,1401.1037428015688,1402.610595703125
2024-05-07 00:00:00+05:30,1399.1028593353728,1403.8209867220144,1375.4135586957902,1384.775634765625
2024-05-08 00:00:00+05:30,1380.8481115524094,1415.8756594095175,1380.8481115524094,1401.6473388671875
2024-05-09 00:00:00+05:30,1396.1632769069981,1406.7851843569276,1373.437335386219,1377.51318359375
2024-05-10 00:00:00+05:30,1380.106935558881,1393.1990543318577,1371.535254832905,1390.65478515625
2024-05-13 00:00:00+05:30,1383.2193979190515,1390.210046915121,1367.5088315833425,1385.9859619140625
2024-05-14 00:00:00+05:30,1384.2815424166113,1410.070521585227,1383.342910466477,1403.1539306640625
2024-05-15 00:00:00+05:30,1403.5739245612333,1412.9360003572742,1396.1880176135714,1399.3992919921875
2024-05-16 00:00:00+05:30,1401.6471872524828,1410.4904944706304,1381.3667306256436,1408.3660888671875
2024-05-17 00:00:00+05:30,1406.0936018418706,1420.0749000882806,1396.4103261437938,1418.5927734375
2024-05-21 00:00:00+05:30,1408.6132041549795,1424.6448506468714,1408.6132041549795,1419.0128173828125
2024-05-22 00:00:00+05:30,1419.1610465084934,1451.2737917888355,1419.1610465084934,1443.24560546875
2024-05-23 00:00:00+05:30,1441.1705740518107,1474.4442444107415,1437.6628261266358,1468.3428955078125
2024-05-24 00:00:00+05:30,1465.9467233388211,1470.7636348065282,1458.5113640783345,1462.6119384765625
2024-05-27 00:00:00+05:30,1462.587264504762,1467.2066075031105,1444.134859977049,1448.77880859375
2024-05-28 00:00:00+05:30,1450.5079553599196,1460.8828419616084,1435.4396676765145,1438.8485107421875
2024-05-29 00:00:00+05:30,1429.2640587693002,1440.6270291639403,1421.3099312467443,1423.6072998046875
2024-05-30 00:00:00+05:30,1418.3951935729253,1423.2368313836507,1403.178669288835,1407.8720703125
2024-05-31 00:00:00+05:30,1414.245257118902,1425.0647331073133,1405.3030450073677,1413.35595703125
2024-06-03 00:00:00+05:30,1465.3292536675044,1496.4539141466187,1441.6152266357983,1492.32861328125
2024-06-04 00:00:00+05:30,1480.1999676014107,1480.1999676014107,1343.1032493273078,1380.625732421875
2024-06-05 00:00:00+05:30,1405.0561505394378,1414.097147783154,1367.6077240917773,1403.821044921875
2024-06-06 00:00:00+05:30,1417.9011371144834,1426.4974232883105,1404.4137607114592,1414.5416259765625
2024-06-07 00:00:00+05:30,1411.478521453965,1454.4601915157414,1409.5023527154926,1452.4345703125
2024-06-10 00:00:00+05:30,1452.4346368701142,1475.5558362929214,1450.5819785928986,1453.867431640625
2024-06-11 00:00:00+05:30,1451.4959629037996,1456.1153056542432,1437.3417023219272,1439.31787109375
2024-06-12 00:00:00+05:30,1440.1330064471847,1458.41256776401,1437.835758473946,1445.8885498046875
2024-06-13 00:00:00+05:30,1454.4603416652449,1454.7073627830548,1442.7021123343332,1447.790771484375
2024-06-14 00:00:00+05:30,1452.4841280922399,1462.0438933040555,1439.8613252368543,1459.9442138671875
2024-06-18 00:00:00+05:30,1469.6273935638167,1469.6768460329972,1453.8180422457062,1463.3778076171875
2024-06-19 00:00:00+05:30,1469.7756214798555,1469.7756214798555,1438.650961260282,1441.2694091796875
2024-06-20 00:00:00+05:30,1441.6152213906755,1465.181011544537,1432.8212456085912,1456.1400146484375
2024-06-21 00:00:00+05:30,1456.0659025463858,1457.1280450509373,1423.4096642387256,1436.872314453125
2024-06-24 00:00:00+05:30,1428.3007403004744,1432.2283517054532,1420.3713387903338,1424.2989501953125
2024-06-25 00:00:00+05:30,1425.8058325289194,1438.576872033328,1423.8296636688654,1436.822998046875
2024-06-26 00:00:00+05:30,1428.8194845866847,1500.875466568816,1427.905458276952,1495.9844970703125
2024-06-27 00:00:00+05:30,1495.7127559544517,1519.1797603831344,1488.0551018777237,1512.3126220703125
2024-06-28 00:00:00+05:30,1512.782033239127,1562.1615299634889,1512.782033239127,1546.7474365234375
2024-07-01 00:00:00+05:30,1543.9066370278445,1560.5805616644209,1537.138282854078,1541.5599365234375
2024-07-02 00:00:00+05:30,1550.7985635373939,1554.7509013864856,1538.4475077589818,1546.525146484375
2024-07-03 00:00:00+05:30,1547.661278880494,1556.2329594590622,1524.391963189475,1533.927001953125
2024-07-04 00:00:00+05:30,1538.447461634288,1548.822348177101,1532.321386398175,1535.5079345703125
2024-07-05 00:00:00+05:30,1535.3102911811948,1579.4530127748421,1529.5547474353805,1569.6956787109375
2024-07-08 00:00:00+05:30,1570.0662334946016,1589.6303543798022,1563.6684106310508,1581.824462890625
2024-07-09 00:00:00+05:30,1578.563597646217,1581.4290665009253,1561.6673786971023,1571.325927734375
2024-07-10 00:00:00+05:30,1575.9946562525065,1578.4648673124634,1544.5241914718106,1565.3480224609375
2024-07-11 00:00:00+05:30,1568.5840280306456,1585.1344421846698,1551.786592769845,1561.815673828125
2024-07-12 00:00:00+05:30,1565.619909710512,1586.0238790122883,1555.739064587694,1577.69921875
2024-07-15 00:00:00+05:30,1585.332123675554,1586.7154660951303,1566.607970695329,1578.1932373046875
2024-07-16 00:00:00+05:30,1574.5125966882063,1580.9351457176842,1550.4280378276635,1557.4681396484375
2024-07-18 00:00:00+05:30,1557.2210712967385,1574.9078068261192,1539.2625884242743,1567.7689208984375
2024-07-19 00:00:00+05:30,1567.1020115011324,1571.029623251694,1534.2976544625544,1536.61962890625
2024-07-22 00:00:00+05:30,1518.9328421942273,1519.1798633102128,1481.4103587992008,1482.793701171875
2024-07-23 00:00:00+05:30,1483.1147807956386,1487.808182000688,1445.5675711552426,1470.1708984375
2024-07-24 00:00:00+05:30,1467.3054738461674,1491.5135439533938,1458.8079713194404,1477.8779296875
2024-07-25 00:00:00+05:30,1463.3530011800513,1482.595920809754,1459.474721651074,1474.6171875
2024-07-26 00:00:00+05:30,1474.6172851615388,1494.4037007697482,1472.59166375446,1491.044189453125
2024-07-29 00:00:00+05:30,1493.9342700426573,1509.2990318372968,1493.7614276294273,1501.9871826171875
2024-07-30 00:00:00+05:30,1498.9488223237445,1506.8287716127938,1492.0075050067665,1495.1199951171875
2024-07-31 00:00:00+05:30,1486.0788700242824,1492.4519658681731,1483.2628537354879,1487.4869384765625
2024-08-01 00:00:00+05:30,1493.9836579008804,1499.9121644798522,1486.37545603751,1497.244384765625
2024-08-02 00:00:00+05:30,1487.0670219426547,1491.3404387261814,1475.481756476256,1481.4595947265625
2024-08-05 00:00:00+05:30,1462.3649300475706,1466.2184833782828,1416.1719837774867,1430.0792236328125
2024-08-06 00:00:00+05:30,1437.8111393077952,1459.8948030686215,1434.0316438440889,1438.700439453125
2024-08-07 00:00:00+05:30,1451.4960282823629,1454.954323788822,1444.0853950542364,1447.3707275390625
2024-08-08 00:00:00+05:30,1440.157843842289,1447.5437511456266,1428.6960880928925,1431.85791015625
2024-08-09 00:00:00+05:30,1442.6033755756382,1458.9067698886504,1438.6510375603623,1456.7330322265625
2024-08-12 00:00:00+05:30,1452.4842396100769,1455.4484931603017,1440.380204279993,1443.220947265625
2024-08-13 00:00:00+05:30,1443.3444377180147,1452.5582774619256,1440.6272053348387,1446.1851806640625
2024-08-14 00:00:00+05:30,1446.1110904012166,1454.4603560192809,1436.3783617708266,1444.4312744140625
2024-08-16 00:00:00+05:30,1451.1501701128775,1462.760161748311,1440.676499654279,1460.5863037109375
2024-08-19 00:00:00+05:30,1469.8067419652286,1485.47150978375,1467.8238660907393,1475.65625
2024-08-20 00:00:00+05:30,1484.4057091952604,1491.0484162933285,1477.2674041310693,1483.1416015625
2024-08-21 00:00:00+05:30,1480.464784262564,1494.964564922092,1477.2426107826689,1485.8433837890625
2024-08-22 00:00:00+05:30,1490.1312336221058,1493.6012664349316,1477.8869991875908,1485.2979736328125
2024-08-23 00:00:00+05:30,1490.8749048344312,1498.3849993365056,1485.5955458508122,1487.1322021484375
2024-08-26 00:00:00+05:30,1494.0722092753902,1509.9600269352031,1490.131267553257,1499.6490478515625
2024-08-27 00:00:00+05:30,1497.5671500638725,1500.516654009415,1486.6117113802566,1487.6031494140625
2024-08-28 00:00:00+05:30,1492.1141436005682,1494.567928369235,1480.2168879705305,1485.4715576171875
2024-08-29 00:00:00+05:30,1490.2303777286736,1523.8401488737275,1481.2083164719252,1507.90283203125
2024-08-30 00:00:00+05:30,1520.865886117465,1526.5418444404818,1490.4534771750382,1496.6995849609375
2024-09-02 00:00:00+05:30,1497.9388431759776,1513.7275412609433,1493.7252318027681,1503.267822265625
2024-09-03 00:00:00+05:30,1508.2250430567562,1509.9600595401412,1494.5927706873033,1496.203857421875
2024-09-04 00:00:00+05:30,1487.850885016148,1504.50709100704,1486.6612078847159,1501.5823974609375
2024-09-05 00:00:00+05:30,1506.0439573959175,1512.7113538076746,1474.3179410781217,1480.192138671875
2024-09-06 00:00:00+05:30,1479.721175380084,1484.182646260627,1449.110527949692,1452.2830810546875
2024-09-09 00:00:00+05:30,1453.943716732093,1457.339440034618,1443.1370191466497,1449.9283447265625
2024-09-10 00:00:00+05:30,1447.9951044503912,1459.4462610127246,1445.0951000796938,1449.0113525390625
2024-09-11 00:00:00+05:30,1450.5232999620255,1456.1744477064742,1435.1560121734635,1439.0721435546875
2024-09-12 00:00:00+05:30,1444.5250498204912,1473.2767495080643,1433.4953029575859,1467.1298828125
2024-09-13 00:00:00+05:30,1463.7590600068495,1470.451266381587,1456.918113729867,1460.016357421875
2024-09-16 00:00:00+05:30,1464.8991851443227,1468.2204780575375,1452.2087310287416,1458.752197265625
2024-09-17 00:00:00+05:30,1461.3796100548857,1464.8248328952707,1454.0677548146177,1459.6942138671875
2024-09-18 00:00:00+05:30,1457.413889315684,1469.3111455549956,1448.0448484372855,1450.919921875
2024-09-19 00:00:00+05:30,1453.6959512825117,1463.8581906691413,1443.0876132109174,1457.0916748046875
2024-09-20 00:00:00+05:30,1461.3795684407844,1482.1997658201985,1458.7770437683578,1473.2025146484375
2024-09-23 00:00:00+05:30,1478.2340798324108,1488.6441789861601,1476.2015834923338,1480.5887451171875
2024-09-24 00:00:00+05:30,1475.7554165819738,1487.6526722077606,1475.1357678514642,1476.6229248046875
2024-09-25 00:00:00+05:30,1471.1948125268714,1483.6869066134093,1467.5264194610884,1481.15869140625
2024-09-26 00:00:00+05:30,1477.8870868947113,1491.122760061236,1475.309372285805,1485.12451171875
2024-09-27 00:00:00+05:30,1486.1655345930462,1520.345334807694,1479.2254687210307,1513.10791015625
2024-09-30 00:00:00+05:30,1506.3908994638518,1511.9181178232873,1461.7761901136828,1463.9324951171875
2024-10-01 00:00:00+05:30,1467.9726595996829,1475.2100841908111,1450.3002051077794,1452.2830810546875
2024-10-03 00:00:00+05:30,1424.2750076222521,1436.9902726871705,1390.070396353704,1394.928466796875
2024-10-04 00:00:00+05:30,1391.9046094477658,1405.2145916660443,1369.9442340651563,1374.653564453125
2024-10-07 00:00:00+05:30,1381.5689173076198,1384.5432314460647,1349.7189700751067,1358.9888916015625
2024-10-08 00:00:00+05:30,1361.2195630224157,1389.004637160655,1353.4119887771337,1385.3858642578125
2024-10-09 00:00:00+05:30,1385.5594536683957,1388.979866453412,1360.7486928237201,1362.8306884765625
2024-10-10 00:00:00+05:30,1368.209166456891,1374.132983939481,1357.699948504806,1359.31103515625
2024-10-11 00:00:00+05:30,1358.2700551936466,1371.4314188021033,1357.1050671377104,1360.35205078125
2024-10-14 00:00:00+05:30,1367.6390728953818,1368.2587216327886,1356.5350159311083,1360.7734375
2024-10-15 00:00:00+05:30,1346.8933067731043,1359.9554295521655,1329.2208521541709,1332.5174560546875
2024-10-16 00:00:00+05:30,1328.5268821992931,1352.3213935222657,1326.1722170162907,1342.4813232421875
2024-10-17 00:00:00+05:30,1354.0067695283685,1356.7332239102464,1340.4737382347967,1344.811279296875
2024-10-18 00:00:00+05:30,1340.5976258716714,1356.70849216764,1329.840427555484,1347.66162109375
2024-10-21 00:00:00+05:30,1355.4196212833501,1362.2357572594483,1346.1000802528206,1357.476806640625
2024-10-22 00:00:00+05:30,1357.4769157261562,1364.2187428070656,1328.7500227270916,1331.8482666015625
2024-10-23 00:00:00+05:30,1326.0483270387208,1345.8522769141389,1323.56973203491,1327.0645751953125
2024-10-24 00:00:00+05:30,1323.8424540123256,1332.1952468902052,1311.7964576126847,1328.3287353515625
2024-10-25 00:00:00+05:30,1331.996862815434,1332.8395608533488,1310.6809472586556,1316.4808349609375
2024-10-28 00:00:00+05:30,1325.552505604476,1341.4155124030337,1310.7800563182918,1322.9251708984375
2024-10-29 00:00:00+05:30,1316.728719636798,1331.6994085045892,1308.995576227512,1328.52685546875
2024-10-30 00:00:00+05:30,1323.569732267355,1338.4413022928309,1314.0023313459362,1332.3935546875
2024-10-31 00:00:00+05:30,1328.5269031210519,1331.5012170832633,1314.7955112005386,1320.64501953125
2024-11-01 00:00:00+05:30,1321.6364480777281,1330.4601492824747,1321.5868277686543,1327.1884765625
2024-11-04 00:00:00+05:30,1326.3952636738204,1328.52687951389,1274.0969107675833,1291.0009765625
2024-11-05 00:00:00+05:30,1281.9292880644173,1298.337634786513,1275.1379622128013,1294.1240234375
2024-11-06 00:00:00+05:30,1298.783649697479,1316.9270116872763,1289.0675098622075,1314.002197265625
2024-11-07 00:00:00+05:30,1312.6638089321268,1312.6638089321268,1291.447013193,1294.470947265625
2024-11-08 00:00:00+05:30,1286.5395574614042,1290.5053095001092,1264.083462337208,1272.758544921875
2024-11-11 00:00:00+05:30,1267.9994654475693,1274.9891511168566,1256.151830843746,1261.802978515625
2024-11-12 00:00:00+05:30,1264.6287615317467,1278.2610337323058,1256.6476373969983,1263.33984375
2024-11-13 00:00:00+05:30,1259.374078659472,1264.5295076822267,1238.8017408266169,1241.3299560546875
2024-11-14 00:00:00+05:30,1242.866693712679,1261.7040163358736,1240.38809863068,1256.746826171875
2024-11-18 00:00:00+05:30,1256.7467703539512,1262.0014401044657,1233.24973843027,1249.9554443359375
2024-11-19 00:00:00+05:30,1249.9553610165642,1270.5276979121372,1224.5745744010292,1231.0189208984375
2024-11-21 00:00:00+05:30,1231.0189056876295,1233.299140266532,1206.8277964681656,1212.528564453125
2024-11-22 00:00:00+05:30,1218.8739057022901,1257.9860865301255,1211.9833389629089,1254.565673828125
2024-11-25 00:00:00+05:30,1278.9549045518283,1293.2811339485756,1271.4694999174592,1275.9805908203125
2024-11-26 00:00:00+05:30,1283.8625006531302,1286.7376948587628,1273.2045428922675,1284.6060791015625
2024-11-27 00:00:00+05:30,1282.4250432843673,1292.6864023015983,1274.9892583407009,1282.1275634765625
2024-11-28 00:00:00+05:30,1278.905374093644,1285.4984608667178,1258.184417128475,1259.91943359375
2024-11-29 00:00:00+05:30,1269.0406134614407,1288.3736540571424,1264.3312830599236,1281.1361083984375
2024-12-02 00:00:00+05:30,1276.9721028104004,1300.1221551586505,1266.115905470633,1297.9410400390625
2024-12-03 00:00:00+05:30,1305.7238628126408,1315.4400037478053,1295.8094826849822,1311.969970703125
2024-12-04 00:00:00+05:30,1314.6467414933138,1317.0262168141671,1292.884726573221,1297.74267578125
2024-12-05 00:00:00+05:30,1303.0964459866593,1318.5628538088617,1294.966703202915,1310.7305908203125
2024-12-06 00:00:00+05:30,1312.564791729292,1312.564791729292,1298.7837793313574,1300.320556640625
2024-12-09 00:00:00+05:30,1291.8436769577456,1303.7409326166044,1282.0284168341586,1284.0609130859375
2024-12-10 00:00:00+05:30,1278.2113501165884,1283.812998621138,1269.238788448007,1273.8489990234375
2024-12-11 00:00:00+05:30,1273.9978081396894,1278.9549980546296,1265.1244866020038,1267.2559814453125
2024-12-12 00:00:00+05:30,1259.1262215126183,1267.25596445406,1249.8066803924569,1252.0870361328125
2024-12-13 00:00:00+05:30,1249.211828655226,1264.281637225772,1228.9864700814942,1261.9517822265625
2024-12-16 00:00:00+05:30,1264.0833817296273,1270.032009408355,1255.7057794921418,1257.4407958984375
2024-12-17 00:00:00+05:30,1250.2529662315405,1253.0785403896136,1232.1592223274588,1234.6378173828125
2024-12-18 00:00:00+05:30,1230.027558928225,1249.162239402372,1230.027558928225,1242.5196533203125
2024-12-19 00:00:00+05:30,1228.3916379278016,1234.2411461229626,1218.4772582835096,1219.914794921875
2024-12-20 00:00:00+05:30,1213.5201900622435,1228.8874800507767,1191.2128336272758,1194.9803466796875
2024-12-23 00:00:00+05:30,1204.5971709809228,1216.6926661807136,1202.8125341694108,1211.834716796875
2024-12-24 00:00:00+05:30,1211.8347850736238,1222.988463211123,1210.545867189896,1212.2808837890625
2024-12-26 00:00:00+05:30,1213.767935093776,1217.1883476811242,1203.8535553911518,1206.1339111328125
2024-12-27 00:00:00+05:30,1207.86900439277,1217.3867853075249,1206.5800865394056,1210.595458984375
2024-12-30 00:00:00+05:30,1205.9851311625014,1212.7268365212021,1197.7561478726802,1200.3338623046875
2024-12-31 00:00:00+05:30,1197.6570485426987,1208.6619856280877,1195.8229125326573,1205.043212890625
2025-01-01 00:00:00+05:30,1204.4483521073844,1215.800389087432,1201.2261788160188,1210.7935791015625
2025-01-02 00:00:00+05:30,1210.7936258321927,1233.7949384205442,1209.554328364606,1231.167724609375
2025-01-03 00:00:00+05:30,1233.2496968938563,1251.2443199889096,1224.9215938636924,1240.4376220703125
2025-01-06 00:00:00+05:30,1243.2136823453243,1251.1948069805778,1204.597219081935,1207.571533203125
2025-01-07 00:00:00+05:30,1211.5371275851955,1233.8444805890147,1210.7935491517349,1230.2257080078125
2025-01-08 00:00:00+05:30,1238.3060678446636,1260.167324257905,1234.6872949225542,1254.664794921875
2025-01-09 00:00:00+05:30,1256.1519514905858,1258.878406002503,1237.3642497185242,1244.0068359375
2025-01-10 00:00:00+05:30,1243.114481097643,1245.9896754309787,1225.4173374439545,1231.266845703125
2025-01-13 00:00:00+05:30,1219.4687349455062,1234.5881643828388,1215.899582365329,1229.234375
2025-01-14 00:00:00+05:30,1233.4479678208604,1242.6187691440975,1216.742262047884,1228.143798828125
2025-01-15 00:00:00+05:30,1234.2905907014622,1246.2374660533972,1231.2171573529768,1241.478515625
2025-01-16 00:00:00+05:30,1248.1212833322295,1264.0834104275011,1240.586378973141,1255.6065673828125
2025-01-17 00:00:00+05:30,1310.9288585996749,1314.6467509950228,1273.997794139219,1291.19921875
2025-01-20 00:00:00+05:30,1304.7324245206253,1304.7324245206253,1289.1172758229052,1294.272705078125
2025-01-21 00:00:00+05:30,1299.2795231523412,1301.7581181984158,1259.324522599558,1262.7945556640625
2025-01-22 00:00:00+05:30,1267.355325635656,1271.9159165250771,1257.8374234010246,1266.16552734375
2025-01-23 00:00:00+05:30,1259.1262957502838,1266.4133410521551,1250.7981921087953,1252.8306884765625
2025-01-24 00:00:00+05:30,1255.1605533566642,1262.1006196074513,1232.8531975505623,1235.6292724609375
2025-01-27 00:00:00+05:30,1228.4907387555406,1229.8291557820492,1209.5542981292017,1218.82421875
2025-01-28 00:00:00+05:30,1227.4002071753887,1234.0924134746083,1208.0671667554209,1223.8310546875
2025-01-29 00:00:00+05:30,1225.4173498520336,1232.1095562529247,1217.53546627882,1224.921630859375
2025-01-30 00:00:00+05:30,1224.971246456504,1246.237542749693,1221.8481926097397,1242.3214111328125
2025-01-31 00:00:00+05:30,1245.09738698474,1256.1519448799122,1238.306060895825,1254.2681884765625
2025-02-01 00:00:00+05:30,1254.2681799336815,1259.6715896071485,1230.374548522757,1253.7724609375
2025-02-03 00:00:00+05:30,1240.2889757645512,1245.2461659154887,1226.9541826685895,1235.232666015625
2025-02-04 00:00:00+05:30,1237.3642207434832,1277.7653184740125,1235.9265630557768,1274.196044921875
2025-02-05 00:00:00+05:30,1271.6679530846961,1279.4507170461238,1265.7688244708304,1267.2559814453125
2025-02-06 00:00:00+05:30,1262.7945076095025,1276.9721191435924,1259.4732145791813,1270.577392578125
2025-02-07 00:00:00+05:30,1265.2236540965398,1272.7089385364054,1251.1947819010975,1255.8544921875
2025-02-10 00:00:00+05:30,1253.673337746878,1255.6562137259161,1234.8856362555493,1242.916259765625
2025-02-11 00:00:00+05:30,1253.7230036544372,1253.7230036544372,1219.567891058193,1224.2772216796875
2025-02-12 00:00:00+05:30,1209.0089844264594,1216.3952699200001,1183.1324776076385,1206.1339111328125
2025-02-13 00:00:00+05:30,1206.6295607029597,1217.4857574427408,1201.622750831109,1205.6876220703125
2025-02-14 00:00:00+05:30,1208.56289732395,1213.5200872227356,1195.1288642881832,1206.827880859375
2025-02-17 00:00:00+05:30,1200.7305822668588,1216.9901902768092,1194.1871154284454,1214.4124755859375
2025-02-18 00:00:00+05:30,1214.362863790828,1219.3696743222742,1205.6877809072391,1214.908203125
2025-02-19 00:00:00+05:30,1209.0585466128707,1222.1950990873443,1207.125291073852,1216.9404296875
2025-02-20 00:00:00+05:30,1213.4704313005311,1228.738599945727,1211.5371757067999,1222.4429931640625
2025-02-21 00:00:00+05:30,1218.1797397323817,1229.3830367840985,1211.6858938870325,1217.634521484375
2025-02-24 00:00:00+05:30,1206.13399913207,1212.7765856074127,1200.1357505642943,1204.151123046875
2025-02-25 00:00:00+05:30,1200.631472565407,1210.5458530159883,1191.2128111373545,1193.69140625
2025-02-27 00:00:00+05:30,1202.416039651657,1204.597154814102,1190.370043898487,1196.7647705078125
2025-02-28 00:00:00+05:30,1191.7084634163882,1206.9270123506615,1183.0830013175257,1189.82470703125
2025-03-03 00:00:00+05:30,1193.6912720117396,1196.1202465389174,1146.1022512006402,1161.2216796875
2025-03-04 00:00:00+05:30,1152.2491409974891,1163.948157257321,1149.6219272411693,1151.9517822265625
2025-03-05 00:00:00+05:30,1151.0594540375048,1172.8710888254677,1147.093702257875,1165.534423828125
2025-03-06 00:00:00+05:30,1186.7511925218207,1203.5560168880775,1175.0026773522586,1199.2432861328125
2025-03-07 00:00:00+05:30,1205.5885908312287,1244.0564330934674,1201.622838887705,1239.0992431640625
2025-03-10 00:00:00+05:30,1234.340341763354,1247.2290360950196,1224.8225609234617,1227.796875
2025-03-11 00:00:00+05:30,1229.3830600118497,1238.801720552263,1219.2208210077197,1236.62060546875
2025-03-12 00:00:00+05:30,1247.2290491693625,1252.186239348891,1233.3489166666827,1246.2872314453125
2025-03-13 00:00:00+05:30,1249.2614495168184,1253.326320946517,1233.2000819547634,1237.2154541015625
2025-03-17 00:00:00+05:30,1231.514713672869,1246.6341428999226,1222.5421515247892,1228.242919921875
2025-03-18 00:00:00+05:30,1228.242919921875,1228.242919921875,1228.242919921875,1228.242919921875
2025-03-19 00:00:00+05:30,1230.4241762433128,1242.5196714129374,1228.1934407470596,1236.471923828125
2025-03-20 00:00:00+05:30,1241.1315230182402,1262.1004590128364,1239.3470073959113,1258.283447265625
2025-03-21 00:00:00+05:30,1264.0834578966683,1270.0320859338292,1259.225387461291,1265.421875
2025-03-24 00:00:00+05:30,1279.946478246575,1294.8180484818179,1273.2542716407156,1290.951416015625
2025-03-25 00:00:00+05:30,1296.50346593687,1296.50346593687,1271.6183955406093,1274.4439697265625
2025-03-26 00:00:00+05:30,1279.9464094999762,1282.7224842048433,1257.8869148358597,1262.150146484375
2025-03-27 00:00:00+05:30,1267.2064821612498,1273.9978081396894,1260.4151561828103,1267.2559814453125
2025-03-28 00:00:00+05:30,1269.0405652360093,1284.6557128160619,1258.1347478785124,1264.1824951171875
2025-04-01 00:00:00+05:30,1253.7723771839194,1266.9585500115554,1238.603449529153,1241.8751220703125
2025-04-02 00:00:00+05:30,1236.868469635997,1244.7999732789833,1233.2496968938563,1240.4376220703125
2025-04-03 00:00:00+05:30,1222.4926375090713,1241.0820994494682,1222.4926375090713,1238.008544921875
2025-04-04 00:00:00+05:30,1230.473619610667,1234.7863505024063,1182.9342181609516,1194.38525390625
2025-04-07 00:00:00+05:30,1122.506064991245,1161.2217676393545,1105.3046397460778,1155.71923828125
2025-04-08 00:00:00+05:30,1161.9653833278503,1186.3547349162204,1153.3399207865864,1172.0780029296875
2025-04-09 00:00:00+05:30,1159.4867811653644,1179.613021672609,1157.9996241138485,1175.2010498046875
2025-04-11 00:00:00+05:30,1184.917153801556,1212.1816988912137,1184.917153801556,1208.5133056640625
2025-04-15 00:00:00+05:30,1240.288998738938,1240.288998738938,1226.5079856590305,1229.4822998046875
2025-04-16 00:00:00+05:30,1223.5336585713449,1230.2754856402491,1218.477348782242,1228.689208984375
2025-04-17 00:00:00+05:30,1229.5813957339365,1269.238916912585,1217.0893007676923,1263.5877685546875
2025-04-21 00:00:00+05:30,1259.126289394177,1289.761748514388,1256.151975324742,1284.407958984375
2025-04-22 00:00:00+05:30,1288.8693558313819,1292.7359881039044,1275.286704106908,1280.1446533203125
2025-04-23 00:00:00+05:30,1285.8950708007812,1294.8180126953125,1274.3944143417477,1288.869384765625
2025-04-24 00:00:00+05:30,1281.3345072026398,1293.3308829080645,1279.2525115884996,1290.4556884765625
2025-04-25 00:00:00+05:30,1292.3394247863746,1313.85358083958,1277.071255478384,1289.2659912109375
2025-04-28 00:00:00+05:30,1328.5268607294433,1362.830589793996,1308.8963407951755,1357.080322265625
2025-04-29 00:00:00+05:30,1359.2614765022709,1398.8198762816546,1358.2700385179512,1387.7156982421875
2025-04-30 00:00:00+05:30,1389.9960230274132,1400.3070020394923,1357.2785702742715,1392.9703369140625
2025-05-02 00:00:00+05:30,1401.8932881277126,1414.4845019236116,1397.0352178747166,1407.6436767578125
2025-05-05 00:00:00+05:30,1418.747808269532,1427.1750314493302,1414.6829365878357,1419.0452880859375
2025-05-06 00:00:00+05:30,1418.7477523435755,1419.7391903256466,1398.5223933042987,1408.7342529296875
2025-05-07 00:00:00+05:30,1408.7342420156256,1412.2042749259901,1390.6899982666434,1393.9617919921875
2025-05-08 00:00:00+05:30,1392.0780527042998,1408.6351396947061,1386.030305191398,1394.9532470703125
2025-05-09 00:00:00+05:30,1373.6374315703338,1382.8578539346386,1362.731612914777,1365.408447265625
2025-05-12 00:00:00+05:30,1388.0131966802994,1426.679278587822,1388.0131966802994,1424.20068359375
2025-05-13 00:00:00+05:30,1421.2263802516663,1435.3047515134413,1400.307062549957,1403.5787353515625
2025-05-14 00:00:00+05:30,1407.8418724989147,1417.6571322938998,1403.380401776207,1412.2042236328125
2025-05-15 00:00:00+05:30,1412.7992032271827,1448.8875719918406,1400.6044669576877,1441.7491455078125
2025-05-16 00:00:00+05:30,1440.757623701411,1448.4908883531898,1434.9082364412498,1443.9302978515625
2025-05-19 00:00:00+05:30,1439.667043567546,1442.1456384779733,1425.886031660542,1428.4638671875
2025-05-20 00:00:00+05:30,1425.8861208416395,1432.6279478297215,1409.6266340324114,1412.402587890625
2025-05-21 00:00:00+05:30,1411.7085860045363,1423.9032007341596,1405.9581972205492,1416.963134765625
2025-05-22 00:00:00+05:30,1409.031659643212,1411.6094953044076,1384.9397884743898,1397.332763671875
2025-05-23 00:00:00+05:30,1394.5567410207764,1421.5239286750705,1394.5567410207764,1414.5838623046875
2025-05-26 00:00:00+05:30,1419.7391840414937,1428.6621258406371,1412.898237790455,1422.5152587890625
2025-05-27 00:00:00+05:30,1413.8897021801247,1424.696400543767,1401.794207036506,1409.9239501953125
2025-05-28 00:00:00+05:30,1407.9410393609537,1410.4196342901241,1398.6214982222443,1400.802734375
2025-05-29 00:00:00+05:30,1400.0096192804465,1407.842003929875,1396.5395861721686,1405.660888671875
2025-05-30 00:00:00+05:30,1405.8590585766528,1418.3511529457182,1397.6300749154059,1408.7342529296875
2025-06-02 00:00:00+05:30,1400.0095486308933,1405.3633379328091,1383.650821945961,1401.5958251953125
2025-06-03 00:00:00+05:30,1410.1223942601396,1414.2863856817387,1391.384190812638,1393.4661865234375
2025-06-04 00:00:00+05:30,1402.5873087929724,1413.4931269376204,1394.0609660849138,1411.31201171875
2025-06-05 00:00:00+05:30,1415.7734397380668,1442.244785474372,1411.4110884077945,1430.0501708984375
2025-06-06 00:00:00+05:30,1428.6621520805822,1439.0722510374496,1424.6964000970136,1431.1407470703125
2025-06-09 00:00:00+05:30,1444.5251287223314,1445.0208477095387,1432.9253528317358,1436.3953857421875
2025-06-10 00:00:00+05:30,1437.5850079496329,1441.4516401070769,1423.704876838395,1426.1834716796875
2025-06-11 00:00:00+05:30,1433.4210733170682,1456.0257865422643,1430.7441181682645,1436.4945068359375
2025-06-12 00:00:00+05:30,1441.0552171722854,1444.5252503749707,1422.1187744712338,1429.257080078125
2025-06-13 00:00:00+05:30,1411.8076840776937,1423.2092208521976,1402.1907840779525,1415.67431640625
2025-06-16 00:00:00+05:30,1414.6829254727506,1430.0502146798779,1412.204330439343,1425.4896240234375
2025-06-17 00:00:00+05:30,1435.6022520574631,1435.6022520574631,1413.59237643736,1418.946044921875
2025-06-18 00:00:00+05:30,1417.7563491543892,1430.4468040463896,1413.4931173168031,1417.85546875
2025-06-19 00:00:00+05:30,1417.8555238832446,1427.5716651338516,1413.4931722804179,1421.0281982421875
2025-06-20 00:00:00+05:30,1418.7477927518771,1458.4053131642288,1415.8725983169522,1453.6463623046875
2025-06-23 00:00:00+05:30,1440.5593915455418,1451.266970188698,1429.6535737155343,1444.326904296875
2025-06-24 00:00:00+05:30,1452.4566670598808,1462.3710470398119,1430.744150698803,1438.3782958984375
2025-06-25 00:00:00+05:30,1451.4652666586912,1459.7933702625824,1447.9952335758323,1454.737060546875
2025-06-26 00:00:00+05:30,1456.5215658062507,1485.9673475108061,1452.5558137403293,1482.497314453125
2025-06-27 00:00:00+05:30,1486.5621628826696,1508.9686374999123,1484.083567880206,1502.4251708984375
2025-06-30 00:00:00+05:30,1500.838885203447,1511.7447031481738,1483.191240482831,1487.7518310546875
2025-07-01 00:00:00+05:30,1487.7518183386467,1518.2881567329412,1487.256099345396,1515.3138427734375
2025-07-02 00:00:00+05:30,1515.3138007089854,1516.900077238324,1495.7824003020085,1505.7960205078125
2025-07-03 00:00:00+05:30,1507.7790015843786,1518.7839394915495,1500.0457365549344,1504.8046875
2025-07-04 00:00:00+05:30,1510.9515946827762,1516.900223008299,1504.2097675037892,1514.223388671875
2025-07-07 00:00:00+05:30,1513.5291857359532,1531.5734294639212,1511.9429091838053,1528.3016357421875
2025-07-08 00:00:00+05:30,1522.8486600409224,1531.672481820406,1517.0982716385254,1524.4349365234375
2025-07-09 00:00:00+05:30,1523.5426661942138,1537.7202774459709,1497.1704406377573,1505.9942626953125
2025-07-10 00:00:00+05:30,1506.6881895774993,1511.6453792793734,1494.5926951149827,1504.2095947265625
2025-07-11 00:00:00+05:30,1499.0542783474266,1502.0285923917668,1477.540121836759,1482.3980712890625
2025-07-14 00:00:00+05:30,1479.4236826617216,1487.1569471972039,1466.4358695278945,1470.9964599609375
2025-07-15 00:00:00+05:30,1473.4750846086956,1483.6869442622558,1469.7076928815193,1472.6820068359375
2025-07-16 00:00:00+05:30,1460.388154594461,1478.234038357326,1458.9009976142222,1472.8802490234375
2025-07-17 00:00:00+05:30,1474.6649737790947,1476.8460890701654,1461.2805601585153,1463.7591552734375
2025-07-18 00:00:00+05:30,1472.0872520008465,1472.0872520008465,1456.5216021387357,1463.362548828125
2025-07-21 00:00:00+05:30,1452.4566531183941,1463.362470991638,1410.9153771961905,1416.3682861328125
2025-07-22 00:00:00+05:30,1415.178583447059,1419.640054314783,1398.6214967228645,1400.70361328125
2025-07-23 00:00:00+05:30,1413.7906253323065,1413.7906253323065,1402.2899684336514,1412.402587890625
2025-07-24 00:00:00+05:30,1407.0487949065318,1410.81630780687,1384.0474811654185,1390.888427734375
2025-07-25 00:00:00+05:30,1386.9226057137396,1389.0046012536307,1372.2492752918665,1379.7841796875
2025-07-28 00:00:00+05:30,1380.3790691362324,1395.7463569486692,1373.1415238854815,1375.71923828125
2025-07-29 00:00:00+05:30,1371.1586653944225,1408.04010820105,1371.1586653944225,1404.9666748046875
2025-07-30 00:00:00+05:30,1405.9581148273558,1411.113664716939,1389.3020300940545,1398.026611328125
2025-07-31 00:00:00+05:30,1376.215001569177,1390.5908519212596,1370.365493427784,1378.2969970703125
2025-08-01 00:00:00+05:30,1375.025384070285,1393.8627060383,1372.4476694796913,1381.76708984375
2025-08-04 00:00:00+05:30,1383.155066191865,1403.975263237478,1379.7841529413568,1399.4146728515625
2025-08-05 00:00:00+05:30,1398.918980991344,1398.918980991344,1376.2150271869518,1379.7841796875
2025-08-06 00:00:00+05:30,1379.9824375441353,1383.9481891450812,1371.4560958071288,1380.874755859375
2025-08-07 00:00:00+05:30,1375.818511047819,1381.7671392504185,1354.3043541251445,1377.5040283203125
2025-08-08 00:00:00+05:30,1373.1415514013454,1385.2370458989403,1353.312792536344,1356.0888671875
2025-08-11 00:00:00+05:30,1358.2700517359046,1376.1159356273254,1349.5453489789295,1374.331298828125
2025-08-12 00:00:00+05:30,1370.0682117041065,1389.8969719255274,1363.4255044148417,1368.5810546875
2025-08-13 00:00:00+05:30,1376.115874093997,1379.8833867126677,1365.7057756228248,1370.7620849609375
2025-08-14 00:00:00+05:30,1370.961308962897,1374.3455639562076,1363.794372575189,1367.4774169921875
2025-08-18 00:00:00+05:30,1383.602791829514,1388.4802648218374,1370.6626218339861,1375.3409423828125
2025-08-19 00:00:00+05:30,1383.6027633741608,1414.460091190419,1382.7068811681168,1413.564208984375
2025-08-20 00:00:00+05:30,1406.4969482421875,1418.342205158243,1403.510755146132,1406.4969482421875
2025-08-21 00:00:00+05:30,1418.4417067156319,1425.3099750709036,1413.7633861810953,1418.24267578125
2025-08-22 00:00:00+05:30,1413.464698965694,1416.84907536351,1401.4204113959267,1402.71435546875
2025-08-25 00:00:00+05:30,1408.1890657335161,1412.9670232567023,1399.230486508923,1406.0987548828125
2025-08-26 00:00:00+05:30,1401.519906786198,1403.5107021083375,1375.241384232256,1378.5262451171875
2025-08-28 00:00:00+05:30,1383.50331940736,1385.7926612650012,1360.2109883890075,1379.521728515625
2025-08-29 00:00:00+05:30,1374.7437651325777,1397.0406983353935,1343.7869203796088,1350.9537353515625
2025-09-01 00:00:00+05:30,1349.759256141992,1356.9260708455383,1334.430107544873,1347.6689453125
2025-09-02 00:00:00+05:30,1348.5648331807902,1378.128095842481,1348.2661652716795,1360.2109375
2025-09-03 00:00:00+05:30,1363.3961593284287,1370.1649121838109,1354.2385492379765,1366.2828369140625
2025-09-04 00:00:00+05:30,1365.4865379446771,1367.6763641601647,1350.8541196588233,1353.0440673828125
2025-09-05 00:00:00+05:30,1356.7271022727273,1374.6442613636364,1353.0441792852228,1368.671875
2025-09-08 00:00:00+05:30,1373.6488583038629,1379.6212446443146,1366.0838599076599,1372.15576171875
2025-09-09 00:00:00+05:30,1370.2643943031567,1374.843199236951,1362.4007284883235,1369.8662109375
2025-09-10 00:00:00+05:30,1377.5308659113482,1382.1096709119122,1367.7759200987732,1370.66259765625
2025-09-11 00:00:00+05:30,1369.6672638548873,1379.1235422027225,1368.6718661340626,1376.9337158203125
2025-09-12 00:00:00+05:30,1376.9337291414593,1389.873899637371,1374.146566892781,1388.579833984375
2025-09-15 00:00:00+05:30,1386.5889315301856,1394.3530818320328,1382.2091575524387,1392.8599853515625
2025-09-16 00:00:00+05:30,1398.2350616507645,1401.5199225726963,1391.7649767809332,1398.8323974609375
2025-09-17 00:00:00+05:30,1400.5245819104894,1409.6821922648512,1400.4250664409112,1407.2933349609375
2025-09-18 00:00:00+05:30,1413.8628424954393,1415.4554544293837,1404.2074124117412,1408.4876708984375
2025-09-19 00:00:00+05:30,1408.3882121473878,1410.4785229891424,1397.1401696768169,1400.9227294921875
2025-09-22 00:00:00+05:30,1397.4387885526373,1404.2074196840813,1381.6119415772491,1384.199951171875
2025-09-23 00:00:00+05:30,1384.5982372618869,1388.5798281670254,1370.4636381520502,1383.40380859375
2025-09-24 00:00:00+05:30,1378.9244730635044,1389.5751797778832,1374.0470000648747,1376.635009765625
2025-09-25 00:00:00+05:30,1374.942926360271,1378.128150477363,1362.6994857374575,1366.0838623046875
2025-09-26 00:00:00+05:30,1365.685684712474,1376.3363918134596,1359.7132983361805,1371.2598876953125
2025-09-29 00:00:00+05:30,1375.2413599514077,1382.6073268149732,1361.7039763015719,1366.48193359375
2025-09-30 00:00:00+05:30,1370.7620971908361,1370.7620971908361,1356.5279835173724,1357.722412109375
2025-10-01 00:00:00+05:30,1360.7086293823172,1372.255218175594,1356.4283707523282,1362.4007568359375
2025-10-03 00:00:00+05:30,1356.926091696157,1365.287456651113,1350.6551591113212,1357.125244140625
2025-10-06 00:00:00+05:30,1353.740909090909,1371.0608538471567,1352.7455113636363,1368.671875
2025-10-07 00:00:00+05:30,1369.667209612737,1389.47564777439,1369.5676941462978,1378.4267578125
2025-10-08 00:00:00+05:30,1378.426755451918,1382.6073771032557,1358.2201339506064,1361.1068115234375
2025-10-09 00:00:00+05:30,1367.676424553763,1373.6488106871855,1362.7989515764332,1371.458984375
2025-10-10 00:00:00+05:30,1371.45898859096,1381.6119964455866,1368.7713419175536,1375.3409423828125
2025-10-13 00:00:00+05:30,1370.5631549835205,1371.3594002602317,1361.505059967041,1368.671875
2025-10-14 00:00:00+05:30,1373.6488553790207,1381.612037149334,1363.7943936365562,1369.5677490234375
2025-10-15 00:00:00+05:30,1376.6350089791804,1377.6304066718624,1366.382364141153,1367.97509765625
2025-10-16 00:00:00+05:30,1368.7713249510273,1394.0544503152107,1368.671809484766,1391.8646240234375
2025-10-17 00:00:00+05:30,1394.5522084059296,1416.7496262080865,1392.6609284325848,1410.279541015625
2025-10-20 00:00:00+05:30,1433.3726108781723,1467.0170999313523,1426.7034952504036,1460.04931640625
2025-10-21 00:00:00+05:30,1461.2438272093502,1467.2162134241023,1453.2806455896807,1458.4566650390625
2025-10-23 00:00:00+05:30,1468.2115624957596,1476.0752283864208,1437.9514490416038,1441.7340087890625
2025-10-24 00:00:00+05:30,1443.3266994671071,1453.0816457634617,1434.3681199531734,1444.9193115234375
2025-10-27 00:00:00+05:30,1456.266786847925,1478.16553552233,1451.289798512833,1477.2696533203125
2025-10-28 00:00:00+05:30,1477.26972256393,1485.1333888036675,1470.79963742504,1480.056884765625
2025-10-29 00:00:00+05:30,1483.1425015536738,1501.3583271895798,1481.2512217130793,1497.277099609375
2025-10-30 00:00:00+05:30,1493.0964871305005,1496.1821955688695,1477.1701246011085,1481.6494140625
2025-10-31 00:00:00+05:30,1483.540795005222,1490.6080945575152,1475.4780977270138,1479.5592041015625
2025-11-03 00:00:00+05:30,1479.1610089962214,1488.1195884585134,1472.4918928888083,1477.866943359375
2025-11-04 00:00:00+05:30,1477.07065615293,1485.9297198935935,1463.334119430687,1466.3203125
2025-11-06 00:00:00+05:30,1477.1701896475465,1494.6891648996161,1469.406038969176,1489.2144775390625
2025-11-07 00:00:00+05:30,1487.7213309001133,1491.5038906434634,1469.1074431042953,1471.19775390625
2025-11-10 00:00:00+05:30,1471.0982430243503,1494.0919049344996,1468.7092643110286,1482.44580078125
2025-11-11 00:00:00+05:30,1490.1103850249956,1491.9021495222175,1473.3876547459602,1486.5269775390625
2025-11-12 00:00:00+05:30,1498.0734942427068,1517.6827797499902,1493.0965058897411,1504.5435791015625
2025-11-13 00:00:00+05:30,1508.0275174062697,1515.0948167835015,1499.8653048593553,1503.9464111328125
2025-11-14 00:00:00+05:30,1498.5711928131457,1513.900341239272,1498.5711928131457,1511.9095458984375
2025-11-17 00:00:00+05:30,1513.900387650411,1516.6874283079178,1504.5436249599409,1511.3123779296875
2025-11-18 00:00:00+05:30,1514.696568271851,1520.7685911952462,1503.5481631005248,1512.4072265625
2025-11-19 00:00:00+05:30,1510.4164493928117,1515.2939222795571,1505.0412776708577,1511.9095458984375
2025-11-20 00:00:00+05:30,1522.9585089376258,1543.7623455509595,1519.6736478639639,1541.9705810546875
2025-11-21 00:00:00+05:30,1533.9078528560988,1550.6305827884978,1533.0119706260582,1539.4820556640625
2025-11-24 00:00:00+05:30,1542.8663816107544,1542.8663816107544,1524.7501927010492,1528.831298828125
2025-11-25 00:00:00+05:30,1528.8313312270848,1552.4222077972818,1518.0809876078647,1532.61376953125
2025-11-26 00:00:00+05:30,1535.2018536795324,1564.3669320995493,1533.4100892950657,1562.6748046875
2025-11-27 00:00:00+05:30,1567.7513003642512,1568.2489991897637,1548.8387449947777,1556.2047119140625
2025-11-28 00:00:00+05:30,1560.7835875199362,1574.0224254817672,1555.806599039324,1560.285888671875
2025-12-01 00:00:00+05:30,1567.7513979315313,1570.2398922139623,1556.403839701944,1558.892333984375
2025-12-02 00:00:00+05:30,1553.9152843475838,1560.2858537619331,1534.9032130787248,1539.1834716796875
2025-12-03 00:00:00+05:30,1538.0884656023031,1545.2554018922647,1525.9446623591427,1531.718017578125
2025-12-04 00:00:00+05:30,1528.9308982335338,1553.3181423785347,1510.6155558800758,1528.53271484375
2025-12-05 00:00:00+05:30,1523.356635808528,1538.685784402705,1513.6016899280953,1533.5096435546875
2025-12-08 00:00:00+05:30,1532.1161217020071,1543.861863398969,1527.9354998822807,1535.898681640625
2025-12-09 00:00:00+05:30,1533.211064854301,1535.4008911036892,1513.1039592099478,1522.3612060546875
2025-12-10 00:00:00+05:30,1526.9401045329791,1540.3779737710465,1524.3520947592017,1529.8267822265625
2025-12-11 00:00:00+05:30,1529.826707449835,1542.8663926602953,1516.9860531705099,1537.889404296875
2025-12-12 00:00:00+05:30,1543.6628294631555,1552.62140892391,1538.9843872841,1549.3365478515625
2025-12-15 00:00:00+05:30,1544.060853330096,1551.4268205626304,1539.3825327747268,1549.037841796875
2025-12-16 00:00:00+05:30,1537.8894294536826,1544.5585453663573,1531.7180123854912,1535.201904296875
2025-12-17 00:00:00+05:30,1542.8664391614582,1542.8664391614582,1532.2157323461342,1537.292236328125
2025-12-18 00:00:00+05:30,1528.1345045583196,1544.3595357154854,1528.1345045583196,1537.292236328125
2025-12-19 00:00:00+05:30,1547.2461442463334,1566.9549449740825,1543.8617679066683,1557.8968505859375
2025-12-22 00:00:00+05:30,1566.2582562309594,1570.2398469681211,1558.0960438231807,1568.1495361328125
2025-12-23 00:00:00+05:30,1573.6241984599117,1573.6241984599117,1560.8830596994947,1563.4710693359375
2025-12-24 00:00:00+05:30,1565.4619535362338,1568.448146711295,1546.4498812900458,1551.0286865234375
2025-12-26 00:00:00+05:30,1547.5447581940155,1553.8158123179846,1547.1466963201515,1552.0240478515625
2025-12-29 00:00:00+05:30,1547.7439417510202,1550.9291658570105,1536.495898892566,1538.4866943359375
2025-12-30 00:00:00+05:30,1539.8801935176687,1546.449793829553,1530.7225835687998,1532.71337890625
2025-12-31 00:00:00+05:30,1533.9078900841737,1569.7422080874378,1533.9078900841737,1563.172607421875
2026-01-01 00:00:00+05:30,1566.457230908256,1585.1707553042595,1563.8692213237453,1568.3485107421875
2026-01-02 00:00:00+05:30,1572.7283614795997,1587.2611435561273,1570.9365970213464,1584.9718017578125
2026-01-05 00:00:00+05:30,1585.6684856930358,1604.3820104615531,1568.049995566515,1570.8370361328125
2026-01-06 00:00:00+05:30,1561.77894010158,1561.77894010158,1489.4135782872731,1500.6614990234375
2026-01-07 00:00:00+05:30,1503.0504545946628,1513.004431115157,1491.1056827700695,1497.277099609375
2026-01-08 00:00:00+05:30,1493.0965028672745,1496.9785780764303,1462.040144211037,1463.831787109375
2026-01-09 00:00:00+05:30,1458.2576091430024,1473.0890589574892,1458.2576091430024,1468.51025390625
2026-01-12 00:00:00+05:30,1468.5102348906719,1478.4642116159973,1444.322022844729,1476.373779296875
2026-01-13 00:00:00+05:30,1478.165525590484,1478.9618923221497,1438.050951275772,1446.11376953125
2026-01-14 00:00:00+05:30,1437.3542473990606,1460.2483939989072,1433.5716876182923,1452.086181640625
2026-01-15 00:00:00+05:30,1452.086181640625,1452.086181640625,1452.086181640625,1452.086181640625
2026-01-16 00:00:00+05:30,1452.0861898343726,1473.1885721290346,1448.4031454989463,1451.1903076171875
2026-01-19 00:00:00+05:30,1443.9238298491432,1443.9238298491432,1396.8415931572963,1407.0941162109375
2026-01-20 00:00:00+05:30,1404.207443054835,1409.4830993039366,1383.6027599099377,1387.5843505859375
2026-01-21 00:00:00+05:30,1383.105138772638,1406.3974698374059,1366.681076311502,1398.1356201171875
2026-01-22 00:00:00+05:30,1403.610286379211,1412.9670491536458,1388.5798052619484,1396.0452880859375
2026-01-23 00:00:00+05:30,1395.348519642108,1400.5245389866304,1374.6441992470054,1379.720703125
2026-01-27 00:00:00+05:30,1373.6487855396595,1385.195374217857,1361.7040134914885,1374.146484375
2026-01-28 00:00:00+05:30,1378.6257466723232,1403.4111724845945,1378.526231208921,1390.2718505859375
2026-01-29 00:00:00+05:30,1396.4434009824272,1396.4434009824272,1377.6303609139109,1384.59814453125
2026-01-30 00:00:00+05:30,1376.236766748553,1391.5659148620384,1372.1556606847782,1388.9779052734375
2026-02-02 00:00:00+05:30,1333.8329085367304,1386.4894707948447,1329.35361891851,1384.0009765625
2026-02-03 00:00:00+05:30,1467.1166446366906,1482.6448239290096,1423.6176937150067,1430.4859619140625
2026-02-04 00:00:00+05:30,1437.3543194605445,1457.2622740237098,1433.6713964697635,1450.095458984375
2026-02-05 00:00:00+05:30,1450.2944646433757,1454.7737543419996,1432.8750047042822,1436.757080078125
2026-02-06 00:00:00+05:30,1434.865799564727,1446.113842295832,1426.9026178813986,1444.123046875
2026-02-09 00:00:00+05:30,1451.2898835062008,1459.153549837875,1446.3128948796364,1454.873291015625
2026-02-10 00:00:00+05:30,1464.2299462371711,1464.2299462371711,1445.5164217743147,1451.7874755859375
2026-02-11 00:00:00+05:30,1452.882456999606,1463.234617369774,1446.91007080626,1461.9405517578125
2026-02-12 00:00:00+05:30,1463.2345557130195,1466.2207486838624,1438.8473131178025,1442.231689453125
2026-02-13 00:00:00+05:30,1438.8473526451965,1444.0233720001163,1409.7817888672503,1413.0665283203125
2026-02-16 00:00:00+05:30,1413.564201587246,1432.9744560797708,1402.8139796964888,1430.4859619140625
2026-02-17 00:00:00+05:30,1424.5136248062843,1425.2104761017015,1412.0711535507119,1416.450927734375
2026-02-18 00:00:00+05:30,1420.4325123887006,1435.4629932986807,1412.6683617554224,1434.666748046875
2026-02-19 00:00:00+05:30,1436.3588845536149,1436.3588845536149,1393.5567833507007,1403.0130615234375
2026-02-20 00:00:00+05:30,1403.013091941889,1420.8307355027325,1399.6287153786739,1412.8675537109375
2026-02-23 00:00:00+05:30,1418.4416634695872,1428.2961245911818,1411.772547760535,1421.4278564453125
2026-02-24 00:00:00+05:30,1418.7403513100855,1426.7035326906043,1408.4877066792656,1422.2242431640625
2026-02-25 00:00:00+05:30,1428.395737725409,1433.8704252219175,1387.0867320699354,1392.063720703125
2026-02-26 00:00:00+05:30,1392.0637118415314,1406.397463315574,1385.4941111892442,1400.3255615234375
2026-02-27 00:00:00+05:30,1391.5659695052796,1403.9089251530934,1381.711508080472,1387.48486328125
2026-03-02 00:00:00+05:30,1369.1694587628867,1372.2551671563263,1335.3259388807069,1351.75
2026-03-04 00:00:00+05:30,1323.8789706886037,1346.5740873609554,1300.9848230751916,1338.8099365234375
2026-03-05 00:00:00+05:30,1346.8726294272453,1392.5614090361375,1346.8726294272453,1383.005615234375
2026-03-06 00:00:00+05:30,1390.0728674061675,1417.7449716586152,1383.9014503612218,1398.334716796875
2026-03-09 00:00:00+05:30,1368.6718029922313,1422.8214608086796,1363.6948146177142,1417.4462890625
2026-03-10 00:00:00+05:30,1424.015880450879,1424.9117626543534,1394.1539503917586,1402.3162841796875
2026-03-11 00:00:00+05:30,1418.34212900751,1427.4002232775151,1377.2321576556008,1383.8017578125
2026-03-12 00:00:00+05:30,1383.6027762448114,1404.4066120742223,1374.7437125844203,1385.7926025390625
2026-03-13 00:00:00+05:30,1378.8248707870416,1394.3531723993444,1372.0562392077015,1374.3455810546875
2026-03-16 00:00:00+05:30,1373.6488401657623,1390.8692691567512,1357.224777946389,1388.6793212890625
2026-03-17 00:00:00+05:30,1392.5613056143347,1399.429573667814,1381.8109624429321,1391.167724609375
2026-03-18 00:00:00+05:30,1390.7696473738063,1406.3974645008152,1390.7696473738063,1401.6195068359375
2026-03-19 00:00:00+05:30,1381.6119817895922,1409.1844489610974,1369.7667250791762,1378.4267578125
2026-03-20 00:00:00+05:30,1391.5659566755692,1423.4186824363833,1389.6746767818195,1407.8905029296875
2026-03-23 00:00:00+05:30,1393.5567722314413,1409.0849519631759,1384.598192981382,1401.3209228515625
2026-03-24 00:00:00+05:30,1413.4647025895886,1415.8536813182018,1400.1263494042955,1405.302490234375
2026-03-25 00:00:00+05:30,1413.464703831985,1423.9163794589117,1401.9181150601291,1406.596435546875
2026-03-27 00:00:00+05:30,1394.552193095842,1398.235116023098,1338.809921280448,1341.8956298828125
2026-03-30 00:00:00+05:30,1328.855902170806,1358.7178325566667,1327.960019957529,1337.7149658203125
2026-04-01 00:00:00+05:30,1377.8294025098971,1378.028554948465,1356.6275051009459,1362.8984375
2026-04-02 00:00:00+05:30,1350.7546307176451,1351.9490593116357,1321.8880984473344,1344.2845458984375
2026-04-06 00:00:00+05:30,1352.7454554606609,1352.7454554606609,1284.0630151171836,1298.6953125
2026-04-07 00:00:00+05:30,1289.040031502862,1302.2788696189978,1285.058440671965,1298.5958251953125
2026-04-08 00:00:00+05:30,1342.7914745147666,1344.3840865060406,1320.0963587364665,1341.5970458984375
2026-04-09 00:00:00+05:30,1339.8052690319548,1343.7868597274437,1320.195983460075,1323.87890625
2026-04-10 00:00:00+05:30,1330.8467605257397,1346.0763943468285,1325.3720730291864,1343.9859619140625
2026-04-13 00:00:00+05:30,1315.1193869938081,1321.4899565481755,1303.970981405046,1309.0474853515625
2026-04-15 00:00:00+05:30,1330.8467629297493,1340.8007402141902,1328.059600686701,1337.9140625
2026-04-16 00:00:00+05:30,1345.7777093601655,1347.5694738488123,1323.8789596516422,1337.1177978515625
2026-04-17 00:00:00+05:30,1333.832952366644,1362.1022720767137,1333.832952366644,1358.7178955078125
2026-04-20 00:00:00+05:30,1356.9261198573818,1366.6810660920328,1346.5740808024586,1357.0257568359375
2026-04-21 00:00:00+05:30,1352.7454957201878,1363.4958396538184,1343.8864317482064,1347.07177734375
2026-04-22 00:00:00+05:30,1344.085556855853,1359.7132520720183,1342.8910067161314,1355.8311767578125
2026-04-23 00:00:00+05:30,1339.8052948565,1349.261572940554,1334.529638479888,1337.21728515625
2026-04-24 00:00:00+05:30,1333.8328899956957,1339.7057606040942,1318.9019248091768,1321.6890869140625
2026-04-27 00:00:00+05:30,1306.9571155871217,1365.2873936261717,1304.9663202853897,1359.51416015625
2026-04-28 00:00:00+05:30,1351.7500009887617,1388.7787447541255,1350.75460334444,1382.5078125
2026-04-29 00:00:00+05:30,1385.5935377241706,1427.2012083655534,1384.896807968084,1418.83984375
2026-04-30 00:00:00+05:30,1402.5153692729207,1430.386505071105,1386.6885214286783,1424.215087890625
2026-05-01 00:00:00+05:30,1424.215087890625,1424.215087890625,1424.215087890625,1424.215087890625
2026-05-04 00:00:00+05:30,1426.8030702776819,1460.6465916696056,1426.8030702776819,1456.3663330078125
2026-05-05 00:00:00+05:30,1453.280606341501,1466.6189594959255,1443.3266295857375,1456.864013671875
2026-05-06 00:00:00+05:30,1456.2668061036345,1466.519450812893,1420.9301884572374,1431.2823486328125
2026-05-07 00:00:00+05:30,1432.1782190445704,1442.828925531327,1423.717338832762,1429.590087890625
2026-05-08 00:00:00+05:30,1419.4371163507371,1436.1598462687914,1410.9762359236815,1428.5947265625
2026-05-11 00:00:00+05:30,1413.4647305422184,1421.427912122738,1375.6396180347506,1381.81103515625
2026-05-12 00:00:00+05:30,1385.593546668805,1387.0866431630602,1354.0394893602804,1357.722412109375
2026-05-13 00:00:00+05:30,1355.1343963286624,1366.0837705701026,1346.1758174038478,1352.54638671875
2026-05-14 00:00:00+05:30,1358.9168476375535,1371.6579863902991,1352.148216400817,1355.5325927734375
2026-05-15 00:00:00+05:30,1350.5556491178086,1358.5188307246153,1323.082575367519,1330.24951171875
2026-05-18 00:00:00+05:30,1327.860551095503,1335.8237328112184,1312.6309174607939,1329.7518310546875
2026-05-19 00:00:00+05:30,1332.5387892026445,1337.8144453658963,1312.3322897558653,1316.6124267578125
2026-05-20 00:00:00+05:30,1312.6308349443716,1356.6274840630256,1306.558933569541,1353.442138671875
2026-05-21 00:00:00+05:30,1360.9076465750106,1364.590690861155,1339.0088978228712,1343.388671875
2026-05-22 00:00:00+05:30,1343.7868238683554,1361.106767233248,1342.8909416840763,1348.26611328125
2026-05-25 00:00:00+05:30,1360.5095872329855,1364.7897243191815,1350.7546414401118,1360.7086181640625
2026-05-26 00:00:00+05:30,1353.8404218493883,1362.2017870434288,1346.1759079681497,1350.0579833984375
2026-05-27 00:00:00+05:30,1346.7730400596713,1354.736221375619,1342.393266034199,1344.2845458984375
2026-05-28 00:00:00+05:30,1344.2845458984375,1344.2845458984375,1344.2845458984375,1344.2845458984375
2026-05-29 00:00:00+05:30,1357.7224546740495,1362.6994431442622,1310.9387630540493,1315.119384765625
2026-06-01 00:00:00+05:30,1326.3673976551404,1329.353590670499,1312.4318302501333,1313.9249267578125
2026-06-02 00:00:00+05:30,1301.6815361898255,1321.689127358814,1294.3156903458798,1308.5498046875
2026-06-03 00:00:00+05:30,1308.9480145168118,1317.906594083847,1295.0124463014238,1307.15625
2026-06-04 00:00:00+05:30,1295.0124259474096,1305.1654340270677,1287.1487597049047,1297.699951171875
2026-06-05 00:00:00+05:30,1304.5,1306.0,1288.0,1291.0
2026-06-08 00:00:00+05:30,1277.0,1282.5999755859375,1259.199951171875,1263.300048828125
2026-06-09 00:00:00+05:30,1269.0,1274.199951171875,1257.5,1269.199951171875
2026-06-10 00:00:00+05:30,1275.0,1300.5,1254.4000244140625,1258.800048828125
2026-06-11 00:00:00+05:30,1258.0,1276.0,1253.199951171875,1263.0
2026-06-12 00:00:00+05:30,1277.0,1297.0,1262.5,1293.0
2026-06-15 00:00:00+05:30,1315.300048828125,1325.0,1303.300048828125,1307.0
2026-06-16 00:00:00+05:30,1313.4000244140625,1333.4000244140625,1306.4000244140625,1328.800048828125
2026-06-17 00:00:00+05:30,1333.0,1334.0,1317.0,1332.699951171875
2026-06-18 00:00:00+05:30,1330.0,1333.9000244140625,1322.0,1328.0999755859375
2026-06-19 00:00:00+05:30,1328.0,1338.199951171875,1305.300048828125,1309.5
2026-06-22 00:00:00+05:30,1316.699951171875,1344.9000244140625,1314.0999755859375,1326.5
2026-06-23 00:00:00+05:30,1328.9000244140625,1333.0,1304.0,1309.5
2026-06-24 00:00:00+05:30,1305.699951171875,1322.0,1297.5,1313.5999755859375
2026-06-25 00:00:00+05:30,1318.0,1328.0,1314.5999755859375,1318.0999755859375
2026-06-26 00:00:00+05:30,1318.0999755859375,1318.0999755859375,1318.0999755859375,1318.0999755859375
2026-06-29 00:00:00+05:30,1308.0,1313.699951171875,1292.5999755859375,1301.0
2026-06-30 00:00:00+05:30,1306.9000244140625,1306.9000244140625,1290.0,1293.9000244140625
2026-07-01 00:00:00+05:30,1298.9000244140625,1312.199951171875,1296.5,1308.0
2026-07-02 00:00:00+05:30,1310.0,1313.199951171875,1299.0,1303.5
2026-07-03 00:00:00+05:30,1312.0,1312.0,1302.0,1304.0
2026-07-06 00:00:00+05:30,1304.0,1325.5999755859375,1299.4000244140625,1321.300048828125
2026-07-07 00:00:00+05:30,1323.5,1328.0,1304.0999755859375,1308.4000244140625
2026-07-08 00:00:00+05:30,1297.0,1302.300048828125,1271.5999755859375,1275.9000244140625
2026-07-09 00:00:00+05:30,1277.0999755859375,1296.5,1274.199951171875,1279.800048828125
2026-07-10 00:00:00+05:30,1291.9000244140625,1311.0999755859375,1287.800048828125,1307.800048828125
2026-07-13 00:00:00+05:30,1300.0,1306.4000244140625,1295.0,1296.9000244140625
2026-07-14 00:00:00+05:30,1290.0,1308.0,1286.9000244140625,1293.0
2026-07-15 00:00:00+05:30,1294.0999755859375,1310.9000244140625,1294.0999755859375,1295.5
2026-07-16 00:00:00+05:30,1295.5,1309.4000244140625,1291.800048828125,1296.5999755859375
2026-07-17 00:00:00+05:30,1300.0,1330.300048828125,1296.0999755859375,1327.199951171875
2026-07-20 00:00:00+05:30,1317.199951171875,1345.9000244140625,1314.9000244140625,1323.0999755859375
2026-07-21 00:00:00+05:30,1321.0,1326.9000244140625,1302.699951171875,1303.699951171875
2026-07-22 00:00:00+05:30,1302.0,1304.5999755859375,1280.699951171875,1288.5999755859375
2026-07-23 00:00:00+05:30,1283.0,1287.300048828125,1268.0,1272.199951171875
2026-07-24 00:00:00+05:30,1265.0,1283.4000244140625,1249.800048828125,1278.0
2026-07-27 00:00:00+05:30,1288.199951171875,1288.699951171875,1278.0,1280.0
2026-07-28 00:00:00+05:30,1275.0,1279.199951171875,1265.9000244140625,1267.699951171875
2026-07-29 00:00:00+05:30,1275.0,1282.4000244140625,1268.699951171875,1275.9000244140625
2026-07-30 00:00:00+05:30,1279.800048828125,1297.0,1275.300048828125,1292.9000244140625
2026-07-31 00:00:00+05:30,1295.0,1309.699951171875,1293.5999755859375,1307.800048828125
2026-08-03 00:00:00+05:30,1315.199951171875,1319.0,1306.0,1319.0
2026-08-04 00:00:00+05:30,1315.0,1315.0,1286.4000244140625,1290.9000244140625
2026-08-05 00:00:00+05:30,1293.0,1299.0,1270.0999755859375,1280.0
2026-08-06 00:00:00+05:30,1285.0,1325.199951171875,1281.199951171875,1325.0
2026-08-07 00:00:00+05:30,1320.0,1337.0,1316.5999755859375,1334.800048828125
2026-08-10 00:00:00+05:30,1330.0999755859375,1332.9000244140625,1321.300048828125,1327.300048828125
2026-08-11 00:00:00+05:30,1326.5999755859375,1328.699951171875,1314.0999755859375,1323.9000244140625
2026-08-12 00:00:00+05:30,1323.9000244140625,1329.0,1309.199951171875,1329.0
2026-08-13 00:00:00+05:30,1327.800048828125,1327.800048828125,1307.199951171875,1317.0
2026-08-14 00:00:00+05:30,1317.0,1317.5,1301.5,1310.0
2026-08-17 00:00:00+05:30,1314.0,1320.800048828125,1298.0999755859375,1316.0
2026-08-18 00:00:00+05:30,1314.0,1328.5999755859375,1311.199951171875,1322.0
2026-08-19 00:00:00+05:30,1320.300048828125,1321.5999755859375,1303.5,1311.0
2026-08-20 00:00:00+05:30,1315.5,1316.5,1307.0,1313.199951171875
2026-08-21 00:00:00+05:30,1314.0,1316.0,1308.0,1316.0
2026-08-24 00:00:00+05:30,1316.5999755859375,1320.0,1302.4000244140625,1309.800048828125
2026-08-25 00:00:00+05:30,1304.300048828125,1317.0999755859375,1300.0,1317.0
2026-08-26 00:00:00+05:30,1310.0,1315.5999755859375,1298.0,1298.0
2026-08-27 00:00:00+05:30,1305.0,1308.4000244140625,1282.199951171875,1282.199951171875
2026-08-28 00:00:00+05:30,1284.9000244140625,1291.800048828125,1280.0,1287.0
2026-08-31 00:00:00+05:30,1278.699951171875,1297.5999755859375,1271.0,1277.0
2026-09-01 00:00:00+05:30,1285.0,1311.800048828125,1280.0,1309.0
2026-09-02 00:00:00+05:30,1298.0,1321.9000244140625,1293.0999755859375,1313.0999755859375
2026-09-03 00:00:00+05:30,1313.0999755859375,1316.800048828125,1302.5,1302.5
2026-09-04 00:00:00+05:30,1304.0999755859375,1333.0,1304.0999755859375,1322.0
2026-09-07 00:00:00+05:30,1323.0999755859375,1324.199951171875,1301.9000244140625,1309.5
2026-09-08 00:00:00+05:30,1304.0999755859375,1306.800048828125,1288.0,1294.9000244140625
2026-09-09 00:00:00+05:30,1283.5,1294.699951171875,1277.199951171875,1279.0
2026-09-10 00:00:00+05:30,1278.5,1285.300048828125,1266.300048828125,1274.0
2026-09-11 00:00:00+05:30,1267.0,1267.4000244140625,1253.0,1257.5
2026-09-14 00:00:00+05:30,1257.5,1257.5,1257.5,1257.5
2026-09-15 00:00:00+05:30,1252.5,1259.4000244140625,1235.300048828125,1235.300048828125
2026-09-16 00:00:00+05:30,1243.0,1255.0,1240.0,1240.0
2026-09-17 00:00:00+05:30,1244.800048828125,1253.4000244140625,1238.5,1243.9000244140625
2026-09-18 00:00:00+05:30,1245.0,1247.300048828125,1226.4000244140625,1226.4000244140625
2026-09-21 00:00:00+05:30,1234.0999755859375,1249.0999755859375,1232.5,1247.4000244140625
2026-09-22 00:00:00+05:30,1247.5999755859375,1251.9000244140625,1237.4000244140625,1240.4000244140625
