Date,Open,High,Low,Close
2018-09-24 00:00:00+05:30,1721.9942026247852,1799.748550781129,1708.2751622097858,1789.9376220703125
2018-09-25 00:00:00+05:30,1795.1889413074498,1800.8882125423004,1753.5843805579257,1777.521240234375
2018-09-26 00:00:00+05:30,1780.61537179377,1790.3855521602654,1738.3594212186092,1744.0992431640625
2018-09-27 00:00:00+05:30,1743.8954751365973,1799.0970269159445,1738.9290866824708,1782.1214599609375
2018-09-28 00:00:00+05:30,1773.2876710490937,1783.0578510548737,1757.6961716331311,1777.928466796875
2018-10-01 00:00:00+05:30,1783.7906450136566,1853.0368398285216,1783.3430040889855,1836.4276123046875
2018-10-03 00:00:00+05:30,1832.1531541972408,1835.9797685052342,1755.0501854921429,1760.9530029296875
2018-10-04 00:00:00+05:30,1755.864102348562,1755.904652408355,1674.2423976793725,1681.1221923828125
2018-10-05 00:00:00+05:30,1669.072499545426,1726.065219042099,1645.3798317464348,1711.9390869140625
2018-10-08 00:00:00+05:30,1711.9391380925622,1727.8564306970902,1667.5662337293368,1691.5032958984375
2018-10-09 00:00:00+05:30,1693.783005822603,1716.0100075633477,1671.6778530540198,1703.1053466796875
2018-10-10 00:00:00+05:30,1709.7814364359579,1714.6257774175638,1651.9745402516946,1663.861572265625
2018-10-11 00:00:00+05:30,1616.150475192281,1638.9475599808875,1580.326484810185,1612.038818359375
2018-10-12 00:00:00+05:30,1610.4515839104677,1610.4515839104677,1549.3879495357025,1561.844970703125
2018-10-15 00:00:00+05:30,1579.512587863074,1592.1731537733363,1563.2289529366506,1587.247314453125
2018-10-16 00:00:00+05:30,1594.168045709275,1605.4851931839823,1575.441863354161,1597.6690673828125
2018-10-17 00:00:00+05:30,1603.9374609514512,1619.406908544384,1563.2283883384703,1570.8817138671875
2018-10-19 00:00:00+05:30,1570.5568626142367,1570.5568626142367,1522.560880051374,1557.6927490234375
2018-10-22 00:00:00+05:30,1558.343939103143,1559.9723026758736,1536.3202820269921,1549.387939453125
2018-10-23 00:00:00+05:30,1540.4130274277982,1548.5719947340895,1498.8022941657125,1504.22802734375
2018-10-24 00:00:00+05:30,1511.0816540388053,1528.990548317259,1477.6706215200197,1508.1851806640625
2018-10-25 00:00:00+05:30,1504.5134971688647,1531.3565182036489,1489.0522947237578,1511.8565673828125
2018-10-26 00:00:00+05:30,1512.5908147958319,1512.5908147958319,1461.3524654915461,1467.879638671875
2018-10-29 00:00:00+05:30,1475.7123203969843,1532.2131668316176,1455.8452556855311,1526.542724609375
2018-10-30 00:00:00+05:30,1523.2788516088117,1557.872885083712,1505.329127594139,1545.9608154296875
2018-10-31 00:00:00+05:30,1550.203721344748,1586.021606194119,1530.173417632877,1581.3302001953125
2018-11-01 00:00:00+05:30,1585.8173065922156,1586.3883943231272,1551.2641085502053,1579.3717041015625
2018-11-02 00:00:00+05:30,1578.1073466450555,1594.751659132017,1554.283203004635,1561.177490234375
2018-11-05 00:00:00+05:30,1558.36235331759,1572.5181380213098,1537.7609661860356,1542.7379150390625
2018-11-06 00:00:00+05:30,1545.3085014423966,1580.8000113752075,1542.8608111022027,1576.8836669921875
2018-11-07 00:00:00+05:30,1582.8394302911995,1590.182499813169,1580.391740450543,1584.5936279296875
2018-11-09 00:00:00+05:30,1599.9733250273687,1600.7483870034414,1554.2831127879333,1557.7098388671875
2018-11-12 00:00:00+05:30,1557.138899933452,1587.8165968794365,1557.138899933452,1562.31982421875
2018-11-13 00:00:00+05:30,1562.44201857157,1582.02353734218,1552.6512591862652,1578.7191162109375
2018-11-14 00:00:00+05:30,1570.6008862616782,1574.5987993460578,1525.7265752256303,1534.4158935546875
2018-11-15 00:00:00+05:30,1520.8314581036184,1549.3878427783109,1515.6096992723214,1528.0521240234375
2018-11-16 00:00:00+05:30,1541.2286795746134,1550.0404027057475,1525.9306183030285,1539.2705078125
2018-11-19 00:00:00+05:30,1549.3880766409986,1556.2007952366253,1521.0764965431956,1552.202880859375
2018-11-20 00:00:00+05:30,1551.8353076022395,1551.8353076022395,1529.1533426576807,1532.457763671875
2018-11-21 00:00:00+05:30,1526.5426893086885,1526.5835239814212,1467.43101464156,1478.40478515625
2018-11-22 00:00:00+05:30,1484.9317832683769,1507.4505090733162,1476.7319827583317,1478.8533935546875
2018-11-26 00:00:00+05:30,1484.1159067584078,1517.5676671636277,1455.9674742223083,1506.2266845703125
2018-11-27 00:00:00+05:30,1512.672044196783,1548.489918884328,1497.4555552244312,1542.248291015625
2018-11-28 00:00:00+05:30,1541.228738313286,1622.8184015379172,1535.9254102036848,1618.6573486328125
2018-11-29 00:00:00+05:30,1629.3460912906971,1629.3460912906971,1584.9205454154524,1599.606689453125
2018-11-30 00:00:00+05:30,1604.0525385167266,1624.4499512649047,1599.0347550613262,1605.8883056640625
2018-12-03 00:00:00+05:30,1618.7390085149339,1623.6343885810072,1605.92947051408,1617.43359375
2018-12-04 00:00:00+05:30,1617.9230502638793,1647.6217081205002,1608.1322905043398,1640.645751953125
2018-12-05 00:00:00+05:30,1636.688614646272,1646.4793740559207,1619.554785679387,1637.300537109375
2018-12-06 00:00:00+05:30,1630.1613277417978,1645.663362389993,1615.1488111105116,1625.8370361328125
2018-12-07 00:00:00+05:30,1619.5954389221179,1634.975068519266,1609.7638459442271,1627.876708984375
2018-12-10 00:00:00+05:30,1611.3955828069547,1640.7678567214107,1599.1571353425982,1612.04833984375
2018-12-11 00:00:00+05:30,1607.3165551757813,1639.9524243164062,1599.9734846191407,1631.79345703125
2018-12-12 00:00:00+05:30,1632.6907293386212,1649.7429888559395,1619.5139788208407,1645.5003662109375
2018-12-13 00:00:00+05:30,1651.374945563696,1656.025516984729,1610.9880583080621,1617.5968017578125
2018-12-14 00:00:00+05:30,1617.9233606412552,1630.936874812745,1611.600160416863,1623.4306640625
2018-12-17 00:00:00+05:30,1630.9772521858868,1635.7910618940793,1619.5547001445648,1627.142578125
2018-12-18 00:00:00+05:30,1625.1843035683007,1633.424838528642,1612.5379074658063,1621.8798828125
2018-12-19 00:00:00+05:30,1619.3913787716751,1619.3913787716751,1599.197940823977,1606.0513916015625
2018-12-20 00:00:00+05:30,1594.099248451033,1611.3146514519963,1587.7352134095488,1594.30322265625
2018-12-21 00:00:00+05:30,1589.3666192886026,1590.9984125322255,1539.2298117169944,1546.77685546875
2018-12-24 00:00:00+05:30,1554.93600309532,1581.9421645086322,1554.283245883014,1565.2978515625
2018-12-26 00:00:00+05:30,1567.9902792146397,1567.9902792146397,1525.9307655285886,1541.3919677734375
2018-12-27 00:00:00+05:30,1557.5465719724075,1584.2263503125955,1527.4399682365136,1557.5057373046875
2018-12-28 00:00:00+05:30,1562.4420361588989,1566.5215192820292,1544.4923104171255,1546.9808349609375
2018-12-31 00:00:00+05:30,1556.730695248463,1557.546591839264,1538.9033746588098,1544.5330810546875
2019-01-01 00:00:00+05:30,1546.9400222148975,1558.3625751215475,1537.9651592168152,1552.4881591796875
2019-01-02 00:00:00+05:30,1554.2834041882309,1578.3115251124298,1550.2039201877367,1569.21435546875
2019-01-03 00:00:00+05:30,1565.7054666453357,1586.8779421059842,1544.5737262538062,1550.16259765625
2019-01-04 00:00:00+05:30,1550.2037020114594,1551.182738195077,1502.0657975805773,1531.315673828125
2019-01-07 00:00:00+05:30,1543.5132848501344,1557.383527563526,1534.701561405277,1548.490234375
2019-01-08 00:00:00+05:30,1554.6098861245473,1555.425782978859,1536.5785855636193,1544.9415283203125
2019-01-09 00:00:00+05:30,1556.2414220793114,1565.7058041024218,1523.0343658507097,1539.5562744140625
2019-01-10 00:00:00+05:30,1542.0445825034474,1554.2830315709352,1527.4400133635615,1540.861572265625
2019-01-11 00:00:00+05:30,1525.7265202392712,1529.8060029137077,1497.1701415182154,1503.3302001953125
2019-01-14 00:00:00+05:30,1509.409010711085,1510.2249074736314,1476.7731402092236,1479.4248046875
2019-01-15 00:00:00+05:30,1476.7733708959756,1525.1968313979862,1475.1415771159802,1523.9322509765625
2019-01-16 00:00:00+05:30,1525.7265946178882,1529.806077491198,1506.9609734006629,1525.8489990234375
2019-01-17 00:00:00+05:30,1535.5383047389935,1551.8912153325928,1530.0601196142356,1548.865966796875
2019-01-18 00:00:00+05:30,1537.9912289079248,1556.9605651192144,1533.9030012925396,1554.0579833984375
2019-01-21 00:00:00+05:30,1555.1618294110988,1579.6911958055955,1549.8062111575346,1560.6400146484375
2019-01-22 00:00:00+05:30,1559.3316726202504,1568.448439670701,1545.3499548951518,1555.0799560546875
2019-01-23 00:00:00+05:30,1554.3437728747604,1558.5137440971776,1528.996767635877,1533.5755615234375
2019-01-24 00:00:00+05:30,1541.0983822637997,1557.8191939424416,1533.085415899267,1554.7939453125
2019-01-25 00:00:00+05:30,1555.161672617446,1582.143972930998,1554.3440271533989,1570.533447265625
2019-01-28 00:00:00+05:30,1580.508988683364,1604.2207117417279,1574.3766465130973,1598.4971923828125
2019-01-29 00:00:00+05:30,1604.2201386864047,1626.3374848039014,1583.4928495171032,1621.186279296875
2019-01-30 00:00:00+05:30,1618.6112058120227,1626.7059171941398,1598.210988066361,1620.0830078125
2019-01-31 00:00:00+05:30,1624.661409701514,1651.4392965498907,1623.0261189016132,1646.819580078125
2019-02-01 00:00:00+05:30,1643.058366953609,1663.7039124950763,1633.7371897966045,1659.7791748046875
2019-02-04 00:00:00+05:30,1659.7794419809777,1680.6294022206778,1654.0968456828816,1676.377685546875
2019-02-05 00:00:00+05:30,1676.1730463884492,1680.26127333086,1658.1848478418412,1671.7169189453125
2019-02-06 00:00:00+05:30,1676.0913143538373,1706.3034731798118,1668.8552719529946,1696.4508056640625
2019-02-07 00:00:00+05:30,1696.4099994983333,1715.379335156047,1690.0732468794095,1703.07373046875
2019-02-08 00:00:00+05:30,1696.6145664934445,1708.4704273195432,1676.9910727123156,1685.4945068359375
2019-02-11 00:00:00+05:30,1684.3495558812497,1713.7847908383978,1675.2736119212773,1689.173583984375
2019-02-12 00:00:00+05:30,1692.5260413877602,1692.5260413877602,1650.0084789954108,1677.4814453125
2019-02-14 00:00:00+05:30,1684.390740161475,1696.6145011007284,1662.314310508598,1671.758056640625
2019-02-15 00:00:00+05:30,1675.3556717139077,1677.8086082757143,1644.2442197308962,1659.5750732421875
2019-02-18 00:00:00+05:30,1666.0343136708607,1669.5910513409808,1604.7518284154357,1611.0068359375
2019-02-19 00:00:00+05:30,1610.7613654904774,1611.5790108536705,1546.9850271614127,1557.450927734375
2019-02-20 00:00:00+05:30,1565.790959203939,1581.1627328267436,1538.23634882768,1565.5865478515625
2019-02-21 00:00:00+05:30,1565.5863415197352,1586.2318853888426,1551.1140596029034,1565.1365966796875
2019-02-22 00:00:00+05:30,1567.5898593115587,1578.055761279372,1557.696369060404,1574.4990234375
2019-02-25 00:00:00+05:30,1580.1002282942027,1627.1148534569022,1578.4649369841957,1623.1492919921875
2019-02-26 00:00:00+05:30,1622.208431456024,1672.2074663291257,1612.6010982556165,1666.93359375
2019-02-27 00:00:00+05:30,1667.996559421626,1696.573225258215,1653.278942720847,1682.7960205078125
2019-02-28 00:00:00+05:30,1684.3498402491023,1693.6301971297414,1616.9758266770887,1621.759033203125
2019-03-01 00:00:00+05:30,1631.2437512536899,1639.3792843366489,1619.224302100835,1631.5299072265625
2019-03-05 00:00:00+05:30,1639.3793874871326,1641.0146786467208,1616.1582330589306,1625.5611572265625
2019-03-06 00:00:00+05:30,1626.54205726362,1647.5555044182117,1623.067064264227,1634.9637451171875
2019-03-07 00:00:00+05:30,1639.3795168530755,1654.9557063013942,1635.4547778362562,1646.166015625
2019-03-08 00:00:00+05:30,1655.7320649213475,1662.273228634617,1643.50830515627,1653.8514404296875
2019-03-11 00:00:00+05:30,1658.9207477829405,1662.2730739119124,1638.2752017346002,1647.3919677734375
2019-03-12 00:00:00+05:30,1646.7787714834344,1655.5684596065014,1637.7437498142363,1645.470458984375
2019-03-13 00:00:00+05:30,1645.9202750581887,1648.2914668024853,1617.7932518860068,1635.69970703125
2019-03-14 00:00:00+05:30,1639.3382657536233,1641.668635220599,1619.7556964251285,1624.9886474609375
2019-03-15 00:00:00+05:30,1634.3916440277242,1691.6676526121369,1627.9322244808443,1667.9559326171875
2019-03-18 00:00:00+05:30,1670.4495021295922,1688.1107220883946,1644.284850113857,1653.93310546875
2019-03-19 00:00:00+05:30,1659.8201122481996,1659.8201122481996,1631.2842686814934,1653.93310546875
2019-03-20 00:00:00+05:30,1658.185149470325,1671.9216344196216,1635.2910744283283,1647.5966796875
2019-03-22 00:00:00+05:30,1647.5558549349569,1648.3735005205326,1621.6365297963093,1639.910888671875
2019-03-25 00:00:00+05:30,1641.6683068597017,1641.6683068597017,1616.6482803195101,1622.4127197265625
2019-03-26 00:00:00+05:30,1622.2086598531241,1631.1618380869872,1600.990799211097,1621.1048583984375
2019-03-27 00:00:00+05:30,1630.3852063611043,1633.6557885203042,1603.4029035477058,1609.044677734375
2019-03-28 00:00:00+05:30,1618.9376496128693,1647.2281562551725,1613.050643538363,1635.535888671875
2019-04-01 00:00:00+05:30,1643.4670269562898,1667.9554633791392,1642.0361477039646,1661.1690673828125
2019-04-02 00:00:00+05:30,1665.6253114559402,1705.608188767324,1665.5435668835278,1700.1300048828125
2019-04-03 00:00:00+05:30,1704.7905434227569,1708.5517918559444,1682.7959635020754,1700.1300048828125
2019-04-04 00:00:00+05:30,1699.1899065231974,1700.457296965243,1641.341587530284,1647.1468505859375
2019-04-05 00:00:00+05:30,1658.7165710851511,1679.7708429957183,1650.6627828355502,1674.7833251953125
2019-04-08 00:00:00+05:30,1683.5319483783614,1696.6142753205927,1662.0278335429757,1693.1392822265625
2019-04-09 00:00:00+05:30,1692.526091471432,1715.4201642063113,1682.4280902562516,1710.10546875
2019-04-10 00:00:00+05:30,1703.1556403813681,1705.199754208038,1664.7263004399738,1668.2012939453125
2019-04-11 00:00:00+05:30,1672.0849443149023,1680.2613988103299,1646.4517794337846,1651.2349853515625
2019-04-12 00:00:00+05:30,1666.3615197290349,1667.1791652244856,1641.0145093700553,1647.1468505859375
2019-04-15 00:00:00+05:30,1692.5262073107713,1733.2449936716205,1668.814487498205,1727.9302978515625
2019-04-16 00:00:00+05:30,1733.4083842226846,1762.8026987385922,1729.7699018308404,1743.056640625
2019-04-18 00:00:00+05:30,1757.8559931674574,1762.0260650954594,1728.6660885328963,1757.978759765625
2019-04-22 00:00:00+05:30,1756.302270148111,1779.196340708701,1754.3400010910989,1767.299560546875
2019-04-23 00:00:00+05:30,1768.5671360364151,1770.6112496934152,1744.89633981245,1762.06689453125
2019-04-24 00:00:00+05:30,1764.4789265527436,1794.731808982054,1762.9254800059155,1785.2879638671875
2019-04-25 00:00:00+05:30,1778.379023037087,1802.9083888720813,1772.6964265427448,1794.73193359375
2019-04-26 00:00:00+05:30,1801.27287511611,1834.7554154171667,1793.2189878144995,1830.3402099609375
2019-04-30 00:00:00+05:30,1830.3396023309076,1853.560644893395,1823.4305406926646,1848.164306640625
2019-05-02 00:00:00+05:30,1843.7902117391598,1847.387771328523,1807.8956617446092,1811.411376953125
2019-05-03 00:00:00+05:30,1786.5551763538124,1787.413743937021,1737.4964529756755,1743.219970703125
2019-05-06 00:00:00+05:30,1725.2320277728686,1770.2025308664743,1724.0055595066794,1764.3564453125
2019-05-07 00:00:00+05:30,1766.1549900244222,1786.0238132116044,1748.7800252367406,1759.531982421875
2019-05-08 00:00:00+05:30,1758.7555864239744,1772.6555608401563,1741.9120081655785,1760.268310546875
2019-05-09 00:00:00+05:30,1753.849438938999,1785.8194549468656,1746.5724744950837,1776.3756103515625
2019-05-10 00:00:00+05:30,1778.3785607317222,1792.2785310914644,1738.191373333937,1746.326904296875
2019-05-13 00:00:00+05:30,1744.0377372880578,1771.8376824675206,1734.757381622608,1740.562744140625
2019-05-14 00:00:00+05:30,1745.6731602613033,1765.9508087917145,1694.4477490133052,1710.8006591796875
2019-05-15 00:00:00+05:30,1714.6027463433084,1736.679176553737,1704.3821768014432,1713.29443359375
2019-05-16 00:00:00+05:30,1713.7846167382927,1736.6786860458653,1698.290277613149,1724.2095947265625
2019-05-17 00:00:00+05:30,1727.3579450283173,1745.6731241879988,1708.879077073966,1713.335205078125
2019-05-20 00:00:00+05:30,1737.4963830701379,1759.0821406398652,1676.1729813147213,1752.99072265625
2019-05-21 00:00:00+05:30,1756.3434503606209,1756.874840085661,1719.1405802342913,1725.027587890625
2019-05-22 00:00:00+05:30,1725.2320306401616,1735.0028545862774,1696.6144377148507,1702.133544921875
2019-05-23 00:00:00+05:30,1715.4202201990186,1729.6064491513346,1676.1732370867435,1679.4847412109375
2019-05-24 00:00:00+05:30,1692.5260412693024,1692.5260412693024,1661.6599262654781,1674.537841796875
2019-05-27 00:00:00+05:30,1680.09797705659,1691.6675807836489,1668.0785285799034,1680.384033203125
2019-05-28 00:00:00+05:30,1684.3497812594183,1715.0114884425386,1672.08509838617,1695.5924072265625
2019-05-29 00:00:00+05:30,1700.7024665436822,1736.4335313253391,1698.3313746837057,1723.2286376953125
2019-05-30 00:00:00+05:30,1735.8612966081596,1763.2933414786523,1728.8294658646198,1754.9124755859375
2019-05-31 00:00:00+05:30,1766.114044473817,1802.867164873382,1759.7772926938762,1795.9990234375
2019-06-03 00:00:00+05:30,1799.6376959954428,1837.780777673007,1787.0867580675015,1833.406494140625
2019-06-04 00:00:00+05:30,1833.159267446196,1833.159267446196,1792.7704166796207,1799.447021484375
2019-06-06 00:00:00+05:30,1812.5528422245932,1812.5528422245932,1773.8125131729532,1785.4346923828125
2019-06-07 00:00:00+05:30,1791.945952575341,1804.9693350721448,1765.6520699201287,1798.333984375
2019-06-10 00:00:00+05:30,1810.6567001893811,1842.9266854495497,1801.4250039714561,1839.341064453125
2019-06-11 00:00:00+05:30,1843.8750508942376,1866.0888830751219,1838.9294763276907,1856.8984375
2019-06-12 00:00:00+05:30,1850.468531029045,1868.5197916614363,1829.037715079488,1863.57421875
2019-06-13 00:00:00+05:30,1866.1298428189777,1883.439351078341,1848.8615879217002,1857.9697265625
2019-06-14 00:00:00+05:30,1860.5657932453234,1865.3878074601262,1841.40169768969,1858.299072265625
2019-06-17 00:00:00+05:30,1859.5356877657127,1864.4812614033876,1847.5426314471702,1853.9306640625
2019-06-18 00:00:00+05:30,1849.6444945605404,1862.8326906001876,1839.0938974816422,1855.290771484375
2019-06-19 00:00:00+05:30,1858.7119266897494,1876.0214390890774,1848.944335627173,1862.750732421875
2019-06-20 00:00:00+05:30,1838.1048387312856,1882.6150007454064,1823.2681180599118,1877.628173828125
2019-06-21 00:00:00+05:30,1883.4390431393756,1889.621009364122,1847.995770117497,1854.46630859375
2019-06-24 00:00:00+05:30,1858.011047752892,1879.3183117378048,1855.2498893960703,1875.609130859375
2019-06-25 00:00:00+05:30,1871.0755439632362,1874.7434711921023,1855.0024280569442,1869.26220703125
2019-06-26 00:00:00+05:30,1866.9541975303694,1868.4379099875118,1854.5902624473867,1858.0521240234375
2019-06-27 00:00:00+05:30,1858.7114189159531,1866.1297793462163,1847.4190660637335,1856.6920166015625
2019-06-28 00:00:00+05:30,1862.8324697830478,1864.4397407376762,1831.9226389791256,1835.796630859375
2019-07-01 00:00:00+05:30,1842.2258853701715,1858.711128192276,1818.8169210571327,1845.976318359375
2019-07-02 00:00:00+05:30,1850.3860742091238,1860.3597270104447,1826.935855602314,1856.3209228515625
2019-07-03 00:00:00+05:30,1856.4028424267624,1861.8430521394841,1839.7527902176594,1844.4097900390625
2019-07-04 00:00:00+05:30,1841.4018283903558,1856.2385485832951,1838.1872861762445,1848.5316162109375
2019-07-05 00:00:00+05:30,1852.1170621569295,1854.5898486217586,1763.9210115780281,1782.9615478515625
2019-07-08 00:00:00+05:30,1771.339533196909,1804.1452102152548,1757.4095819969782,1793.0999755859375
2019-07-09 00:00:00+05:30,1791.9461211814512,1792.275745585193,1734.7011484957648,1758.43994140625
2019-07-10 00:00:00+05:30,1714.4653196277045,1753.9063450952235,1707.294278970669,1737.70947265625
2019-07-11 00:00:00+05:30,1754.030169605477,1754.854431903224,1719.4524064621758,1733.052734375
2019-07-12 00:00:00+05:30,1732.6815240527606,1747.2296703215554,1725.2631647967662,1737.2149658203125
2019-07-15 00:00:00+05:30,1751.5570763633252,1775.1310544501425,1729.301998216591,1768.6192626953125
2019-07-16 00:00:00+05:30,1756.4744317760267,1761.8446499352667,1734.993559139067,1739.95068359375
2019-07-17 00:00:00+05:30,1741.6027628796935,1755.6479464513038,1728.4664659862435,1749.2449951171875
2019-07-18 00:00:00+05:30,1748.377858240154,1748.377858240154,1701.9461634427546,1706.8619384765625
2019-07-19 00:00:00+05:30,1715.9915450312776,1732.5152960667256,1704.0118255305777,1715.9501953125
2019-07-22 00:00:00+05:30,1715.9914848157,1749.4107297709952,1709.2167874700851,1743.1729736328125
2019-07-23 00:00:00+05:30,1758.0440960646122,1759.7791702951542,1736.976317265304,1745.279541015625
2019-07-24 00:00:00+05:30,1743.2556101518626,1752.1784754170487,1715.578329137603,1732.3499755859375
2019-07-25 00:00:00+05:30,1742.346869905961,1763.9104459699872,1728.838824282406,1758.04443359375
2019-07-26 00:00:00+05:30,1759.6140929226644,1759.6140929226644,1730.8627289690114,1742.470703125
2019-07-29 00:00:00+05:30,1743.9167798603366,1769.6937919509244,1737.7203730257745,1759.779541015625
2019-07-30 00:00:00+05:30,1759.7794382082138,1805.2197523403509,1751.8893069586277,1800.386474609375
2019-07-31 00:00:00+05:30,1794.2720301582358,1827.2781680626367,1773.9477445987698,1822.321044921875
2019-08-01 00:00:00+05:30,1817.612281111397,1832.0705606202375,1789.728456344347,1801.1298828125
2019-08-02 00:00:00+05:30,1795.3056769972998,1825.8746185752564,1789.1092699206868,1821.9915771484375
2019-08-05 00:00:00+05:30,1817.529647492694,1860.780640157407,1813.977202906632,1857.76513671875
2019-08-06 00:00:00+05:30,1844.7114846498073,1860.5328945436215,1827.0723008968555,1829.922607421875
2019-08-07 00:00:00+05:30,1842.3981752846892,1849.4207692263572,1823.602409146695,1828.7247314453125
2019-08-08 00:00:00+05:30,1841.4895395681915,1884.5339960480812,1833.2276632155038,1865.6143798828125
2019-08-09 00:00:00+05:30,1867.1836861348777,1873.710486479262,1851.7753704692766,1855.8236083984375
2019-08-13 00:00:00+05:30,1854.7908379303376,1855.8235722498978,1812.9031742701552,1817.157958984375
2019-08-14 00:00:00+05:30,1801.9975521145702,1832.35994131045,1790.6786225325923,1821.24755859375
2019-08-16 00:00:00+05:30,1851.8166331563189,1851.8166331563189,1770.7264084655935,1788.7786865234375
2019-08-19 00:00:00+05:30,1801.0886437023232,1806.0457684097607,1782.664623198496,1787.04345703125
2019-08-20 00:00:00+05:30,1794.479261639705,1821.7434493165515,1789.9352303602307,1806.66552734375
2019-08-21 00:00:00+05:30,1805.1783252025102,1819.2648623205198,1802.9476593092436,1806.2110595703125
2019-08-22 00:00:00+05:30,1806.8718639607896,1847.0658007369038,1792.8266780040756,1830.831298828125
2019-08-23 00:00:00+05:30,1829.9637251926831,1867.1008081548482,1829.0961880891323,1857.0213623046875
2019-08-26 00:00:00+05:30,1856.442939329506,1885.3594960168816,1838.2668179831558,1880.6502685546875
2019-08-27 00:00:00+05:30,1875.4457151983079,1879.4528054483992,1841.5720260691755,1847.7684326171875
2019-08-28 00:00:00+05:30,1850.6595574690186,1860.6976525113294,1830.831062210422,1850.0399169921875
2019-08-29 00:00:00+05:30,1835.9533179821078,1857.434187083181,1835.9533179821078,1845.2479248046875
2019-08-30 00:00:00+05:30,1851.4858618641254,1872.1405457314181,1832.483552706216,1866.85302734375
2019-09-03 00:00:00+05:30,1875.445543067571,1897.0916142807343,1848.1400070442792,1860.2437744140625
2019-09-04 00:00:00+05:30,1871.3148167618735,1875.4457545472198,1844.8768149356572,1855.1214599609375
2019-09-05 00:00:00+05:30,1852.4774129149748,1861.9372186355986,1823.6435523259825,1830.2530517578125
2019-09-06 00:00:00+05:30,1830.8314655325655,1845.2897465103724,1811.4987590788983,1815.5469970703125
2019-09-09 00:00:00+05:30,1817.6130086342018,1819.9677243505098,1800.9240568052128,1803.4439697265625
2019-09-11 00:00:00+05:30,1806.0459106785343,1813.4815983254266,1773.452853500843,1779.60791015625
2019-09-12 00:00:00+05:30,1780.4339932392181,1788.6958679178224,1751.8066781602242,1762.753662109375
2019-09-13 00:00:00+05:30,1763.9105024182682,1782.8714672435874,1747.8411941542902,1769.6524658203125
2019-09-16 00:00:00+05:30,1784.523503121526,1795.6356837389635,1756.8048744411801,1776.302978515625
2019-09-17 00:00:00+05:30,1780.3929311136826,1781.7149119581704,1739.6206940123363,1753.70703125
2019-09-18 00:00:00+05:30,1756.8048415158287,1770.4782835981605,1745.8578582487453,1766.8431396484375
2019-09-19 00:00:00+05:30,1763.9103969214782,1764.5713872943002,1727.5581451816445,1736.6048583984375
2019-09-20 00:00:00+05:30,1739.0419075640818,1759.2835003770601,1699.467608828424,1706.4488525390625
2019-09-23 00:00:00+05:30,1734.1677210203522,1734.1677210203522,1631.7204616556435,1665.428955078125
2019-09-24 00:00:00+05:30,1664.7675729732368,1702.7721925051321,1663.1151982109807,1689.3052978515625
2019-09-25 00:00:00+05:30,1706.0772368510727,1728.384299996341,1701.9876489489611,1725.4512939453125
2019-09-26 00:00:00+05:30,1733.2583475718075,1740.7767330814272,1704.4244899606,1724.748779296875
2019-09-27 00:00:00+05:30,1722.6009713856226,1722.7661685476858,1694.8409901571774,1698.765380859375
2019-09-30 00:00:00+05:30,1703.474484914355,1738.2982013745514,1701.9459576195702,1734.4151611328125
2019-10-01 00:00:00+05:30,1731.6476573478951,1731.6476573478951,1685.1746102833129,1701.9049072265625
2019-10-03 00:00:00+05:30,1710.2082829706271,1719.4201937641512,1690.5037294461258,1702.1529541015625
2019-10-04 00:00:00+05:30,1702.4420894229931,1725.0381971381744,1697.7740088976423,1717.93310546875
2019-10-07 00:00:00+05:30,1718.4703254735477,1730.450046492474,1686.2490068709187,1691.784423828125
2019-10-09 00:00:00+05:30,1701.9463486437178,1701.9463486437178,1665.181002762822,1668.9814453125
2019-10-10 00:00:00+05:30,1675.5081463642844,1684.6375580157867,1649.9789340227574,1656.0513916015625
2019-10-11 00:00:00+05:30,1595.3679496076343,1648.243945865992,1590.4108249584133,1641.510498046875
2019-10-14 00:00:00+05:30,1648.2437385963012,1679.4323105922965,1625.9366804799604,1669.724609375
2019-10-15 00:00:00+05:30,1678.813182035574,1691.2059958793407,1671.129597111248,1683.1920166015625
2019-10-16 00:00:00+05:30,1683.7700879897643,1698.641462662883,1665.593963389286,1690.7100830078125
2019-10-17 00:00:00+05:30,1701.3542686774283,1721.6285995852031,1688.9362822446483,1715.6729736328125
2019-10-18 00:00:00+05:30,1721.20572633657,1743.507401472172,1710.6461820032168,1737.974365234375
2019-10-22 00:00:00+05:30,1757.1084437147176,1783.7184994728973,1723.3601761521732,1732.9481201171875
2019-10-23 00:00:00+05:30,1740.2130442627958,1760.3607389464598,1733.8773171598973,1748.7452392578125
2019-10-24 00:00:00+05:30,1760.4875009850055,1773.1589561264523,1741.3114067858423,1758.7979736328125
2019-10-25 00:00:00+05:30,1768.934930797428,1799.3464195790457,1752.9267022564368,1795.080322265625
2019-10-27 00:00:00+05:30,1798.5020005407396,1798.5020005407396,1781.437814259179,1787.2666015625
2019-10-29 00:00:00+05:30,1792.1656685138082,1859.915656308632,1792.1656685138082,1854.129150390625
2019-10-30 00:00:00+05:30,1879.5990265586372,1909.1657528191101,1838.9237413567469,1903.08349609375
2019-10-31 00:00:00+05:30,1900.7179836553296,1930.2424284198887,1889.7360575275432,1917.3175048828125
2019-11-01 00:00:00+05:30,1912.5449031745939,1921.8373033225269,1854.2562113375589,1859.240234375
2019-11-04 00:00:00+05:30,1864.393592931734,1883.1473069001258,1842.345176599516,1853.369384765625
2019-11-05 00:00:00+05:30,1855.9457824552285,1867.7724738318207,1832.292399702044,1860.04296875
2019-11-06 00:00:00+05:30,1858.4801635323854,1867.603652856136,1840.740125607758,1848.765380859375
2019-11-07 00:00:00+05:30,1862.2812656333895,1862.2812656333895,1837.5296521088892,1846.1041259765625
2019-11-08 00:00:00+05:30,1849.694472001591,1849.694472001591,1794.2778970172308,1799.30419921875
2019-11-11 00:00:00+05:30,1803.5706440225201,1806.9496990932882,1766.40103824407,1774.806396484375
2019-11-13 00:00:00+05:30,1789.2096979160526,1844.7951962572383,1789.2096979160526,1840.4024658203125
2019-11-14 00:00:00+05:30,1847.920633710943,1858.4801801892913,1813.4542327573859,1855.7769775390625
2019-11-15 00:00:00+05:30,1855.1004446504353,1868.1942774792522,1832.080641773967,1836.895751953125
2019-11-18 00:00:00+05:30,1840.2328450700354,1848.1314668029556,1815.1856881695123,1818.4381103515625
2019-11-19 00:00:00+05:30,1818.776134062004,1820.1699115846911,1778.227478959832,1781.4376220703125
2019-11-20 00:00:00+05:30,1792.5459451827005,1803.570150583197,1769.3572273519933,1781.2261962890625
2019-11-21 00:00:00+05:30,1784.14104805839,1796.474681360557,1780.2550522943784,1789.294189453125
2019-11-22 00:00:00+05:30,1771.4693632203796,1779.916999668736,1740.635490183878,1750.0968017578125
2019-11-25 00:00:00+05:30,1752.504422326229,1761.2898815439894,1733.6238727804964,1758.37548828125
2019-11-26 00:00:00+05:30,1765.4293984690967,1772.2295808664776,1719.1363091478993,1728.935546875
2019-11-27 00:00:00+05:30,1733.455439375272,1750.0972461561269,1728.8515175900789,1735.3984375
2019-11-28 00:00:00+05:30,1746.168644628407,1769.2728053966669,1740.213019986541,1754.8697509765625
2019-11-29 00:00:00+05:30,1761.3319846394436,1761.3319846394436,1728.2172950493582,1734.5107421875
2019-12-02 00:00:00+05:30,1740.2133211954597,1746.7179608080091,1703.0437162767219,1707.309814453125
2019-12-03 00:00:00+05:30,1712.9269540210953,1741.9023841028386,1697.9746809149883,1732.6099853515625
2019-12-04 00:00:00+05:30,1734.2999553299594,1758.7981037491356,1727.9642272905173,1755.8414306640625
2019-12-05 00:00:00+05:30,1759.6428228377881,1796.6435148974879,1747.2671168778966,1791.997314453125
2019-12-06 00:00:00+05:30,1794.278008513421,1797.6570631433897,1774.8484443911004,1793.940185546875
2019-12-09 00:00:00+05:30,1797.6148094147732,1797.6148094147732,1734.7221954634597,1740.59326171875
2019-12-10 00:00:00+05:30,1740.2130719333977,1740.931203512925,1692.2727360925142,1700.3824462890625
2019-12-11 00:00:00+05:30,1710.9842518707994,1730.075889006229,1695.2293897769775,1724.9228515625
2019-12-12 00:00:00+05:30,1732.6947851378468,1760.1916766370634,1676.0110623765456,1707.182861328125
2019-12-13 00:00:00+05:30,1708.957067966864,1754.9121335165717,1695.4408479532854,1749.7169189453125
2019-12-16 00:00:00+05:30,1770.624471942224,1804.4150152999,1757.361724922558,1796.6009521484375
2019-12-17 00:00:00+05:30,1796.390211200619,1832.2926725107652,1790.0544827341225,1828.871337890625
2019-12-18 00:00:00+05:30,1836.5163455682016,1861.394596121713,1818.7763072715445,1831.236572265625
2019-12-19 00:00:00+05:30,1841.4157775161148,1889.3138334540502,1831.0674231857718,1883.0203857421875
2019-12-20 00:00:00+05:30,1875.3758287481228,1897.930983278073,1865.4498530779467,1877.8255615234375
2019-12-23 00:00:00+05:30,1866.9278237724077,1893.9179834153683,1866.9278237724077,1885.2591552734375
2019-12-24 00:00:00+05:30,1891.4254643310737,1895.2691794795621,1867.898718511003,1871.6580810546875
2019-12-26 00:00:00+05:30,1872.3341131023308,1882.9782178260634,1854.4251645713227,1860.1273193359375
2019-12-27 00:00:00+05:30,1865.2381453263588,1880.7817140409613,1838.205708437571,1857.212890625
2019-12-30 00:00:00+05:30,1864.3936268358773,1879.5993745853316,1839.135272792967,1844.2882080078125
2019-12-31 00:00:00+05:30,1849.1877001211724,1855.945809577988,1822.535364702629,1826.1256103515625
2020-01-01 00:00:00+05:30,1831.447442076299,1844.8791005065223,1819.6207519521902,1831.109619140625
2020-01-02 00:00:00+05:30,1841.5423711167566,1841.5423711167566,1815.5658903808576,1822.7041015625
2020-01-03 00:00:00+05:30,1828.0683072361214,1877.9093562781413,1828.0683072361214,1859.02880859375
2020-01-06 00:00:00+05:30,1862.7037009032354,1880.4014567225522,1848.2581611344808,1858.8599853515625
2020-01-07 00:00:00+05:30,1858.9029161015596,1870.8562424952654,1844.7954005677482,1863.4224853515625
2020-01-08 00:00:00+05:30,1862.7040640523674,1909.1660701851927,1860.212052244382,1905.1534423828125
2020-01-09 00:00:00+05:30,1899.6622032186847,1902.3654055725954,1866.9276127240882,1870.6024169921875
2020-01-10 00:00:00+05:30,1882.1336750820392,1887.2022576899801,1865.2383997222364,1869.9268798828125
2020-01-13 00:00:00+05:30,1873.5592487484832,1874.4883650709278,1845.555208435388,1850.3282470703125
2020-01-14 00:00:00+05:30,1854.2561114256578,1883.653926103317,1854.2561114256578,1864.3087158203125
2020-01-15 00:00:00+05:30,1869.4620905582071,1884.6678373408765,1853.5804915591907,1881.2042236328125
2020-01-16 00:00:00+05:30,1881.246790228981,1899.8738741293057,1871.1519036000054,1891.25732421875
2020-01-17 00:00:00+05:30,1892.9046560132347,1903.717674879219,1869.4624584435069,1874.6156005859375
2020-01-20 00:00:00+05:30,1854.171767292639,1894.12913165127,1821.4794532687185,1833.4329833984375
2020-01-21 00:00:00+05:30,1833.0947253987538,1847.1178836003255,1823.0421210945356,1834.0240478515625
2020-01-22 00:00:00+05:30,1842.4294209655397,1866.92756549007,1836.2626054059695,1864.3087158203125
2020-01-23 00:00:00+05:30,1870.9978797955555,1877.728960191243,1848.899397444993,1855.037841796875
2020-01-24 00:00:00+05:30,1855.037753655786,1855.037753655786,1837.2998083684977,1848.645263671875
2020-01-27 00:00:00+05:30,1853.9796456629,1857.1547033540303,1833.0666403458856,1836.6650390625
2020-01-28 00:00:00+05:30,1840.6866231620277,1852.370875819301,1822.0596196157699,1848.9417724609375
2020-01-29 00:00:00+05:30,1850.000034559959,1851.651022997194,1820.3661667294791,1824.260986328125
2020-01-30 00:00:00+05:30,1828.8329008612213,1833.0663103539557,1799.1990344120811,1810.0789794921875
2020-01-31 00:00:00+05:30,1811.391447883722,1815.5826892895918,1753.9865717572059,1760.2943115234375
2020-02-03 00:00:00+05:30,1822.05918549346,1858.212456057046,1772.2742556260116,1780.1484375
2020-02-04 00:00:00+05:30,1802.5861100287443,1809.105520564358,1766.6868732831272,1784.5941162109375
2020-02-05 00:00:00+05:30,1790.7322131522592,1826.038806934932,1781.6727581912035,1817.445068359375
2020-02-06 00:00:00+05:30,1816.1328165775417,1840.8558886361448,1791.1556985873144,1802.03564453125
2020-02-07 00:00:00+05:30,1811.052600816632,1821.212783710414,1794.1189626603289,1808.978271484375
2020-02-10 00:00:00+05:30,1812.6611914368173,1834.759671642455,1794.1189405677721,1830.48388671875
2020-02-11 00:00:00+05:30,1831.3727348059472,1841.363621395502,1818.3339177597068,1823.2445068359375
2020-02-12 00:00:00+05:30,1821.2977180427963,1850.0001549251233,1820.3662851665972,1837.9349365234375
2020-02-13 00:00:00+05:30,1839.797684904611,1860.160429169367,1838.1466962797888,1855.8846435546875
2020-02-14 00:00:00+05:30,1852.5403090801155,1872.860678101104,1838.1467143569155,1849.3228759765625
2020-02-17 00:00:00+05:30,1860.1180104042821,1877.0940261368148,1854.4029068064367,1865.4521484375
2020-02-18 00:00:00+05:30,1862.6577851680308,1880.4804803193401,1850.8889895643536,1876.035400390625
2020-02-19 00:00:00+05:30,1876.035409365013,1888.1006263720994,1854.6566915103515,1859.60986328125
2020-02-20 00:00:00+05:30,1866.5100950527453,1874.8921624896452,1821.4242875854927,1826.1234130859375
2020-02-24 00:00:00+05:30,1825.4463483876807,1844.8776584815464,1783.7048854430448,1791.02880859375
2020-02-25 00:00:00+05:30,1791.1558226491493,1842.9303457583126,1787.3457535392836,1825.5733642578125
2020-02-26 00:00:00+05:30,1823.7527176106134,1832.1347853002576,1788.9963860839925,1798.013671875
2020-02-27 00:00:00+05:30,1794.9236014049402,1794.9236014049402,1766.3480817263128,1782.6890869140625
2020-02-28 00:00:00+05:30,1750.9384441316017,1752.2084671810203,1684.8972455618411,1693.4910888671875
2020-03-02 00:00:00+05:30,1722.9976153806272,1739.0421955677132,1681.256157607159,1694.4644775390625
2020-03-03 00:00:00+05:30,1710.297587309771,1744.1648662664002,1703.524131518445,1724.0137939453125
2020-03-04 00:00:00+05:30,1740.7779118358399,1773.3327881545006,1714.530774060105,1763.8076171875
2020-03-05 00:00:00+05:30,1765.9243190391005,1818.4609699421144,1764.5273766499372,1799.2413330078125
2020-03-06 00:00:00+05:30,1776.3387203960235,1798.0560295988737,1753.9863997344999,1791.9599609375
2020-03-09 00:00:00+05:30,1756.8651763445205,1761.0138355229412,1638.3296945670588,1669.9532470703125
2020-03-11 00:00:00+05:30,1636.636321432878,1682.6111958082988,1625.6294553290875,1654.16259765625
2020-03-12 00:00:00+05:30,1612.0826647462989,1615.8080865332583,1488.7634003146889,1498.500244140625
2020-03-13 00:00:00+05:30,1429.1142995856846,1540.960950070993,1275.1452275256336,1529.3614501953125
2020-03-16 00:00:00+05:30,1485.9266945620784,1559.7996883515607,1418.911803307323,1436.3111572265625
2020-03-17 00:00:00+05:30,1464.7596805144565,1465.6063624107076,1374.291740570968,1403.798583984375
2020-03-18 00:00:00+05:30,1419.716430041094,1450.8319937843526,1378.1866362745238,1400.750732421875
2020-03-19 00:00:00+05:30,1330.218453737501,1437.4666269722372,1319.173852491675,1395.5908203125
2020-03-20 00:00:00+05:30,1390.1753970027253,1594.010930673677,1387.616791977567,1532.9881591796875
2020-03-23 00:00:00+05:30,1381.6463108913158,1492.5191629998783,1379.7273576817445,1424.0338134765625
2020-03-24 00:00:00+05:30,1409.833823874076,1509.5767185186858,1392.605823716574,1452.5625
2020-03-25 00:00:00+05:30,1449.875955977972,1543.6914590118408,1432.8185917899957,1492.7752685546875
2020-03-26 00:00:00+05:30,1562.113450787054,1562.4973039617819,1469.1082314889773,1527.4443359375
2020-03-27 00:00:00+05:30,1552.2200766155968,1577.8061218345351,1492.8604725296366,1556.0579833984375
2020-03-30 00:00:00+05:30,1506.1649551884927,1624.713612476828,1504.0754701392282,1516.8258056640625
2020-03-31 00:00:00+05:30,1567.0599369510269,1582.0703953517955,1518.105285027599,1557.4224853515625
2020-04-01 00:00:00+05:30,1557.2522898545908,1564.8001536817906,1451.5818839440838,1457.3387451171875
2020-04-03 00:00:00+05:30,1483.9904536909853,1483.9904536909853,1407.2323267759343,1410.8143310546875
2020-04-07 00:00:00+05:30,1458.4046313279796,1523.0946638897606,1454.1402903007047,1514.0115966796875
2020-04-08 00:00:00+05:30,1501.0479244002204,1540.2798587879533,1450.7287042072585,1454.52392578125
2020-04-09 00:00:00+05:30,1492.9031195012265,1517.0820165904265,1476.4854064262772,1506.293212890625
2020-04-13 00:00:00+05:30,1501.9006001064686,1524.075168875786,1489.1075796626315,1500.4080810546875
2020-04-15 00:00:00+05:30,1522.3698317101966,1545.3972745427877,1473.5858092791832,1479.8543701171875
2020-04-16 00:00:00+05:30,1458.361752405111,1505.226916530731,1428.5967392794826,1463.5643310546875
2020-04-17 00:00:00+05:30,1535.162820120313,1579.4692832014955,1495.0780131505048,1540.4505615234375
2020-04-20 00:00:00+05:30,1560.748512875325,1560.748512875325,1537.2946417802043,1551.0684814453125
2020-04-21 00:00:00+05:30,1505.3123746692006,1530.5572525952164,1473.50034912997,1481.9864501953125
2020-04-22 00:00:00+05:30,1481.9863175377566,1526.633943038729,1466.2082572326076,1509.150146484375
2020-04-23 00:00:00+05:30,1518.1052438793593,1620.449417624035,1501.7727986639625,1601.8995361328125
2020-04-24 00:00:00+05:30,1569.8740973460447,1579.4688624156581,1541.8148232303554,1550.983154296875
2020-04-27 00:00:00+05:30,1562.710414822462,1599.127844626809,1556.4844354367608,1566.377685546875
2020-04-28 00:00:00+05:30,1590.599059854079,1593.1576642399032,1562.9661116652012,1585.5245361328125
2020-04-29 00:00:00+05:30,1598.274771036094,1631.1528769401505,1577.848622303141,1625.26806640625
2020-04-30 00:00:00+05:30,1688.678914924604,1733.0280581448462,1656.4404576320915,1718.0601806640625
2020-05-04 00:00:00+05:30,1676.7384435527308,1676.7384435527308,1632.09082575823,1646.4189453125
2020-05-05 00:00:00+05:30,1667.4421940763468,1686.120023965003,1643.4766242693781,1648.380615234375
2020-05-06 00:00:00+05:30,1654.3936646178984,1666.2484485118362,1614.9910939648391,1623.519775390625
2020-05-07 00:00:00+05:30,1628.9779888834805,1649.830571233355,1606.2490343422683,1613.327880859375
2020-05-08 00:00:00+05:30,1653.7967140002902,1654.1378821039598,1608.7226502287158,1614.8206787109375
2020-05-11 00:00:00+05:30,1628.1254323678259,1664.2870657264177,1628.1254323678259,1650.555908203125
2020-05-12 00:00:00+05:30,1648.9354681998118,1668.636703628184,1629.1915477156854,1662.6666259765625
2020-05-13 00:00:00+05:30,1700.6191157730445,1700.6191157730445,1642.3255976967826,1662.79443359375
2020-05-14 00:00:00+05:30,1628.978075084585,1640.1506264006246,1612.8588471321916,1622.45361328125
2020-05-15 00:00:00+05:30,1634.0955223237638,1635.2895586630975,1590.7697747643338,1614.394287109375
2020-05-18 00:00:00+05:30,1626.4197603203093,1665.6090149462614,1596.654637434786,1659.3404541015625
2020-05-19 00:00:00+05:30,1623.008195965995,1677.1226419910054,1623.008195965995,1661.941650390625
2020-05-20 00:00:00+05:30,1663.093025314906,1674.0950461505058,1647.4854952795333,1666.163330078125
2020-05-21 00:00:00+05:30,1659.6814789929567,1704.0306243720079,1655.545089140157,1698.2310791015625
2020-05-22 00:00:00+05:30,1686.205495776198,1733.0279751795497,1672.6875572445333,1723.092041015625
2020-05-26 00:00:00+05:30,1718.5294356569457,1726.2052495134778,1641.771297091623,1657.1229248046875
2020-05-27 00:00:00+05:30,1670.7688729293916,1714.2651529290847,1655.6304617530277,1710.2567138671875
2020-05-28 00:00:00+05:30,1695.9283280161928,1717.6764659917587,1681.2590373785874,1709.4036865234375
2020-05-29 00:00:00+05:30,1690.3844944738016,1707.9962407301268,1673.6683013241882,1682.154296875
2020-06-01 00:00:00+05:30,1697.2076471970115,1756.908418706454,1689.6170997116913,1744.32861328125
2020-06-02 00:00:00+05:30,1757.0789638427254,1774.8186634393649,1739.8937534889687,1745.9490966796875
2020-06-03 00:00:00+05:30,1755.1012861115628,1765.2801651300517,1727.857508691801,1750.2255859375
2020-06-04 00:00:00+05:30,1750.7389685862793,1796.2876922101805,1750.7389685862793,1789.059814453125
2020-06-05 00:00:00+05:30,1789.1029391287886,1794.5772571431025,1745.2221474618277,1752.0223388671875
2020-06-08 00:00:00+05:30,1777.6834738450473,1792.0110081584862,1763.8692481740761,1772.12353515625
2020-06-09 00:00:00+05:30,1764.7244395596292,1792.4385090661528,1762.286537009564,1772.3800048828125
2020-06-10 00:00:00+05:30,1776.6567480387037,1823.6595641764227,1773.6201249154844,1803.7720947265625
2020-06-11 00:00:00+05:30,1796.2880504101147,1800.564926720615,1763.6127571642628,1768.6165771484375
2020-06-12 00:00:00+05:30,1720.330800562476,1752.835062698761,1720.1597672649739,1744.5379638671875
2020-06-15 00:00:00+05:30,1744.1957047195453,1761.2176935981672,1711.563117051139,1736.3262939453125
2020-06-16 00:00:00+05:30,1766.349428260094,1774.0049929745721,1737.2666773831725,1749.92626953125
2020-06-17 00:00:00+05:30,1750.0976120167068,1761.089266573102,1733.460606591614,1751.6373291015625
2020-06-18 00:00:00+05:30,1749.2420748778984,1761.3883594994413,1732.305606176288,1743.3399658203125
2020-06-19 00:00:00+05:30,1746.6761918050258,1787.7342021902564,1738.122439641436,1748.900146484375
2020-06-22 00:00:00+05:30,1753.5192692262176,1755.4438635461001,1727.1309635456812,1734.658203125
2020-06-23 00:00:00+05:30,1733.8454129140828,1748.3867903287544,1719.3040354994112,1740.945068359375
2020-06-24 00:00:00+05:30,1739.8331331902984,1765.7082326391708,1737.780211854973,1746.84716796875
2020-06-25 00:00:00+05:30,1740.688338885259,1762.0727165128421,1718.6624299288485,1724.521728515625
2020-06-26 00:00:00+05:30,1732.1348174461707,1823.6599658248078,1727.8151308264182,1812.411865234375
2020-06-29 00:00:00+05:30,1803.1303226468974,1819.8957545305902,1788.8456033182777,1797.6986083984375
2020-06-30 00:00:00+05:30,1796.287940204158,1806.466821665913,1774.946370490481,1781.0194091796875
2020-07-01 00:00:00+05:30,1778.9235826385732,1808.2201802900945,1778.7525493821536,1789.487548828125
2020-07-02 00:00:00+05:30,1797.998627723982,1851.8872640449197,1794.5771270051923,1845.1724853515625
2020-07-03 00:00:00+05:30,1850.7326134263144,1886.1024642593381,1847.824421050447,1881.526123046875
2020-07-06 00:00:00+05:30,1886.101622836167,1941.6153693814986,1886.101622836167,1935.8843994140625
2020-07-07 00:00:00+05:30,1945.9789529669772,1969.6728087817824,1909.3260350893324,1941.616455078125
2020-07-08 00:00:00+05:30,1941.701824392586,1945.4653919732066,1888.3264921358555,1897.9920654296875
2020-07-09 00:00:00+05:30,1906.631178218938,1919.8894928274592,1874.1697335728263,1885.5462646484375
2020-07-10 00:00:00+05:30,1886.315994989314,1924.4658091088334,1861.2962725753305,1900.9429931640625
2020-07-13 00:00:00+05:30,1898.932861328125,1920.274429872632,1890.379109700521,1898.932861328125
2020-07-14 00:00:00+05:30,1890.378849336022,1915.1847256395265,1851.886972313343,1857.831787109375
2020-07-15 00:00:00+05:30,1868.9947474626927,1933.1478852474534,1865.6588678306166,1910.822509765625
2020-07-16 00:00:00+05:30,1923.7672477608653,2000.0663943966572,1903.2780100810128,1915.8372802734375
2020-07-17 00:00:00+05:30,1917.766975802372,1923.6822216008097,1877.5170581121818,1886.6900634765625
2020-07-20 00:00:00+05:30,1886.904456133305,1909.1082912745314,1878.160097515153,1892.8197021484375
2020-07-21 00:00:00+05:30,1911.7652912257834,1919.1807993303903,1887.0322798591048,1907.521728515625
2020-07-22 00:00:00+05:30,1912.6228738470609,1912.6228738470609,1872.5014736292972,1878.2882080078125
2020-07-23 00:00:00+05:30,1878.2882459396003,1878.2882459396003,1854.3269205187987,1861.356689453125
2020-07-24 00:00:00+05:30,1847.0398101782225,1854.3268087331146,1821.8354518378844,1849.52587890625
2020-07-27 00:00:00+05:30,1856.0415333331932,1898.9062338720662,1854.755592317027,1891.87646484375
2020-07-28 00:00:00+05:30,1898.9062782747558,1988.9221515112565,1898.9062782747558,1980.1348876953125
2020-07-29 00:00:00+05:30,1964.9175699188465,2007.7822638525038,1925.5249580538682,1951.2437744140625
2020-07-30 00:00:00+05:30,1959.687768347929,2021.4987336175695,1947.985791968839,1954.201171875
2020-07-31 00:00:00+05:30,1974.4763423339818,2001.6098195779987,1935.2980533555435,1955.8302001953125
2020-08-03 00:00:00+05:30,1963.5891772132006,1975.0770434275782,1912.3658561017912,1932.4693603515625
2020-08-04 00:00:00+05:30,1937.4414378712358,1945.757147400986,1907.5219624671993,1928.6541748046875
2020-08-05 00:00:00+05:30,1937.484433131293,1971.7761930097229,1931.4833751525675,1937.0557861328125
2020-08-06 00:00:00+05:30,1950.3434612392796,1988.4930366349488,1942.0706595084089,1978.719970703125
2020-08-07 00:00:00+05:30,1978.6339889344054,1995.7798640551541,1960.630820057619,1967.789306640625
2020-08-10 00:00:00+05:30,1987.2075922513695,1993.208650554113,1951.2441489971313,1957.0308837890625
2020-08-11 00:00:00+05:30,1957.202250850514,1982.0637774710417,1950.8583588122917,1954.5445556640625
2020-08-12 00:00:00+05:30,1961.7890073167187,1968.690057275446,1925.954072627177,1935.212890625
2020-08-13 00:00:00+05:30,1948.6289169629467,1971.7758508643983,1929.3398053784038,1932.72607421875
2020-08-14 00:00:00+05:30,1952.058296001479,1955.7447017933775,1914.4231758592866,1922.1815185546875
2020-08-17 00:00:00+05:30,1940.0559100365485,1946.0569667622472,1918.8378880421144,1931.8258056640625
2020-08-18 00:00:00+05:30,1939.8849879538966,1962.3460498536288,1927.4542244227137,1945.8431396484375
2020-08-19 00:00:00+05:30,1951.5008890400852,1958.5735631209118,1931.0543475226857,1934.5693359375
2020-08-20 00:00:00+05:30,1934.9121778684423,1951.6723141358157,1920.381089283269,1931.3544921875
2020-08-21 00:00:00+05:30,1937.4846166223647,1946.914851482031,1921.2389357014565,1927.7115478515625
2020-08-24 00:00:00+05:30,1929.4263164505046,1937.4418912506617,1911.7659730688392,1927.2830810546875
2020-08-25 00:00:00+05:30,1924.6248318345497,1928.9113013932013,1914.8088584052919,1922.610107421875
2020-08-26 00:00:00+05:30,1922.0528636227327,1937.3983402321762,1900.148963303465,1931.9117431640625
2020-08-27 00:00:00+05:30,1942.6280073741677,1960.9313161416896,1921.8386299783938,1927.53955078125
2020-08-28 00:00:00+05:30,1944.6859295106108,1954.5877186166708,1916.138202293587,1919.0958251953125
2020-08-31 00:00:00+05:30,1920.3385099401928,1951.372510071133,1910.0509822083702,1935.1268310546875
2020-09-01 00:00:00+05:30,1945.2000961846745,1952.915742225072,1921.4530941203986,1925.782470703125
2020-09-02 00:00:00+05:30,1926.3392484566268,1944.9853893796048,1921.752642716391,1941.8990478515625
2020-09-03 00:00:00+05:30,1944.3418102525684,1992.3502500118911,1944.3418102525684,1971.3465576171875
2020-09-04 00:00:00+05:30,1950.343982751862,1992.565715125721,1940.0135474886533,1962.1746826171875
2020-09-07 00:00:00+05:30,1962.3456253448398,2009.0681402340026,1957.5019988057907,1994.9656982421875
2020-09-08 00:00:00+05:30,2002.5956836957052,2049.3182021754624,1994.9658515539825,2013.0975341796875
2020-09-09 00:00:00+05:30,1993.2086012414027,2022.3565979907391,1988.922131131206,1995.4803466796875
2020-09-10 00:00:00+05:30,2001.7811337827634,2013.3546007232633,1992.608131475159,1998.48046875
2020-09-11 00:00:00+05:30,1998.3093963378444,2042.9315906499935,1997.6235192815964,2035.3017578125
2020-09-14 00:00:00+05:30,2043.8748208970546,2148.1645579804117,2041.945909291565,2135.8623046875
2020-09-15 00:00:00+05:30,2135.8623046875,2175.8122909924314,2112.8869916712433,2135.8623046875
2020-09-16 00:00:00+05:30,2133.7613766496534,2149.7500317121953,2123.7739875295424,2145.806396484375
2020-09-17 00:00:00+05:30,2126.0883223705914,2139.590697805001,2100.883971946445,2109.7568359375
2020-09-18 00:00:00+05:30,2130.3755260448897,2143.5777695284337,2088.710955175567,2100.284423828125
2020-09-21 00:00:00+05:30,2113.2293422503303,2147.4352831776064,2102.2130325473,2113.486572265625
2020-09-22 00:00:00+05:30,2130.375405348731,2190.385980147287,2107.2284693550023,2162.90966796875
2020-09-23 00:00:00+05:30,2151.8074836679716,2160.251911497286,2065.2208080303362,2115.32958984375
2020-09-24 00:00:00+05:30,2100.3700631724664,2100.3700631724664,1974.005025540892,1999.4237060546875
2020-09-25 00:00:00+05:30,2030.0719464456893,2091.797106979511,2016.4410572145775,2076.623046875
2020-09-28 00:00:00+05:30,2091.797130746494,2095.2263063706687,2028.3573816992644,2080.05224609375
2020-09-29 00:00:00+05:30,2087.3823574313583,2152.70811767689,2080.052451949216,2133.290283203125
2020-09-30 00:00:00+05:30,2133.8054085723597,2147.5221167029977,2108.943875085579,2136.634521484375
2020-10-01 00:00:00+05:30,2151.8078171247416,2177.526635656113,2136.6337560512884,2163.33837890625
2020-10-05 00:00:00+05:30,2246.1103891317093,2338.783958754555,2231.579296985746,2319.666259765625
2020-10-06 00:00:00+05:30,2345.5561166791226,2345.5561166791226,2271.91465419209,2326.952880859375
2020-10-07 00:00:00+05:30,2350.700342865016,2374.7045768548846,2317.2658740934125,2345.513671875
2020-10-08 00:00:00+05:30,2400.423152898631,2473.2931414687678,2400.423152898631,2422.45556640625
2020-10-09 00:00:00+05:30,2408.9959271272833,2426.0132952436484,2383.277109399946,2411.52490234375
2020-10-12 00:00:00+05:30,2413.7110835961653,2446.716900224989,2401.0659980046034,2426.141845703125
2020-10-13 00:00:00+05:30,2439.0011124116168,2447.48823818637,2410.8818310130396,2423.18408203125
2020-10-14 00:00:00+05:30,2446.8172734004734,2446.8172734004734,2399.9386382621356,2418.922607421875
2020-10-15 00:00:00+05:30,2420.1280703092193,2434.548968629276,2347.8083414205767,2359.517333984375
2020-10-16 00:00:00+05:30,2367.696304451943,2386.2495901900656,2351.5104186466215,2379.060791015625
2020-10-19 00:00:00+05:30,2388.2730712233697,2388.2730712233697,2330.245179453124,2334.5068359375
2020-10-20 00:00:00+05:30,2346.086360712737,2376.133401035261,2340.0166273556647,2358.1396484375
2020-10-21 00:00:00+05:30,2358.1395015420994,2366.748992237762,2292.7504617470677,2303.383056640625
2020-10-22 00:00:00+05:30,2290.9858149552647,2313.0690777980003,2271.2701624060755,2299.724365234375
2020-10-23 00:00:00+05:30,2314.0594355778976,2326.284872886134,2298.8206758954566,2313.198486328125
2020-10-26 00:00:00+05:30,2315.9094926329994,2333.128470938704,2299.1640782692225,2314.40283203125
2020-10-27 00:00:00+05:30,2324.3474370965296,2340.1888171708038,2259.2167188339877,2264.42529296875
2020-10-28 00:00:00+05:30,2281.515485593776,2286.6380915323266,2243.6337190405206,2257.5810546875
2020-10-29 00:00:00+05:30,2245.355324800289,2285.8199337978403,2238.6829690613313,2266.57763671875
2020-10-30 00:00:00+05:30,2269.548006346375,2302.4793094178826,2257.064244397699,2294.30029296875
2020-11-02 00:00:00+05:30,2290.1239731162245,2294.2996591743195,2238.5101308734206,2242.427490234375
2020-11-03 00:00:00+05:30,2241.91181458514,2294.4297180758053,2239.372056372899,2267.39599609375
2020-11-04 00:00:00+05:30,2247.077420872264,2343.3746733495504,2247.077420872264,2284.227294921875
2020-11-05 00:00:00+05:30,2311.647866071634,2333.1715892194147,2296.150785405232,2312.25048828125
2020-11-06 00:00:00+05:30,2323.701828135349,2335.9703539044963,2308.4630697448365,2330.976806640625
2020-11-09 00:00:00+05:30,2351.337893539563,2362.4440515415527,2320.343729598056,2347.463623046875
2020-11-10 00:00:00+05:30,2322.1514538479623,2335.8835474906605,2271.484734519025,2281.17041015625
2020-11-11 00:00:00+05:30,2296.969157957218,2318.3638276224265,2275.8328150660113,2314.05908203125
2020-11-12 00:00:00+05:30,2312.5083488405276,2335.7539651542634,2291.630341595783,2299.63720703125
2020-11-13 00:00:00+05:30,2286.4649815326648,2294.342579685137,2269.4612412012066,2287.412109375
2020-11-14 00:00:00+05:30,2305.5784871138007,2315.092016240263,2290.1675830574613,2299.035400390625
2020-11-17 00:00:00+05:30,2320.2574380678784,2320.2574380678784,2281.5578245067168,2295.3330078125
2020-11-18 00:00:00+05:30,2290.9853035080814,2293.7402982870026,2244.537146702465,2261.41162109375
2020-11-19 00:00:00+05:30,2270.322995401612,2304.0290718364786,2265.028242003626,2270.23681640625
2020-11-20 00:00:00+05:30,2285.8196173152487,2303.8995464917534,2262.1866090730578,2290.339599609375
2020-11-23 00:00:00+05:30,2315.9529249736165,2350.390886683261,2294.4291989050885,2345.4404296875
2020-11-24 00:00:00+05:30,2354.1787360458343,2361.582981128241,2328.8669208719984,2343.546142578125
2020-11-25 00:00:00+05:30,2349.529639907723,2352.930346157085,2314.4028813766267,2325.681396484375
2020-11-26 00:00:00+05:30,2312.5098972699793,2351.2095275628917,2307.3442012969263,2342.298828125
2020-11-27 00:00:00+05:30,2328.8673807012233,2339.8013925388123,2297.916301728217,2307.042236328125
2020-12-01 00:00:00+05:30,2306.4825783892575,2355.4704968169954,2259.5177641778523,2347.635986328125
2020-12-02 00:00:00+05:30,2340.9211018812825,2371.6569492642816,2326.672349200546,2367.22314453125
2020-12-03 00:00:00+05:30,2388.1866135317773,2388.1866135317773,2325.2513607241167,2332.698486328125
2020-12-04 00:00:00+05:30,2333.8605983467037,2358.010259908781,2323.7013580772364,2348.281494140625
2020-12-07 00:00:00+05:30,2337.476035167594,2362.4435508286842,2329.856554069849,2357.01953125
2020-12-08 00:00:00+05:30,2359.001059632959,2415.436327751404,2352.500850441051,2408.33349609375
2020-12-09 00:00:00+05:30,2423.571754785466,2445.0954826254792,2404.759932576233,2419.955810546875
2020-12-10 00:00:00+05:30,2426.154073486651,2434.1609405370345,2393.6532515299014,2397.14013671875
2020-12-11 00:00:00+05:30,2404.3723519779046,2417.2865876316614,2380.1367204780763,2396.537841796875
2020-12-14 00:00:00+05:30,2412.3793692485433,2414.101267442154,2372.9909480696992,2408.67724609375
2020-12-15 00:00:00+05:30,2398.6041178788414,2406.0943327769764,2371.9146966102685,2377.553955078125
2020-12-16 00:00:00+05:30,2392.5776885897876,2427.7044559591814,2376.6070398138168,2422.883056640625
2020-12-17 00:00:00+05:30,2420.127639390992,2456.890119658406,2414.9619453901573,2443.54541015625
2020-12-18 00:00:00+05:30,2469.2016917298365,2495.0301613086003,2450.43296179741,2463.175048828125
2020-12-21 00:00:00+05:30,2463.1754714217423,2485.1296743302546,2397.743337263038,2428.005615234375
2020-12-22 00:00:00+05:30,2439.9301148417103,2482.6761599819592,2426.7144601002688,2473.07666015625
2020-12-23 00:00:00+05:30,2476.1326515629303,2513.110372629727,2467.006507208422,2504.28564453125
2020-12-24 00:00:00+05:30,2504.501073955218,2515.1338800203707,2482.288543876794,2504.802490234375
2020-12-28 00:00:00+05:30,2505.3621230484123,2539.5417635820504,2498.474529582987,2522.064453125
2020-12-29 00:00:00+05:30,2513.971265302423,2541.5216353331343,2513.971265302423,2523.01123046875
2020-12-30 00:00:00+05:30,2526.3687275523416,2537.819391590143,2498.4740633003353,2504.759033203125
2020-12-31 00:00:00+05:30,2496.7524840898177,2501.057229752041,2449.4002818053555,2464.68212890625
2021-01-01 00:00:00+05:30,2479.533664518057,2531.1906158621828,2478.672715328988,2521.074462890625
2021-01-04 00:00:00+05:30,2539.799673675922,2626.540289649769,2532.008042807982,2616.8115234375
2021-01-05 00:00:00+05:30,2616.940930153381,2681.210695451107,2616.940930153381,2662.91552734375
2021-01-06 00:00:00+05:30,2668.9425602674914,2680.5653746428497,2614.874907653214,2627.1865234375
2021-01-07 00:00:00+05:30,2647.418187574669,2652.4548233256423,2583.062249518992,2611.086181640625
2021-01-08 00:00:00+05:30,2660.3327913201115,2693.0488580094852,2634.5043176179747,2686.93603515625
2021-01-11 00:00:00+05:30,2780.8660814731584,2780.8660814731584,2709.019908496546,2734.76220703125
2021-01-12 00:00:00+05:30,2734.7609369685492,2763.6458129713,2711.9888818877243,2733.383544921875
2021-01-13 00:00:00+05:30,2733.5138339658242,2735.2357324439126,2691.542558562412,2719.695556640625
2021-01-14 00:00:00+05:30,2721.463363847344,2817.641863076815,2691.617754288858,2804.012939453125
2021-01-15 00:00:00+05:30,2790.4707926772085,2824.1117079521423,2768.906103398405,2789.047607421875
2021-01-18 00:00:00+05:30,2803.4093564796403,2809.231822066175,2749.411295099311,2779.041259765625
2021-01-19 00:00:00+05:30,2788.7455273267615,2828.4245543162547,2787.8829397835116,2812.63916015625
2021-01-20 00:00:00+05:30,2820.6607181001477,2870.6476143956615,2818.1592989480555,2854.129150390625
2021-01-21 00:00:00+05:30,2850.851447721759,2854.4311013086226,2813.846531321214,2823.98193359375
2021-01-22 00:00:00+05:30,2796.4223664998394,2868.103472870908,2796.4223664998394,2849.212890625
2021-01-25 00:00:00+05:30,2854.259009732699,2880.869919684752,2828.1225650480674,2839.034423828125
2021-01-27 00:00:00+05:30,2846.5384108313824,2852.1020574249364,2783.5695308342033,2812.940673828125
2021-01-28 00:00:00+05:30,2786.1574631585613,2824.973898403804,2746.3059650919727,2757.303955078125
2021-01-29 00:00:00+05:30,2768.948610007639,2774.8142462015344,2674.0208284781415,2683.811279296875
2021-02-01 00:00:00+05:30,2674.0212094804033,2730.089396130799,2625.8026531981222,2707.964111328125
2021-02-02 00:00:00+05:30,2737.852216059484,2780.981583042147,2717.150119907805,2763.25537109375
2021-02-03 00:00:00+05:30,2771.4939536086663,2791.3334683715048,2728.062583792948,2760.323486328125
2021-02-04 00:00:00+05:30,2774.1243922298722,2792.9288406332607,2739.5777229687446,2750.31689453125
2021-02-05 00:00:00+05:30,2759.374390193334,2765.3263706207213,2699.0364334246647,2724.00830078125
2021-02-08 00:00:00+05:30,2751.2224052207093,2782.706844095316,2721.5924449468753,2772.442138671875
2021-02-09 00:00:00+05:30,2755.9669210922166,2799.786405962383,2729.2267099642486,2740.35400390625
2021-02-10 00:00:00+05:30,2747.3404471937733,2777.0133649609634,2723.4468220007484,2771.751708984375
2021-02-11 00:00:00+05:30,2773.2186091965013,2776.927777293114,2747.3841575839447,2765.455322265625
2021-02-12 00:00:00+05:30,2746.6503456349074,2799.526987454854,2744.752695757617,2752.343505859375
2021-02-15 00:00:00+05:30,2768.0428515244666,2768.0428515244666,2701.2355022903666,2708.39501953125
2021-02-16 00:00:00+05:30,2717.150376031372,2732.3749597743044,2674.021004983255,2681.61181640625
2021-02-17 00:00:00+05:30,2678.4201791921864,2702.356979177696,2627.053058185839,2650.8173828125
2021-02-18 00:00:00+05:30,2643.8303988706775,2672.209440285452,2614.5024270724384,2637.231689453125
2021-02-19 00:00:00+05:30,2637.7923377748643,2662.936676901493,2601.6929699093357,2649.7392578125
2021-02-22 00:00:00+05:30,2670.570568892352,2670.570568892352,2538.724001627138,2551.921630859375
2021-02-23 00:00:00+05:30,2561.8845121926547,2611.914580107528,2560.159337436969,2570.682861328125
2021-02-24 00:00:00+05:30,2563.6098964027583,2590.6520971446007,2519.7472404187038,2542.994140625
2021-02-25 00:00:00+05:30,2565.335097001332,2613.553651608383,2560.5476944966717,2583.708251953125
2021-02-26 00:00:00+05:30,2553.2586180761905,2563.9116563447387,2484.251628398456,2496.586669921875
2021-03-01 00:00:00+05:30,2523.9303847715423,2557.5712887380805,2503.0558146851845,2522.377685546875
2021-03-02 00:00:00+05:30,2553.2594565052327,2609.3276540298407,2542.9084046545354,2593.240478515625
2021-03-03 00:00:00+05:30,2617.953254705439,2642.9682940419984,2585.088584305513,2638.74169921875
2021-03-04 00:00:00+05:30,2607.602254512263,2658.020456448059,2601.6073129494007,2630.63330078125
2021-03-05 00:00:00+05:30,2601.650414921177,2642.278162500534,2584.829957559571,2594.70654296875
2021-03-08 00:00:00+05:30,2601.563782860783,2616.2277697005156,2584.312033637568,2593.75732421875
2021-03-09 00:00:00+05:30,2593.7570925981777,2645.469164158386,2580.9477962993865,2631.7109375
2021-03-10 00:00:00+05:30,2652.4569008454114,2668.15595322944,2639.518086694946,2648.96337890625
2021-03-12 00:00:00+05:30,2652.4566713156337,2688.685347801896,2623.4306849869185,2637.74951171875
2021-03-15 00:00:00+05:30,2623.128518944657,2673.1585926371235,2623.128518944657,2644.822509765625
2021-03-16 00:00:00+05:30,2639.517400627141,2709.3869788790357,2639.517400627141,2682.68994140625
2021-03-17 00:00:00+05:30,2678.334122051727,2721.46349599781,2661.3411908354997,2685.191650390625
2021-03-18 00:00:00+05:30,2696.404478466964,2714.0875164784493,2576.5911978359336,2619.24609375
2021-03-19 00:00:00+05:30,2613.6402270631115,2673.158766887321,2592.0755387210065,2631.064453125
2021-03-22 00:00:00+05:30,2629.770031169302,2708.0498337575755,2603.8492389926228,2699.596435546875
2021-03-23 00:00:00+05:30,2708.5245224357504,2733.5395578340426,2693.7312322907105,2710.767333984375
2021-03-24 00:00:00+05:30,2683.6816945112373,2719.134118480695,2683.6385230256433,2692.221435546875
2021-03-25 00:00:00+05:30,2684.545304110511,2700.63269050956,2630.892393161944,2643.701904296875
2021-03-26 00:00:00+05:30,2665.9563777077424,2689.5482336543882,2624.897332824754,2645.3837890625
2021-03-30 00:00:00+05:30,2659.357110741005,2750.3169153067583,2640.2938438418096,2724.525634765625
2021-03-31 00:00:00+05:30,2721.4633767178425,2764.5927487735926,2701.6238655721972,2741.173583984375
2021-04-01 00:00:00+05:30,2752.602726625417,2773.218481175331,2712.837363389243,2730.089111328125
2021-04-05 00:00:00+05:30,2735.265106696293,2814.6231608798503,2718.0133557868244,2793.834716796875
2021-04-06 00:00:00+05:30,2824.9742937050573,2824.9742937050573,2786.157853028194,2816.089599609375
2021-04-07 00:00:00+05:30,2811.173138052669,2827.174181003019,2790.298559139947,2821.869140625
2021-04-08 00:00:00+05:30,2820.6605562639493,2876.7287324587983,2817.2533784444763,2861.504150390625
2021-04-09 00:00:00+05:30,2893.118353143342,2893.420342992683,2853.4393298146024,2865.731201171875
2021-04-12 00:00:00+05:30,2865.7314277949345,2879.403524412328,2771.666215324672,2800.43359375
2021-04-13 00:00:00+05:30,2772.3560975851465,2772.3560975851465,2650.7744371664544,2677.5146484375
2021-04-15 00:00:00+05:30,2726.0345851107286,2792.410633263149,2663.1950184014627,2776.625244140625
2021-04-16 00:00:00+05:30,2785.29510739162,2800.8216827812294,2745.271130624356,2756.096435546875
2021-04-19 00:00:00+05:30,2733.539444524105,2750.7911923595366,2704.297816180099,2727.328857421875
2021-04-20 00:00:00+05:30,2781.844832915207,2782.1468227930536,2696.7506558291448,2712.44970703125
2021-04-22 00:00:00+05:30,2715.4255509270147,2715.4255509270147,2678.549933931421,2690.238037109375
2021-04-23 00:00:00+05:30,2678.3339327910185,2690.410156642572,2666.3008804288893,2682.215576171875
2021-04-26 00:00:00+05:30,2675.789660181914,2719.7384522344405,2663.713434894479,2674.71142578125
2021-04-27 00:00:00+05:30,2679.1965065440913,2705.1604719295583,2676.6087443033857,2701.623779296875
2021-04-28 00:00:00+05:30,2717.1073298168585,2718.013088769156,2684.372177800576,2694.8095703125
2021-04-29 00:00:00+05:30,2713.35515029315,2723.490552768404,2678.765309523526,2687.175537109375
2021-04-30 00:00:00+05:30,2673.1584252464727,2701.6669817097545,2605.014018794562,2618.513427734375
2021-05-03 00:00:00+05:30,2609.2405865604173,2635.20455198065,2591.212593829746,2619.677978515625
2021-05-04 00:00:00+05:30,2641.932588331327,2665.3949222272317,2617.952617786294,2630.67578125
2021-05-05 00:00:00+05:30,2648.14331355387,2673.503298834241,2632.961691102309,2670.311767578125
2021-05-06 00:00:00+05:30,2678.7651081458753,2703.3488484717996,2651.5936056803803,2683.8974609375
2021-05-07 00:00:00+05:30,2702.4867336151315,2725.6472930509076,2684.1999200832834,2702.400390625
2021-05-10 00:00:00+05:30,2713.6566768829516,2729.3988962830617,2695.585513717513,2713.2685546875
2021-05-11 00:00:00+05:30,2695.5859949476826,2698.260100491733,2666.387323213347,2693.515869140625
2021-05-12 00:00:00+05:30,2691.2731922121075,2691.2731922121075,2648.6614509058154,2663.325439453125
2021-05-14 00:00:00+05:30,2672.7274040510943,2672.7274040510943,2622.266034634606,2632.185791015625
2021-05-17 00:00:00+05:30,2635.204569921207,2652.628793698723,2618.8154089298805,2647.927734375
2021-05-18 00:00:00+05:30,2674.021044561117,2694.7231429706226,2655.0441210190706,2664.360107421875
2021-05-19 00:00:00+05:30,2660.2198038763386,2689.5477783678416,2645.6421596161504,2658.49462890625
2021-05-20 00:00:00+05:30,2645.64203321326,2664.3601386258806,2632.7032215557847,2639.517578125
2021-05-21 00:00:00+05:30,2640.379742850694,2663.8420754481285,2635.290561983907,2657.2001953125
2021-05-24 00:00:00+05:30,2658.06298828125,2678.333791534409,2649.868408242739,2658.06298828125
2021-05-25 00:00:00+05:30,2680.167063689186,2711.5888153252577,2671.5857596156225,2699.23681640625
2021-05-26 00:00:00+05:30,2704.437504946968,2743.4438151144727,2690.395275611222,2737.8095703125
2021-05-27 00:00:00+05:30,2740.7994092035597,2789.167265502162,2740.669472847345,2756.4453125
2021-05-28 00:00:00+05:30,2764.680391926616,2772.0482500019803,2718.0027593529935,2724.89404296875
2021-05-31 00:00:00+05:30,2730.441361193668,2748.08096384286,2711.8917807222774,2738.37255859375
2021-06-01 00:00:00+05:30,2746.5647543647196,2747.7348168450917,2714.839533405685,2733.04248046875
2021-06-02 00:00:00+05:30,2731.1787015358336,2738.633114164246,2700.1035884291955,2712.62890625
2021-06-03 00:00:00+05:30,2734.385751842096,2734.385751842096,2706.7344847268523,2722.857177734375
2021-06-04 00:00:00+05:30,2711.3719613568587,2736.379424869507,2708.7715406778084,2725.024169921875
2021-06-07 00:00:00+05:30,2726.107503558531,2765.5038319928763,2716.2259902615097,2759.219482421875
2021-06-08 00:00:00+05:30,2772.048315150032,2800.652941291355,2762.686758815591,2773.911865234375
2021-06-09 00:00:00+05:30,2775.515935644676,2791.118461204203,2761.8203431067545,2773.9990234375
2021-06-10 00:00:00+05:30,2782.4501531684887,2794.585449786669,2767.7144358464125,2788.344482421875
2021-06-11 00:00:00+05:30,2783.7934729559292,2868.2637548720177,2783.316686882457,2837.752197265625
2021-06-14 00:00:00+05:30,2842.2593556002153,2868.003473953107,2834.7615618028526,2839.96240234375
2021-06-15 00:00:00+05:30,2858.7290139704332,2858.7290139704332,2818.4658777931895,2828.174072265625
2021-06-16 00:00:00+05:30,2827.610863557855,2855.8686414284375,2819.722836145472,2838.229248046875
2021-06-17 00:00:00+05:30,2830.557731356494,2891.7109961422934,2825.7902937443487,2875.848388671875
2021-06-18 00:00:00+05:30,2904.5827872718105,2910.737200128449,2838.792236575542,2858.1220703125
2021-06-21 00:00:00+05:30,2830.1245314068024,2848.3274763254985,2818.5959573004056,2837.145751953125
2021-06-22 00:00:00+05:30,2863.930031360667,2883.9099729657505,2847.460700066523,2861.5029296875
2021-06-23 00:00:00+05:30,2885.5998874590587,2885.5998874590587,2822.6696280338883,2827.003662109375
2021-06-24 00:00:00+05:30,2846.5937847773375,2932.407665621721,2841.8263469526496,2924.259765625
2021-06-25 00:00:00+05:30,2925.689668189585,2946.839669579688,2903.8027963662275,2930.50048828125
2021-06-28 00:00:00+05:30,2939.775548007628,2939.775548007628,2889.067345277731,2892.31787109375
2021-06-29 00:00:00+05:30,2896.8680809773546,2917.9315267632273,2883.4325767119,2895.871337890625
2021-06-30 00:00:00+05:30,2900.3348657111633,2931.5399031186953,2893.833816251261,2900.1181640625
2021-07-01 00:00:00+05:30,2910.7371261210815,2914.2043531921013,2888.503617177266,2896.434814453125
2021-07-02 00:00:00+05:30,2887.3332807186644,2894.874457109893,2856.3015567820694,2882.5224609375
2021-07-05 00:00:00+05:30,2896.8684710577572,2924.606290050531,2862.196197316791,2878.66552734375
2021-07-06 00:00:00+05:30,2871.73124699857,2884.733350441063,2822.4100192558253,2827.7841796875
2021-07-07 00:00:00+05:30,2838.7928943928428,2845.467265896321,2809.841625554109,2838.74951171875
2021-07-08 00:00:00+05:30,2858.7286121274165,2858.7286121274165,2801.432602292869,2824.48974609375
2021-07-09 00:00:00+05:30,2817.12238849086,2844.8602089313854,2774.648850941305,2780.846435546875
2021-07-12 00:00:00+05:30,2804.1201475991397,2804.9869544453836,2763.6836928709663,2767.801025390625
2021-07-13 00:00:00+05:30,2785.916741043818,2785.916741043818,2752.1112796559187,2762.98974609375
2021-07-14 00:00:00+05:30,2762.5132295272724,2792.851467065225,2760.779615953675,2786.393798828125
2021-07-15 00:00:00+05:30,2803.8114955031597,2807.503464302064,2774.623139694448,2782.39794921875
2021-07-16 00:00:00+05:30,2791.1278950528513,2797.078563789918,2772.885229072114,2775.317626953125
2021-07-19 00:00:00+05:30,2762.461177532685,2779.66144992292,2758.9863835986816,2766.457275390625
2021-07-20 00:00:00+05:30,2766.4576554739774,2792.8660081668077,2741.743010555163,2784.8740234375
2021-07-22 00:00:00+05:30,2771.1482833453642,2801.509254252244,2771.1482833453642,2794.03857421875
2021-07-23 00:00:00+05:30,2805.8963866869444,2815.929897607345,2785.612190203211,2790.998291015625
2021-07-26 00:00:00+05:30,2779.8350559071373,2800.900993440184,2771.8865498779865,2777.706787109375
2021-07-27 00:00:00+05:30,2779.835032590563,2788.5220170674083,2746.0860130641854,2765.023681640625
2021-07-28 00:00:00+05:30,2769.4107846512215,2783.7008323872246,2721.111063799001,2777.924072265625
2021-07-29 00:00:00+05:30,2780.0524335681666,2801.943593815388,2771.4089257268242,2776.186767578125
2021-07-30 00:00:00+05:30,2796.3407812238056,2800.2499249067837,2747.1290905819374,2751.559326171875
2021-08-02 00:00:00+05:30,2762.461109566621,2801.4655856823283,2751.168029558959,2796.687744140625
2021-08-03 00:00:00+05:30,2805.027244694332,2858.017849193048,2796.296783011644,2853.58740234375
2021-08-04 00:00:00+05:30,2866.705324099397,2871.2225143143883,2832.99977665973,2844.07568359375
2021-08-05 00:00:00+05:30,2844.9876418652243,2879.735582529227,2834.128910407723,2852.762451171875
2021-08-06 00:00:00+05:30,2842.859484842023,2887.5539828638334,2836.300768366551,2875.218505859375
2021-08-09 00:00:00+05:30,2887.4669563649913,2898.8469919313166,2875.39213164299,2886.424560546875
2021-08-10 00:00:00+05:30,2880.2572815085764,2910.0534750469133,2880.2572815085764,2896.154296875
2021-08-11 00:00:00+05:30,2910.1398117937256,2918.8267963065427,2890.246702093207,2905.101318359375
2021-08-12 00:00:00+05:30,2889.291654720948,2925.776997324159,2889.291654720948,2911.66064453125
2021-08-13 00:00:00+05:30,2919.4785717498116,3023.0708709928867,2916.6553015398326,3008.650390625
2021-08-16 00:00:00+05:30,3005.6971728276917,3035.537054738601,2985.2827556133993,3016.94677734375
2021-08-17 00:00:00+05:30,3024.89517973779,3093.2617103569523,3008.302953290365,3086.529296875
2021-08-18 00:00:00+05:30,3104.598410915286,3122.9713004918467,3072.239389790579,3093.044677734375
2021-08-20 00:00:00+05:30,3045.657194737454,3105.5973962311464,3040.44500330322,3092.132568359375
2021-08-23 00:00:00+05:30,3109.9407441812386,3190.729707647399,3094.2172159201127,3159.803955078125
2021-08-24 00:00:00+05:30,3176.8307793682116,3185.821894709705,3122.4501621886025,3138.78173828125
2021-08-25 00:00:00+05:30,3136.0011620533273,3212.22944514756,3133.438544240862,3178.5673828125
2021-08-26 00:00:00+05:30,3179.436307347297,3203.412469252929,3168.9249713334366,3189.73046875
2021-08-27 00:00:00+05:30,3184.648780586405,3239.811136714947,3171.7052574467757,3231.688720703125
2021-08-30 00:00:00+05:30,3227.214847440969,3249.2364387035072,3203.412593965281,3215.313720703125
2021-08-31 00:00:00+05:30,3222.3501843175904,3304.616103294764,3217.181470574093,3289.283447265625
2021-09-01 00:00:00+05:30,3297.579690643702,3315.5617081836626,3220.2655198145953,3227.171630859375
2021-09-02 00:00:00+05:30,3243.7199945174543,3352.437520105116,3233.2956131746023,3332.978759765625
2021-09-03 00:00:00+05:30,3322.771899500522,3350.483297959247,3305.0070568599826,3337.583251953125
2021-09-06 00:00:00+05:30,3344.228513568609,3368.4653285384056,3313.216020086968,3346.2265625
2021-09-07 00:00:00+05:30,3356.6509369270207,3361.8196504818197,3308.220996519753,3314.866455078125
2021-09-08 00:00:00+05:30,3309.741068553439,3314.0845607693886,3262.831352621186,3278.59814453125
2021-09-09 00:00:00+05:30,3292.1065069900405,3308.6117777077047,3270.649697473994,3293.583251953125
2021-09-13 00:00:00+05:30,3272.386619543668,3346.573372328384,3272.386619543668,3340.44921875
2021-09-14 00:00:00+05:30,3344.445625451803,3384.8835815661164,3322.771641085691,3375.67529296875
2021-09-15 00:00:00+05:30,3372.374362683401,3457.419856737662,3358.3882327004526,3435.3115234375
2021-09-16 00:00:00+05:30,3413.984978155691,3458.9401238604128,3381.0613910627826,3390.790771484375
2021-09-17 00:00:00+05:30,3405.2980386219065,3427.015500602913,3305.3977135092737,3325.24755859375
2021-09-20 00:00:00+05:30,3308.87262161632,3362.7319291879166,3307.873703164557,3321.46875
2021-09-21 00:00:00+05:30,3351.4385106205073,3363.2094166504107,3319.861238160691,3355.738525390625
2021-09-22 00:00:00+05:30,3355.3478304693117,3385.1877076595533,3346.6173684546684,3355.043701171875
2021-09-23 00:00:00+05:30,3361.8629496086937,3369.681235538016,3331.458504327995,3361.21142578125
2021-09-24 00:00:00+05:30,3379.2370506238785,3426.494162590542,3348.83260415297,3362.992431640625
2021-09-27 00:00:00+05:30,3387.9240694299947,3391.3988633473587,3303.573362252145,3333.152587890625
2021-09-28 00:00:00+05:30,3344.4890201802423,3344.4890201802423,3258.705048558736,3282.941650390625
2021-09-29 00:00:00+05:30,3266.1322429687943,3306.266066094063,3233.4256213963404,3294.017333984375
2021-09-30 00:00:00+05:30,3305.3973338425376,3305.3973338425376,3257.7058776440495,3279.814208984375
2021-10-01 00:00:00+05:30,3285.199898206016,3309.740625944317,3235.901268147659,3240.41845703125
2021-10-04 00:00:00+05:30,3235.7284709822225,3286.851254497421,3220.6564659820315,3277.8603515625
2021-10-05 00:00:00+05:30,3261.0945797317236,3335.8026601411348,3250.3228018088666,3329.982421875
2021-10-06 00:00:00+05:30,3332.327365878328,3350.9609058383885,3296.7107282346856,3310.52294921875
2021-10-07 00:00:00+05:30,3327.115055968153,3387.055248882462,3318.4715488271363,3381.756103515625
2021-10-08 00:00:00+05:30,3409.6412690064817,3466.0197111429757,3387.9238086943383,3418.892822265625
2021-10-11 00:00:00+05:30,3261.963133084061,3264.1348795108815,3179.4367688648904,3201.675537109375
2021-10-12 00:00:00+05:30,3219.3965813830355,3220.265279866949,3153.896800529802,3173.225341796875
2021-10-13 00:00:00+05:30,3170.749899527101,3192.858236546606,3166.4064065140506,3175.26708984375
2021-10-14 00:00:00+05:30,3155.0742541878826,3194.2406932053873,3140.4520744563747,3143.28076171875
2021-10-18 00:00:00+05:30,3136.3178613209348,3179.1833532142864,3134.577130685672,3174.352783203125
2021-10-19 00:00:00+05:30,3193.370649232762,3211.7354441500183,3155.248602254649,3163.038330078125
2021-10-20 00:00:00+05:30,3143.7593878979965,3159.425962920744,3114.4281204926015,3141.017822265625
2021-10-21 00:00:00+05:30,3136.883670314862,3139.7992665819975,3056.070167017759,3074.5654296875
2021-10-22 00:00:00+05:30,3098.5008355842356,3099.8935052260636,3033.223430340186,3045.278076171875
2021-10-25 00:00:00+05:30,3048.8897923083487,3058.94255450439,3002.7604291932066,3040.142578125
2021-10-26 00:00:00+05:30,3041.4915394122427,3071.5191422480484,3024.519416070266,3031.13427734375
2021-10-27 00:00:00+05:30,3031.482455875242,3056.070276540897,3031.482455875242,3037.357421875
2021-10-28 00:00:00+05:30,3061.9457358710383,3061.9457358710383,2972.298092097668,2978.0859375
2021-10-29 00:00:00+05:30,2959.286062701825,3012.334793877842,2947.013824976602,2957.2841796875
2021-11-01 00:00:00+05:30,2992.272290245628,3034.9637499899923,2970.5131581120604,3025.73779296875
2021-11-02 00:00:00+05:30,3041.056233416435,3058.115477593055,3019.9498757574916,3032.526611328125
2021-11-03 00:00:00+05:30,3049.9342708836666,3063.5989646219014,3016.729917190848,3039.533447265625
2021-11-04 00:00:00+05:30,3057.550475519028,3057.8116276703154,3050.631112213607,3053.807861328125
2021-11-08 00:00:00+05:30,3088.056149799711,3088.056149799711,3029.9157040300906,3048.672119140625
2021-11-09 00:00:00+05:30,3053.2413845838532,3076.7412470079594,3042.7970012842507,3051.239501953125
2021-11-10 00:00:00+05:30,3044.537241096764,3063.4241220209365,3029.044699201233,3032.61328125
2021-11-11 00:00:00+05:30,3028.871591142207,3055.0261139031104,2990.5755135530526,3036.008544921875
2021-11-12 00:00:00+05:30,3051.500793099573,3076.0014917098492,3033.832334714238,3068.95166015625
2021-11-15 00:00:00+05:30,3070.6491463666757,3106.856432182133,3070.6491463666757,3092.66943359375
2021-11-16 00:00:00+05:30,3106.333875700264,3112.034811133801,3082.8340116924446,3095.3671875
2021-11-17 00:00:00+05:30,3090.319500939084,3100.9814771812103,3051.8491799334315,3065.33984375
2021-11-18 00:00:00+05:30,3059.4645310524397,3064.425783307155,3004.152985656586,3025.128662109375
2021-11-22 00:00:00+05:30,3027.478349628783,3060.1606067143043,2994.317561657031,3010.071044921875
2021-11-23 00:00:00+05:30,2998.4083105983213,3029.6978990916023,2966.030765533705,3015.162841796875
2021-11-24 00:00:00+05:30,3022.082427881749,3040.229629838049,2980.130861868933,2996.928955078125
2021-11-25 00:00:00+05:30,2997.4511638196636,3014.075227111931,2988.8781925600256,2999.19189453125
2021-11-26 00:00:00+05:30,2981.0012315223835,3037.574977522078,2969.5993607935234,3000.018798828125
2021-11-29 00:00:00+05:30,3000.2796653058103,3071.8238631118234,2964.8558400184647,3048.019287109375
2021-11-30 00:00:00+05:30,3038.4462725273975,3101.7653691548303,3038.4462725273975,3071.650634765625
2021-12-01 00:00:00+05:30,3076.741243695098,3124.6113337667334,3076.741243695098,3113.992919921875
2021-12-02 00:00:00+05:30,3123.9152323855865,3175.092756819471,3110.772843260999,3170.65380859375
2021-12-03 00:00:00+05:30,3173.744165542,3190.716292420686,3160.166591533994,3168.52197265625
2021-12-06 00:00:00+05:30,3168.5207647846923,3183.7957156508614,3065.426055364225,3077.959228515625
2021-12-07 00:00:00+05:30,3100.6764260141867,3131.574394610258,3067.4285135724954,3119.824462890625
2021-12-08 00:00:00+05:30,3134.185891998146,3173.7439580228324,3134.185891998146,3156.728271484375
2021-12-09 00:00:00+05:30,3142.018158897368,3163.5596961363453,3103.7220926947407,3134.837646484375
2021-12-10 00:00:00+05:30,3120.259277904166,3169.8700948750275,3111.642747321619,3165.34423828125
2021-12-13 00:00:00+05:30,3176.833684068705,3187.278068783452,3134.7949930935406,3141.71435546875
2021-12-14 00:00:00+05:30,3137.6668751812713,3163.777833920644,3113.0354949388247,3154.02978515625
2021-12-15 00:00:00+05:30,3150.7223405880436,3153.3334364504094,3096.8901625623257,3107.5087890625
2021-12-16 00:00:00+05:30,3117.648598243218,3140.6697186213864,3107.2042143295057,3117.300537109375
2021-12-17 00:00:00+05:30,3135.491383100008,3178.0088182880068,3110.4248168450613,3119.6943359375
2021-12-20 00:00:00+05:30,3123.7403181481413,3138.536524726163,3055.1119455823164,3095.801513671875
2021-12-21 00:00:00+05:30,3118.2145505242247,3169.1744877679744,3104.071112614517,3140.53955078125
2021-12-22 00:00:00+05:30,3154.203891564243,3165.344610059244,3138.754907271951,3160.078857421875
2021-12-23 00:00:00+05:30,3175.0928785551187,3194.676099434365,3159.4263018517217,3187.88720703125
2021-12-24 00:00:00+05:30,3207.296161626964,3224.7034677959027,3172.307518725703,3195.02392578125
2021-12-27 00:00:00+05:30,3195.1105363642764,3220.351126272902,3179.5310848310683,3216.956787109375
2021-12-28 00:00:00+05:30,3229.055696705625,3242.111177959152,3214.999380219284,3226.052978515625
2021-12-29 00:00:00+05:30,3213.606416952969,3237.715494300175,3207.296268256941,3215.73876953125
2021-12-30 00:00:00+05:30,3204.1195040416433,3255.1663458319385,3202.94442584533,3249.7265625
2021-12-31 00:00:00+05:30,3257.6030632890643,3272.5733029211456,3247.5938630274704,3253.72998046875
2022-01-03 00:00:00+05:30,3263.870148330577,3333.4993781616295,3259.5183214661365,3322.83740234375
2022-01-04 00:00:00+05:30,3334.4558755050516,3384.9804004138555,3317.570664787102,3381.15087890625
2022-01-05 00:00:00+05:30,3363.9622782352676,3368.314105244627,3318.180973100179,3360.437255859375
2022-01-06 00:00:00+05:30,3317.8327634933953,3337.8511668408105,3283.0181489761508,3313.87255859375
2022-01-07 00:00:00+05:30,3324.7953995758726,3363.874716003597,3304.2546937860716,3353.95263671875
2022-01-10 00:00:00+05:30,3462.3127331931946,3462.3127331931946,3360.480005746336,3376.886474609375
2022-01-11 00:00:00+05:30,3356.128630733851,3416.1838370410696,3356.128630733851,3408.263427734375
2022-01-12 00:00:00+05:30,3416.1838154603215,3419.665276673529,3339.200046881566,3359.52294921875
2022-01-13 00:00:00+05:30,3410.09159730068,3414.443424249762,3356.9993085218794,3392.59716796875
2022-01-14 00:00:00+05:30,3375.1466505790668,3461.443297528625,3359.6541035054447,3453.740478515625
2022-01-17 00:00:00+05:30,3475.10729954909,3518.8867142278687,3448.64828088195,3498.12841796875
2022-01-18 00:00:00+05:30,3511.010486284599,3517.755818179657,3464.0543151392512,3473.2802734375
2022-01-19 00:00:00+05:30,3498.0416342208123,3498.0416342208123,3409.5443196960337,3413.16259765625
2022-01-20 00:00:00+05:30,3409.108201339722,3417.827148146218,3322.790627955417,3336.3486328125
2022-01-21 00:00:00+05:30,3319.3029944689906,3358.1459444240563,3288.0020610960582,3342.408203125
2022-01-24 00:00:00+05:30,3348.075701814863,3356.4894006591326,3260.9735050308036,3288.22021484375
2022-01-25 00:00:00+05:30,3286.6073819205503,3321.3958985887766,3245.366716144262,3286.9560546875
2022-01-27 00:00:00+05:30,3253.0391101339314,3255.131572257952,3160.7055469917223,3181.76171875
2022-01-28 00:00:00+05:30,3178.927958254504,3251.992773976616,3178.927958254504,3217.3349609375
2022-01-31 00:00:00+05:30,3268.732622153626,3276.5796729936856,3244.6682477648264,3257.615966796875
2022-02-01 00:00:00+05:30,3287.0431133861125,3320.1751129374843,3257.74736547893,3313.7666015625
2022-02-02 00:00:00+05:30,3337.5262605413695,3369.001750237971,3313.7671255273985,3362.200927734375
2022-02-03 00:00:00+05:30,3357.6668632762744,3385.131549382014,3327.194182693847,3334.64892578125
2022-02-04 00:00:00+05:30,3326.5400477247117,3334.7357731436837,3286.1712786456783,3326.191162109375
2022-02-07 00:00:00+05:30,3305.353118242363,3340.9264679175108,3274.967499946627,3294.890380859375
2022-02-08 00:00:00+05:30,3305.832508802573,3312.938365711903,3244.3202929778845,3263.894287109375
2022-02-09 00:00:00+05:30,3269.6056660386375,3293.9750843631887,3266.2053612919385,3278.80419921875
2022-02-10 00:00:00+05:30,3304.307189440181,3304.307189440181,3276.580890265159,3287.348876953125
2022-02-11 00:00:00+05:30,3271.7852545985124,3271.7852545985124,3217.291829305399,3221.607666015625
2022-02-14 00:00:00+05:30,3246.9360379352192,3307.3147491669633,3234.7295114768162,3255.43701171875
2022-02-15 00:00:00+05:30,3300.993431710489,3343.7162732725105,3267.861432131778,3328.7197265625
2022-02-16 00:00:00+05:30,3351.5630416267727,3360.3692627561973,3318.431044857309,3324.62158203125
2022-02-17 00:00:00+05:30,3334.997420658973,3343.716368163964,3294.8902621360157,3299.424072265625
2022-02-18 00:00:00+05:30,3286.171253915909,3327.1066691225346,3276.2317390898334,3307.88134765625
2022-02-21 00:00:00+05:30,3321.918793472412,3337.4385616421955,3230.8494350012497,3242.925048828125
2022-02-22 00:00:00+05:30,3182.4159725046347,3198.022804045737,3112.664389545629,3126.96337890625
2022-02-23 00:00:00+05:30,3148.411687072803,3158.787148610905,3100.152231425736,3107.25830078125
2022-02-24 00:00:00+05:30,3028.9622839273047,3037.5505321408286,2956.68229614939,2965.880615234375
2022-02-25 00:00:00+05:30,3023.731181877086,3077.7886597537813,3018.499813050309,3069.7236328125
2022-02-28 00:00:00+05:30,3042.9123451891032,3107.2145759792743,3013.1806523150753,3098.887939453125
2022-03-02 00:00:00+05:30,3097.4060013989642,3114.3643111770593,3056.8628968064095,3091.869384765625
2022-03-03 00:00:00+05:30,3106.4301334512893,3120.162475048833,3077.8755818754444,3090.343505859375
2022-03-04 00:00:00+05:30,3052.93918222262,3104.9912513670993,3040.340346833838,3072.862060546875
2022-03-07 00:00:00+05:30,3008.036538077574,3093.4822136519515,2991.9501243817053,3038.465576171875
2022-03-08 00:00:00+05:30,3016.755720684322,3146.6680335114793,3016.755720684322,3138.77734375
2022-03-09 00:00:00+05:30,3143.1797665589315,3185.9025983374027,3136.248247649481,3167.244140625
2022-03-10 00:00:00+05:30,3212.060163122713,3212.060163122713,3151.8994271684605,3157.087158203125
2022-03-11 00:00:00+05:30,3141.654931943972,3173.566366707418,3132.5873111877163,3138.080078125
2022-03-14 00:00:00+05:30,3121.382892115444,3180.9769774502593,3121.382892115444,3176.312255859375
2022-03-15 00:00:00+05:30,3190.262874496947,3190.262874496947,3126.091336067845,3133.50244140625
2022-03-16 00:00:00+05:30,3174.1327209416286,3198.109825687102,3152.9892740297114,3187.559814453125
2022-03-17 00:00:00+05:30,3223.0459941926397,3234.7292978853975,3191.3961743923683,3202.251220703125
2022-03-21 00:00:00+05:30,3222.523182319606,3238.1736514139975,3151.8997034863028,3162.100830078125
2022-03-22 00:00:00+05:30,3173.697164295669,3235.601696895942,3160.61874191533,3226.839111328125
2022-03-23 00:00:00+05:30,3232.984794281727,3251.9921368858068,3217.2906933386116,3236.821044921875
2022-03-24 00:00:00+05:30,3226.010570995481,3276.7548028095052,3221.6510972508927,3269.474609375
2022-03-25 00:00:00+05:30,3278.2369399463614,3295.3261619554955,3201.5974776294693,3232.506103515625
2022-03-28 00:00:00+05:30,3221.6515869535915,3237.3456948196713,3192.1814973876276,3232.724609375
2022-03-29 00:00:00+05:30,3221.433123484478,3245.1922553919017,3218.163518176117,3230.67529296875
2022-03-30 00:00:00+05:30,3259.1422326604416,3259.1422326604416,3231.4159399540727,3253.5185546875
2022-03-31 00:00:00+05:30,3260.8864107485983,3273.6595838693274,3243.622851883413,3260.8427734375
2022-04-01 00:00:00+05:30,3267.861749927253,3280.9401720854466,3250.467491029845,3277.234619140625
2022-04-04 00:00:00+05:30,3280.068469711955,3295.7625772225383,3258.35837280163,3287.348876953125
2022-04-05 00:00:00+05:30,3288.7871089041378,3344.239702036937,3288.7871089041378,3326.104248046875
2022-04-06 00:00:00+05:30,3321.3089461528684,3321.3089461528684,3253.1702389534807,3274.270263671875
2022-04-07 00:00:00+05:30,3265.6819935656586,3265.6819935656586,3207.7009890076247,3212.191162109375
2022-04-08 00:00:00+05:30,3217.2913621519056,3230.369782323255,3175.8763649426332,3213.49853515625
2022-04-11 00:00:00+05:30,3217.2912972094496,3236.7782280173724,3187.734153364789,3222.871337890625
2022-04-12 00:00:00+05:30,3211.1882999423365,3260.0144049645387,3180.9772326058187,3218.250732421875
2022-04-13 00:00:00+05:30,3232.1138622901385,3234.5988474920932,3187.2549196419677,3192.8349609375
2022-04-18 00:00:00+05:30,3147.53936313832,3147.53936313832,3071.2485891010338,3076.087646484375
2022-04-19 00:00:00+05:30,3095.2266635407514,3107.040881125284,2998.577035957168,3027.131591796875
2022-04-20 00:00:00+05:30,3051.6311288353154,3111.9225558490607,3034.193236670542,3101.15478515625
2022-04-21 00:00:00+05:30,3121.383187052368,3177.184450731517,3110.3972281195647,3163.80078125
2022-04-22 00:00:00+05:30,3122.3421383520026,3153.643072364982,3113.971864238743,3149.76318359375
2022-04-25 00:00:00+05:30,3102.2013489316732,3124.8706111779416,3080.491256003329,3093.65673828125
2022-04-26 00:00:00+05:30,3117.1542787359804,3128.270936257901,3067.4562804026878,3092.000244140625
2022-04-27 00:00:00+05:30,3091.7384547198044,3111.3124472027903,3057.1242793987144,3104.9912109375
2022-04-28 00:00:00+05:30,3128.358780932987,3142.6577715972885,3084.8076749252646,3125.1328125
2022-04-29 00:00:00+05:30,3136.205470355331,3159.092707941327,3083.761085375679,3092.34912109375
2022-05-02 00:00:00+05:30,3068.9822217914025,3093.4389119139187,3045.3103646568115,3088.599853515625
2022-05-04 00:00:00+05:30,3085.199399623491,3091.259025222723,3021.376750080482,3033.9755859375
2022-05-05 00:00:00+05:30,3062.18164851879,3080.4041637186206,3038.8584638656703,3063.31494140625
2022-05-06 00:00:00+05:30,3015.884148783102,3029.398518342552,2985.803777828197,2992.8662109375
2022-05-09 00:00:00+05:30,2962.6980803096562,3013.2679710271254,2918.1007532108174,3003.764404296875
2022-05-10 00:00:00+05:30,2994.0862835389403,3020.9406818291613,2983.623547545211,2998.227783203125
2022-05-11 00:00:00+05:30,2994.9583637197297,3006.6853051327807,2948.878642613765,2974.90478515625
2022-05-12 00:00:00+05:30,2945.2603983861713,3007.7752079636566,2920.934620561456,2971.98388671875
2022-05-13 00:00:00+05:30,2994.958519542189,2999.230718747237,2948.8787960387763,2977.433349609375
2022-05-16 00:00:00+05:30,2977.5206937156568,2990.599115503573,2935.3210712259547,2944.21435546875
2022-05-17 00:00:00+05:30,2938.2851908443163,3022.858978236571,2921.1959692768205,3009.431884765625
2022-05-18 00:00:00+05:30,3021.1151300571946,3047.271971010071,3001.977083999657,3006.990478515625
2022-05-19 00:00:00+05:30,2961.8260731069436,2968.8012301822614,2816.2196691596782,2844.07666015625
2022-05-20 00:00:00+05:30,2885.971624824438,2889.371929206205,2851.139472106869,2871.1494140625
2022-05-23 00:00:00+05:30,2881.4379784431057,2911.169463412706,2848.480312420623,2896.216552734375
2022-05-24 00:00:00+05:30,2890.4614049004085,2898.9189531249863,2855.978142487524,2866.78955078125
2022-05-25 00:00:00+05:30,2890.3583930021523,2890.3583930021523,2768.5241539139447,2780.461669921875
2022-05-26 00:00:00+05:30,2800.9572278964383,2845.2845046149496,2791.78459666296,2832.512939453125
2022-05-27 00:00:00+05:30,2855.554301399254,2878.112892084147,2834.4878731863514,2862.664306640625
2022-05-30 00:00:00+05:30,2894.0004601077003,2972.648541346063,2884.6523186812783,2962.685791015625
2022-05-31 00:00:00+05:30,2944.165004523289,2969.839714625581,2918.5781569271903,2953.118408203125
2022-06-01 00:00:00+05:30,2973.8772519538998,2973.8772519538998,2931.788329574225,2945.08642578125
2022-06-02 00:00:00+05:30,2944.9106725614183,3012.49878635791,2937.274136329878,3004.598876953125
2022-06-03 00:00:00+05:30,3036.549616789654,3052.2617878256715,3011.7966095219977,3019.652587890625
2022-06-06 00:00:00+05:30,3000.2103424202264,3030.9322154409138,2964.3534420465703,3011.577392578125
2022-06-07 00:00:00+05:30,2985.3321578943005,3000.9564672739875,2945.788676454605,2951.669677734375
2022-06-08 00:00:00+05:30,2966.987037508978,2996.6556349491925,2937.450233831093,2988.053466796875
2022-06-09 00:00:00+05:30,2971.243889360723,3016.8878132150094,2943.2431833311603,3008.197998046875
2022-06-10 00:00:00+05:30,2968.6116509411686,2978.2670998354183,2942.2786085023054,2949.212890625
2022-06-13 00:00:00+05:30,2887.856545320782,2890.4898491615,2802.2302392403376,2826.061767578125
2022-06-14 00:00:00+05:30,2800.0795032064775,2843.0022662978668,2786.6496119457593,2818.11767578125
2022-06-15 00:00:00+05:30,2825.0956872779684,2838.7010882886284,2809.73475065303,2814.386962890625
2022-06-16 00:00:00+05:30,2843.9675291414705,2848.224788477131,2750.0903105068783,2757.9462890625
2022-06-17 00:00:00+05:30,2714.058813161479,2737.5391085211395,2654.2390062170584,2711.337646484375
2022-06-20 00:00:00+05:30,2715.813999414828,2755.0941146293767,2693.869800970946,2731.96484375
2022-06-21 00:00:00+05:30,2747.4134022673966,2841.9928891984864,2743.375584391192,2819.346435546875
2022-06-22 00:00:00+05:30,2808.7691181856167,2853.2281861623023,2793.934927975882,2829.001708984375
2022-06-23 00:00:00+05:30,2829.0019403695915,2912.433820057707,2829.0019403695915,2904.3583984375
2022-06-24 00:00:00+05:30,2930.8670987174446,2936.1337062623097,2876.884371382577,2890.57763671875
2022-06-27 00:00:00+05:30,2940.5223579770245,2951.845477755388,2902.3394557167258,2909.537109375
2022-06-28 00:00:00+05:30,2902.778160142834,2922.966819859582,2872.5830330686026,2912.565185546875
2022-06-29 00:00:00+05:30,2871.178449917376,2925.600053064694,2871.178449917376,2888.294921875
2022-06-30 00:00:00+05:30,2872.0563477532055,2906.20143071572,2857.134294601676,2867.75537109375
2022-07-01 00:00:00+05:30,2861.5226108633774,2925.599650922588,2854.544400730377,2909.8876953125
2022-07-04 00:00:00+05:30,2907.167492895693,2912.390169414773,2830.8456113873167,2839.623291015625
2022-07-05 00:00:00+05:30,2857.134120972691,2872.0561732174024,2814.957336327149,2823.16455078125
2022-07-06 00:00:00+05:30,2825.0952244274345,2868.983607593932,2810.831499898323,2862.180908203125
2022-07-07 00:00:00+05:30,2871.1782778598463,2913.6621507610735,2865.9556026660175,2885.96875
2022-07-08 00:00:00+05:30,2896.6342992518366,2901.0231390991876,2852.7459007783236,2866.307373046875
2022-07-11 00:00:00+05:30,2814.25583951642,2830.801852341889,2726.3474584105143,2733.194091796875
2022-07-12 00:00:00+05:30,2734.1586897815223,2752.855185791673,2703.7441228408766,2707.650146484375
2022-07-13 00:00:00+05:30,2724.590993932538,2729.857600235243,2664.0250214514344,2667.316650390625
2022-07-14 00:00:00+05:30,2689.5396493330554,2690.4197342968428,2611.212087556013,2639.15478515625
2022-07-15 00:00:00+05:30,2656.5799405130747,2665.688689015533,2598.890340539718,2635.501953125
2022-07-18 00:00:00+05:30,2660.496938579367,2707.977481063416,2652.8402420995244,2696.140380859375
2022-07-19 00:00:00+05:30,2666.701122969062,2709.7371858696033,2666.701122969062,2705.600830078125
2022-07-20 00:00:00+05:30,2735.1274060003793,2791.584756291882,2726.5465797601073,2785.292236328125
2022-07-21 00:00:00+05:30,2787.2282973371975,2802.1897375186727,2767.030396065092,2796.293212890625
2022-07-22 00:00:00+05:30,2803.070211178946,2813.6312292430425,2766.5466903739457,2790.7490234375
2022-07-25 00:00:00+05:30,2785.4688845307937,2804.3466638559003,2771.475619682265,2787.009033203125
2022-07-26 00:00:00+05:30,2785.204284119927,2788.9005972546584,2725.1825445833438,2742.256103515625
2022-07-27 00:00:00+05:30,2741.464386254903,2811.079185829187,2737.063961878892,2806.458740234375
2022-07-28 00:00:00+05:30,2830.353067253872,2872.597142884527,2817.723762864332,2869.516845703125
2022-07-29 00:00:00+05:30,2895.4789811618575,2919.5053390848148,2882.2777092112715,2905.951904296875
2022-08-01 00:00:00+05:30,2928.0419799310016,2928.0419799310016,2878.757233650227,2903.2236328125
2022-08-02 00:00:00+05:30,2895.4790367844817,2915.632893070421,2879.329394508913,2897.063232421875
2022-08-03 00:00:00+05:30,2886.677927084893,2947.40377372174,2884.081720092872,2939.04296875
2022-08-04 00:00:00+05:30,2948.284247964706,2981.6393778391775,2910.748715052076,2952.640625
2022-08-05 00:00:00+05:30,2958.1408845663077,2972.0462668986875,2952.6844019677515,2961.529296875
2022-08-08 00:00:00+05:30,2961.4854873266017,2973.718580659818,2935.96302696034,2969.80224609375
2022-08-10 00:00:00+05:30,2979.086528663496,2979.086528663496,2935.082296334641,2952.02392578125
2022-08-11 00:00:00+05:30,2992.2881808117236,3017.5465704239223,2970.3301090460086,3012.090087890625
2022-08-12 00:00:00+05:30,3009.010270550342,3009.010270550342,2975.787065603493,2993.65283203125
2022-08-16 00:00:00+05:30,3001.969364945804,3005.3577774981677,2981.2873713731783,2985.86376953125
2022-08-17 00:00:00+05:30,2979.1749915692876,3008.085646866667,2966.853804993196,2993.25634765625
2022-08-18 00:00:00+05:30,2983.4878523567468,2985.248022181146,2958.845474815157,2975.787109375
2022-08-19 00:00:00+05:30,2980.8469320664967,3011.209854758051,2966.9855977942652,2979.746826171875
2022-08-22 00:00:00+05:30,2961.4856625107705,2978.2953698990436,2945.996082460912,2952.288818359375
2022-08-23 00:00:00+05:30,2921.837677410358,2941.155497044556,2877.877481785338,2890.726806640625
2022-08-24 00:00:00+05:30,2897.239152734898,2911.3205094918117,2860.4515652345717,2864.984130859375
2022-08-25 00:00:00+05:30,2883.158259068392,2885.0503557407283,2829.2530565751263,2832.289306640625
2022-08-26 00:00:00+05:30,2846.4586837304396,2866.436568329258,2831.0571977170034,2835.8095703125
2022-08-29 00:00:00+05:30,2750.264984792601,2765.842442693576,2711.5412538067208,2756.90966796875
2022-08-30 00:00:00+05:30,2776.6677926566595,2839.5938614918264,2765.314783665754,2826.08447265625
2022-09-01 00:00:00+05:30,2807.4706096920486,2807.4706096920486,2746.7447563789606,2756.16162109375
2022-09-02 00:00:00+05:30,2783.708184014529,2783.708184014529,2746.1286065456165,2755.017333984375
2022-09-05 00:00:00+05:30,2749.077131149413,2770.463237341752,2739.0442491650956,2757.657958984375
2022-09-06 00:00:00+05:30,2759.5064994471986,2764.2150401121958,2733.8521078108315,2752.06982421875
2022-09-07 00:00:00+05:30,2730.022918646201,2782.73990969169,2730.022918646201,2771.9150390625
2022-09-08 00:00:00+05:30,2789.868418316236,2801.74956142263,2781.1556659839825,2789.560302734375
2022-09-09 00:00:00+05:30,2811.871580578131,2845.754853145348,2788.549328031865,2831.805419921875
2022-09-12 00:00:00+05:30,2851.386743228349,2877.7014084575,2838.2735652602178,2854.071044921875
2022-09-13 00:00:00+05:30,2872.1128147669933,2872.1128147669933,2838.273595799271,2842.10205078125
2022-09-14 00:00:00+05:30,2759.0656316117834,2764.6980879442594,2740.4078782879656,2746.21630859375
2022-09-15 00:00:00+05:30,2754.6658898669316,2761.486548220436,2728.263341401753,2732.091796875
2022-09-16 00:00:00+05:30,2707.140883675961,2723.2905259336594,2640.2544379154365,2647.9111328125
2022-09-19 00:00:00+05:30,2671.93739753417,2677.2179062249493,2629.5173540244687,2665.600830078125
2022-09-20 00:00:00+05:30,2684.2589485371036,2710.617448353941,2666.6572505139093,2675.72216796875
2022-09-21 00:00:00+05:30,2664.896863274496,2676.6899140420137,2638.626245172588,2641.310546875
2022-09-22 00:00:00+05:30,2631.4539421397903,2666.6132921396306,2622.0370763565347,2646.767333984375
2022-09-23 00:00:00+05:30,2643.7748504500028,2660.056419935131,2621.772729524154,2624.45703125
2022-09-26 00:00:00+05:30,2604.9194100878144,2663.00501422092,2575.2165443379304,2635.326171875
2022-09-27 00:00:00+05:30,2648.527334337031,2662.2567443196413,2619.1325854860343,2655.612060546875
2022-09-28 00:00:00+05:30,2622.6529999705645,2684.2148957050317,2622.6529999705645,2671.629638671875
2022-09-29 00:00:00+05:30,2687.779187014094,2689.407429965768,2631.453755459116,2637.87841796875
2022-09-30 00:00:00+05:30,2632.2021565114587,2657.592478379605,2596.3386948281413,2644.25927734375
2022-10-03 00:00:00+05:30,2635.8541732184285,2658.4723112978595,2617.372391035595,2627.00927734375
2022-10-04 00:00:00+05:30,2666.612972771875,2726.502788091317,2660.496426210475,2720.47412109375
2022-10-06 00:00:00+05:30,2737.943814323573,2749.3849167299395,2721.6181983015977,2729.97900390625
2022-10-07 00:00:00+05:30,2725.9748289925205,2732.663560045022,2691.387665003336,2697.3720703125
2022-10-10 00:00:00+05:30,2649.055370612203,2752.0252969781927,2644.6549464085288,2744.588623046875
2022-10-11 00:00:00+05:30,2728.262648238744,2767.866460874468,2687.2067817521515,2701.464111328125
2022-10-12 00:00:00+05:30,2714.973179114535,2736.9752964040767,2694.8633728305495,2728.922607421875
2022-10-13 00:00:00+05:30,2728.9227331476845,2737.063516919874,2686.326718058436,2731.1669921875
2022-10-14 00:00:00+05:30,2767.866621375349,2772.2670452567086,2702.740347931223,2727.5146484375
2022-10-17 00:00:00+05:30,2711.191188700507,2760.3829006019378,2710.132396730235,2745.691650390625
2022-10-18 00:00:00+05:30,2779.44145620759,2784.1621810395077,2760.5148265184666,2774.764892578125
2022-10-19 00:00:00+05:30,2787.3834440777728,2787.3834440777728,2745.91240201647,2754.603759765625
2022-10-20 00:00:00+05:30,2739.735696686924,2788.2656365638254,2739.735696686924,2785.88330078125
2022-10-21 00:00:00+05:30,2786.324298557894,2788.6183117668575,2759.1474909324643,2768.323974609375
2022-10-24 00:00:00+05:30,2797.17735486645,2804.147932217598,2783.853595389088,2789.765380859375
2022-10-25 00:00:00+05:30,2806.3537912248353,2809.6626504347373,2780.456366973794,2790.118408203125
2022-10-27 00:00:00+05:30,2788.8830306568198,2800.6184946542526,2765.632908701152,2785.97119140625
2022-10-28 00:00:00+05:30,2779.4419971424763,2804.589329497575,2775.0301844485994,2791.13330078125
2022-10-31 00:00:00+05:30,2822.677776187459,2822.677776187459,2803.9717333524763,2817.515869140625
2022-11-01 00:00:00+05:30,2836.3550400318877,2878.796774178203,2826.604888628481,2876.23779296875
2022-11-02 00:00:00+05:30,2885.325640459638,2885.325640459638,2843.0163977761526,2860.354736328125
2022-11-03 00:00:00+05:30,2848.309987196131,2848.309987196131,2819.147866804397,2829.515625
2022-11-04 00:00:00+05:30,2838.5604712079626,2841.251720209756,2793.692247035101,2838.913330078125
2022-11-07 00:00:00+05:30,2849.1488372988474,2861.325484271074,2819.2368313071347,2853.2958984375
2022-11-09 00:00:00+05:30,2867.50165781084,2867.50165781084,2825.015774743182,2837.721923828125
2022-11-10 00:00:00+05:30,2797.0890301257955,2845.6189659797133,2797.0890301257955,2828.545166015625
2022-11-11 00:00:00+05:30,2884.972500644262,2948.502600302408,2872.1340832542387,2925.869873046875
2022-11-14 00:00:00+05:30,2932.972948442887,2955.032010931176,2919.737510949914,2943.1201171875
2022-11-15 00:00:00+05:30,2930.3257883875335,2947.046514255534,2904.7372765347063,2940.561279296875
2022-11-16 00:00:00+05:30,2946.120217692935,2971.7087315184385,2930.723034354456,2960.63525390625
2022-11-17 00:00:00+05:30,2947.090963487235,2964.7382147656017,2927.4583964400517,2955.0322265625
2022-11-18 00:00:00+05:30,2955.9145275229503,2967.164649978448,2930.3260137026023,2950.135009765625
2022-11-21 00:00:00+05:30,2931.6494426143504,2941.531859652826,2887.9724983225788,2897.2373046875
2022-11-22 00:00:00+05:30,2894.1492638662367,2928.517243290538,2872.310790000173,2924.98779296875
2022-11-23 00:00:00+05:30,2938.2673417659494,2938.2673417659494,2903.855201727249,2919.1201171875
2022-11-24 00:00:00+05:30,2926.1346994104915,2993.8118614360064,2919.1199604786734,2982.517578125
2022-11-25 00:00:00+05:30,2985.0320343422495,3002.988195561847,2954.149349978673,2990.899658203125
2022-11-28 00:00:00+05:30,2970.032447243622,3015.032938868525,2969.635427166336,2995.841552734375
2022-11-29 00:00:00+05:30,2985.0323478503824,3025.6210229911208,2985.0323478503824,2997.6943359375
2022-11-30 00:00:00+05:30,2985.0320807890316,3013.1793559501702,2977.973181396093,2991.91455078125
2022-12-01 00:00:00+05:30,3022.0916277039573,3070.6215662510285,3017.679815108769,3066.783203125
2022-12-02 00:00:00+05:30,3051.298091486406,3060.827434912216,3011.503453385087,3034.5771484375
2022-12-05 00:00:00+05:30,3029.1503577484414,3034.576800767576,3006.2089335417827,3022.885498046875
2022-12-06 00:00:00+05:30,3000.0768878174986,3007.047465925803,2971.797124472303,2987.106201171875
2022-12-07 00:00:00+05:30,2972.061936190009,2994.473859666086,2959.4441081486752,2982.9150390625
2022-12-08 00:00:00+05:30,2964.737940576892,2982.914693880783,2946.6053484812223,2956.399658203125
2022-12-09 00:00:00+05:30,2977.1791964798053,2977.1791964798053,2890.9282679261296,2905.39892578125
2022-12-12 00:00:00+05:30,2872.531012608813,2908.266692538365,2855.4132669095334,2899.840087890625
2022-12-13 00:00:00+05:30,2891.6785277132994,2943.958509197416,2883.3844058485947,2940.120361328125
2022-12-14 00:00:00+05:30,2954.8558406430157,2979.73842222779,2947.88504703309,2969.458984375
2022-12-15 00:00:00+05:30,2963.6794580212227,2968.9294722548675,2910.869971774407,2916.296630859375
2022-12-16 00:00:00+05:30,2889.7377868280323,2904.737952439048,2845.796082130471,2859.07568359375
2022-12-19 00:00:00+05:30,2847.384043898269,2863.707751618169,2818.7072600660117,2825.369140625
2022-12-20 00:00:00+05:30,2822.5898507779443,2866.796306586051,2791.486566749887,2862.34033203125
2022-12-21 00:00:00+05:30,2866.7956690407614,2896.8401542703996,2858.854406799651,2884.0458984375
2022-12-22 00:00:00+05:30,2906.5028781661345,2906.5028781661345,2863.3554261612308,2876.23779296875
2022-12-23 00:00:00+05:30,2838.5607808688314,2882.5466472441854,2838.5607808688314,2848.57568359375
2022-12-26 00:00:00+05:30,2848.575474519875,2887.0905170401593,2845.6636347651533,2870.2373046875
2022-12-27 00:00:00+05:30,2884.6194199757956,2888.6783736131365,2851.354397062912,2876.060546875
2022-12-28 00:00:00+05:30,2867.501582014755,2881.884133279231,2846.5013122623786,2873.94287109375
2022-12-29 00:00:00+05:30,2851.00155026507,2886.6489089761594,2848.2661403561187,2884.222412109375
2022-12-30 00:00:00+05:30,2899.487515031026,2910.9140670266365,2864.3252810692306,2873.590087890625
2023-01-02 00:00:00+05:30,2877.3844740498453,2882.5463814916634,2854.619475605265,2877.781494140625
2023-01-03 00:00:00+05:30,2869.443216210816,2929.4438738683607,2863.5314297904347,2921.8115234375
2023-01-04 00:00:00+05:30,2917.708161297688,2935.9290769595705,2899.6197292688294,2924.722900390625
2023-01-05 00:00:00+05:30,2938.4438163122472,2944.708676788832,2895.8698218927307,2921.5908203125
2023-01-06 00:00:00+05:30,2911.7966394640803,2913.1643446061225,2823.5603776621383,2833.751708984375
2023-01-09 00:00:00+05:30,2849.148823161941,2935.6203575905165,2842.2221906134705,2929.399658203125
2023-01-10 00:00:00+05:30,2898.5609212000154,2910.0316341301827,2850.119304301601,2899.796142578125
2023-01-11 00:00:00+05:30,2903.061052704587,2955.473300937228,2886.3401103867363,2937.1201171875
2023-01-12 00:00:00+05:30,2937.385230735527,2955.9148461892505,2925.5174963028508,2942.10595703125
2023-01-13 00:00:00+05:30,2949.649997353469,2981.5033749797517,2916.2085393039592,2977.576904296875
2023-01-16 00:00:00+05:30,2993.323187907327,3025.810265014551,2976.2223955490254,3008.70947265625
2023-01-17 00:00:00+05:30,3005.0554281038935,3051.8007788267178,2996.933656676586,3048.732421875
2023-01-18 00:00:00+05:30,3050.1760059457965,3076.3009900989787,3043.182259186601,3059.2001953125
2023-01-19 00:00:00+05:30,3050.1760655484736,3056.4929982286035,3033.030105416692,3043.949462890625
2023-01-20 00:00:00+05:30,3036.6398008661617,3063.3964349074176,3028.157150767711,3034.92529296875
2023-01-23 00:00:00+05:30,3057.3954283238595,3085.370416009231,3028.1571422247093,3081.67041015625
2023-01-24 00:00:00+05:30,3090.7850432164355,3115.1051909529156,3083.8364610513177,3100.982421875
2023-01-25 00:00:00+05:30,3091.055812758132,3099.80923290407,3072.736663184384,3095.071533203125
2023-01-27 00:00:00+05:30,3091.6874086767493,3109.7357881786565,3052.251743528508,3078.1962890625
2023-01-30 00:00:00+05:30,3086.27313262084,3120.971100823279,3055.1848405969054,3098.591064453125
2023-01-31 00:00:00+05:30,3112.4430679566062,3112.4430679566062,3024.0060077479234,3030.95458984375
2023-02-01 00:00:00+05:30,3034.835218352332,3085.3706843730665,3027.6158660636556,3075.760009765625
2023-02-02 00:00:00+05:30,3092.5897637316407,3130.491359902265,3086.363161059032,3122.73046875
2023-02-03 00:00:00+05:30,3162.0761001103447,3162.0761001103447,3115.9624021902155,3142.49365234375
2023-02-06 00:00:00+05:30,3134.2363491995434,3134.2363491995434,3101.4787169293004,3122.324462890625
2023-02-07 00:00:00+05:30,3130.4011068970385,3152.149492409252,3123.632964557196,3133.695068359375
2023-02-08 00:00:00+05:30,3138.658220197554,3194.4726991238244,3138.658220197554,3176.60498046875
2023-02-09 00:00:00+05:30,3172.0024612292277,3201.42140575325,3163.249041886129,3195.330078125
2023-02-10 00:00:00+05:30,3176.5147978181903,3196.683950073236,3165.8210448180002,3192.352294921875
2023-02-13 00:00:00+05:30,3202.6844342820445,3202.6844342820445,3134.461482466357,3142.583251953125
2023-02-14 00:00:00+05:30,3162.978405332995,3180.8915095356965,3153.9542158741274,3158.556640625
2023-02-15 00:00:00+05:30,3146.7350075745903,3181.929348066534,3122.504969647513,3177.101318359375
2023-02-16 00:00:00+05:30,3183.012093754283,3226.147763863208,3182.831654026723,3210.851806640625
2023-02-17 00:00:00+05:30,3182.064379197295,3193.570220400415,3149.4420234423537,3159.50390625
2023-02-20 00:00:00+05:30,3160.2713747659004,3178.319754975871,3135.951226496393,3147.005859375
2023-02-21 00:00:00+05:30,3153.0515704800237,3166.4975236812143,3108.607440587024,3114.24755859375
2023-02-22 00:00:00+05:30,3081.716107289756,3110.638683938109,3063.71289004058,3069.623779296875
2023-02-23 00:00:00+05:30,3087.175351151494,3115.5112191854573,3075.443904333321,3080.677978515625
2023-02-24 00:00:00+05:30,3088.5289980581183,3098.861651446193,3052.2517986673643,3068.630615234375
2023-02-27 00:00:00+05:30,3059.200182190444,3059.200182190444,2992.421181163278,3006.724609375
2023-02-28 00:00:00+05:30,3003.7011359869543,3061.004732842947,2977.891868803714,2989.578369140625
2023-03-01 00:00:00+05:30,2998.738199575175,3058.297850845702,2991.5188479060203,3055.31982421875
2023-03-02 00:00:00+05:30,3033.030315791083,3041.0617569146098,2994.2262980645087,2997.339599609375
2023-03-03 00:00:00+05:30,3026.713529386069,3030.3232056286283,3006.0482210242776,3016.019775390625
2023-03-06 00:00:00+05:30,3033.8422880766893,3072.6914693231265,3031.22536115521,3042.821533203125
2023-03-08 00:00:00+05:30,3035.7370214238013,3064.614424719153,3005.8219245743644,3059.560791015625
2023-03-09 00:00:00+05:30,3054.6879538516177,3054.6879538516177,3005.8220589057696,3011.236572265625
2023-03-10 00:00:00+05:30,2989.623891239265,3011.5978825619827,2968.9585837527675,3005.957763671875
2023-03-13 00:00:00+05:30,3007.7623794090946,3040.9714410429538,2952.7148231102783,2961.69384765625
2023-03-14 00:00:00+05:30,2959.933835721557,2981.9527675921568,2896.222976618514,2901.2314453125
2023-03-15 00:00:00+05:30,2932.8617458363906,2942.2018705999863,2880.521443910695,2886.748046875
2023-03-16 00:00:00+05:30,2894.959981480573,2905.608569116776,2862.4728993941326,2874.204345703125
2023-03-17 00:00:00+05:30,2843.0710795687405,2907.0524989935184,2837.2053560273353,2869.060791015625
2023-03-20 00:00:00+05:30,2860.3523392948427,2860.3523392948427,2793.0320130478685,2836.57373046875
2023-03-21 00:00:00+05:30,2836.5733568003143,2848.7108468749984,2795.1973623365025,2803.00341796875
2023-03-22 00:00:00+05:30,2824.616398697249,2836.753889168361,2803.003509518878,2825.293212890625
2023-03-23 00:00:00+05:30,2810.944823053039,2839.326076534462,2798.4012872223343,2819.743408203125
2023-03-24 00:00:00+05:30,2841.6271470449155,2860.668276380488,2802.9134594440998,2815.99853515625
2023-03-27 00:00:00+05:30,2829.083479625092,2845.1014163917093,2802.9133294148437,2817.622802734375
2023-03-28 00:00:00+05:30,2821.864106617975,2842.2136983642395,2806.6582589143677,2811.84716796875
2023-03-29 00:00:00+05:30,2823.6689236329594,2842.6197217781473,2801.1987796733742,2832.602783203125
2023-03-31 00:00:00+05:30,2878.670916779496,2899.4717149761873,2844.4241660768575,2893.064453125
2023-04-03 00:00:00+05:30,2910.2557859956287,2910.2557859956287,2864.0519824028015,2887.740478515625
2023-04-05 00:00:00+05:30,2874.6555889687143,2945.8114118907883,2874.6555889687143,2923.656982421875
2023-04-06 00:00:00+05:30,2910.3013442933197,2939.494687765259,2901.277154078457,2906.4208984375
2023-04-10 00:00:00+05:30,2905.78896386189,2952.7147483714607,2901.276869197508,2944.953857421875
2023-04-11 00:00:00+05:30,2945.4959753413264,2953.5725823132193,2880.657074154327,2900.194580078125
2023-04-12 00:00:00+05:30,2912.963319978562,2942.7431464979895,2886.8383344135827,2925.326416015625
2023-04-13 00:00:00+05:30,2896.765029058617,2914.813409301973,2869.6924586935834,2877.678955078125
2023-04-17 00:00:00+05:30,2828.2715566379666,2854.7122578378658,2770.6520137188445,2833.14453125
2023-04-18 00:00:00+05:30,2847.086786804494,2848.801515098883,2807.064636248936,2825.248291015625
2023-04-19 00:00:00+05:30,2825.248469834299,2833.59584613262,2771.7801405720834,2788.114013671875
2023-04-20 00:00:00+05:30,2788.4744781128575,2809.230113386837,2777.6454510133904,2801.830322265625
2023-04-21 00:00:00+05:30,2806.5227991505576,2855.659464544931,2798.2205892743714,2852.410888671875
2023-04-24 00:00:00+05:30,2843.612955225027,2870.5500335589504,2821.0974221009633,2865.000244140625
2023-04-25 00:00:00+05:30,2872.399207357796,2879.79899788449,2840.3633380957153,2866.082275390625
2023-04-26 00:00:00+05:30,2870.5948910586885,2895.3210839802464,2870.5948910586885,2886.0712890625
2023-04-27 00:00:00+05:30,2874.20436323212,2887.018668292053,2861.254563139059,2876.866455078125
2023-04-28 00:00:00+05:30,2888.101618768192,2912.331656535757,2884.3566681237626,2905.1123046875
2023-05-02 00:00:00+05:30,2919.325382723846,2919.325382723846,2896.7649083596743,2905.24755859375
2023-05-03 00:00:00+05:30,2902.179217450923,2902.179217450923,2863.5104789920574,2869.601806640625
2023-05-04 00:00:00+05:30,2869.827763052802,2909.8049697680735,2867.8876502834637,2906.4208984375
2023-05-05 00:00:00+05:30,2905.788742296028,2927.4467950336384,2896.8097186619816,2915.444580078125
2023-05-08 00:00:00+05:30,2928.3499294526296,2937.2388455625774,2915.9868320573555,2933.403564453125
2023-05-09 00:00:00+05:30,2935.208133223178,2976.177867775832,2929.2520796847634,2962.8671875
2023-05-10 00:00:00+05:30,2968.9584975056696,2983.8484109430083,2947.3456066100516,2966.07080078125
2023-05-11 00:00:00+05:30,2986.1045506418404,2986.7361998952592,2952.715046751315,2961.87451171875
2023-05-12 00:00:00+05:30,2959.1671272317485,2968.9584613481547,2941.8858917917887,2954.79052734375
2023-05-15 00:00:00+05:30,2963.5441770356083,2970.7635294766205,2931.3730258472074,2937.419189453125
2023-05-16 00:00:00+05:30,2938.4563916534416,2964.4461001565937,2933.267482954537,2940.216064453125
2023-05-17 00:00:00+05:30,2938.2308468250335,2959.9340659758723,2886.161319057114,2895.591552734375
2023-05-18 00:00:00+05:30,2911.1582258666713,2913.8654825847825,2883.228404788249,2887.605224609375
2023-05-19 00:00:00+05:30,2896.765155186877,2918.8744219476494,2890.49338684266,2908.361328125
2023-05-22 00:00:00+05:30,2914.813188789529,2985.6079108748772,2903.126907529479,2976.809326171875
2023-05-23 00:00:00+05:30,2983.397162487744,3003.2052151323046,2969.048788762343,2975.320556640625
2023-05-24 00:00:00+05:30,2956.324369747154,2993.5039850346407,2956.324369747154,2981.005615234375
2023-05-25 00:00:00+05:30,2972.568397032033,2983.3974258008197,2948.2934123355303,2972.1171875
2023-05-26 00:00:00+05:30,2972.1169557498865,3012.861085188572,2969.860908265637,3004.0625
2023-05-29 00:00:00+05:30,3032.84972720672,3042.9567756365113,2988.8116372799896,2996.346923828125
2023-05-30 00:00:00+05:30,2991.5187038651916,3002.302565838326,2979.200773799653,2992.6015625
2023-05-31 00:00:00+05:30,2986.1044948593535,3002.9796862307608,2946.5333332663195,2968.50732421875
2023-06-01 00:00:00+05:30,2990.616922206397,3014.0798190010155,2975.727006932889,2999.64111328125
2023-06-02 00:00:00+05:30,3001.671241441304,3010.379496788302,2975.6815298082374,2983.036376953125
2023-06-05 00:00:00+05:30,2991.518798732182,3002.347826057909,2964.491395428479,2967.965576171875
2023-06-06 00:00:00+05:30,2959.9340095974917,2967.920505036819,2906.3304147456515,2916.888671875
2023-06-07 00:00:00+05:30,2935.5686573495286,2958.896273847872,2924.739630639355,2955.33154296875
2023-06-08 00:00:00+05:30,2942.788464510879,2950.910235802077,2917.520731604928,2920.634033203125
2023-06-09 00:00:00+05:30,2928.3496145730646,2932.8617095107734,2892.5687898438873,2896.13330078125
2023-06-12 00:00:00+05:30,2901.2771305591828,2936.8323515906563,2897.6674545025,2930.064208984375
2023-06-13 00:00:00+05:30,2941.885742306206,2946.3978370029945,2922.9349445796934,2927.17626953125
2023-06-14 00:00:00+05:30,2927.176458412748,2938.140981423725,2911.068411496085,2933.809326171875
2023-06-15 00:00:00+05:30,2950.4009142583286,2952.3554558246337,2918.3085669348598,2924.0361328125
2023-06-16 00:00:00+05:30,2906.489819361,2908.6716434866084,2869.2154738515223,2886.39794921875
2023-06-19 00:00:00+05:30,2900.1257053530403,2922.7629614182097,2886.488750625675,2918.671875
2023-06-20 00:00:00+05:30,2921.9448612962487,2938.76377229002,2910.171667991738,2934.39990234375
2023-06-21 00:00:00+05:30,2954.673593600641,2965.0375906543964,2930.9907039438817,2962.12841796875
2023-06-22 00:00:00+05:30,2963.7655447882894,2970.7203046003756,2936.5826305677556,2944.21923828125
2023-06-23 00:00:00+05:30,2943.1275340242505,2954.127877366656,2917.5353831715756,2924.081298828125
2023-06-26 00:00:00+05:30,2913.7623666206755,2921.853536828419,2884.6701994656482,2899.80712890625
2023-06-27 00:00:00+05:30,2911.035717443629,2917.990476643383,2893.1258918679814,2906.808349609375
2023-06-28 00:00:00+05:30,2916.4902067752564,2937.354704231224,2903.2168146828576,2923.26318359375
2023-06-30 00:00:00+05:30,2927.4000459558824,3009.2217863707983,2922.0362650887305,3002.176025390625
2023-07-03 00:00:00+05:30,3013.13049275471,3017.2215789622455,2971.719564640637,2974.947021484375
2023-07-04 00:00:00+05:30,2991.0388296361334,3013.7670882199945,2979.4929186666623,3008.176025390625
2023-07-05 00:00:00+05:30,3018.31307903841,3026.495253047851,3004.676122356007,3018.267578125
2023-07-06 00:00:00+05:30,3006.084827429316,3025.9946921480014,3001.948240187536,3020.948974609375
2023-07-07 00:00:00+05:30,3001.948608480936,3051.859779118901,3001.948608480936,3026.722412109375
2023-07-10 00:00:00+05:30,3022.6317757801185,3022.6317757801185,2968.493007500654,2974.629638671875
2023-07-11 00:00:00+05:30,2995.5842749230624,2995.5842749230624,2964.4920637140776,2975.037841796875
2023-07-12 00:00:00+05:30,2982.811311383607,2990.266136197233,2954.764772000077,2963.674072265625
2023-07-13 00:00:00+05:30,2985.5842369007783,3061.4511244735218,2975.3565198894707,3036.99560546875
2023-07-14 00:00:00+05:30,3059.223633971811,3204.548209497131,3047.4049393977743,3195.27490234375
2023-07-17 00:00:00+05:30,3191.047775615765,3227.3219906075915,3161.0919726546085,3174.41064453125
2023-07-18 00:00:00+05:30,3160.137072859517,3203.775329331685,3150.136639084645,3179.092529296875
2023-07-19 00:00:00+05:30,3181.955453773132,3197.274385239965,3132.5441424444443,3154.72705078125
2023-07-20 00:00:00+05:30,3147.4818530276434,3170.9982338938335,3131.940826772371,3156.779052734375
2023-07-21 00:00:00+05:30,3102.772940548675,3130.892412746542,3061.755687476042,3070.18701171875
2023-07-24 00:00:00+05:30,3081.762606135278,3111.3405552900845,3073.6503948838067,3094.295654296875
2023-07-25 00:00:00+05:30,3096.8022755718303,3105.2792181395616,3081.0333776826646,3098.30615234375
2023-07-26 00:00:00+05:30,3099.4000558754824,3118.085690977951,3085.4085278953876,3088.41650390625
2023-07-27 00:00:00+05:30,3094.4784894450686,3109.700404471625,3085.454782088273,3096.255859375
2023-07-28 00:00:00+05:30,3085.4090385149057,3093.3389965593196,3036.1883330260416,3058.4287109375
2023-07-31 00:00:00+05:30,3066.6317666989726,3123.3722948817326,3063.4415361987367,3118.632568359375
2023-08-01 00:00:00+05:30,3112.7532591629024,3153.7705056233212,3112.7532591629024,3146.524169921875
2023-08-02 00:00:00+05:30,3130.9380706417523,3141.3746384347655,3111.477796074465,3136.133544921875
2023-08-03 00:00:00+05:30,3117.3109079687597,3129.3882090010948,3069.913198256954,3099.035400390625
2023-08-04 00:00:00+05:30,3100.2203533858487,3163.7970883064404,3100.2203533858487,3138.776611328125
2023-08-07 00:00:00+05:30,3148.2563099923013,3179.292741496562,3136.680374620139,3175.6923828125
2023-08-08 00:00:00+05:30,3175.692417693925,3181.070146163837,3150.6719384869994,3163.432861328125
2023-08-09 00:00:00+05:30,3158.2375468524356,3160.1517745233527,3121.9146206044115,3156.050048828125
2023-08-10 00:00:00+05:30,3144.6557951355153,3158.236973179639,3126.471525696296,3137.455078125
2023-08-11 00:00:00+05:30,3133.8088225124093,3159.831808251447,3111.841719602854,3143.561767578125
2023-08-14 00:00:00+05:30,3136.178979187144,3149.213394617888,3109.1076379281085,3144.519287109375
2023-08-16 00:00:00+05:30,3144.6557916406823,3159.239702558436,3131.165629535196,3152.312255859375
2023-08-17 00:00:00+05:30,3149.213505497685,3154.5002181176783,3111.112990794358,3131.667236328125
2023-08-18 00:00:00+05:30,3108.196040036422,3108.196040036422,3059.431087502126,3069.093017578125
2023-08-21 00:00:00+05:30,3076.2937232176655,3107.968154886351,3073.559239908139,3100.5849609375
2023-08-22 00:00:00+05:30,3099.0808101413627,3109.1072480565263,3067.224126908382,3082.810546875
2023-08-23 00:00:00+05:30,3088.143265662933,3100.9041882483175,3077.2053320183186,3097.486083984375
2023-08-24 00:00:00+05:30,3106.373291177773,3110.9763829614676,3079.1196943322775,3087.91552734375
2023-08-25 00:00:00+05:30,3076.2936734488317,3086.137857710432,3053.734186510207,3082.0361328125
2023-08-28 00:00:00+05:30,3093.612439755008,3093.612439755008,3062.712864151854,3076.79541015625
2023-08-29 00:00:00+05:30,3081.8080085574366,3089.555710512283,3067.178479771432,3077.341552734375
2023-08-30 00:00:00+05:30,3097.25786691958,3106.4640490627457,3083.631070604938,3090.831787109375
2023-08-31 00:00:00+05:30,3099.9925997056025,3114.941019553153,3047.7183044022304,3059.70458984375
2023-09-01 00:00:00+05:30,3068.0901446211,3089.0545157816123,3059.7044406634573,3080.121826171875
2023-09-04 00:00:00+05:30,3079.028080349797,3129.023637156642,3071.7817443830672,3115.943603515625
2023-09-05 00:00:00+05:30,3117.310690729968,3141.9210382883625,3103.7749105597304,3125.833251953125
2023-09-06 00:00:00+05:30,3130.071933045149,3139.095639063221,3097.349371389577,3126.334716796875
2023-09-07 00:00:00+05:30,3127.155409983017,3153.771005173287,3119.4077066466084,3149.44140625
2023-09-08 00:00:00+05:30,3149.4410000920693,3158.3280704200915,3131.0288578677555,3137.2724609375
2023-09-11 00:00:00+05:30,3155.5937353709564,3177.1961089834826,3140.098329969077,3172.593017578125
2023-09-12 00:00:00+05:30,3182.9384041965895,3272.1736158051285,3174.7349547012377,3263.879150390625
2023-09-13 00:00:00+05:30,3255.0380406666054,3271.2170677568156,3231.247945622234,3252.07568359375
2023-09-14 00:00:00+05:30,3254.081254350375,3279.2839903543,3231.7952564819984,3244.96630859375
2023-09-15 00:00:00+05:30,3252.075604550965,3288.0796357921176,3247.153400937542,3279.83056640625
2023-09-18 00:00:00+05:30,3263.1959666407256,3298.9721261758623,3258.820748484001,3286.98583984375
2023-09-20 00:00:00+05:30,3263.1500568604156,3304.167306178493,3263.1500568604156,3286.89453125
2023-09-21 00:00:00+05:30,3270.943558229628,3285.937597907689,3215.752523000923,3267.981201171875
2023-09-22 00:00:00+05:30,3266.7962535271386,3312.143104423616,3249.523477440977,3284.70703125
2023-09-25 00:00:00+05:30,3283.6584732834535,3299.6096247844835,3243.689356080608,3260.552001953125
2023-09-26 00:00:00+05:30,3251.847786603666,3276.7770270409974,3223.0444721045315,3268.345703125
2023-09-27 00:00:00+05:30,3272.2654430863545,3294.141312343756,3241.0011354327476,3271.62744140625
2023-09-28 00:00:00+05:30,3281.37980335937,3283.9320321574332,3215.159824951922,3223.727783203125
2023-09-29 00:00:00+05:30,3224.138279675587,3252.6224826131343,3195.289567953573,3216.299560546875
2023-10-03 00:00:00+05:30,3221.40351413728,3221.40351413728,3172.091799849083,3202.854736328125
2023-10-04 00:00:00+05:30,3177.7430606044213,3233.982222159653,3169.539610773689,3224.639404296875
2023-10-05 00:00:00+05:30,3239.451673917619,3303.256293268838,3236.8994446369993,3271.673095703125
2023-10-06 00:00:00+05:30,3273.176643439127,3313.2367809094894,3258.638351141779,3300.885986328125
2023-10-09 00:00:00+05:30,3322.443150428711,3353.3883449301275,3309.636607893801,3316.336181640625
2023-10-10 00:00:00+05:30,3317.8857096422857,3325.1320466518578,3282.6109158249983,3307.722412109375
2023-10-11 00:00:00+05:30,3326.954825968897,3326.954825968897,3285.937574689828,3290.40380859375
2023-10-12 00:00:00+05:30,3258.5928446615626,3271.0346556007717,3224.958786550778,3229.014892578125
2023-10-13 00:00:00+05:30,3217.575421151711,3260.4156604701616,3213.0179488837907,3254.81005859375
2023-10-16 00:00:00+05:30,3250.389494786418,3258.273833459736,3207.6404903319494,3212.15234375
2023-10-17 00:00:00+05:30,3217.575000468156,3221.3576129428398,3193.283765469241,3196.65625
2023-10-18 00:00:00+05:30,3200.2568789933416,3210.9213191020513,3175.646529881174,3178.60888671875
2023-10-19 00:00:00+05:30,3170.6127629599455,3177.3296712861907,3154.5288620352453,3157.955810546875
2023-10-20 00:00:00+05:30,3153.1578999999892,3198.028165823499,3147.355068054905,3193.504638671875
2023-10-23 00:00:00+05:30,3173.811234327899,3179.2486146541296,3108.288023694424,3116.37548828125
2023-10-25 00:00:00+05:30,3098.418430452583,3129.9463572629693,3086.2641415822154,3098.052978515625
2023-10-26 00:00:00+05:30,3077.9022236248165,3083.065403130757,3043.1300770713924,3049.298583984375
2023-10-27 00:00:00+05:30,3061.407763117545,3072.3739998809515,3049.5276732905218,3062.27587890625
2023-10-30 00:00:00+05:30,3061.4074995333685,3091.4276593319496,3046.557388528169,3087.498046875
2023-10-31 00:00:00+05:30,3106.1860427295915,3106.1860427295915,3061.4529873832034,3078.5419921875
2023-11-01 00:00:00+05:30,3065.9765288100825,3081.14657643751,3025.767000563393,3043.72412109375
2023-11-02 00:00:00+05:30,3055.193202126613,3085.1218868690776,3055.193202126613,3070.637451171875
2023-11-03 00:00:00+05:30,3090.6504056818926,3096.0420483703,3056.198197111951,3062.2294921875
2023-11-06 00:00:00+05:30,3084.2537855610026,3100.063486624272,3069.6321379850096,3089.051513671875
2023-11-07 00:00:00+05:30,3086.9948483064154,3110.892010478965,3076.028614387032,3080.09521484375
2023-11-08 00:00:00+05:30,3081.009254460664,3108.8817673622384,3079.273023228274,3090.2392578125
2023-11-09 00:00:00+05:30,3098.0528650963947,3099.3321699375433,3054.1421877854477,3059.076904296875
2023-11-10 00:00:00+05:30,3050.441034374945,3059.076899811592,3036.139325479398,3046.282958984375
2023-11-13 00:00:00+05:30,3066.8905352612105,3066.8905352612105,3040.388799408238,3044.546875
2023-11-15 00:00:00+05:30,3091.6561463483945,3118.9802615645867,3066.9363782941077,3111.02978515625
2023-11-16 00:00:00+05:30,3134.5612355569488,3225.3068746335257,3120.0765776114918,3196.5205078125
2023-11-17 00:00:00+05:30,3196.5210191589413,3220.875113994912,3191.6775533131577,3200.724609375
2023-11-20 00:00:00+05:30,3190.4889097792343,3229.464646386725,3190.4889097792343,3216.396728515625
2023-11-21 00:00:00+05:30,3216.396992381275,3234.171387970376,3199.39923794906,3207.806640625
2023-11-22 00:00:00+05:30,3198.4850230582065,3228.322229815577,3181.2132931771357,3226.03759765625
2023-11-23 00:00:00+05:30,3225.9007144988595,3238.69465500962,3198.4851276900877,3206.0244140625
2023-11-24 00:00:00+05:30,3193.230552452981,3202.6432821116277,3155.5341196594813,3159.281005859375
2023-11-28 00:00:00+05:30,3159.28118436596,3181.350644295862,3137.2572385975423,3171.206787109375
2023-11-29 00:00:00+05:30,3181.122097340804,3214.934656261117,3176.37010665481,3211.05078125
2023-11-30 00:00:00+05:30,3197.982587796699,3213.7008135539186,3181.1220458782195,3187.153564453125
2023-12-01 00:00:00+05:30,3198.4852942750963,3213.9750570070746,3189.3925021316686,3209.131591796875
2023-12-04 00:00:00+05:30,3239.288567355795,3242.1673378334053,3196.657419148335,3209.862548828125
2023-12-05 00:00:00+05:30,3233.211361926645,3233.211361926645,3201.0437864410123,3227.36279296875
2023-12-06 00:00:00+05:30,3228.2771864947563,3301.6138895051217,3221.4688031800893,3293.61767578125
2023-12-07 00:00:00+05:30,3294.440005254403,3317.788993602691,3282.285715953096,3303.487060546875
2023-12-08 00:00:00+05:30,3320.027826121142,3330.9940617152665,3291.74412143969,3314.2705078125
2023-12-11 00:00:00+05:30,3310.797891464415,3338.304955567598,3303.5785421234236,3329.074951171875
2023-12-12 00:00:00+05:30,3325.4656460686388,3379.7941674649996,3318.2005586492637,3355.760009765625
2023-12-13 00:00:00+05:30,3329.6694610077393,3335.5637687993644,3256.058550200585,3283.976806640625
2023-12-14 00:00:00+05:30,3317.285885226711,3361.150822552023,3315.0927276038888,3351.326904296875
2023-12-15 00:00:00+05:30,3350.824558139156,3560.3253463636993,3350.824558139156,3528.38623046875
2023-12-18 00:00:00+05:30,3525.736106571666,3590.5281905815186,3500.1937384877283,3526.7412109375
2023-12-19 00:00:00+05:30,3513.7645660221524,3522.9945699903956,3463.5026541544753,3487.445556640625
2023-12-20 00:00:00+05:30,3497.543479836221,3562.9296988605265,3442.072653930527,3454.40966796875
2023-12-21 00:00:00+05:30,3432.660113142662,3478.763949441548,3420.871499435154,3461.218017578125
2023-12-22 00:00:00+05:30,3472.6410167486597,3514.6325128426206,3437.9146065811733,3494.573486328125
2023-12-26 00:00:00+05:30,3490.78113326196,3503.71206271633,3463.6395233033168,3468.574462890625
2023-12-27 00:00:00+05:30,3471.7275030067567,3489.273435762688,3443.3980603657433,3482.87646484375
2023-12-28 00:00:00+05:30,3494.5737504650037,3507.3676920200533,3465.4219300223085,3472.5498046875
2023-12-29 00:00:00+05:30,3465.3303142807017,3493.2943032121766,3441.0217370731516,3466.609619140625
2024-01-01 00:00:00+05:30,3463.5027692673525,3501.8845941510544,3447.967268719188,3482.78515625
2024-01-02 00:00:00+05:30,3482.7849604684966,3482.7849604684966,3442.7124205931514,3457.288330078125
2024-01-03 00:00:00+05:30,3442.4842348014154,3446.9165110740164,3369.421732416939,3373.716796875
2024-01-04 00:00:00+05:30,3382.8548848897744,3398.6188470061647,3336.4768514169155,3350.915771484375
2024-01-05 00:00:00+05:30,3358.409847582414,3424.8926547692495,3358.2728588729105,3415.89111328125
2024-01-08 00:00:00+05:30,3415.891042086117,3417.5817593808756,3356.0336705400387,3361.425537109375
2024-01-09 00:00:00+05:30,3390.3486750012953,3429.09617357813,3365.4919196193155,3372.02587890625
2024-01-10 00:00:00+05:30,3372.11752875156,3407.986258562806,3370.289822773917,3393.181884765625
2024-01-11 00:00:00+05:30,3403.1881186966993,3447.966909732182,3387.6526197660214,3413.7431640625
2024-01-12 00:00:00+05:30,3516.505979741258,3568.824058571868,3492.3803522837784,3548.30810546875
2024-01-15 00:00:00+05:30,3618.8577598512566,3623.4270246995534,3550.318787126801,3567.499267578125
2024-01-16 00:00:00+05:30,3563.1126115927123,3563.1126115927123,3523.405745987789,3528.660400390625
2024-01-17 00:00:00+05:30,3490.0045245140536,3573.1194082779125,3484.1102174250937,3549.953369140625
2024-01-18 00:00:00+05:30,3562.198531252639,3572.06818699225,3529.299827526345,3566.40234375
2024-01-19 00:00:00+05:30,3630.265574324088,3647.3356893209884,3602.7050479129484,3628.47119140625
2024-01-23 00:00:00+05:30,3588.8554368581126,3620.050782713324,3536.172879483721,3550.436279296875
2024-01-24 00:00:00+05:30,3570.451902905774,3573.810614444089,3501.987657313185,3535.299560546875
2024-01-25 00:00:00+05:30,3533.550863134138,3552.9675849710666,3477.233473153438,3506.3125
2024-01-29 00:00:00+05:30,3497.5706396876776,3515.2388107673146,3479.2123039200633,3497.754638671875
2024-01-30 00:00:00+05:30,3503.6897568365657,3540.8207042314343,3484.871312637016,3497.34033203125
2024-01-31 00:00:00+05:30,3507.140432085803,3528.12148113154,3493.5671947757637,3511.511474609375
2024-02-01 00:00:00+05:30,3515.238654965433,3593.3652043166217,3501.4814177274175,3546.6640625
2024-02-02 00:00:00+05:30,3565.896668660393,3666.522537605696,3563.089954213246,3649.86669921875
2024-02-05 00:00:00+05:30,3665.2341894937504,3701.1227492201515,3646.0016922235036,3656.30810546875
2024-02-06 00:00:00+05:30,3678.1170862666413,3818.818548187844,3671.675550213635,3806.027587890625
2024-02-07 00:00:00+05:30,3821.671387213115,3823.511826118587,3748.927994541734,3757.6240234375
2024-02-08 00:00:00+05:30,3763.697529491343,3826.272451742055,3760.062707616723,3804.279296875
2024-02-09 00:00:00+05:30,3806.533642964029,3850.888400846203,3772.8998012950433,3803.911376953125
2024-02-12 00:00:00+05:30,3800.506102833991,3827.7446868018023,3778.006558887105,3791.9482421875
2024-02-13 00:00:00+05:30,3796.3193423865514,3837.3149373465553,3755.8755196115026,3818.450439453125
2024-02-14 00:00:00+05:30,3779.3413678448446,3786.6110118014235,3726.4287482560744,3772.991943359375
2024-02-15 00:00:00+05:30,3798.6657441778602,3815.505579737829,3757.255870513131,3775.844482421875
2024-02-16 00:00:00+05:30,3785.092771105926,3817.024566750078,3772.9919748251077,3798.94189453125
2024-02-19 00:00:00+05:30,3794.110954472966,3798.942107006786,3731.49019516973,3776.396728515625
2024-02-20 00:00:00+05:30,3756.4282382838423,3771.059638965151,3690.0803202172415,3709.082763671875
2024-02-21 00:00:00+05:30,3692.840871691211,3739.174013609637,3663.0258496095253,3673.05615234375
2024-02-22 00:00:00+05:30,3654.1917205441428,3768.2528853223134,3654.1917205441428,3761.029296875
2024-02-23 00:00:00+05:30,3800.5065425299695,3800.5065425299695,3723.5761023123614,3728.821533203125
2024-02-26 00:00:00+05:30,3714.0061108225923,3726.889184546952,3665.0044196924378,3681.844482421875
2024-02-27 00:00:00+05:30,3679.957925356637,3794.985367384539,3679.957925356637,3776.948974609375
2024-02-28 00:00:00+05:30,3768.850920451233,3823.4197548467,3762.7773821335977,3790.338134765625
2024-02-29 00:00:00+05:30,3771.979635234801,3807.9603066412583,3740.278119193048,3768.390869140625
2024-03-01 00:00:00+05:30,3779.5253487627083,3809.7083657464814,3760.7527379598155,3767.700439453125
2024-03-04 00:00:00+05:30,3777.500781504877,3789.371522353806,3750.722306075315,3755.139404296875
2024-03-05 00:00:00+05:30,3737.9313106921068,3739.7717495452293,3662.473317714078,3692.012451171875
2024-03-06 00:00:00+05:30,3675.4024369976914,3747.1334961978687,3642.6425356235145,3740.0478515625
2024-03-07 00:00:00+05:30,3740.692062833141,3794.9850103625763,3715.570026925066,3780.813720703125
2024-03-11 00:00:00+05:30,3762.77763005425,3821.671679534189,3762.77763005425,3793.467041015625
2024-03-12 00:00:00+05:30,3793.4670286122573,3892.482738841845,3792.270473640545,3857.790283203125
2024-03-13 00:00:00+05:30,3869.5225200161185,3902.650417928266,3802.2543930015554,3817.990234375
2024-03-14 00:00:00+05:30,3822.085250968969,3887.9267659375214,3760.016275886559,3871.9150390625
2024-03-15 00:00:00+05:30,3858.111742199432,3900.8098302353983,3843.756230453706,3882.635498046875
2024-03-18 00:00:00+05:30,3878.9551986813763,3915.303868475081,3789.3259103717037,3821.21142578125
2024-03-19 00:00:00+05:30,3728.0391998604628,3734.250681402964,3650.142710085243,3659.989013671875
2024-03-20 00:00:00+05:30,3667.995014019841,3697.442038718445,3644.253305423998,3654.099609375
2024-03-21 00:00:00+05:30,3671.7219275853204,3688.6078209191865,3633.0266519750294,3655.986083984375
2024-03-22 00:00:00+05:30,3586.0957562641374,3623.824759601789,3547.446533332884,3598.88671875
2024-03-26 00:00:00+05:30,3565.8503303060525,3631.8300192271254,3562.583506361182,3568.15087890625
2024-03-27 00:00:00+05:30,3578.2737319961457,3584.255159090906,3523.8886665462896,3534.47119140625
2024-03-28 00:00:00+05:30,3542.9369266623094,3602.65907796181,3534.1027302458065,3567.046630859375
2024-04-01 00:00:00+05:30,3586.73930579266,3619.499208082045,3577.8592779642013,3604.26953125
2024-04-02 00:00:00+05:30,3579.653068620311,3597.919511547717,3564.009340556932,3573.94775390625
2024-04-03 00:00:00+05:30,3543.7653833548334,3663.393921354347,3543.7653833548334,3632.382568359375
2024-04-04 00:00:00+05:30,3658.7004031789797,3707.241978924869,3621.2935725878497,3683.91455078125
2024-04-05 00:00:00+05:30,3660.632684762165,3682.717949828603,3644.5288456512203,3661.782958984375
2024-04-08 00:00:00+05:30,3665.2341685019233,3710.9229755652163,3644.0691205793664,3655.617919921875
2024-04-09 00:00:00+05:30,3666.1543123632814,3695.463391899339,3611.9074203697137,3631.692138671875
2024-04-10 00:00:00+05:30,3640.7559988262524,3671.8594599447097,3605.419663202159,3666.752197265625
2024-04-12 00:00:00+05:30,3654.1916765092096,3693.163062647417,3630.7260789894453,3682.166259765625
2024-04-15 00:00:00+05:30,3682.166211852168,3739.9560412971437,3606.3862709398386,3626.76904296875
2024-04-16 00:00:00+05:30,3590.6965366993572,3615.2663527431537,3554.670032660961,3563.826171875
2024-04-18 00:00:00+05:30,3567.5069887926393,3621.983938050233,3542.84506135503,3553.8876953125
2024-04-19 00:00:00+05:30,3531.8022379238537,3545.191475811575,3497.6620065717075,3520.943603515625
2024-04-22 00:00:00+05:30,3530.8821260588365,3568.6111245390066,3507.876639180684,3556.2802734375
2024-04-23 00:00:00+05:30,3567.737068587587,3584.2549637317557,3552.5995026977444,3565.574462890625
2024-04-24 00:00:00+05:30,3579.6541252503425,3587.0158818061273,3519.333687538785,3525.4072265625
2024-04-25 00:00:00+05:30,3507.1401450879403,3564.6078018941175,3506.95614613986,3544.869140625
2024-04-26 00:00:00+05:30,3547.5837045158246,3567.5065891802196,3499.1802992219073,3516.48046875
2024-04-29 00:00:00+05:30,3531.8025697028056,3568.427352070046,3514.5023975397753,3561.43359375
2024-04-30 00:00:00+05:30,3563.089785398555,3572.0619252249066,3506.036178297648,3515.83642578125
2024-05-02 00:00:00+05:30,3476.6355119648906,3562.2619859302818,3476.6355119648906,3555.084228515625
2024-05-03 00:00:00+05:30,3579.7917453667596,3582.966682325397,3494.625611625741,3536.771484375
2024-05-06 00:00:00+05:30,3545.605583246127,3625.6186204477826,3545.605583246127,3608.2265625
2024-05-07 00:00:00+05:30,3617.1988452844685,3669.8353556027478,3601.2790030469796,3661.50732421875
2024-05-08 00:00:00+05:30,3644.9890493847392,3666.4302063725313,3624.3762246560705,3659.66650390625
2024-05-09 00:00:00+05:30,3645.9096138402,3654.191589237616,3598.1042563399305,3644.253173828125
2024-05-10 00:00:00+05:30,3646.4621845728734,3656.584599916785,3575.0991114656995,3583.242919921875
2024-05-13 00:00:00+05:30,3574.5928311660427,3639.4683092448704,3561.2496477313903,3632.8427734375
2024-05-14 00:00:00+05:30,3621.983888045264,3631.0020839186186,3582.322338430397,3589.960205078125
2024-05-15 00:00:00+05:30,3592.9972050666793,3613.656088871118,3566.3108383239633,3570.81982421875
2024-05-16 00:00:00+05:30,3606.691138597264,3623.746152107256,3562.5702354838822,3615.821044921875
2024-05-17 00:00:00+05:30,3632.551307480913,3633.478215188869,3550.056521472798,3553.85693359375
2024-05-21 00:00:00+05:30,3550.613121462056,3563.728776359017,3531.5651208470945,3540.97314453125
2024-05-22 00:00:00+05:30,3554.6913678959663,3560.484541572459,3538.5168722503677,3551.91064453125
2024-05-23 00:00:00+05:30,3560.206480963538,3619.574971009692,3545.8858006651926,3608.869140625
2024-05-24 00:00:00+05:30,3594.7801911641072,3599.924574735908,3563.3117164748414,3568.131591796875
2024-05-27 00:00:00+05:30,3573.2294672441094,3622.6800874842297,3560.5772666527496,3565.860595703125
2024-05-28 00:00:00+05:30,3576.0102759178876,3587.1331694666214,3550.056857637509,3559.233154296875
2024-05-29 00:00:00+05:30,3567.574896949378,3567.574896949378,3522.2492016880888,3525.63232421875
2024-05-30 00:00:00+05:30,3500.9307015339277,3517.058806463482,3443.8794821472993,3463.020263671875
2024-05-31 00:00:00+05:30,3466.6356052066576,3475.7193480409737,3386.6897974662634,3402.632568359375
2024-06-03 00:00:00+05:30,3459.961773430714,3477.3412961491067,3425.851518249575,3432.200927734375
2024-06-04 00:00:00+05:30,3429.5585424903265,3471.2693896287224,3328.989055501083,3443.462158203125
2024-06-05 00:00:00+05:30,3444.389471569407,3507.2338672517226,3429.5589463958036,3472.61376953125
2024-06-06 00:00:00+05:30,3504.6383361596722,3559.233114194575,3468.0254786409455,3550.427490234375
2024-06-07 00:00:00+05:30,3556.8232840964106,3628.8439736397468,3556.8232840964106,3609.33251953125
2024-06-10 00:00:00+05:30,3610.3057325626605,3620.4089366489284,3561.08683988795,3576.658935546875
2024-06-11 00:00:00+05:30,3563.960611925237,3596.3559953752433,3560.2529805994373,3570.541748046875
2024-06-12 00:00:00+05:30,3591.211736958369,3608.915767675147,3547.6934580124953,3551.58642578125
2024-06-13 00:00:00+05:30,3574.898153664247,3605.6714482720763,3570.4489508339425,3594.6875
2024-06-14 00:00:00+05:30,3604.7443844726295,3604.7443844726295,3548.2030094526167,3551.95703125
2024-06-18 00:00:00+05:30,3546.395689059985,3561.179823442644,3517.661546809407,3536.24609375
2024-06-19 00:00:00+05:30,3547.8784064893566,3553.6254156533255,3515.7147523909116,3523.8251953125
2024-06-20 00:00:00+05:30,3518.542084048452,3531.4724028758133,3503.757949581445,3510.431640625
2024-06-21 00:00:00+05:30,3547.2761188024833,3594.363079879569,3520.4421834921905,3532.2138671875
2024-06-24 00:00:00+05:30,3530.3601242080126,3575.083426076877,3514.185628169532,3537.82177734375
2024-06-25 00:00:00+05:30,3538.0067905497995,3566.4164218366413,3515.668223832292,3557.888916015625
2024-06-26 00:00:00+05:30,3563.496840516408,3584.3058742192884,3560.252663395376,3574.017333984375
2024-06-27 00:00:00+05:30,3550.9840267742684,3653.8707996721914,3539.0270058477204,3646.594482421875
2024-06-28 00:00:00+05:30,3631.439292021709,3670.554754499888,3612.947527343435,3618.786865234375
2024-07-01 00:00:00+05:30,3600.1101295040166,3709.207139405148,3600.1101295040166,3687.4248046875
2024-07-02 00:00:00+05:30,3701.698810211173,3729.320479596894,3691.456434510148,3723.759033203125
2024-07-03 00:00:00+05:30,3726.1690969595234,3731.8233246647856,3665.920094147989,3675.4208984375
2024-07-04 00:00:00+05:30,3707.4921862442698,3751.5203059355035,3691.039573096493,3727.0498046875
2024-07-05 00:00:00+05:30,3716.900368316538,3732.4260743437953,3696.508396221036,3718.56884765625
2024-07-08 00:00:00+05:30,3728.0228685887946,3736.596765041914,3687.285319349085,3701.327880859375
2024-07-09 00:00:00+05:30,3693.7274640836704,3714.0730443794923,3684.551167677433,3694.19091796875
2024-07-10 00:00:00+05:30,3692.5226544204043,3710.6901382951037,3616.794330433944,3623.421630859375
2024-07-11 00:00:00+05:30,3643.6744309405326,3689.092911509367,3610.8619865173036,3636.907958984375
2024-07-12 00:00:00+05:30,3689.0927313615903,3892.966265730662,3681.028679444162,3878.1357421875
2024-07-15 00:00:00+05:30,3926.1034789200803,3930.089001351756,3853.201819687219,3864.464111328125
2024-07-16 00:00:00+05:30,3867.059349578485,3887.960939474929,3841.940057628319,3873.0380859375
2024-07-18 00:00:00+05:30,3855.936139365209,4008.8759141236847,3855.936139365209,4000.116455078125
2024-07-19 00:00:00+05:30,4011.126584359073,4049.543335117971,3981.2573735163255,3997.190673828125
2024-07-22 00:00:00+05:30,3994.9142619649265,4013.4954737488206,3962.443412915425,3983.2080078125
2024-07-23 00:00:00+05:30,3979.1663862285477,4052.283633900068,3963.6508933891937,3997.143798828125
2024-07-24 00:00:00+05:30,3983.347204111484,4031.2868203752514,3965.3235197357376,4000.76708984375
2024-07-25 00:00:00+05:30,3990.314849906467,4034.909753933361,3970.990572951942,4015.864013671875
2024-07-26 00:00:00+05:30,4041.4133370768022,4108.723954458355,4029.3818216621617,4076.578369140625
2024-07-29 00:00:00+05:30,4101.8026818187545,4116.66765190009,4060.924014095079,4070.3076171875
2024-07-30 00:00:00+05:30,4079.598115277588,4086.0085427265517,4020.323776464771,4055.6748046875
2024-07-31 00:00:00+05:30,4041.4139618583135,4100.87384543508,4036.7686584538783,4074.25634765625
2024-08-01 00:00:00+05:30,4087.3085326195014,4105.79674520608,4055.3952148117914,4085.171875
2024-08-02 00:00:00+05:30,4055.349340765276,4086.0083392177967,3967.088587644382,3979.212646484375
2024-08-05 00:00:00+05:30,3938.2877856411073,3938.2877856411073,3818.9035015045465,3860.29296875
2024-08-06 00:00:00+05:30,3875.0653422807904,3956.172148090316,3865.6350146384816,3875.297607421875
2024-08-07 00:00:00+05:30,3928.0680935195514,3943.8158516524645,3883.7517228332504,3902.47265625
2024-08-08 00:00:00+05:30,3884.4029908785824,3931.78508906916,3864.89271515305,3876.55224609375
2024-08-09 00:00:00+05:30,3917.848430860645,3951.898410084894,3907.210505857532,3928.764892578125
2024-08-12 00:00:00+05:30,3929.926507307199,3938.288053067427,3889.3731010986708,3898.01318359375
2024-08-13 00:00:00+05:30,3914.1324330562766,3933.642706280625,3886.2606141643496,3899.22119140625
2024-08-14 00:00:00+05:30,3910.416129361195,4000.721002615426,3891.0451248057766,3990.547607421875
2024-08-16 00:00:00+05:30,4041.413561593398,4112.951226936545,4018.280043659057,4102.77783203125
2024-08-19 00:00:00+05:30,4107.377716213982,4175.431418478781,4078.902093981263,4171.48291015625
2024-08-20 00:00:00+05:30,4185.418779479254,4241.16242582082,4180.773475617458,4202.42041015625
2024-08-21 00:00:00+05:30,4197.496096539259,4236.516644581457,4173.851321089861,4228.61962890625
2024-08-22 00:00:00+05:30,4236.5168692386715,4237.399658376934,4178.172037672117,4182.63134765625
2024-08-23 00:00:00+05:30,4180.772575829952,4186.346939264392,4138.964850071652,4147.2333984375
2024-08-26 00:00:00+05:30,4170.5527823500615,4229.222864979793,4166.836540173764,4183.048828125
2024-08-27 00:00:00+05:30,4185.417727677566,4190.063030371992,4168.50864441272,4178.12451171875
2024-08-28 00:00:00+05:30,4179.612080899268,4238.839704162915,4141.102331061256,4186.39404296875
2024-08-29 00:00:00+05:30,4143.61019488178,4232.8000107357375,4143.61019488178,4191.7353515625
2024-08-30 00:00:00+05:30,4180.77295069311,4266.478796182319,4169.438229236293,4230.7099609375
2024-09-02 00:00:00+05:30,4251.3811612563195,4262.5298880777955,4191.921284875112,4200.3291015625
2024-09-03 00:00:00+05:30,4200.329136859027,4232.706988670382,4176.9633540945715,4192.24658203125
2024-09-04 00:00:00+05:30,4159.358459046624,4168.695337572208,4121.963766080883,4161.4951171875
2024-09-05 00:00:00+05:30,4163.120774045665,4179.843865751271,4138.1754048562225,4158.42919921875
2024-09-06 00:00:00+05:30,4156.570353890225,4198.378075871805,4125.028568849218,4140.59033203125
2024-09-09 00:00:00+05:30,4138.965417739988,4171.714807408975,4116.203430594168,4133.90185546875
2024-09-10 00:00:00+05:30,4127.304483040596,4217.887870451685,4125.446362273189,4188.06494140625
2024-09-11 00:00:00+05:30,4200.701434505407,4226.622135770557,4154.062408672436,4161.587890625
2024-09-12 00:00:00+05:30,4190.295114701829,4211.05970757852,4116.945606864631,4197.216796875
2024-09-13 00:00:00+05:30,4208.643999833735,4224.438028089181,4185.417487693372,4201.76904296875
2024-09-16 00:00:00+05:30,4205.857102070119,4223.555524057743,4175.6163626806965,4193.08251953125
2024-09-17 00:00:00+05:30,4193.0829242332575,4214.033060161901,4149.184809090063,4186.02197265625
2024-09-18 00:00:00+05:30,4178.032582764248,4178.032582764248,4014.471614547493,4037.83740234375
2024-09-19 00:00:00+05:30,4078.622243199174,4108.4919039466795,3978.0514347871863,3991.383544921875
2024-09-20 00:00:00+05:30,4010.6613336102855,4023.4826411815384,3927.603412493341,3980.931396484375
2024-09-23 00:00:00+05:30,3994.9602305588905,4003.69330870643,3951.294386178363,3965.69482421875
2024-09-24 00:00:00+05:30,3950.039950496355,3986.598571588942,3939.2164864919864,3968.2958984375
2024-09-25 00:00:00+05:30,3950.6913284717216,3985.2988392847856,3939.2173381849816,3971.502197265625
2024-09-26 00:00:00+05:30,3957.7977213162494,4010.5681761433375,3957.7977213162494,3987.9921875
2024-09-27 00:00:00+05:30,4027.478059812212,4067.4276691713644,3995.007207492202,4003.0439453125
2024-09-30 00:00:00+05:30,3982.7894470349006,3993.798904910472,3957.8440813783095,3965.69482421875
2024-10-01 00:00:00+05:30,3953.6633073625258,3991.011721656906,3941.957507745713,3983.718505859375
2024-10-03 00:00:00+05:30,3960.2139962956594,3975.4505001458124,3911.3453156377354,3932.4814453125
2024-10-04 00:00:00+05:30,3925.2814844232284,3993.1029159884106,3924.3986952950054,3950.598388671875
2024-10-07 00:00:00+05:30,3970.7119044131277,3992.4055595878863,3929.368708787632,3969.736572265625
2024-10-08 00:00:00+05:30,3969.5047586663354,3975.8221898436273,3905.724833607358,3951.52734375
2024-10-09 00:00:00+05:30,3957.798231053306,3990.315352669941,3945.4419062961365,3951.24853515625
2024-10-10 00:00:00+05:30,3951.526804113441,3989.246753361262,3900.7537355297673,3927.510498046875
2024-10-11 00:00:00+05:30,3849.0977975212186,3941.028518940875,3820.7151796266107,3854.858154296875
2024-10-14 00:00:00+05:30,3846.3109301040067,3869.908978898292,3829.773832682932,3843.198486328125
2024-10-15 00:00:00+05:30,3837.995460690613,3874.1362795372975,3804.5030088222256,3824.75634765625
2024-10-16 00:00:00+05:30,3795.212679191423,3823.0844981328532,3778.675354588552,3804.456787109375
2024-10-17 00:00:00+05:30,3821.0405029589083,3836.9742562004353,3802.5987849412795,3817.51025390625
2024-10-18 00:00:00+05:30,3809.128265067552,3861.4221966319437,3799.8149930258223,3839.908447265625
2024-10-21 00:00:00+05:30,3848.8025545031073,3855.647899798256,3790.501385728475,3799.675048828125
2024-10-22 00:00:00+05:30,3786.7759141091938,3808.941544128123,3731.222344636917,3739.743896484375
2024-10-23 00:00:00+05:30,3724.936169449571,3831.0606256089795,3720.791581721823,3787.009033203125
2024-10-24 00:00:00+05:30,3729.034017325969,3798.8835556125446,3729.034017325969,3769.919189453125
2024-10-25 00:00:00+05:30,3778.441074679716,3810.990914951962,3755.763166335102,3778.90673828125
2024-10-28 00:00:00+05:30,3789.522991511172,3850.1058589809745,3772.8057171581827,3809.919189453125
2024-10-29 00:00:00+05:30,3814.576053505887,3821.700614609533,3781.2811109026725,3795.390625
2024-10-30 00:00:00+05:30,3795.158291397516,3824.960761415852,3781.234995410785,3804.1455078125
2024-10-31 00:00:00+05:30,3790.5016133417075,3798.231674391787,3688.0556237919313,3695.92529296875
2024-11-01 00:00:00+05:30,3715.855640568731,3724.3305810268316,3703.003280699814,3710.593505859375
2024-11-04 00:00:00+05:30,3693.9228999424704,3717.7647384247807,3644.51594943524,3691.92041015625
2024-11-05 00:00:00+05:30,3670.453574014962,3712.2700726947464,3670.453574014962,3698.626220703125
2024-11-06 00:00:00+05:30,3728.661529286281,3864.8212879793314,3702.258313204772,3855.368408203125
2024-11-07 00:00:00+05:30,3883.3549260647524,3916.975471746434,3804.5179478782275,3865.845703125
2024-11-08 00:00:00+05:30,3869.6642401156896,3883.401315336317,3834.879080725745,3862.213623046875
2024-11-11 00:00:00+05:30,3844.704960664376,3943.518408459811,3834.879186284666,3910.363525390625
2024-11-12 00:00:00+05:30,3926.4753642711526,3928.3380186185295,3878.3724067000553,3909.152587890625
2024-11-13 00:00:00+05:30,3891.1780687289943,3908.5472291817673,3847.358853332509,3865.333740234375
2024-11-14 00:00:00+05:30,3851.0378338185446,3874.3210129831064,3833.761896778277,3861.189208984375
2024-11-18 00:00:00+05:30,3923.6812860911455,3923.6812860911455,3716.181551430071,3743.469482421875
2024-11-19 00:00:00+05:30,3743.8418634756777,3848.383334503383,3738.440347986104,3762.142578125
2024-11-21 00:00:00+05:30,3767.124986745769,3811.409636894372,3747.660340835974,3793.15576171875
2024-11-22 00:00:00+05:30,3791.4326091135326,3962.7504103811857,3775.6000484761144,3953.111083984375
2024-11-25 00:00:00+05:30,3986.079860138673,4030.8767831616365,3960.189149488993,4018.76953125
2024-11-26 00:00:00+05:30,4024.310731522724,4066.7329532289605,4014.0197491006056,4053.78759765625
2024-11-27 00:00:00+05:30,4059.6083950341376,4076.7911069702654,4027.104715840101,4035.02099609375
2024-11-28 00:00:00+05:30,4022.4023078590976,4041.9137952346705,3942.3081660494468,3953.390869140625
2024-11-29 00:00:00+05:30,3930.2005178866866,4003.496145463694,3907.5226111522825,3977.55859375
2024-12-02 00:00:00+05:30,3976.766970418375,3993.7173066183545,3939.560268502564,3982.960205078125
2024-12-03 00:00:00+05:30,4018.071307960362,4027.9898509787527,3972.529502098055,4007.267822265625
2024-12-04 00:00:00+05:30,4017.3258027448396,4085.6855752155147,3994.508288951376,4055.37060546875
2024-12-05 00:00:00+05:30,4098.584762623309,4180.728007626903,4060.5867928833363,4157.4912109375
2024-12-06 00:00:00+05:30,4147.200286477372,4158.376213591167,4109.714364283185,4140.21533203125
2024-12-09 00:00:00+05:30,4126.198676219265,4162.473596939852,4112.321537472264,4146.408203125
2024-12-10 00:00:00+05:30,4122.193406026578,4185.1975942064855,4109.108442002176,4128.15380859375
2024-12-11 00:00:00+05:30,4127.502045111503,4143.148158287083,4104.358476029229,4123.404296875
2024-12-12 00:00:00+05:30,4125.825217645854,4177.00182096417,4122.05352499162,4149.015625
2024-12-13 00:00:00+05:30,4130.390114251639,4186.222911998922,4092.6245200888998,4166.6650390625
2024-12-16 00:00:00+05:30,4152.787550664486,4167.6887843067,4095.045270300907,4111.99560546875
2024-12-17 00:00:00+05:30,4107.1529221069295,4128.5270630912055,4021.470820330549,4031.249755859375
2024-12-18 00:00:00+05:30,4015.6028829417764,4062.4484500185695,3995.020464906726,4049.270263671875
2024-12-19 00:00:00+05:30,3987.94311687329,4064.3119481632502,3969.3165726562265,3978.53662109375
2024-12-20 00:00:00+05:30,4031.71487338267,4081.0752079378285,3867.335646043321,3883.9130859375
2024-12-23 00:00:00+05:30,3911.6202111793405,3927.4063874513017,3832.31779942793,3872.7373046875
2024-12-24 00:00:00+05:30,3872.737129750613,3928.337537104468,3872.737129750613,3892.4814453125
2024-12-26 00:00:00+05:30,3892.48160931481,3911.527430384508,3858.62777832456,3882.7958984375
2024-12-27 00:00:00+05:30,3877.1150885157394,3893.832593461187,3862.446685286308,3878.838134765625
2024-12-30 00:00:00+05:30,3865.938955213331,3910.921874141445,3829.617196780828,3873.203125
2024-12-31 00:00:00+05:30,3851.0379404710184,3855.6481919731173,3755.157851490963,3813.5986328125
2025-01-01 00:00:00+05:30,3813.22564967337,3850.1062943866386,3804.890317466962,3830.036376953125
2025-01-02 00:00:00+05:30,3837.0677703855595,3895.741379495824,3815.6008619680624,3888.9892578125
2025-01-03 00:00:00+05:30,3892.9011567771527,3892.9011567771527,3811.270194517517,3818.34814453125
2025-01-06 00:00:00+05:30,3823.5638477814505,3864.6818530145874,3787.148863043133,3813.784912109375
2025-01-07 00:00:00+05:30,3832.3649188830605,3856.0205380436832,3736.0655531105435,3751.665283203125
2025-01-08 00:00:00+05:30,3757.812097968954,3842.6560984111843,3741.839927142883,3826.2646484375
2025-01-09 00:00:00+05:30,3819.3726136468736,3853.5988861539504,3748.8711943929684,3761.49072265625
2025-01-10 00:00:00+05:30,3911.5740395746316,4001.9127733457603,3883.6342250062416,3972.715576171875
2025-01-13 00:00:00+05:30,3953.4839382998034,4026.0810749677194,3937.0924887364367,3996.418212890625
2025-01-14 00:00:00+05:30,4006.5691894349775,4017.6518909895462,3929.315424489214,3942.35400390625
2025-01-15 00:00:00+05:30,3928.338036632813,3964.1477485251917,3918.5127168051804,3957.76806640625
2025-01-16 00:00:00+05:30,3967.4538586211947,3999.118983314416,3903.984001105146,3917.44140625
2025-01-17 00:00:00+05:30,3945.5156582213353,3946.179768328342,3888.7499900580783,3911.750244140625
2025-01-20 00:00:00+05:30,3932.142300220547,3932.142300220547,3858.446917151911,3867.64697265625
2025-01-21 00:00:00+05:30,3884.245030505511,3899.135870393051,3822.3102791739225,3827.85888671875
2025-01-22 00:00:00+05:30,3841.2798581228535,3948.598485486215,3835.77871966863,3942.38623046875
2025-01-23 00:00:00+05:30,3953.198226312215,3975.3449548724125,3926.688470425829,3931.810546875
2025-01-24 00:00:00+05:30,3892.4966488174464,3962.682991900412,3892.4966488174464,3938.35498046875
2025-01-27 00:00:00+05:30,3890.5999221421316,3942.149041037749,3832.7910788257336,3855.64892578125
2025-01-28 00:00:00+05:30,3861.007745197988,3890.599779117484,3820.69802052405,3832.07958984375
2025-01-29 00:00:00+05:30,3845.0737102492853,3896.148597963248,3845.0737102492853,3888.51318359375
2025-01-30 00:00:00+05:30,3888.6080671418995,3917.0619915773636,3849.3417440444105,3888.750244140625
2025-01-31 00:00:00+05:30,3898.1871578608666,3915.6865044368305,3874.7126731511203,3900.46337890625
2025-02-01 00:00:00+05:30,3901.032713879516,3922.752448425496,3846.9702619730892,3863.236328125
2025-02-03 00:00:00+05:30,3823.1639848038094,3866.8882740010763,3792.6234860032378,3858.968505859375
2025-02-04 00:00:00+05:30,3873.242905885086,3906.5815588564824,3856.5026066809596,3895.389404296875
2025-02-05 00:00:00+05:30,3936.126163727403,3936.126163727403,3865.939817675396,3880.26171875
2025-02-06 00:00:00+05:30,3893.8244160755,3926.1671344471406,3842.749763323274,3872.341796875
2025-02-07 00:00:00+05:30,3879.218476720966,3879.218476720966,3801.4444143514993,3821.741455078125
2025-02-10 00:00:00+05:30,3831.7949614241543,3843.176530616503,3807.4669498989556,3828.902099609375
2025-02-11 00:00:00+05:30,3811.3085238518306,3831.7954435994848,3751.1759850089015,3759.285400390625
2025-02-12 00:00:00+05:30,3766.445947952812,3814.4855628593755,3737.090798282343,3746.575439453125
2025-02-13 00:00:00+05:30,3763.5054582381317,3779.10764599597,3701.143945163747,3708.63671875
2025-02-14 00:00:00+05:30,3722.721744594235,3744.536419785488,3699.010141125482,3732.064208984375
2025-02-17 00:00:00+05:30,3657.7520405391615,3731.2580130898646,3657.4674549788515,3703.2783203125
2025-02-18 00:00:00+05:30,3697.492313192335,3722.1523795147264,3665.33947318774,3673.591064453125
2025-02-19 00:00:00+05:30,3672.6428039185434,3675.251080308744,3573.955063643061,3589.083251953125
2025-02-20 00:00:00+05:30,3567.6480718032108,3592.7823729869897,3557.9737833196727,3584.62548828125
2025-02-21 00:00:00+05:30,3581.495064487296,3620.2871501295895,3580.451661445952,3590.884765625
2025-02-24 00:00:00+05:30,3550.2431219830423,3569.2598725285934,3480.863069234682,3486.174560546875
2025-02-25 00:00:00+05:30,3438.1824887498096,3469.4818051991183,3434.625748244206,3442.498046875
2025-02-27 00:00:00+05:30,3425.567980413952,3450.512634279707,3415.134874592875,3426.374267578125
2025-02-28 00:00:00+05:30,3400.196551952343,3414.4709839051175,3278.8406087111084,3303.73779296875
2025-03-03 00:00:00+05:30,3305.397532195103,3341.6762855972443,3297.0035319217445,3313.03271484375
2025-03-04 00:00:00+05:30,3294.964557324782,3367.9962990962294,3285.764501101665,3350.02294921875
2025-03-05 00:00:00+05:30,3339.400284175127,3414.80318836825,3339.400284175127,3364.25
2025-03-06 00:00:00+05:30,3373.6869322947687,3423.4338299242468,3353.8641244726305,3415.988525390625
2025-03-07 00:00:00+05:30,3414.470997652364,3438.1826018027277,3390.190222378938,3425.09375
2025-03-10 00:00:00+05:30,3420.635765390215,3435.4318979249574,3397.9675660982793,3404.654052734375
2025-03-11 00:00:00+05:30,3374.6352261327497,3403.8004968476407,3355.3338893126197,3391.043701171875
2025-03-12 00:00:00+05:30,3381.2743716748964,3385.305343927244,3307.1519980581174,3325.504638671875
2025-03-13 00:00:00+05:30,3321.8059194545594,3342.672130004524,3304.5439188567675,3330.10498046875
2025-03-17 00:00:00+05:30,3309.1912796488264,3348.505070694925,3298.141765391246,3317.44287109375
2025-03-18 00:00:00+05:30,3317.44287109375,3317.44287109375,3317.44287109375,3317.44287109375
2025-03-19 00:00:00+05:30,3364.202538836237,3364.202538836237,3284.2944294770737,3316.874267578125
2025-03-20 00:00:00+05:30,3331.0059291540974,3394.505554527131,3331.0059291540974,3379.519775390625
2025-03-21 00:00:00+05:30,3295.912959410607,3429.8835221492395,3286.4283178007922,3393.69970703125
2025-03-24 00:00:00+05:30,3414.470721860925,3461.6568103088644,3382.792113898217,3441.9287109375
2025-03-25 00:00:00+05:30,3457.1517113972473,3518.8018790902024,3450.5124625687754,3469.24462890625
2025-03-26 00:00:00+05:30,3459.7598808023267,3490.8220797184467,3438.988609875757,3448.42578125
2025-03-27 00:00:00+05:30,3428.5556939598323,3474.2241497420814,3424.4297823215356,3463.0322265625
2025-03-28 00:00:00+05:30,3462.8424183134416,3472.279589767322,3406.7880975546004,3420.3037109375
2025-04-01 00:00:00+05:30,3388.577667798288,3399.2953585160476,3343.3359762190476,3367.806396484375
2025-04-02 00:00:00+05:30,3361.3570398330285,3380.421262394588,3348.126010889205,3361.3095703125
2025-04-03 00:00:00+05:30,3311.0885422383417,3321.5216485014816,3221.1266197004447,3227.765869140625
2025-04-04 00:00:00+05:30,3189.305420015634,3224.445829064787,3125.663387385046,3129.3623046875
2025-04-07 00:00:00+05:30,2940.238860434007,3121.7748058386424,2898.5539074179674,3105.319091796875
2025-04-08 00:00:00+05:30,3131.8762339649347,3176.4065815025783,3087.535532954112,3123.2451171875
2025-04-09 00:00:00+05:30,3092.5147195117684,3101.4776590955953,3046.5142098890965,3079.28369140625
2025-04-11 00:00:00+05:30,3120.020055994998,3128.9355257101774,3040.7758359181594,3064.961669921875
2025-04-15 00:00:00+05:30,3143.5893021337306,3143.5893021337306,3071.69590901875,3080.801025390625
2025-04-16 00:00:00+05:30,3080.801013758816,3109.1602290119804,3062.5905495252055,3105.081787109375
2025-04-17 00:00:00+05:30,3078.240292358944,3133.3461501914685,3052.1575291360596,3128.88818359375
2025-04-21 00:00:00+05:30,3120.5415959625134,3181.148354821814,3114.85081178573,3150.418212890625
2025-04-22 00:00:00+05:30,3151.3669464223676,3162.0844056249766,3125.189244347029,3143.58935546875
2025-04-23 00:00:00+05:30,3191.581874951358,3244.6009284823726,3165.3094642241085,3237.108154296875
2025-04-24 00:00:00+05:30,3225.8214222352462,3236.633820616935,3213.1118640484187,3226.295654296875
2025-04-25 00:00:00+05:30,3243.747204561521,3298.568475558524,3229.5202431380058,3270.30419921875
2025-04-28 00:00:00+05:30,3257.9741879514845,3279.5992157727555,3229.520264912607,3266.0361328125
2025-04-29 00:00:00+05:30,3276.943382576269,3314.881945616226,3253.6110736832507,3293.54150390625
2025-04-30 00:00:00+05:30,3293.06738873724,3329.014085869881,3192.53019311335,3275.71044921875
2025-05-02 00:00:00+05:30,3293.067202073011,3311.562251162995,3243.7470711663877,3254.18017578125
2025-05-05 00:00:00+05:30,3272.201099131072,3323.892391856476,3268.7865357954893,3276.279541015625
2025-05-06 00:00:00+05:30,3281.685791015625,3294.01582433447,3259.871116682284,3281.685791015625
2025-05-07 00:00:00+05:30,3244.3163408615387,3281.211501134211,3244.3163408615387,3267.5537109375
2025-05-08 00:00:00+05:30,3270.3044338611708,3297.8098945868014,3251.999029204456,3271.157958984375
2025-05-09 00:00:00+05:30,3223.8296054868374,3268.5970664946117,3222.976080385976,3263.001220703125
2025-05-12 00:00:00+05:30,3324.3666713915923,3443.3989159735165,3321.7109255991563,3433.8193359375
2025-05-13 00:00:00+05:30,3433.819342081611,3436.2854413701325,3329.5832299005933,3333.851318359375
2025-05-14 00:00:00+05:30,3339.542044274439,3377.4806076856794,3327.7811822404,3365.814453125
2025-05-15 00:00:00+05:30,3380.3262508294533,3414.4709604337913,3332.997982084671,3395.40673828125
2025-05-16 00:00:00+05:30,3408.6851728219754,3408.6851728219754,3363.3487722739774,3377.765380859375
2025-05-19 00:00:00+05:30,3367.0478467189873,3367.0478467189873,3323.133908772587,3337.455810546875
2025-05-20 00:00:00+05:30,3349.7852633364228,3374.634974283338,3313.9332771630084,3318.01171875
2025-05-21 00:00:00+05:30,3327.212019490534,3354.7174780325026,3318.0119641520128,3344.0947265625
2025-05-22 00:00:00+05:30,3314.8821689714327,3317.5379148748953,3273.4343323692665,3297.809814453125
2025-05-23 00:00:00+05:30,3297.8098235860703,3352.820743852965,3286.9974249846496,3333.47216796875
2025-05-26 00:00:00+05:30,3339.542185709067,3362.3053247198645,3329.204019365113,3355.002197265625
2025-05-27 00:00:00+05:30,3349.9752588067204,3357.5629717372003,3303.5954561426133,3318.391357421875
2025-05-28 00:00:00+05:30,3338.593667057572,3347.129844047208,3312.985136088664,3317.44287109375
2025-05-29 00:00:00+05:30,3324.0819895701998,3350.449337105284,3306.819989757275,3317.822265625
2025-05-30 00:00:00+05:30,3310.139637529337,3325.97894134562,3275.1414056184462,3284.910400390625
2025-06-02 00:00:00+05:30,3272.201121116267,3281.6857620470387,3242.41944121709,3272.011474609375
2025-06-03 00:00:00+05:30,3268.407343175387,3294.490106360913,3225.252225904789,3229.7099609375
2025-06-04 00:00:00+05:30,3242.9150002967904,3248.465034332547,3224.7340073768614,3235.1640625
2025-06-05 00:00:00+05:30,3262.0528233362247,3262.0528233362247,3218.7054627680072,3225.78662109375
2025-06-06 00:00:00+05:30,3225.7868448606714,3244.7331673196672,3213.9212139850256,3238.322021484375
2025-06-09 00:00:00+05:30,3253.4410779830223,3285.975488762853,3244.7332451805223,3274.39697265625
2025-06-10 00:00:00+05:30,3291.7168496023487,3335.5426613582063,3275.6409764041855,3313.629638671875
2025-06-11 00:00:00+05:30,3320.423449229873,3338.604442179547,3300.424450431947,3322.241455078125
2025-06-12 00:00:00+05:30,3322.241373890929,3324.920724772973,3275.6406661399797,3286.16650390625
2025-06-13 00:00:00+05:30,3246.9337033715005,3301.7637936762635,3246.9337033715005,3297.170654296875
2025-06-16 00:00:00+05:30,3291.716884024651,3357.7426005937496,3278.5116939874692,3345.590087890625
2025-06-17 00:00:00+05:30,3358.6991651797816,3368.268108670322,3337.743272382211,3363.770751953125
2025-06-18 00:00:00+05:30,3367.4071820205213,3385.4923927635227,3294.683207501011,3302.625244140625
2025-06-19 00:00:00+05:30,3301.2855030665887,3302.242397415304,3265.8804121641356,3276.40625
2025-06-20 00:00:00+05:30,3277.3633274014865,3297.7452248908758,3263.871022884297,3287.60205078125
2025-06-23 00:00:00+05:30,3267.7945867055305,3277.3635313225304,3224.73433592903,3247.317138671875
2025-06-24 00:00:00+05:30,3286.549310178985,3293.726017546798,3236.2165757260095,3244.25439453125
2025-06-25 00:00:00+05:30,3260.4262751214173,3301.2856185170967,3253.440899408153,3296.309814453125
2025-06-26 00:00:00+05:30,3296.3096478451916,3302.625010278294,3268.0812649976842,3293.43896484375
2025-06-27 00:00:00+05:30,3306.0702704397795,3316.978773543857,3283.1048040170426,3292.76953125
2025-06-30 00:00:00+05:30,3291.6210940950255,3315.5434551196317,3282.1479325760038,3312.7685546875
2025-07-01 00:00:00+05:30,3306.0700701470973,3334.776901436363,3266.35895353028,3281.860595703125
2025-07-02 00:00:00+05:30,3336.882278295821,3339.4658465866687,3272.5790179988544,3275.73681640625
2025-07-03 00:00:00+05:30,3282.147812903343,3287.2193999790024,3251.144527592608,3254.20654296875
2025-07-04 00:00:00+05:30,3261.095807453449,3279.276799337726,3243.967492756551,3272.38720703125
2025-07-07 00:00:00+05:30,3270.952315509477,3278.416138875185,3261.4789203702617,3264.63671875
2025-07-08 00:00:00+05:30,3258.2253086430815,3277.363195918518,3247.125240576613,3259.37353515625
2025-07-09 00:00:00+05:30,3263.010040732191,3266.837618492581,3221.863579808002,3237.939453125
2025-07-10 00:00:00+05:30,3234.303008112803,3252.484001353674,3211.33754296644,3236.216796875
2025-07-11 00:00:00+05:30,3157.655913683438,3191.2430024482833,3120.528595780786,3125.21728515625
2025-07-14 00:00:00+05:30,3125.217020314649,3130.9583865491522,3062.0619917351123,3083.783447265625
2025-07-15 00:00:00+05:30,3067.8031684457687,3118.901231329378,3067.8031684457687,3112.107421875
2025-07-16 00:00:00+05:30,3098.377660261314,3115.5641051149655,3092.23284636304,3104.234619140625
2025-07-17 00:00:00+05:30,3095.593117992358,3112.7795615982277,3076.3902829424,3081.286865234375
2025-07-18 00:00:00+05:30,3096.4576666771263,3100.106252825218,3059.9722740155044,3062.756591796875
2025-07-21 00:00:00+05:30,3062.8523807267275,3070.1495522628406,3026.3669918654064,3032.31982421875
2025-07-22 00:00:00+05:30,3033.6640625,3053.3469689942053,3028.8633535989743,3033.6640625
2025-07-23 00:00:00+05:30,3033.6641973444102,3055.1712804131353,3031.7439136986445,3052.386962890625
2025-07-24 00:00:00+05:30,3038.944885626984,3047.2019644087272,3014.8452328363246,3022.5263671875
2025-07-25 00:00:00+05:30,3014.8450484057557,3031.0713499661365,3001.0191011832776,3010.8125
2025-07-28 00:00:00+05:30,2986.041003699968,2993.72213811463,2947.539223682625,2956.564697265625
2025-07-29 00:00:00+05:30,2938.0339265993125,2951.4759118844077,2919.9832137631183,2934.193359375
2025-07-30 00:00:00+05:30,2938.0337293982366,2946.6750050729374,2925.7438682234083,2931.888916015625
2025-07-31 00:00:00+05:30,2920.4631457840833,2937.841805411508,2894.827407662822,2915.758544921875
2025-08-01 00:00:00+05:30,2909.133629601001,2915.7587488570334,2880.4254827204045,2883.305908203125
2025-08-04 00:00:00+05:30,2889.1625521624956,2956.660327755159,2872.360072011628,2951.859619140625
2025-08-05 00:00:00+05:30,2951.859809051624,2954.836342347973,2920.751308991888,2941.7783203125
2025-08-06 00:00:00+05:30,2940.9142942671037,2944.562879940478,2905.3890481398157,2911.43798828125
2025-08-07 00:00:00+05:30,2895.7878484472435,2929.9689924116014,2890.8910311996096,2925.55224609375
2025-08-08 00:00:00+05:30,2926.6083584758467,2937.841970823321,2904.4289887975438,2915.37451171875
2025-08-11 00:00:00+05:30,2915.3743566889298,2928.3362704951187,2900.8763567070323,2919.59912109375
2025-08-12 00:00:00+05:30,2919.7909498577897,2972.982707005533,2906.2528579377536,2914.4140625
2025-08-13 00:00:00+05:30,2915.086743648966,2923.055733419127,2907.8856798255947,2915.1826171875
2025-08-14 00:00:00+05:30,2913.0702823357074,2934.0972944331475,2898.764262979319,2901.836669921875
2025-08-18 00:00:00+05:30,2925.072254664491,2927.472609378642,2883.6900456286708,2891.17919921875
2025-08-19 00:00:00+05:30,2891.1790271854784,2904.429031301108,2891.083153648401,2895.979736328125
2025-08-20 00:00:00+05:30,2890.8905988262018,2979.7037075526887,2890.8905988262018,2975.09521484375
2025-08-21 00:00:00+05:30,3005.2435803513467,3005.2435803513467,2960.213027495864,2978.935791015625
2025-08-22 00:00:00+05:30,2962.997485687316,2972.3108139224278,2928.4323821601793,2932.27294921875
2025-08-25 00:00:00+05:30,2964.245782645686,3026.366909314735,2954.4523833109183,3015.42138671875
2025-08-26 00:00:00+05:30,3004.283667485289,3035.968346624635,2995.6423913563763,3031.359619140625
2025-08-28 00:00:00+05:30,3019.6456977878825,3021.0859103623443,2963.477407383879,2970.390380859375
2025-08-29 00:00:00+05:30,2969.7187359392783,2990.8418565958136,2954.548447858567,2961.74951171875
2025-09-01 00:00:00+05:30,2966.8380558481663,3006.2999761800884,2966.8380558481663,2988.537353515625
2025-09-02 00:00:00+05:30,2996.698656186325,3029.247369338668,2979.416103841445,2987.481201171875
2025-09-03 00:00:00+05:30,3005.1478080455095,3016.669509959856,2964.9179592917676,2974.039306640625
2025-09-04 00:00:00+05:30,2991.8014698280053,2993.7217531847627,2967.60594641478,2972.310546875
2025-09-05 00:00:00+05:30,2973.655259644998,2979.703965451406,2907.885546409113,2926.80029296875
2025-09-08 00:00:00+05:30,2928.432609909376,2942.7386295513115,2895.7877873726816,2898.668212890625
2025-09-09 00:00:00+05:30,2911.2459361835313,2938.0337976334035,2909.997705008497,2927.856201171875
2025-09-10 00:00:00+05:30,2934.5773210773896,2998.2347696750494,2931.696895660388,2986.041015625
2025-09-11 00:00:00+05:30,3013.885194748687,3013.885194748687,2986.137189714118,2999.675048828125
2025-09-12 00:00:00+05:30,3018.685897890405,3023.198517586115,2996.6026359147436,3008.50830078125
2025-09-15 00:00:00+05:30,3009.0842164755977,3009.0842164755977,2972.598830315396,2987.864990234375
2025-09-16 00:00:00+05:30,3003.3238944500986,3024.4470164698882,2985.1773061151375,3020.318359375
2025-09-17 00:00:00+05:30,3026.366894691811,3055.5551110798156,3017.1494398273812,3046.337890625
2025-09-18 00:00:00+05:30,3058.0514988629902,3075.334050504916,3035.392059613066,3050.082275390625
2025-09-19 00:00:00+05:30,3043.64975218093,3053.731241896356,3018.6860633617807,3042.881591796875
2025-09-22 00:00:00+05:30,2971.6386491648127,2983.0642419680353,2942.8343973150727,2951.28369140625
2025-09-23 00:00:00+05:30,2947.6353061603577,2957.9087764692863,2930.352753876681,2940.338134765625
2025-09-24 00:00:00+05:30,2928.4322252766387,2935.1532172690772,2912.1098161521463,2914.4140625
2025-09-25 00:00:00+05:30,2901.5486952997107,2908.8458671854296,2833.378623371756,2839.5234375
2025-09-26 00:00:00+05:30,2823.7769658283983,2837.0269692313786,2776.057966398974,2783.547119140625
2025-09-29 00:00:00+05:30,2799.7732301976002,2812.5431618400235,2778.6501125486475,2780.66650390625
2025-09-30 00:00:00+05:30,2794.9727356006983,2799.101392157332,2770.105157137798,2773.2734375
2025-10-01 00:00:00+05:30,2775.7699233020426,2808.222762784315,2752.342557318892,2798.045166015625
2025-10-03 00:00:00+05:30,2807.4548247704774,2807.4548247704774,2775.866251046319,2786.235595703125
2025-10-06 00:00:00+05:30,2786.3316788238635,2874.28076699856,2780.1868646812827,2869.287841796875
2025-10-07 00:00:00+05:30,2875.624650921264,2884.745997894136,2837.699050349848,2855.173583984375
2025-10-08 00:00:00+05:30,2856.4219038307547,2921.711547346886,2849.7009111158586,2906.541259765625
2025-10-09 00:00:00+05:30,2913.070135429991,2943.794672125363,2899.628150625765,2939.666015625
2025-10-10 00:00:00+05:30,2928.432687835625,2947.635525132908,2887.0504796961263,2907.59765625
2025-10-13 00:00:00+05:30,2906.349233459963,2914.5104387736105,2878.6971026918,2887.33837890625
2025-10-14 00:00:00+05:30,2900.5884226064827,2906.5412549765147,2837.699133735008,2842.307861328125
2025-10-15 00:00:00+05:30,2863.220385125294,2871.6047262713414,2843.9459294866183,2862.06396484375
2025-10-16 00:00:00+05:30,2862.160371154854,2867.0754517571395,2836.332787245134,2862.931396484375
2025-10-17 00:00:00+05:30,2862.256586509825,2880.3746213869317,2848.1861401528254,2854.739501953125
2025-10-20 00:00:00+05:30,2877.1943748710046,2913.333979311689,2870.4483153754104,2905.81689453125
2025-10-21 00:00:00+05:30,2921.1404673344027,2921.815026282457,2887.3137006926995,2897.62548828125
2025-10-23 00:00:00+05:30,2944.1731825516827,2985.613263353556,2925.958915568601,2961.712890625
2025-10-24 00:00:00+05:30,2968.2662739630537,2977.9035021252716,2947.3535359078196,2952.07568359375
2025-10-27 00:00:00+05:30,2955.2558763824863,2981.9509500743798,2949.184375870237,2972.98828125
2025-10-28 00:00:00+05:30,2964.4112497423184,2978.0960660621163,2929.9099274122086,2946.9677734375
2025-10-29 00:00:00+05:30,2946.96788369373,2964.4113606511696,2935.596142774,2946.678955078125
2025-10-30 00:00:00+05:30,2938.487165302022,2952.653842834952,2922.778437237614,2925.187744140625
2025-10-31 00:00:00+05:30,2924.898585437403,2956.1231088421955,2915.357824198127,2947.064208984375
2025-11-03 00:00:00+05:30,2936.367047373489,2947.06446508497,2900.80576844531,2907.359130859375
2025-11-04 00:00:00+05:30,2910.0574685167057,2919.4055326440953,2868.039060214524,2881.723876953125
2025-11-06 00:00:00+05:30,2881.627605776501,2914.2977142131544,2881.531139384038,2901.6728515625
2025-11-07 00:00:00+05:30,2892.1323165785257,2895.0234851722394,2853.101540563387,2883.26611328125
2025-11-10 00:00:00+05:30,2884.422275161144,2937.3305615709287,2883.4585523829414,2915.4541015625
2025-11-11 00:00:00+05:30,2934.5361772818296,2944.8479650680415,2908.5156594537148,2936.463623046875
2025-11-12 00:00:00+05:30,2948.991669923252,3022.619995280987,2946.1969680097523,3018.18701171875
2025-11-13 00:00:00+05:30,3018.186949242595,3018.2831803470704,2989.4679642954256,2993.03369140625
2025-11-14 00:00:00+05:30,2977.9034333434784,3000.1655239975616,2965.6642009169345,2993.322998046875
2025-11-17 00:00:00+05:30,2993.322838009285,3010.187986001932,2974.6267109195564,2989.66064453125
2025-11-18 00:00:00+05:30,2989.4682629851,2992.3594315179676,2966.338914722159,2975.10888671875
2025-11-19 00:00:00+05:30,2984.6493140956795,3040.545232796858,2971.639057156612,3033.510009765625
2025-11-20 00:00:00+05:30,3033.79944214396,3049.7008686990343,3024.2586803244717,3030.715576171875
2025-11-21 00:00:00+05:30,3030.715536432949,3055.0013041600305,3021.463703354114,3036.30517578125
2025-11-24 00:00:00+05:30,3043.4366842823783,3063.578397230728,3017.4161679823073,3027.24609375
2025-11-25 00:00:00+05:30,3031.197695489111,3035.534448554938,3001.9968444557608,3006.04443359375
2025-11-26 00:00:00+05:30,3005.658898650244,3062.711244826224,3003.9241504478728,3048.158935546875
2025-11-27 00:00:00+05:30,3064.6384631299097,3064.6384631299097,3011.6337098367826,3022.81298828125
2025-11-28 00:00:00+05:30,3026.089482694223,3033.12470593688,3011.6336412163846,3023.68017578125
2025-12-01 00:00:00+05:30,3024.0660011073596,3039.5820339484353,3008.9355985975626,3019.729248046875
2025-12-02 00:00:00+05:30,3017.416350282513,3029.9447477765,3007.2007935969305,3021.94580078125
2025-12-03 00:00:00+05:30,3026.089757763365,3095.3813367654693,3025.126034910574,3064.638671875
2025-12-04 00:00:00+05:30,3078.13047294951,3132.0989471151875,3071.769808666434,3112.053466796875
2025-12-05 00:00:00+05:30,3112.824571063191,3152.915532717371,3105.5001838412545,3120.72705078125
2025-12-08 00:00:00+05:30,3125.353065437683,3141.6398867746047,3092.2010949656524,3119.0888671875
2025-12-09 00:00:00+05:30,3112.824602659864,3116.390329915732,3065.794883587669,3091.911865234375
2025-12-10 00:00:00+05:30,3108.005961204973,3108.005961204973,3062.8074569989867,3073.504638671875
2025-12-11 00:00:00+05:30,3088.7315521574005,3092.0081155406747,3038.7144333046613,3076.106689453125
2025-12-12 00:00:00+05:30,3081.696263178982,3106.078496384854,3070.131589906683,3103.669189453125
2025-12-15 00:00:00+05:30,3094.6101270221197,3120.7268716204835,3081.310706400481,3113.01708984375
2025-12-16 00:00:00+05:30,3103.187500999765,3103.187500999765,3075.3360054304358,3088.828125
2025-12-17 00:00:00+05:30,3084.3949307247763,3119.4743477745933,3084.3949307247763,3101.0673828125
2025-12-18 00:00:00+05:30,3110.897128527372,3168.5277977297296,3104.1510690788923,3161.78173828125
2025-12-19 00:00:00+05:30,3179.3215200364916,3197.5357868591873,3159.854366515901,3162.938232421875
2025-12-22 00:00:00+05:30,3189.9226061933546,3207.8479451634685,3171.6118722000997,3204.281982421875
2025-12-23 00:00:00+05:30,3199.463369445318,3199.463369445318,3174.0211805268714,3189.922607421875
2025-12-24 00:00:00+05:30,3184.2368148202168,3206.4024407323423,3176.5270318942603,3198.59619140625
2025-12-26 00:00:00+05:30,3192.9103071634727,3199.559900795541,3153.108505919085,3161.010986328125
2025-12-29 00:00:00+05:30,3161.010777477703,3168.7205598617948,3125.2565675579217,3133.544677734375
2025-12-30 00:00:00+05:30,3132.0992469072426,3148.9643966982817,3121.9801570326194,3129.015380859375
2025-12-31 00:00:00+05:30,3122.461816571668,3128.2441532690227,3082.4673210816295,3089.887939453125
2026-01-01 00:00:00+05:30,3098.368779137981,3116.775978595714,3082.1781891606697,3110.31884765625
2026-01-02 00:00:00+05:30,3116.6795578205924,3136.243177859361,3102.7055771191704,3132.773681640625
2026-01-05 00:00:00+05:30,3122.94369701057,3129.207895137578,3075.2394189664337,3099.428955078125
2026-01-06 00:00:00+05:30,3093.550169667909,3144.8201752673103,3088.7315556964636,3137.688720703125
2026-01-07 00:00:00+05:30,3125.2565425983025,3180.8635358265738,3106.271250685878,3176.044921875
2026-01-08 00:00:00+05:30,3167.6606296336045,3167.6606296336045,3066.566193971062,3087.671630859375
2026-01-09 00:00:00+05:30,3075.239584998998,3112.5356118812538,3075.239584998998,3091.43017578125
2026-01-12 00:00:00+05:30,3086.804068110982,3134.026484388671,3059.145271347969,3122.076416015625
2026-01-13 00:00:00+05:30,3127.2804209827063,3161.0107182814413,3094.0319850739534,3149.446044921875
2026-01-14 00:00:00+05:30,3141.7363480080267,3141.7363480080267,3067.529691935444,3076.68505859375
2026-01-15 00:00:00+05:30,3076.68505859375,3076.68505859375,3076.68505859375,3076.68505859375
2026-01-16 00:00:00+05:30,3159.0110444402844,3161.464149941515,3111.519017760894,3146.54931640625
2026-01-19 00:00:00+05:30,3128.2002715520307,3159.600023336744,3092.973770842994,3104.258056640625
2026-01-20 00:00:00+05:30,3092.4832014713097,3100.7255406282875,3033.118044759914,3044.10791015625
2026-01-21 00:00:00+05:30,3041.8509292683366,3079.6287553253787,3024.188569033875,3064.027099609375
2026-01-22 00:00:00+05:30,3090.9130188550284,3100.7254411371077,3063.7326570458863,3091.305419921875
2026-01-23 00:00:00+05:30,3130.457047950816,3134.578217290946,3092.875423666008,3103.178466796875
2026-01-27 00:00:00+05:30,3115.4440572399217,3115.4440572399217,3071.2881572160486,3098.762939453125
2026-01-28 00:00:00+05:30,3116.425451779539,3145.0776781720924,3111.1268393421374,3140.073486328125
2026-01-29 00:00:00+05:30,3140.07335254898,3140.07335254898,3066.9708064954257,3085.41796875
2026-01-30 00:00:00+05:30,3082.081828102924,3082.081828102924,3034.000959087629,3065.302490234375
2026-02-02 00:00:00+05:30,3138.0126916764966,3138.0126916764966,3075.2131881532646,3110.1455078125
2026-02-03 00:00:00+05:30,3287.1613923698505,3287.1613923698505,3126.53209104895,3164.800537109375
2026-02-04 00:00:00+05:30,3061.475843095512,3061.475843095512,2929.9893806035893,2942.84375
2026-02-05 00:00:00+05:30,2933.9143670738968,2972.869637012123,2916.5464269268496,2935.38623046875
2026-02-06 00:00:00+05:30,2920.765595757455,2929.0079343210614,2861.302223276454,2886.422119140625
2026-02-09 00:00:00+05:30,2903.5941220720847,2921.15826303242,2882.3991930324937,2892.8984375
2026-02-10 00:00:00+05:30,2894.468444356794,2955.109263473934,2888.2865702537815,2928.61572265625
2026-02-11 00:00:00+05:30,2924.1019081110685,2941.76426862986,2849.723697569715,2855.21875
2026-02-12 00:00:00+05:30,2815.9687988010764,2825.977420921291,2688.603518515395,2698.51416015625
2026-02-13 00:00:00+05:30,2536.5110796879476,2662.110080925881,2536.5110796879476,2641.7001953125
2026-02-16 00:00:00+05:30,2649.3540277067937,2668.7826718221954,2620.898002964758,2655.830322265625
2026-02-17 00:00:00+05:30,2665.0538469624375,2708.228504276998,2644.6439610469733,2666.427490234375
2026-02-18 00:00:00+05:30,2678.7913077273606,2678.7913077273606,2607.4550449905755,2644.349609375
2026-02-19 00:00:00+05:30,2657.2039438116426,2697.140454434555,2616.5806115438327,2627.66845703125
2026-02-20 00:00:00+05:30,2616.972941852777,2651.905259923164,2597.838718993336,2635.812744140625
2026-02-23 00:00:00+05:30,2635.616634548502,2653.2789947204583,2610.3005370564806,2626.0986328125
2026-02-24 00:00:00+05:30,2591.460746119642,2597.8388206557183,2513.255787797201,2525.423095703125
2026-02-25 00:00:00+05:30,2547.3048106742554,2604.4130601353972,2546.3235684513456,2579.980224609375
2026-02-26 00:00:00+05:30,2600.2918170703697,2620.897903167908,2585.5731841435563,2598.034912109375
2026-02-27 00:00:00+05:30,2631.299321894741,2638.168017666852,2576.8403768444346,2587.92822265625
2026-03-02 00:00:00+05:30,2543.37985460111,2574.5834053591284,2531.8993684474203,2564.4765625
2026-03-04 00:00:00+05:30,2575.7609535201655,2585.5733762002424,2531.997452542583,2539.2587890625
2026-03-05 00:00:00+05:30,2551.229777430436,2560.551578540278,2498.6350985020495,2530.427490234375
2026-03-06 00:00:00+05:30,2523.7550365456814,2570.069622274581,2505.7002751879877,2509.625244140625
2026-03-09 00:00:00+05:30,2482.542780637602,2511.9800468111703,2458.0117254929614,2479.991455078125
2026-03-10 00:00:00+05:30,2493.3365235176843,2497.45769299971,2443.39138949283,2465.9599609375
2026-03-11 00:00:00+05:30,2461.0536733182116,2473.711601954393,2413.9540474182472,2418.663818359375
2026-03-12 00:00:00+05:30,2413.6596961153996,2426.513825649523,2390.3060830242093,2396.5859375
2026-03-13 00:00:00+05:30,2391.287343235487,2400.0203033629555,2352.0376535639975,2365.284423828125
2026-03-16 00:00:00+05:30,2364.793830777467,2379.5124645789865,2321.7173916761253,2364.0087890625
2026-03-17 00:00:00+05:30,2374.6061161428333,2374.6061161428333,2315.731584337639,2346.8369140625
2026-03-18 00:00:00+05:30,2364.793804301608,2436.326267951688,2364.793804301608,2395.01611328125
2026-03-19 00:00:00+05:30,2371.6624152761565,2378.5311107279285,2306.115387909886,2311.806640625
2026-03-20 00:00:00+05:30,2341.2440023374425,2362.6351312433567,2319.8528734315287,2345.7578125
2026-03-23 00:00:00+05:30,2320.6378037995523,2361.6537756859007,2303.956686393805,2339.085205078125
2026-03-24 00:00:00+05:30,2359.0045869106293,2389.7172776589064,2334.47353068287,2353.803955078125
2026-03-25 00:00:00+05:30,2355.864368126978,2376.1762738846405,2325.3478785890734,2332.80517578125
2026-03-27 00:00:00+05:30,2358.8080275261386,2376.6668272056972,2340.262645780238,2344.97265625
2026-03-30 00:00:00+05:30,2330.5484146912077,2353.0187649541185,2302.1903717438945,2314.652099609375
2026-04-01 00:00:00+05:30,2383.4374750291136,2425.630892660341,2352.9207445923203,2363.027587890625
2026-04-02 00:00:00+05:30,2341.24390183887,2423.570027038862,2331.1370592120925,2404.730224609375
2026-04-06 00:00:00+05:30,2427.593337237373,2435.4432752720936,2402.2772391631793,2427.4951171875
2026-04-07 00:00:00+05:30,2414.837240451596,2496.182129281132,2402.0810908677395,2492.1591796875
2026-04-08 00:00:00+05:30,2523.755016821873,2531.899375247164,2492.453485493659,2511.195068359375
2026-04-09 00:00:00+05:30,2506.092558435327,2556.135910228672,2483.6222080623565,2540.43603515625
2026-04-10 00:00:00+05:30,2517.671257898199,2517.671257898199,2454.1849361455575,2476.94970703125
2026-04-13 00:00:00+05:30,2443.195026142192,2457.9136601554055,2423.6684008424363,2426.2197265625
2026-04-15 00:00:00+05:30,2454.9697496490417,2510.9987747578325,2446.629190999006,2506.9755859375
2026-04-16 00:00:00+05:30,2523.754997213638,2545.3423261167095,2510.0176060935014,2528.56298828125
2026-04-17 00:00:00+05:30,2521.792618261851,2540.4362212762385,2507.957006516208,2533.076904296875
2026-04-20 00:00:00+05:30,2538.571963483115,2545.3424392975157,2513.15764504414,2531.212646484375
2026-04-21 00:00:00+05:30,2511.9802240950007,2564.9673069470045,2511.9802240950007,2561.532958984375
2026-04-22 00:00:00+05:30,2531.6048516902206,2531.6048516902206,2456.6380441545243,2490.88330078125
2026-04-23 00:00:00+05:30,2481.5614778281533,2511.489364373728,2469.0997500312283,2474.49658203125
2026-04-24 00:00:00+05:30,2441.3307179215667,2458.0118361710306,2343.991534636913,2351.939453125
2026-04-27 00:00:00+05:30,2351.9393059532576,2412.874541687738,2351.9393059532576,2401.6884765625
2026-04-28 00:00:00+05:30,2398.155951805419,2440.349366669426,2381.867235359066,2398.8427734375
2026-04-29 00:00:00+05:30,2405.024637022461,2441.2323784506298,2401.688509360205,2428.280029296875
2026-04-30 00:00:00+05:30,2432.4995485090735,2444.2744555611544,2392.26861608113,2427.4951171875
2026-05-01 00:00:00+05:30,2427.4951171875,2427.4951171875,2427.4951171875,2427.4951171875
2026-05-04 00:00:00+05:30,2447.2181772447047,2451.4375668418284,2379.512461835769,2385.6943359375
2026-05-05 00:00:00+05:30,2384.4185931895904,2414.24826083551,2366.952433771704,2381.769287109375
2026-05-06 00:00:00+05:30,2396.0951150032492,2424.6493574491965,2361.359238648924,2389.717041015625
2026-05-07 00:00:00+05:30,2392.4647422177254,2393.9366055534624,2353.018852732181,2356.35498046875
2026-05-08 00:00:00+05:30,2353.0188960201936,2361.8500761970836,2330.548544505656,2349.486328125
2026-05-11 00:00:00+05:30,2326.5252955775945,2369.699953108347,2326.5252955775945,2348.014404296875
2026-05-12 00:00:00+05:30,2330.450360002076,2330.450360002076,2240.176072372522,2257.151611328125
2026-05-13 00:00:00+05:30,2262.7446759395275,2265.8846032931383,2226.4387119283556,2230.16748046875
2026-05-14 00:00:00+05:30,2222.513720137884,2222.513720137884,2165.012827845418,2203.8701171875
2026-05-15 00:00:00+05:30,2209.7573207679993,2261.6649346543286,2209.7573207679993,2221.5322265625
2026-05-18 00:00:00+05:30,2221.5322685970373,2249.8900714309348,2209.953563101145,2240.3720703125
2026-05-19 00:00:00+05:30,2256.857213357978,2333.0017090765828,2254.0117066090534,2283.448974609375
2026-05-20 00:00:00+05:30,2280.3085723429836,2298.06915136111,2274.3231388707036,2283.742919921875
2026-05-21 00:00:00+05:30,2287.275643394801,2292.0836345084317,2270.594525446405,2283.546875
2026-05-22 00:00:00+05:30,2287.373954930871,2296.106915322829,2264.805382686245,2273.832763671875
2026-05-25 00:00:00+05:30,2312.3217190072714,2313.415817804508,2280.496215777924,2295.61328125
2026-05-26 00:00:00+05:30,2295.613098349941,2315.205623652634,2260.008270887014,2263.78759765625
2026-05-27 00:00:00+05:30,2262.5943570616037,2283.0821217701528,2248.571147658945,2271.744140625
2026-05-28 00:00:00+05:30,2271.744140625,2271.744140625,2271.744140625,2271.744140625
2026-05-29 00:00:00+05:30,2278.507085795833,2321.2726050840133,2222.81245602518,2246.58203125
2026-06-01 00:00:00+05:30,2271.5452382799426,2322.267132829976,2267.5670504720965,2284.8720703125
2026-06-02 00:00:00+05:30,2307.34897134468,2443.9996279549005,2303.569644295269,2433.556884765625
2026-06-03 00:00:00+05:30,2379.9508308808004,2379.9508308808004,2212.6680838914085,2229.475830078125
2026-06-04 00:00:00+05:30,2229.4759194813155,2240.8139007540485,2204.5129359355733,2228.77978515625
2026-06-05 00:00:00+05:30,2250.560184151513,2259.4117976453776,2180.0469028924485,2186.9091796875
2026-06-08 00:00:00+05:30,2158.1668832997775,2165.128711955583,2131.6125282744956,2139.668212890625
2026-06-09 00:00:00+05:30,2162.145087858845,2162.145087858845,2121.169801728995,2139.2705078125
2026-06-10 00:00:00+05:30,2139.568864676436,2168.907999188303,2133.1043096144995,2142.154541015625
2026-06-11 00:00:00+05:30,2115.4013888441136,2142.8509821277357,2098.494090484758,2123.95458984375
2026-06-12 00:00:00+05:30,2138.276030955957,2156.177876796519,2126.3414670622496,2149.61376953125
2026-06-15 00:00:00+05:30,2180.046856932239,2180.046856932239,2147.525221086398,2150.21044921875
2026-06-16 00:00:00+05:30,2155.183285992923,2196.954258771743,2148.818282502735,2187.0087890625
2026-06-17 00:00:00+05:30,2196.9542720106556,2218.8343055028395,2188.6994835403766,2210.8779296875
2026-06-18 00:00:00+05:30,2196.9542695909468,2201.927004470057,2170.101501243751,2191.285400390625
2026-06-19 00:00:00+05:30,2093.521413717831,2126.341464384191,2048.6672473500757,2113.412353515625
2026-06-22 00:00:00+05:30,2120.5729308842238,2145.237743488044,2109.434053749718,2116.197021484375
2026-06-23 00:00:00+05:30,2099.4885101234904,2102.4721508294924,2043.7938836114508,2048.368896484375
2026-06-24 00:00:00+05:30,2049.7612582514666,2109.1356624395376,2049.7612582514666,2097.49951171875
2026-06-25 00:00:00+05:30,2121.965363861958,2136.78401555451,2076.61392807904,2083.27734375
2026-06-26 00:00:00+05:30,2083.27734375,2083.27734375,2083.27734375,2083.27734375
2026-06-29 00:00:00+05:30,2078.6031371123327,2093.521341445675,2059.706744956766,2086.4599609375
2026-06-30 00:00:00+05:30,2078.60311543387,2092.8251853118586,2007.791421498655,2020.422119140625
2026-07-01 00:00:00+05:30,2028.776408877907,2040.8104030555382,1966.0205187179013,1971.788818359375
2026-07-02 00:00:00+05:30,1997.0503819057583,2065.5745732846704,1991.580373389582,2056.82275390625
2026-07-03 00:00:00+05:30,2088.5485393778363,2105.0581154318793,2073.6303355251375,2082.083984375
2026-07-06 00:00:00+05:30,2078.6031065753987,2081.5867473982344,2039.4180542258837,2046.3798828125
2026-07-07 00:00:00+05:30,2038.8212111731864,2111.124724588052,2037.8266642409067,2084.669921875
2026-07-08 00:00:00+05:30,2082.5813599967723,2098.1956989000228,2037.6278854106638,2046.2803955078125
2026-07-09 00:00:00+05:30,2046.280350211656,2053.7394523387943,2005.006651774823,2038.323974609375
2026-07-10 00:00:00+05:30,2093.7200783959847,2121.666943317309,2053.341620075063,2057.717529296875
2026-07-13 00:00:00+05:30,2063.684994131224,2192.8765503750355,2053.8390761022306,2169.604248046875
2026-07-14 00:00:00+05:30,2170.996422535663,2215.850586742918,2167.1177865856457,2188.60009765625
2026-07-15 00:00:00+05:30,2174.10009765625,2202.89990234375,2145.39990234375,2189.199951171875
2026-07-16 00:00:00+05:30,2206.0,2231.39990234375,2187.800048828125,2201.0
2026-07-17 00:00:00+05:30,2224.800048828125,2275.0,2215.10009765625,2269.0
2026-07-20 00:00:00+05:30,2280.10009765625,2283.39990234375,2245.10009765625,2251.10009765625
2026-07-21 00:00:00+05:30,2245.10009765625,2259.89990234375,2218.5,2221.10009765625
2026-07-22 00:00:00+05:30,2216.0,2226.800048828125,2201.0,2208.300048828125
2026-07-23 00:00:00+05:30,2204.0,2250.0,2193.60009765625,2242.89990234375
2026-07-24 00:00:00+05:30,2205.10009765625,2264.300048828125,2205.10009765625,2254.300048828125
2026-07-27 00:00:00+05:30,2286.0,2315.0,2272.39990234375,2295.60009765625
2026-07-28 00:00:00+05:30,2325.0,2417.39990234375,2323.0,2398.0
2026-07-29 00:00:00+05:30,2440.0,2475.5,2415.10009765625,2446.60009765625
2026-07-30 00:00:00+05:30,2440.0,2495.0,2423.0,2431.800048828125
2026-07-31 00:00:00+05:30,2385.0,2391.0,2326.10009765625,2365.60009765625
2026-08-03 00:00:00+05:30,2383.89990234375,2473.699951171875,2383.0,2473.699951171875
2026-08-04 00:00:00+05:30,2463.10009765625,2467.39990234375,2435.10009765625,2460.0
2026-08-05 00:00:00+05:30,2460.0,2460.89990234375,2408.0,2413.0
2026-08-06 00:00:00+05:30,2417.0,2434.5,2368.5,2373.0
2026-08-07 00:00:00+05:30,2375.0,2457.699951171875,2375.0,2452.699951171875
2026-08-10 00:00:00+05:30,2452.699951171875,2472.89990234375,2423.5,2425.699951171875
2026-08-11 00:00:00+05:30,2438.0,2456.60009765625,2428.0,2445.699951171875
2026-08-12 00:00:00+05:30,2445.699951171875,2445.800048828125,2300.10009765625,2349.699951171875
2026-08-13 00:00:00+05:30,2349.699951171875,2375.0,2332.300048828125,2375.0
2026-08-14 00:00:00+05:30,2375.10009765625,2390.0,2333.39990234375,2361.0
2026-08-17 00:00:00+05:30,2351.0,2361.10009765625,2310.60009765625,2313.199951171875
2026-08-18 00:00:00+05:30,2300.0,2307.0,2280.0,2280.0
2026-08-19 00:00:00+05:30,2293.60009765625,2308.199951171875,2258.300048828125,2289.0
2026-08-20 00:00:00+05:30,2319.39990234375,2329.0,2288.10009765625,2298.0
2026-08-21 00:00:00+05:30,2290.10009765625,2307.199951171875,2263.300048828125,2302.0
2026-08-24 00:00:00+05:30,2302.39990234375,2321.60009765625,2279.5,2284.10009765625
2026-08-25 00:00:00+05:30,2305.0,2313.5,2262.0,2296.199951171875
2026-08-26 00:00:00+05:30,2305.10009765625,2306.300048828125,2266.39990234375,2270.0
2026-08-27 00:00:00+05:30,2270.0,2283.60009765625,2243.89990234375,2248.39990234375
2026-08-28 00:00:00+05:30,2272.0,2348.5,2263.300048828125,2342.0
2026-08-31 00:00:00+05:30,2342.0,2399.300048828125,2306.199951171875,2399.300048828125
2026-09-01 00:00:00+05:30,2355.0,2372.0,2325.0,2369.0
2026-09-02 00:00:00+05:30,2347.89990234375,2363.0,2303.5,2348.0
2026-09-03 00:00:00+05:30,2353.60009765625,2353.60009765625,2316.10009765625,2320.10009765625
2026-09-04 00:00:00+05:30,2330.0,2363.89990234375,2302.39990234375,2304.0
2026-09-07 00:00:00+05:30,2290.10009765625,2299.89990234375,2260.10009765625,2270.0
2026-09-08 00:00:00+05:30,2270.0,2274.5,2244.0,2255.5
2026-09-09 00:00:00+05:30,2237.0,2237.0,2193.199951171875,2208.0
2026-09-10 00:00:00+05:30,2199.0,2232.0,2190.60009765625,2204.10009765625
2026-09-11 00:00:00+05:30,2185.5,2232.60009765625,2185.5,2200.800048828125
2026-09-14 00:00:00+05:30,2200.800048828125,2200.800048828125,2200.800048828125,2200.800048828125
2026-09-15 00:00:00+05:30,2275.5,2323.0,2251.0,2251.0
2026-09-16 00:00:00+05:30,2270.0,2273.89990234375,2172.0,2188.800048828125
2026-09-17 00:00:00+05:30,2171.0,2263.60009765625,2162.5,2190.0
2026-09-18 00:00:00+05:30,2177.199951171875,2177.300048828125,2101.199951171875,2105.0
2026-09-21 00:00:00+05:30,2090.0,2145.0,2075.300048828125,2128.699951171875
