Date,Open,High,Low,Close
2018-09-04 00:00:00+05:30,252.37128942892684,253.4244900220521,248.61552893297835,249.90719604492188
2018-09-05 00:00:00+05:30,249.7879597590896,251.57642078046837,243.94567397051398,246.04214477539062
2018-09-06 00:00:00+05:30,246.80719718792557,251.29821817494064,246.04214551723572,250.56295776367188
2018-09-07 00:00:00+05:30,249.78793688801233,250.3840955608685,246.0321766674749,247.39340209960938
2018-09-10 00:00:00+05:30,246.6084526831778,246.70781751295257,241.44179991472242,243.10108947753906
2018-09-11 00:00:00+05:30,243.82642576567844,243.95559702361103,239.20624883083195,239.73284912109375
2018-09-12 00:00:00+05:30,239.65336212666548,245.1677771681069,238.46105985955688,244.5020751953125
2018-09-14 00:00:00+05:30,246.40976227655148,247.33379160783448,244.134452997314,246.32034301757812
2018-09-17 00:00:00+05:30,243.95559890094515,246.1911713371285,242.76329663383655,244.5020751953125
2018-09-18 00:00:00+05:30,244.01519468482743,245.18763603088152,240.5475833847422,241.5014190673828
2018-09-19 00:00:00+05:30,241.83924969127813,245.21745710160576,241.83924969127813,243.8065643310547
2018-09-21 00:00:00+05:30,243.8264253343887,247.60206177862068,227.13416343095585,234.5264434814453
2018-09-24 00:00:00+05:30,234.4867149775299,235.07292812634662,227.39249886812217,228.26686096191406
2018-09-25 00:00:00+05:30,227.730303275093,236.69246878931867,222.5934565620825,235.15240478515625
2018-09-26 00:00:00+05:30,235.6988585835203,236.20558281641186,230.7706572724621,232.38027954101562
2018-09-27 00:00:00+05:30,232.8969639418075,233.9203581176109,226.3293482682157,227.02487182617188
2018-09-28 00:00:00+05:30,227.92901843442485,231.1085112885351,225.2165281856721,226.85595703125
2018-10-01 00:00:00+05:30,216.6021195845747,224.70979889205535,199.154721919018,222.96107482910156
2018-10-03 00:00:00+05:30,221.9476399121093,226.24987675610018,215.82713563791353,218.24154663085938
2018-10-04 00:00:00+05:30,215.6085281225384,217.5062842437184,209.96495733649232,213.52198791503906
2018-10-05 00:00:00+05:30,212.76686277272992,216.39345169917098,206.75565434480006,209.09059143066406
2018-10-08 00:00:00+05:30,208.66336819702695,221.9277713772278,207.49094187153452,219.4438018798828
2018-10-09 00:00:00+05:30,219.78161492116035,223.85533090239576,215.70791410087136,220.2684783935547
2018-10-10 00:00:00+05:30,221.27200486549953,227.84956655474906,221.02360791006882,226.09091186523438
2018-10-11 00:00:00+05:30,218.5893085069168,222.5636595706789,217.59572074097628,221.6793670654297
2018-10-12 00:00:00+05:30,222.96108557150663,233.12549919431774,222.96108557150663,231.9331817626953
2018-10-15 00:00:00+05:30,232.49953947906184,235.24183628164346,230.01557004018298,232.58895874023438
2018-10-16 00:00:00+05:30,232.7976103968992,234.82452271466187,231.05883185277526,233.64215087890625
2018-10-17 00:00:00+05:30,235.4802790853316,236.2055938433569,232.94662748070553,233.6918182373047
2018-10-19 00:00:00+05:30,231.5059415991611,239.65335797089094,230.63157954333548,238.2523956298828
2018-10-22 00:00:00+05:30,239.49438923353597,242.27643801967554,230.01556858553582,231.30723571777344
2018-10-23 00:00:00+05:30,228.52517622248143,234.44696572062784,227.24345473100612,233.38381958007812
2018-10-24 00:00:00+05:30,235.48027068114595,237.47737637961575,229.31008476590048,233.910400390625
2018-10-25 00:00:00+05:30,233.0956999281399,237.30850242454744,231.50595341115257,235.6392822265625
2018-10-26 00:00:00+05:30,235.48028803104333,237.0700344365593,228.98223105745834,230.23414611816406
2018-10-29 00:00:00+05:30,228.94246409677982,229.10144175913086,218.28127287582706,226.16041564941406
2018-10-30 00:00:00+05:30,226.53801652438096,227.73031884231997,221.62969040726793,223.31878662109375
2018-10-31 00:00:00+05:30,224.37197453210916,225.54440070344634,219.9803036966046,222.3947296142578
2018-11-01 00:00:00+05:30,223.29893114321803,223.9050203171918,218.80790997149342,220.48707580566406
2018-11-02 00:00:00+05:30,222.21590409808667,227.73031938782879,221.0732841991886,225.18673706054688
2018-11-05 00:00:00+05:30,225.54439595655936,225.54439595655936,221.66941019613276,224.44151306152344
2018-11-06 00:00:00+05:30,224.2428169272555,226.53800215491583,222.79217217246497,223.61685180664062
2018-11-07 00:00:00+05:30,225.34570637418418,226.39890697110704,225.01782059498152,225.4053192138672
2018-11-09 00:00:00+05:30,224.94827827086948,226.30950390513368,221.7191178287778,225.6537322998047
2018-11-12 00:00:00+05:30,226.3392866759037,230.89985069278447,226.17037858205023,229.26043701171875
2018-11-13 00:00:00+05:30,228.52519722302856,232.77775185412918,226.53802159500222,231.68479919433594
2018-11-14 00:00:00+05:30,232.51943004786844,233.49314188385077,223.04059358509144,224.53097534179688
2018-11-15 00:00:00+05:30,226.3393105726439,231.7046787870994,224.9482785148964,230.95948791503906
2018-11-16 00:00:00+05:30,232.89694582081896,233.09567548531302,229.07164235442505,232.2213134765625
2018-11-19 00:00:00+05:30,233.49311848421965,236.26522160306723,231.5059430077582,233.5428009033203
2018-11-20 00:00:00+05:30,232.49953918445073,234.1488985284034,230.93959910155723,232.48960876464844
2018-11-21 00:00:00+05:30,232.48962862147573,235.48032261958932,232.46975261922734,233.83096313476562
2018-11-22 00:00:00+05:30,232.69823273057582,234.88412260478344,232.02260038221587,232.61874389648438
2018-11-26 00:00:00+05:30,233.12549555182767,234.48670589982828,229.1312686045709,232.60882568359375
2018-11-27 00:00:00+05:30,231.12836153755546,234.27803266748685,231.12836153755546,233.20497131347656
2018-11-28 00:00:00+05:30,232.92675537522825,236.01681370401056,230.0354267136164,230.56202697753906
2018-11-29 00:00:00+05:30,231.60531607776477,242.41554074449311,229.91620473398095,241.03445434570312
2018-11-30 00:00:00+05:30,240.24951130272007,246.09179672789563,238.00399337518488,245.20750427246094
2018-12-03 00:00:00+05:30,246.40975566896805,247.20462888073448,242.1174494219967,243.6475830078125
2018-12-04 00:00:00+05:30,243.82641786720154,245.67449161346306,240.44822571899869,243.4886016845703
2018-12-05 00:00:00+05:30,242.7434132305218,244.10462355420282,239.0572112827454,240.74630737304688
2018-12-06 00:00:00+05:30,239.45464855883793,239.45464855883793,232.72805522355176,234.53639221191406
2018-12-07 00:00:00+05:30,234.6854275157249,267.4638934045533,233.72164616893102,254.28890991210938
2018-12-10 00:00:00+05:30,247.2245158913363,256.32578349148173,236.07645991336935,238.1331787109375
2018-12-11 00:00:00+05:30,236.27514983088892,246.21102648348355,232.69822817157703,242.17706298828125
2018-12-12 00:00:00+05:30,244.3033502308699,250.58281665496105,243.27001052553584,245.84339904785156
2018-12-13 00:00:00+05:30,246.4097706451026,252.7289895632455,244.14439170849914,251.25848388671875
2018-12-14 00:00:00+05:30,251.2584655866215,252.70909515673125,247.82064543058127,249.5792999267578
2018-12-17 00:00:00+05:30,250.3841101893122,251.57641244373883,239.86201967355498,242.92227172851562
2018-12-18 00:00:00+05:30,241.42194877140756,246.34020513271386,241.24311025253454,245.83348083496094
2018-12-19 00:00:00+05:30,246.171307361857,247.54246337452926,242.85272775533514,243.5581817626953
2018-12-20 00:00:00+05:30,242.39567209344037,246.29053422090786,241.56104686823994,245.67449951171875
2018-12-21 00:00:00+05:30,246.40974722284324,246.98602990259715,243.1607112301226,243.8661651611328
2018-12-24 00:00:00+05:30,244.42258295880922,247.09533639333776,242.63412200253123,246.11167907714844
2018-12-26 00:00:00+05:30,245.316806690485,248.55591242257432,240.54759767212394,248.02931213378906
2018-12-27 00:00:00+05:30,249.83763439302786,250.11583774757736,245.48573039774857,246.45944213867188
2018-12-28 00:00:00+05:30,247.2543069814358,248.5757652902749,245.42609407801478,246.6780242919922
2018-12-31 00:00:00+05:30,245.81359740396334,250.88090087209474,245.11808902779416,249.6885986328125
2019-01-01 00:00:00+05:30,249.19179731913334,249.5892263333629,246.85686016793585,248.48634338378906
2019-01-02 00:00:00+05:30,247.97963650869397,248.04917976863632,243.82643176226614,246.52899169921875
2019-01-03 00:00:00+05:30,246.4097714553982,248.5956615570874,243.95560840584974,245.4658660888672
2019-01-04 00:00:00+05:30,246.012317930824,248.79435133206013,244.42257156359338,247.9895477294922
2019-01-07 00:00:00+05:30,248.5857146847301,249.19180380181174,246.6084696592796,247.72129821777344
2019-01-08 00:00:00+05:30,247.00591946910478,247.24437082489726,243.61778162005896,244.20399475097656
2019-01-09 00:00:00+05:30,245.88314269725112,247.20461612190743,244.04499943747138,246.06198120117188
2019-01-10 00:00:00+05:30,246.21104880380122,246.80719236043365,241.71009748501666,242.3459930419922
2019-01-11 00:00:00+05:30,243.42901179568517,244.26362191178603,241.08414397358274,243.07131958007812
2019-01-14 00:00:00+05:30,241.83922964250993,243.31968070933763,239.73282866123236,240.7959747314453
2019-01-15 00:00:00+05:30,241.83925525125767,242.43541397294663,240.5078512885579,241.12387084960938
2019-01-16 00:00:00+05:30,241.58092649232754,241.82932343143543,238.06363250537612,239.00753784179688
2019-01-17 00:00:00+05:30,240.0508020022972,243.43892464449965,238.46105556746915,242.42547607421875
2019-01-18 00:00:00+05:30,242.45526664561459,247.00589997789623,241.73988231279642,246.44947814941406
2019-01-21 00:00:00+05:30,246.5488566100719,253.46423382262606,242.96200432896816,251.8943634033203
2019-01-22 00:00:00+05:30,254.15976842661507,259.912635257103,252.98732691053237,256.69342041015625
2019-01-23 00:00:00+05:30,258.11421736051904,258.11421736051904,252.5799416294066,253.66294860839844
2019-01-24 00:00:00+05:30,253.16617910868325,253.66297301778155,250.9802889408401,251.9241943359375
2019-01-25 00:00:00+05:30,252.1328167142862,255.8885922788876,250.09597399809837,251.60621643066406
2019-01-28 00:00:00+05:30,252.17256768184345,255.35204537021738,249.3905190191617,250.47352600097656
2019-01-29 00:00:00+05:30,250.38411252046203,252.96744672989274,247.9995079894074,248.67514038085938
2019-01-30 00:00:00+05:30,249.39052224709448,249.4898870852764,241.9982270503536,242.87258911132812
2019-01-31 00:00:00+05:30,242.83283364524365,250.38410641090306,240.7264325221783,249.53955078125
2019-02-01 00:00:00+05:30,249.79792078718165,252.5302873285226,246.44951947980343,249.52964782714844
2019-02-04 00:00:00+05:30,247.40335184809817,253.30526555890054,247.40335184809817,252.8084716796875
2019-02-05 00:00:00+05:30,253.5636100137978,255.74950019752208,251.8745137427812,254.1895751953125
2019-02-06 00:00:00+05:30,254.35845907573594,256.1071831848868,253.63314427734255,254.25909423828125
2019-02-07 00:00:00+05:30,254.35845057514902,257.3392136678265,253.42447571369217,255.2626190185547
2019-02-08 00:00:00+05:30,255.1533252410197,260.5187234151876,253.82193643905273,258.2135925292969
2019-02-11 00:00:00+05:30,257.53797071601304,261.3135922393837,257.1405113372217,258.6408386230469
2019-02-12 00:00:00+05:30,258.332771892011,260.3199470604111,257.39879713711207,258.06451416015625
2019-02-14 00:00:00+05:30,258.73021646636164,258.77991404170115,252.6792713522532,255.70970153808594
2019-02-15 00:00:00+05:30,255.90846578398668,256.3456468322427,252.37129571856454,255.08380126953125
2019-02-18 00:00:00+05:30,254.55717481011112,255.94819149262588,253.01709571863196,253.77223205566406
2019-02-19 00:00:00+05:30,253.76228280525626,255.40169638314507,252.73888872629266,254.44786071777344
2019-02-20 00:00:00+05:30,254.61682415069765,256.7430863155616,254.19950392516506,256.2959899902344
2019-02-21 00:00:00+05:30,256.72318819145806,257.8558623730172,255.05396817553435,256.17669677734375
2019-02-22 00:00:00+05:30,248.59565726666435,249.98668924260218,243.42900388976472,245.99246215820312
2019-02-25 00:00:00+05:30,247.08538954470785,247.77096750450752,244.42258170420857,246.59854125976562
2019-02-26 00:00:00+05:30,243.2302729941979,248.337313186799,242.45527579788083,245.64468383789062
2019-02-27 00:00:00+05:30,246.01233798667792,246.72772239415804,240.66683093104763,241.67034912109375
2019-02-28 00:00:00+05:30,241.08414602083005,243.4389442830207,240.44825042778947,241.06427001953125
2019-03-01 00:00:00+05:30,242.77322694178076,244.52195108295228,241.90881045168996,243.61778259277344
2019-03-05 00:00:00+05:30,243.21041812367417,247.66168717964575,241.99823980649828,246.4991912841797
2019-03-06 00:00:00+05:30,246.82708376850593,247.80079558445064,245.73414626598142,246.66810607910156
2019-03-07 00:00:00+05:30,247.20464302615088,247.60207207430284,245.45591882801108,245.85336303710938
2019-03-08 00:00:00+05:30,245.81359392724673,247.1052609852608,244.76039337809448,246.191162109375
2019-03-11 00:00:00+05:30,246.01234028967522,249.3706566752297,245.2174670338178,248.30752563476562
2019-03-12 00:00:00+05:30,250.4735219967972,252.7687071795105,249.0129468512623,251.0498046875
2019-03-13 00:00:00+05:30,251.07961877486764,252.19244735270766,247.8107217822678,250.63250732421875
2019-03-14 00:00:00+05:30,250.98027148759107,253.85173947605855,249.78795405991173,252.16262817382812
2019-03-15 00:00:00+05:30,252.74886268251512,266.15235204445315,252.37129447707025,263.33056640625
2019-03-18 00:00:00+05:30,266.2815364287746,270.2558877187563,264.4533384740103,267.0068664550781
2019-03-19 00:00:00+05:30,268.2686903333487,269.262278075324,265.9933659140954,267.8215637207031
2019-03-20 00:00:00+05:30,268.089876006063,269.83856997083325,264.4930929070869,268.586669921875
2019-03-22 00:00:00+05:30,269.20262606048186,271.1798556762686,264.49303055189415,265.5362854003906
2019-03-25 00:00:00+05:30,263.48953234802957,264.4632592385845,258.96872030865615,260.0517272949219
2019-03-26 00:00:00+05:30,260.76712364602685,267.8613245912863,260.3299425993282,266.86773681640625
2019-03-27 00:00:00+05:30,268.2588021149207,271.03092099792605,263.31075350784874,264.8607482910156
2019-03-28 00:00:00+05:30,265.88401996304844,268.6660528227712,264.0756834432866,266.43048095703125
2019-04-01 00:00:00+05:30,265.4866296446692,270.6532671816363,263.5093696213814,266.1622619628906
2019-04-02 00:00:00+05:30,267.07637939480935,267.24530265667636,263.8969167364737,266.1722412109375
2019-04-03 00:00:00+05:30,266.6788697533015,269.7490513839625,264.49299552169634,265.1288757324219
2019-04-04 00:00:00+05:30,265.7648514667749,267.2254266126916,261.7209422116457,262.8834228515625
2019-04-05 00:00:00+05:30,264.29434323189133,266.2914643254836,263.52929157525904,265.4767150878906
2019-04-08 00:00:00+05:30,266.48027182750343,267.77192389564476,264.9302772169759,266.9273681640625
2019-04-09 00:00:00+05:30,266.27157710635777,267.7023459226666,262.72449180773907,266.5696716308594
2019-04-10 00:00:00+05:30,265.8939815683434,271.8356467453298,265.8939815683434,268.2488098144531
2019-04-11 00:00:00+05:30,268.2091020050216,268.2587692679026,264.9998023892765,266.9174499511719
2019-04-12 00:00:00+05:30,266.91743479072125,267.87127056587855,265.595946067928,266.96710205078125
2019-04-15 00:00:00+05:30,267.87125562136407,273.8327819468162,266.9670871567102,273.0080871582031
2019-04-16 00:00:00+05:30,274.70715607721945,276.3068178237447,272.26290834449895,275.50201416015625
2019-04-18 00:00:00+05:30,275.50198665763173,276.6147999914114,270.8221972435841,272.1734619140625
2019-04-22 00:00:00+05:30,270.2558692128199,271.40843464661924,267.49369646829985,269.60009765625
2019-04-23 00:00:00+05:30,269.848533452945,271.9549349442161,268.46746204275723,269.3318786621094
2019-04-24 00:00:00+05:30,269.2622916283592,272.2430550043189,266.2119698297061,271.59722900390625
2019-04-25 00:00:00+05:30,272.02446906966645,273.63407646835606,269.2622961741871,270.3353576660156
2019-04-26 00:00:00+05:30,270.653287018426,275.1045708895598,266.83791383826446,274.0811767578125
2019-04-30 00:00:00+05:30,274.667352457566,277.60836319799114,268.4772909314343,275.5317687988281
2019-05-02 00:00:00+05:30,277.01226757575586,282.5266980800829,274.72702775573134,279.4664306640625
2019-05-03 00:00:00+05:30,279.47638123364044,285.30873689465534,278.24434203792043,281.74176025390625
2019-05-06 00:00:00+05:30,278.2045606081965,281.58275277977503,278.1449477709603,280.2712097167969
2019-05-07 00:00:00+05:30,280.19174981892957,283.1725131148756,278.05554218788,279.8241271972656
2019-05-08 00:00:00+05:30,278.9994311898806,281.1654755537303,275.95905506664684,278.6417541503906
2019-05-09 00:00:00+05:30,277.05198348518024,279.77440400997375,271.50777760377747,275.3231506347656
2019-05-10 00:00:00+05:30,272.24307065567336,279.49624982540604,271.86550242150906,277.83697509765625
2019-05-13 00:00:00+05:30,277.4097150208485,278.1549058416546,274.2401676372684,276.0882263183594
2019-05-14 00:00:00+05:30,275.9193043160061,277.60838513878315,271.96481452758286,274.81640625
2019-05-15 00:00:00+05:30,275.0250514431544,278.90998282226576,273.97185095204776,277.36993408203125
2019-05-16 00:00:00+05:30,277.5885280611874,282.86447616247267,273.96193913052144,280.81768798828125
2019-05-17 00:00:00+05:30,281.38403479704533,292.07501729931494,281.26477880857897,290.1275939941406
2019-05-20 00:00:00+05:30,296.28788353714543,299.12952998943797,290.34621778886265,298.58306884765625
2019-05-21 00:00:00+05:30,298.67246822018996,301.01732063403836,294.85709509674655,295.67181396484375
2019-05-22 00:00:00+05:30,296.6852585168559,301.59358360541745,295.83075742760906,297.1323547363281
2019-05-23 00:00:00+05:30,301.85199204023036,309.1846755973531,295.9302166434385,298.0267028808594
2019-05-24 00:00:00+05:30,300.06348996782805,302.8455234414225,296.089139107327,300.40130615234375
2019-05-27 00:00:00+05:30,299.3977674045185,304.6339939738781,298.07630910909984,303.9186096191406
2019-05-28 00:00:00+05:30,304.63401769175704,304.63401769175704,298.0763323164174,300.2622375488281
2019-05-29 00:00:00+05:30,299.9243564702229,304.037823936816,298.47372697686245,300.8384704589844
2019-05-30 00:00:00+05:30,300.8385130292236,306.3728043553864,300.44108397339335,305.10101318359375
2019-05-31 00:00:00+05:30,305.23013189544105,306.81984784504874,291.59810840652733,302.4778747558594
2019-06-03 00:00:00+05:30,300.69938742599925,304.991663121797,299.2686187534369,304.2862243652344
2019-06-04 00:00:00+05:30,304.03789452916567,306.02507031040204,302.487899845553,304.30615234375
2019-06-06 00:00:00+05:30,304.5445852728808,306.2038598041603,298.27504911311803,300.9080505371094
2019-06-07 00:00:00+05:30,302.80580791797513,302.80580791797513,295.64201851458347,300.4211730957031
2019-06-10 00:00:00+05:30,298.7320733716812,300.24231571860366,295.4134941828337,298.59295654296875
2019-06-11 00:00:00+05:30,299.9244008836973,300.9080734315712,296.59590598757137,299.6064758300781
2019-06-12 00:00:00+05:30,298.07637437609714,298.5731683333906,293.33697093940003,294.79754638671875
2019-06-13 00:00:00+05:30,294.4994052344713,299.8647730601529,293.49590221836513,298.8711853027344
2019-06-14 00:00:00+05:30,298.8811308389691,298.8811308389691,291.24043855980295,292.8798522949219
2019-06-17 00:00:00+05:30,293.7045375280872,293.7840112044426,288.3590307169271,290.1971740722656
2019-06-18 00:00:00+05:30,291.12120437811444,293.0090149974168,289.1638353405805,290.4952392578125
2019-06-19 00:00:00+05:30,292.7109431259986,299.0301463573429,292.49235261864385,297.6391296386719
2019-06-20 00:00:00+05:30,298.1756932525335,302.0506794575113,297.4801696908153,301.7228088378906
2019-06-21 00:00:00+05:30,301.25582857180814,301.25582857180814,294.73789512728774,296.0494079589844
2019-06-24 00:00:00+05:30,295.8904042392578,297.53976345602734,290.9920241669671,292.2340087890625
2019-06-25 00:00:00+05:30,292.482403155912,296.3375282406881,291.51862188471796,294.876953125
2019-06-26 00:00:00+05:30,295.09556059927957,297.2814657695124,293.17794352651134,296.2083740234375
2019-06-27 00:00:00+05:30,298.076317424824,299.4077213373613,293.60517266345164,294.419921875
2019-06-28 00:00:00+05:30,295.0955817280064,295.31417226068066,292.43277365498795,293.5257263183594
2019-07-01 00:00:00+05:30,295.4731281666694,296.2679862331247,291.99557106261705,294.3404235839844
2019-07-02 00:00:00+05:30,294.87701170612905,295.483116084205,291.5286253805415,292.41290283203125
2019-07-03 00:00:00+05:30,292.8997229955996,294.4993846185537,290.5945922825012,293.1083679199219
2019-07-04 00:00:00+05:30,293.1083721424917,299.0400919373696,293.1083721424917,297.6391296386719
2019-07-05 00:00:00+05:30,299.04013006274806,302.05069997129675,298.08629423717963,301.4942932128906
2019-07-08 00:00:00+05:30,300.73916438138275,300.73916438138275,292.12477466717985,293.16802978515625
2019-07-09 00:00:00+05:30,292.31352257954296,292.7109516075519,286.15326651878485,290.6939697265625
2019-07-10 00:00:00+05:30,290.72381565711515,294.46963099606745,290.29658015198834,293.27734375
2019-07-11 00:00:00+05:30,293.9032908065353,296.8443328434681,292.5222193829815,295.0856628417969
2019-07-12 00:00:00+05:30,295.64233104730516,297.1434365408886,293.44529679773814,294.9862060546875
2019-07-15 00:00:00+05:30,296.0499147528352,300.41413072230375,293.9821515807481,299.84747314453125
2019-07-16 00:00:00+05:30,299.8275981892362,300.52346630753175,296.24874818379817,298.5252990722656
2019-07-17 00:00:00+05:30,298.6147582073273,307.5519168613178,297.65045740410284,305.1163330078125
2019-07-18 00:00:00+05:30,304.4701459454339,306.83616436060555,303.4462001136334,305.842041015625
2019-07-19 00:00:00+05:30,306.1900060784729,306.339118520279,296.2487721148861,298.018310546875
2019-07-22 00:00:00+05:30,296.84526229738486,297.63062830187584,286.7350136643786,289.1507263183594
2019-07-23 00:00:00+05:30,290.28404022519277,300.6229177820038,289.33961083573973,297.0440673828125
2019-07-24 00:00:00+05:30,296.84523787955214,300.22525119623316,293.5745635688338,297.6802978515625
2019-07-25 00:00:00+05:30,296.64640309003005,299.0322930745891,294.2505621636842,295.26458740234375
2019-07-26 00:00:00+05:30,296.2487643393358,301.80591033853557,293.6739884509348,300.59307861328125
2019-07-29 00:00:00+05:30,300.97087813137773,303.09831690249,297.680331899098,298.7341003417969
2019-07-30 00:00:00+05:30,299.23109007644155,300.1456967902818,295.06571134566104,297.9784851074219
2019-07-31 00:00:00+05:30,296.2686224890329,305.1362158996793,294.40961672480904,302.1240234375
2019-08-01 00:00:00+05:30,299.4199854973315,302.014632629635,295.4534434194832,297.40191650390625
2019-08-02 00:00:00+05:30,295.8511306442887,301.2094400077463,292.2822312699911,299.7480773925781
2019-08-05 00:00:00+05:30,297.2428548034358,297.2428548034358,289.29981966257566,290.3038635253906
2019-08-06 00:00:00+05:30,289.1507232015921,297.01424308956035,288.62383900284465,295.3143005371094
2019-08-07 00:00:00+05:30,297.02414423643074,298.1574593068926,291.38745204464215,293.52484130859375
2019-08-08 00:00:00+05:30,295.2546267818337,300.1854699667164,291.6658561499701,298.78375244140625
2019-08-09 00:00:00+05:30,299.4299680619862,305.2952898162759,299.0820188184611,304.6192932128906
2019-08-13 00:00:00+05:30,303.22748930917624,304.9970276353854,299.28081844802745,300.50360107421875
2019-08-14 00:00:00+05:30,301.2193753285887,301.2988918478379,294.15117286590527,296.60662841796875
2019-08-16 00:00:00+05:30,296.04996341827035,299.52939563599193,293.76349152477843,298.0282897949219
2019-08-19 00:00:00+05:30,299.2311358643607,302.1140875841106,296.3581047483587,297.51129150390625
2019-08-20 00:00:00+05:30,296.3580741989725,300.4737591094244,294.7873727772651,299.2509765625
2019-08-21 00:00:00+05:30,299.03229977371495,301.7760900034566,297.4417266405339,299.3802490234375
2019-08-22 00:00:00+05:30,299.02234475496704,300.22522540842095,292.7494293928631,293.91253662109375
2019-08-23 00:00:00+05:30,294.2406132692431,295.65225130832516,287.52033032677286,292.31201171875
2019-08-26 00:00:00+05:30,298.2369986098848,302.114073524166,288.9121169325645,300.7819519042969
2019-08-27 00:00:00+05:30,301.0205233262111,302.7602391024913,297.1335279179981,298.545166015625
2019-08-28 00:00:00+05:30,298.07791483295915,298.43581498267525,292.9383145648055,294.9862060546875
2019-08-29 00:00:00+05:30,294.1610900325877,294.1610900325877,287.64959429543717,288.46478271484375
2019-08-30 00:00:00+05:30,287.9180226501826,290.204524739805,282.94740550522886,284.60760498046875
2019-09-03 00:00:00+05:30,284.12038686970885,284.12038686970885,279.35855877889674,281.1976623535156
2019-09-04 00:00:00+05:30,281.1579784212127,285.9098869101419,278.0861408524712,283.61346435546875
2019-09-05 00:00:00+05:30,284.697062460957,286.67535830701087,279.4381412113785,280.37261962890625
2019-09-06 00:00:00+05:30,280.83986797556395,287.2221537222764,280.83986797556395,286.61572265625
2019-09-09 00:00:00+05:30,286.10867285643815,293.1769052768348,283.13625390544735,292.5307312011719
2019-09-11 00:00:00+05:30,292.53073736895834,294.0417938911011,290.08517216226187,293.30615234375
2019-09-12 00:00:00+05:30,294.2605406084462,294.98626164725374,288.6934432319898,289.79693603515625
2019-09-13 00:00:00+05:30,289.6875752161791,295.45350958743586,287.7391016953879,295.1055603027344
2019-09-16 00:00:00+05:30,293.0675533442012,296.6165810078808,291.27814343789805,293.2564392089844
2019-09-17 00:00:00+05:30,292.5207860567773,294.4493877190108,287.102801843286,287.957763671875
2019-09-18 00:00:00+05:30,288.2957785008333,294.0517613318151,288.27590695511606,291.22845458984375
2019-09-19 00:00:00+05:30,291.23837709887823,291.23837709887823,287.30165700623303,288.8127136230469
2019-09-20 00:00:00+05:30,289.28986762230306,317.9007337289451,288.3951627591593,305.9613037109375
2019-09-23 00:00:00+05:30,313.14887801488044,328.4583726501823,303.96318730134715,326.1917724609375
2019-09-24 00:00:00+05:30,324.74037503241,326.41049517405185,316.1312621765723,321.7182312011719
2019-09-25 00:00:00+05:30,321.4994780526754,321.4994780526754,314.2423898970659,318.4375915527344
2019-09-26 00:00:00+05:30,319.51124526468857,334.810818501606,319.16329601730763,323.4579162597656
2019-09-27 00:00:00+05:30,321.2708704294505,327.94142990519583,319.3024951885349,326.76837158203125
2019-09-30 00:00:00+05:30,325.0981783705367,330.4465663767323,320.96262195808146,326.95721435546875
2019-10-01 00:00:00+05:30,325.8338631623947,329.4524562056883,322.83159137397024,327.70281982421875
2019-10-03 00:00:00+05:30,326.91746112634553,326.91746112634553,319.51123022812783,321.2509460449219
2019-10-04 00:00:00+05:30,324.0842098892453,324.81985145499124,309.6296479841414,310.79278564453125
2019-10-07 00:00:00+05:30,310.7629984361448,316.8470291331946,308.03907953650076,309.3016357421875
2019-10-09 00:00:00+05:30,310.02734590042604,323.6368992950205,307.73092299987354,320.57501220703125
2019-10-10 00:00:00+05:30,318.09959241422445,319.5808264600478,311.55824394715614,315.0973205566406
2019-10-11 00:00:00+05:30,317.16513288015057,323.0900997532261,313.18863934472625,315.6838684082031
2019-10-14 00:00:00+05:30,317.72181953355,319.90887263731975,313.3973770185414,315.23651123046875
2019-10-15 00:00:00+05:30,317.2048635627273,323.98479205656804,313.6459153365755,321.22113037109375
2019-10-16 00:00:00+05:30,321.1018385817627,322.75208696552676,316.64815510010186,319.2229309082031
2019-10-17 00:00:00+05:30,320.10769963308724,320.82346961598256,315.43530803109905,319.02410888671875
2019-10-18 00:00:00+05:30,318.87499926301405,322.0164325300928,316.33004604329574,321.1515197753906
2019-10-22 00:00:00+05:30,323.45788654107173,326.6689156550681,316.5288460706211,323.85552978515625
2019-10-23 00:00:00+05:30,324.0842074446321,325.81397234054873,318.7755924724772,320.83343505859375
2019-10-24 00:00:00+05:30,322.07607910694514,324.06432571590364,317.6323467223936,320.74395751953125
2019-10-25 00:00:00+05:30,320.8731855822564,320.8731855822564,311.98572032796454,315.8528747558594
2019-10-27 00:00:00+05:30,316.9264675720983,318.31826433826274,316.16100362129407,316.7276611328125
2019-10-29 00:00:00+05:30,317.6025230189717,317.6025230189717,311.75707315692995,313.2581787109375
2019-10-30 00:00:00+05:30,314.123061630057,315.84287536038653,312.91023010491267,313.9242248535156
2019-10-31 00:00:00+05:30,314.9283461801947,319.11359701076975,311.35944697570943,313.0494384765625
2019-11-01 00:00:00+05:30,312.55237602346625,315.3259886722255,310.7629661238883,314.12310791015625
2019-11-04 00:00:00+05:30,314.938239985693,317.483193131329,311.1605836927679,312.36346435546875
2019-11-05 00:00:00+05:30,311.8763379768415,312.104997239341,308.23784334889626,308.95361328125
2019-11-06 00:00:00+05:30,309.46064139477505,315.72360586415994,306.38880412925886,312.36346435546875
2019-11-07 00:00:00+05:30,313.5465267095616,315.534773588301,309.95775565579197,314.93829345703125
2019-11-08 00:00:00+05:30,313.92429335791707,319.31245566037217,312.5523981798118,318.169189453125
2019-11-11 00:00:00+05:30,317.1054775789194,321.9766759335557,316.5288690456445,321.4796142578125
2019-11-13 00:00:00+05:30,321.4995012667479,323.6865848805086,318.33819613814353,319.2726745605469
2019-11-14 00:00:00+05:30,319.31248454344916,320.1872877508551,314.94826775857814,317.642333984375
2019-11-15 00:00:00+05:30,319.31247186440964,323.88541557250295,318.6165732975742,322.64276123046875
2019-11-18 00:00:00+05:30,323.4181269965881,325.07832629314765,321.4100088079184,323.5274963378906
2019-11-19 00:00:00+05:30,324.06430250539285,324.30288237314466,320.9327900499836,322.8514709472656
2019-11-20 00:00:00+05:30,322.69244430268225,322.8515076786915,317.3639273902008,318.0101318359375
2019-11-21 00:00:00+05:30,318.80539504162283,319.093699285676,315.6341393717425,317.1750183105469
2019-11-22 00:00:00+05:30,316.51895058882957,316.9066429226554,311.1804826710215,311.9757995605469
2019-11-25 00:00:00+05:30,312.9500099633782,319.3124235015386,312.1646743816924,318.8451843261719
2019-11-26 00:00:00+05:30,318.31826618899146,320.20709423346864,316.3896647211328,318.9942626953125
2019-11-27 00:00:00+05:30,319.10366031503713,322.89126804028393,318.45748617297386,321.6784362792969
2019-11-28 00:00:00+05:30,321.49948042449785,323.30879217511097,319.53113563795614,321.1018371582031
2019-11-29 00:00:00+05:30,320.10767440926753,322.4935640515037,316.5884697424853,321.1415710449219
2019-12-02 00:00:00+05:30,321.0024260225665,325.3765627272849,318.1592477828825,324.6806945800781
2019-12-03 00:00:00+05:30,324.97890600364616,328.06069435156564,324.37250534310715,327.4145202636719
2019-12-04 00:00:00+05:30,326.72858214150216,330.0290789274043,324.72046390677787,328.3092346191406
2019-12-05 00:00:00+05:30,328.30923145214683,330.0489472887592,326.1519704659233,327.9215087890625
2019-12-06 00:00:00+05:30,328.0606955886486,334.02543550844223,326.728573980483,332.8921203613281
2019-12-09 00:00:00+05:30,333.6178220852378,333.82657947569686,329.35302479359603,329.8998107910156
2019-12-10 00:00:00+05:30,331.04308680225853,331.2319726722378,328.26947406677624,330.5261535644531
2019-12-11 00:00:00+05:30,331.2418960662616,336.1826900863243,329.87000105660746,335.3277282714844
2019-12-12 00:00:00+05:30,336.05344372169674,341.97841000498426,334.42306697211086,341.10357666015625
2019-12-13 00:00:00+05:30,341.22292730250604,341.77963401402627,335.46697430251214,336.56048583984375
2019-12-16 00:00:00+05:30,336.808996796104,343.96669743289317,336.808996796104,338.7873229980469
2019-12-17 00:00:00+05:30,341.19305696151724,342.25677619758494,339.71182291948395,340.64630126953125
2019-12-18 00:00:00+05:30,341.77957304084555,343.161418968512,339.254521742003,342.8432922363281
2019-12-19 00:00:00+05:30,342.9625926780645,344.9210168218267,341.0439419616019,343.86724853515625
2019-12-20 00:00:00+05:30,342.60474484488185,342.85327568954915,335.47686687099906,336.550537109375
2019-12-23 00:00:00+05:30,337.80310766002293,340.22877110032675,337.027692648007,338.9761962890625
2019-12-24 00:00:00+05:30,338.98612022402455,341.28254279518694,338.00194779016573,340.2983703613281
2019-12-26 00:00:00+05:30,340.1989743310611,340.98434034434564,335.9540781587448,336.8587341308594
2019-12-27 00:00:00+05:30,338.99608925631327,338.99608925631327,334.2938745158305,335.1388854980469
2019-12-30 00:00:00+05:30,336.01368416634284,339.35392397913415,335.1189792406478,336.09320068359375
2019-12-31 00:00:00+05:30,336.09323118062235,336.26224551019175,332.10681691189353,334.8903503417969
2020-01-01 00:00:00+05:30,335.814826074417,337.35573533486223,332.43481304818283,332.8424072265625
2020-01-02 00:00:00+05:30,334.0254382833988,334.72133674845037,330.97347238457314,332.3453674316406
2020-01-03 00:00:00+05:30,332.2260616402924,332.6336558260119,327.1758983843761,329.47235107421875
2020-01-06 00:00:00+05:30,329.4723743960192,329.54193997354145,325.7941058613682,328.5677185058594
2020-01-07 00:00:00+05:30,330.2576733621353,332.98159167217915,328.1401860049172,332.2061767578125
2020-01-08 00:00:00+05:30,328.9951714106438,330.33724394994096,325.6748031880389,329.0249938964844
2020-01-09 00:00:00+05:30,332.733110505614,332.7828045397794,329.79048343000557,331.05303955078125
2020-01-10 00:00:00+05:30,332.8523634059312,336.4113113943238,332.27575491495963,334.95989990234375
2020-01-13 00:00:00+05:30,336.4113568081183,338.8966653400019,335.12892911095946,336.232421875
2020-01-14 00:00:00+05:30,337.2066201522006,337.2264916955317,332.2360038783665,333.38916015625
2020-01-15 00:00:00+05:30,333.220200162063,335.3376877011522,331.2220025680094,333.1506042480469
2020-01-16 00:00:00+05:30,333.80674200280856,339.1153571268137,333.80674200280856,338.31011962890625
2020-01-17 00:00:00+05:30,338.7773321600603,339.1650548039194,336.03354218270397,337.6241455078125
2020-01-20 00:00:00+05:30,339.791365832725,339.791365832725,320.30657147203084,321.6784362792969
2020-01-21 00:00:00+05:30,319.11358995629683,324.2034965681486,315.1768700515422,323.1099548339844
2020-01-22 00:00:00+05:30,324.7204562097328,325.6549042205141,313.34768298777425,315.23651123046875
2020-01-23 00:00:00+05:30,315.7335954989139,319.78960559114563,314.40147379366533,319.2826232910156
2020-01-24 00:00:00+05:30,319.20304143866474,327.8618467427079,315.53472409571805,326.6589660644531
2020-01-27 00:00:00+05:30,323.8257260687792,323.8853710419371,319.7895877478346,321.7679138183594
2020-01-28 00:00:00+05:30,322.09597783733676,325.674828103177,320.15742509468714,323.2988586425781
2020-01-29 00:00:00+05:30,324.68069218622793,327.30516205441404,322.70236608967446,326.16192626953125
2020-01-30 00:00:00+05:30,325.635015657172,326.1320772918103,321.5988776109679,323.7362365722656
2020-01-31 00:00:00+05:30,339.92055061730247,343.76780268438864,334.6517096046945,336.3616027832031
2020-02-03 00:00:00+05:30,327.18586532788254,334.1845020617759,324.8794919224282,333.27984619140625
2020-02-04 00:00:00+05:30,334.83068281682154,338.55864537631965,332.06702111957645,337.6639404296875
2020-02-05 00:00:00+05:30,338.3995424582356,339.4831331416582,333.4488281741795,335.9639587402344
2020-02-06 00:00:00+05:30,336.7891109108641,337.58439746409715,331.63955918382226,332.8324890136719
2020-02-07 00:00:00+05:30,333.1804428724294,333.61785958423746,326.867753377154,328.6671142578125
2020-02-10 00:00:00+05:30,330.0489857150745,332.95183954067124,327.2058072077155,331.8980407714844
2020-02-11 00:00:00+05:30,334.51255596609633,335.1786319586895,331.3512509977431,333.5184326171875
2020-02-12 00:00:00+05:30,334.04529657054167,341.97841133668646,333.0313017377615,340.96441650390625
2020-02-13 00:00:00+05:30,340.924652507475,340.924652507475,334.48272249630344,335.9739074707031
2020-02-14 00:00:00+05:30,337.20661509378925,338.5983815619382,330.7646855777708,334.21429443359375
2020-02-17 00:00:00+05:30,335.01959009791125,337.84289694954236,332.48458753068553,336.232421875
2020-02-18 00:00:00+05:30,334.5224722431719,337.962130179258,333.6874123572094,336.2124938964844
2020-02-19 00:00:00+05:30,345.9549516344557,345.9549516344557,337.0873573414369,338.2206726074219
2020-02-20 00:00:00+05:30,337.4650840083365,337.85280665434044,333.2698825050444,335.20843505859375
2020-02-24 00:00:00+05:30,332.4348968775412,334.77109320213094,330.5062948341132,333.67755126953125
2020-02-25 00:00:00+05:30,333.26988516746854,335.95403021102067,331.7091346445404,333.19036865234375
2020-02-26 00:00:00+05:30,332.0570786369372,333.56816558268673,329.45248024980083,331.34130859375
2020-02-27 00:00:00+05:30,331.24188539144836,335.7949566149937,330.1682152714348,334.5721740722656
2020-02-28 00:00:00+05:30,329.03498494505214,330.0688514723705,320.85333816549496,322.16558837890625
2020-03-02 00:00:00+05:30,324.28303726143463,325.5356120074579,314.9780272636615,317.9206237792969
2020-03-03 00:00:00+05:30,318.8750166850761,325.3467390885554,315.53474644029956,323.34857177734375
2020-03-04 00:00:00+05:30,324.52160776233507,324.70054267255784,313.6657681352945,319.7001037597656
2020-03-05 00:00:00+05:30,321.101835868888,333.32954070321364,319.71006927332644,328.3291015625
2020-03-06 00:00:00+05:30,319.15336803193856,326.867744579887,317.7616014128425,324.29296875
2020-03-09 00:00:00+05:30,317.12536804219917,320.09778733222663,306.7069437753478,313.7751770019531
2020-03-11 00:00:00+05:30,313.33771228366277,319.09369444526686,306.687025257027,315.99200439453125
2020-03-12 00:00:00+05:30,300.2053733998827,307.47241249780905,268.6021843197757,291.2880859375
2020-03-13 00:00:00+05:30,278.35454820990395,299.2311393256468,233.03246666160138,292.2822265625
2020-03-16 00:00:00+05:30,281.7345741849619,287.2519774281384,273.3839434349601,275.11370849609375
2020-03-17 00:00:00+05:30,276.76391623585215,278.9410486551691,259.0884054574411,262.9853820800781
2020-03-18 00:00:00+05:30,263.64154390445395,264.23799368763895,231.05416414421455,233.01258850097656
2020-03-19 00:00:00+05:30,217.7229418091855,249.2465988097645,199.02348467663532,240.74684143066406
2020-03-20 00:00:00+05:30,241.96962188914702,255.21135244224067,227.95249149106692,250.986328125
2020-03-23 00:00:00+05:30,226.1630664074467,239.47437770923455,214.36282687362453,218.35919189453125
2020-03-24 00:00:00+05:30,229.2746695277053,235.60723031539794,206.99636195729383,229.22496032714844
2020-03-25 00:00:00+05:30,226.66011900235208,263.2438453727003,223.68768478788604,256.5136413574219
2020-03-26 00:00:00+05:30,258.47209168054513,276.36631341227513,249.08756407862307,272.9763488769531
2020-03-27 00:00:00+05:30,285.5122645139808,288.29579801468884,273.29447892409945,278.1756286621094
2020-03-30 00:00:00+05:30,267.45897178869,274.3780622552012,253.66053394869425,257.219482421875
2020-03-31 00:00:00+05:30,264.0988143226948,264.4368126230531,255.48970242152123,257.68670654296875
2020-04-01 00:00:00+05:30,257.45808075372645,257.45808075372645,230.2389780851089,234.94117736816406
2020-04-03 00:00:00+05:30,234.9411667787259,235.20958432332762,216.12240438368377,226.82911682128906
2020-04-07 00:00:00+05:30,242.76491143105116,244.36545058117562,232.82367824248135,238.20188903808594
2020-04-08 00:00:00+05:30,235.5674670961848,247.04957923448717,230.7062046988034,236.1341094970703
2020-04-09 00:00:00+05:30,241.57195860383698,254.73414120800837,236.6212288847409,253.0839080810547
2020-04-13 00:00:00+05:30,248.53082765850465,249.9524167115347,241.77078611236973,248.7097625732422
2020-04-15 00:00:00+05:30,251.68220289044987,252.69621293945784,229.3044920814788,233.37045288085938
2020-04-16 00:00:00+05:30,231.62079431066576,231.62079431066576,221.58014286174557,224.8408660888672
2020-04-17 00:00:00+05:30,236.07446701184614,238.1820036050372,225.66599459391878,235.8557586669922
2020-04-20 00:00:00+05:30,242.56609543107615,243.46080037116639,233.07221448181488,234.16575622558594
2020-04-21 00:00:00+05:30,228.64837695710187,229.64250033517624,223.67776006673012,224.7017059326172
2020-04-22 00:00:00+05:30,224.0853329617267,231.9786742593318,220.33748393578946,229.07582092285156
2020-04-23 00:00:00+05:30,233.02249388534273,249.5249466220155,230.25883234345696,248.4612274169922
2020-04-24 00:00:00+05:30,242.36727739719967,250.1214426132807,241.2439131500111,246.453125
2020-04-27 00:00:00+05:30,248.908633413688,263.4228418016879,248.908633413688,259.1878662109375
2020-04-28 00:00:00+05:30,260.4802058815241,265.72917629123464,260.4802058815241,263.770751953125
2020-04-29 00:00:00+05:30,263.84035456308004,268.8109717565753,261.49423781010535,264.0093688964844
2020-04-30 00:00:00+05:30,266.4250919608488,274.37807978057566,265.2420825956052,269.8448791503906
2020-05-04 00:00:00+05:30,257.4779378662294,259.6451194057029,251.2547313925845,254.0581512451172
2020-05-05 00:00:00+05:30,257.875585728722,259.04864397691966,243.56021584468184,246.2145233154297
2020-05-06 00:00:00+05:30,244.75316690471493,253.9786304232311,241.42286276778597,247.72560119628906
2020-05-07 00:00:00+05:30,244.65373604851476,246.5425641416305,235.45809605532892,238.54981994628906
2020-05-08 00:00:00+05:30,242.9637380000591,247.12911721780415,240.78662062956417,242.05909729003906
2020-05-11 00:00:00+05:30,246.65194589852737,248.98814184741957,235.6072348319203,236.29318237304688
2020-05-12 00:00:00+05:30,234.21545151694923,234.21545151694923,226.0636284619427,230.07989501953125
2020-05-13 00:00:00+05:30,241.58191387480764,242.56610146869866,233.16168774554095,235.9452362060547
2020-05-14 00:00:00+05:30,234.3943823071862,241.37313187778705,232.05818656580243,233.24119567871094
2020-05-15 00:00:00+05:30,234.583261225337,236.58144346892473,229.48340417025943,234.27508544921875
2020-05-18 00:00:00+05:30,233.61897885657802,233.8178004856111,220.69537577089497,221.42108154296875
2020-05-19 00:00:00+05:30,228.64836309345043,232.60496965093188,223.73739147647134,224.76133728027344
2020-05-20 00:00:00+05:30,224.6718824427452,234.21547289734121,221.6895123218238,230.65650939941406
2020-05-21 00:00:00+05:30,231.63073512075735,236.5118842954355,227.57471012753317,228.6980743408203
2020-05-22 00:00:00+05:30,226.66012466780865,232.0681581395732,221.9877479387433,230.67637634277344
2020-05-26 00:00:00+05:30,230.63659993636878,233.61896976313216,227.56476265539067,229.2845916748047
2020-05-27 00:00:00+05:30,231.4219610276605,247.13906346158686,230.8354319093493,242.07896423339844
2020-05-28 00:00:00+05:30,243.36140124502873,249.50507632065424,240.49832111783775,244.4449920654297
2020-05-29 00:00:00+05:30,241.87023452673003,244.51460650176648,238.5995599341534,243.36141967773438
2020-06-01 00:00:00+05:30,248.33199736885732,254.33649528124954,246.14492919556682,248.2126922607422
2020-06-02 00:00:00+05:30,263.0450562555334,269.0594906570359,258.0843598869162,267.00164794921875
2020-06-03 00:00:00+05:30,271.1968226027363,283.96139240168947,266.8624596010943,275.6803283691406
2020-06-04 00:00:00+05:30,274.38802814342444,274.38802814342444,264.5064384432745,265.3116760253906
2020-06-05 00:00:00+05:30,267.2203436232956,270.0039071987231,262.6474004962307,265.9876403808594
2020-06-08 00:00:00+05:30,269.407444531007,271.39569135411404,261.55387564738186,265.7789001464844
2020-06-09 00:00:00+05:30,266.81281201925117,270.40158317476664,258.29316662113314,259.2972106933594
2020-06-10 00:00:00+05:30,259.36678284876257,267.27999643061645,259.1878479221782,264.8841857910156
2020-06-11 00:00:00+05:30,265.2320696960902,265.3116165451207,256.3247339133999,258.21356201171875
2020-06-12 00:00:00+05:30,246.5425970641914,256.42418584132326,244.8724770749336,254.45582580566406
2020-06-15 00:00:00+05:30,252.50733561797728,252.7359797453962,245.98588874718618,248.3121337890625
2020-06-16 00:00:00+05:30,253.70026585333468,257.6370008380645,246.16480933803794,253.8593292236328
2020-06-17 00:00:00+05:30,252.3979684340128,255.47974161631217,245.86658612699605,247.29811096191406
2020-06-18 00:00:00+05:30,246.54259658718735,260.4404522681823,244.22628730702152,259.1381530761719
2020-06-19 00:00:00+05:30,259.26734106168294,261.6035368533058,253.7698556683357,258.9691162109375
2020-06-22 00:00:00+05:30,260.42057037893784,275.3721955565723,257.6668593451385,269.47705078125
2020-06-23 00:00:00+05:30,269.4074729968627,277.4996529842907,268.4233004236725,276.3464660644531
2020-06-24 00:00:00+05:30,276.76393164233986,277.95689178500515,265.8186543047152,267.2004699707031
2020-06-25 00:00:00+05:30,265.8285395191598,276.3165575573305,263.4426498896921,274.71600341796875
2020-06-26 00:00:00+05:30,274.3780620483123,274.9645912215226,263.8304271964185,266.4449462890625
2020-06-29 00:00:00+05:30,265.649655996729,271.7734597775186,261.05681074569645,269.53668212890625
2020-06-30 00:00:00+05:30,271.37578158848197,272.96635455236844,267.42911098691366,270.4909973144531
2020-07-01 00:00:00+05:30,262.24972176515104,271.35589508931815,261.6532720389991,269.75537109375
2020-07-02 00:00:00+05:30,270.0337262268175,272.76756539691996,266.88234190736625,268.8109436035156
2020-07-03 00:00:00+05:30,270.3816854864539,272.1313219901895,268.4232612311844,269.1688537597656
2020-07-06 00:00:00+05:30,272.3897741232833,274.6265514655366,270.6003643847745,271.97222900390625
2020-07-07 00:00:00+05:30,272.38978882816843,273.2646222011504,268.71152042037687,272.0418395996094
2020-07-08 00:00:00+05:30,271.99214682368006,274.14937744187233,268.0156535377732,268.9600524902344
2020-07-09 00:00:00+05:30,269.55650562590665,273.3043695899867,267.96590240277527,272.0219421386719
2020-07-10 00:00:00+05:30,271.07754174122493,273.38391514287974,267.52851417982976,268.2840576171875
2020-07-13 00:00:00+05:30,270.4015300491508,271.37578177770996,263.2637322356473,265.5402526855469
2020-07-14 00:00:00+05:30,264.19825324687474,264.71518651023825,257.1399708053394,258.13409423828125
2020-07-15 00:00:00+05:30,259.74454907565416,260.84804177599017,254.49557897286823,256.48382568359375
2020-07-16 00:00:00+05:30,256.20548588673256,264.019281310143,251.91086548360806,262.9754638671875
2020-07-17 00:00:00+05:30,261.8520953221212,266.0075238185038,258.69079021749934,263.9298095703125
2020-07-20 00:00:00+05:30,264.4367758278476,265.7688972985729,260.26144617948313,262.2596435546875
2020-07-21 00:00:00+05:30,263.46257282586026,270.99804519527163,263.44270127960505,270.2027282714844
2020-07-22 00:00:00+05:30,271.39568113808616,271.6640835273363,264.625703387305,266.8923034667969
2020-07-23 00:00:00+05:30,266.42506019451025,274.34822457874964,265.4905818100526,273.1950378417969
2020-07-24 00:00:00+05:30,270.40154622395835,271.3956695556641,266.743179644458,268.4132995605469
2020-07-27 00:00:00+05:30,271.39566113211544,274.27861263693404,260.4901273082589,262.9654846191406
2020-07-28 00:00:00+05:30,264.45671820812777,278.71244532358236,262.32930972892717,275.1833190917969
2020-07-29 00:00:00+05:30,275.3721736456583,277.9469495348252,267.5981216066869,276.2569580078125
2020-07-30 00:00:00+05:30,277.38028006609665,283.26550351687797,273.58275201006893,275.3721618652344
2020-07-31 00:00:00+05:30,273.38390343239246,276.3563223469313,268.48288291749,271.5447692871094
2020-08-03 00:00:00+05:30,269.60627932264185,269.60627932264185,258.49195660793106,260.1720275878906
2020-08-04 00:00:00+05:30,262.44855133422055,264.70520030460983,258.86970138474317,263.2339172363281
2020-08-05 00:00:00+05:30,264.83440345140457,269.00973285388926,262.84615713369396,265.2718200683594
2020-08-06 00:00:00+05:30,267.4191981557827,271.8728819687677,264.56606881396374,266.4449462890625
2020-08-07 00:00:00+05:30,266.7233128304241,267.9759181013029,263.09476826026054,266.9221496582031
2020-08-10 00:00:00+05:30,268.2144881113331,274.3780654858026,267.6577814200152,270.44134521484375
2020-08-11 00:00:00+05:30,272.9862820813041,275.3721720895225,269.8348976656068,271.316162109375
2020-08-12 00:00:00+05:30,268.4133041651319,269.3776050269583,265.14262985300593,265.4508056640625
2020-08-13 00:00:00+05:30,266.8028075062749,270.10330403704194,265.2221551508241,265.679443359375
2020-08-14 00:00:00+05:30,265.93791893836413,267.7770226707517,258.9293318592233,259.9532775878906
2020-08-17 00:00:00+05:30,262.4684425723481,265.14263687842833,260.8977409885135,263.94970703125
2020-08-18 00:00:00+05:30,262.17024245695575,273.37400303076555,262.05095249479484,272.2605895996094
2020-08-19 00:00:00+05:30,272.8570219866894,274.55696432639934,268.4033387034143,269.5267028808594
2020-08-20 00:00:00+05:30,267.02154283233745,268.41330948051484,264.46663849425335,266.0970153808594
2020-08-21 00:00:00+05:30,266.8226888117157,268.8109354203548,264.6455563481971,266.3057556152344
2020-08-24 00:00:00+05:30,267.93612793876315,277.6586535805912,266.89231050369807,275.8195495605469
2020-08-25 00:00:00+05:30,276.76388444963874,279.34861075918496,274.4873338957221,278.3743591308594
2020-08-26 00:00:00+05:30,280.3427826946404,286.6355701063023,278.99078951066525,285.6513977050781
2020-08-27 00:00:00+05:30,286.5063852371884,287.4706861797563,280.6509836603638,282.3310546875
2020-08-28 00:00:00+05:30,280.3427770162771,293.0675434122179,278.55336717061664,291.6956787109375
2020-08-31 00:00:00+05:30,295.8511308909388,298.53524587691663,273.1850990926628,278.6229553222656
2020-09-01 00:00:00+05:30,282.30120678529914,286.7051659114292,275.5908742233756,284.4485168457031
2020-09-02 00:00:00+05:30,283.32511080978236,285.81041879934185,279.7760837195156,283.0268859863281
2020-09-03 00:00:00+05:30,285.0748342266973,285.7110574230962,276.36630358534023,277.69842529296875
2020-09-04 00:00:00+05:30,274.378049546366,277.3007746751146,269.2085958978786,274.38800048828125
2020-09-07 00:00:00+05:30,274.1792065924093,274.1792065924093,269.68577999187863,272.1412658691406
2020-09-08 00:00:00+05:30,272.76756343444384,272.81725746552087,267.95601017026956,268.552490234375
2020-09-09 00:00:00+05:30,267.0215471529264,268.4630078575549,261.0766783916597,263.6713562011719
2020-09-10 00:00:00+05:30,264.43675523780064,267.0314020708284,261.47425735886225,262.3490905761719
2020-09-11 00:00:00+05:30,261.85208598126604,265.6695160288622,260.6591561566506,264.50640869140625
2020-09-14 00:00:00+05:30,265.82858366565637,268.00571627789094,258.47207677882955,259.40655517578125
2020-09-15 00:00:00+05:30,260.0825330248928,264.20813865435565,256.2849747357742,263.2339172363281
2020-09-16 00:00:00+05:30,263.24386345917173,264.83446696243556,258.58142229896293,263.522216796875
2020-09-17 00:00:00+05:30,261.45445927635853,263.76083289031595,258.71066893084924,259.486083984375
2020-09-18 00:00:00+05:30,261.07666067928125,261.25559559518024,251.01613756447813,253.91897583007812
2020-09-21 00:00:00+05:30,253.70028324396543,262.3392330021888,253.13364080597333,256.0563659667969
2020-09-22 00:00:00+05:30,256.0961005004808,258.7702947272332,250.85708139087643,252.61668395996094
2020-09-23 00:00:00+05:30,254.5055209694886,255.97680406724217,251.54302255286586,253.5809783935547
2020-09-24 00:00:00+05:30,251.91084509750533,255.46982359903782,245.7472835014002,247.7554168701172
2020-09-25 00:00:00+05:30,249.53488079596036,250.20094157792147,244.67361852954886,249.13723754882812
2020-09-28 00:00:00+05:30,250.12143633655197,255.28093885540585,249.256538722927,254.2371063232422
2020-09-29 00:00:00+05:30,255.8475650644902,257.0603967378609,250.34014367234772,251.16525268554688
2020-09-30 00:00:00+05:30,251.16527220702864,253.88917579762708,248.92849454576594,252.1494598388672
2020-10-01 00:00:00+05:30,254.49556775484356,260.42053419692996,254.2768594127748,259.47613525390625
2020-10-05 00:00:00+05:30,260.46033208351173,265.17246731449615,260.1819787436696,261.37493896484375
2020-10-06 00:00:00+05:30,263.4426970173955,266.82271045865036,260.6690842786189,266.0771179199219
2020-10-07 00:00:00+05:30,266.40516941067114,266.4250409546494,262.81636856819824,263.3830261230469
2020-10-08 00:00:00+05:30,263.7409215417356,266.6735976587392,260.7088573569594,262.46844482421875
2020-10-09 00:00:00+05:30,263.04503422967093,266.07709819374986,259.58547418468663,262.4187316894531
2020-10-12 00:00:00+05:30,264.03916768378906,270.0436812092239,259.96325588336236,261.0368957519531
2020-10-13 00:00:00+05:30,262.378948857419,268.35363945222616,259.90359160932064,267.4092102050781
2020-10-14 00:00:00+05:30,265.48062426672743,270.003903640346,263.2736692512414,269.0793762207031
2020-10-15 00:00:00+05:30,269.07934830426046,271.58452792480887,258.7205708876221,260.3708190917969
2020-10-16 00:00:00+05:30,260.16208789917016,267.08117778931904,260.16208789917016,265.7391052246094
2020-10-19 00:00:00+05:30,268.41330869671185,274.3780488899721,265.1327137257137,273.721923828125
2020-10-20 00:00:00+05:30,272.7278233688046,275.5710322089413,269.50687310215466,272.1512451171875
2020-10-21 00:00:00+05:30,273.38387490005346,278.3544908073272,270.13310301845996,277.0223693847656
2020-10-22 00:00:00+05:30,275.96861242602887,279.3486253123394,273.89089853315494,276.97265625
2020-10-23 00:00:00+05:30,278.3545595322837,279.8855181044183,274.0301165576164,274.9844665527344
2020-10-26 00:00:00+05:30,278.1556823038257,284.1204219987318,267.8864021445858,281.71466064453125
2020-10-27 00:00:00+05:30,288.7928193012029,318.5170999705815,288.7928193012029,315.6639709472656
2020-10-28 00:00:00+05:30,313.14883887727336,313.14883887727336,306.3888125860105,308.4466247558594
2020-10-29 00:00:00+05:30,304.5993706813731,315.89262705734967,303.20760413985363,312.3336486816406
2020-10-30 00:00:00+05:30,312.95002926577985,313.0792701598666,301.93515551573574,307.66131591796875
2020-11-02 00:00:00+05:30,309.17232700431964,319.0737859596561,305.1560606282719,314.2821350097656
2020-11-03 00:00:00+05:30,314.3417747494792,318.4176556867301,312.19446495061595,316.8469543457031
2020-11-04 00:00:00+05:30,315.9323736254406,325.2373835193863,313.74532056131585,324.223388671875
2020-11-05 00:00:00+05:30,326.6689676894866,334.0254750606749,324.49183493390694,333.1208190917969
2020-11-06 00:00:00+05:30,330.0489705856753,342.97257485559635,328.06072377491824,341.5907287597656
2020-11-09 00:00:00+05:30,343.96666720821247,348.30103030200894,338.0615722863074,343.5988464355469
2020-11-10 00:00:00+05:30,344.1654778380321,356.780904181231,343.06198526570336,348.5296630859375
2020-11-11 00:00:00+05:30,352.71495586838773,361.5527270980267,349.93142259666377,359.4451904296875
2020-11-12 00:00:00+05:30,357.68557118564706,357.68557118564706,347.6349986235575,348.8876037597656
2020-11-13 00:00:00+05:30,347.9233115536559,352.8740265709993,342.0480387355873,350.5875549316406
2020-11-14 00:00:00+05:30,352.70501860891665,352.9137760098784,350.9056578399815,352.02899169921875
2020-11-17 00:00:00+05:30,352.27752859119204,358.28204199798597,350.8261170243671,357.21832275390625
2020-11-18 00:00:00+05:30,356.19433302708893,367.785813264365,354.7329706988828,363.9683837890625
2020-11-19 00:00:00+05:30,361.6620505963894,369.9530657579795,361.07552147993624,363.1234130859375
2020-11-20 00:00:00+05:30,361.8609248696453,377.5680627699002,360.2902232149155,375.65936279296875
2020-11-23 00:00:00+05:30,376.25579523645183,378.820619986159,372.03077123693424,377.3393859863281
2020-11-24 00:00:00+05:30,376.97155900103536,387.38995153380813,375.94761323863725,382.71759033203125
2020-11-25 00:00:00+05:30,385.52098907790474,385.52098907790474,368.4419587086355,370.30096435546875
2020-11-26 00:00:00+05:30,372.7962657282807,377.77683354664657,367.8355997938924,375.5997009277344
2020-11-27 00:00:00+05:30,376.77273606296376,382.76729843376063,367.2192255763326,379.17852783203125
2020-12-01 00:00:00+05:30,383.73161354011785,383.73161354011785,370.71854251428107,372.96527099609375
2020-12-02 00:00:00+05:30,373.7904008237156,374.51612183218714,359.67383631688614,360.7077331542969
2020-12-03 00:00:00+05:30,365.042092840795,366.63266587175536,360.21063776145724,362.0597229003906
2020-12-04 00:00:00+05:30,363.45150344144145,369.21740674588403,358.36159673496354,367.0800476074219
2020-12-07 00:00:00+05:30,367.7162765574185,369.0185756340866,358.8785059888581,361.97021484375
2020-12-08 00:00:00+05:30,364.3064200966926,365.6385416929991,361.3141295602352,364.60467529296875
2020-12-09 00:00:00+05:30,365.06199450534916,375.5798066808079,365.06199450534916,374.4962158203125
2020-12-10 00:00:00+05:30,377.7668181588968,381.72343943927217,369.78401003080523,378.4229431152344
2020-12-11 00:00:00+05:30,376.47451793492974,383.4731243481448,376.47451793492974,381.8228759765625
2020-12-14 00:00:00+05:30,384.52682659070973,387.09168133584075,377.5679644627831,385.5905456542969
2020-12-15 00:00:00+05:30,387.3104650106239,389.29871171977675,381.60417632535393,387.936767578125
2020-12-16 00:00:00+05:30,390.6904451247836,390.6904451247836,385.03388129121083,388.215087890625
2020-12-17 00:00:00+05:30,390.69047028466383,391.4857568166153,386.22686622298056,390.7799377441406
2020-12-18 00:00:00+05:30,390.45188840502925,390.45188840502925,382.0117607118455,387.578857421875
2020-12-21 00:00:00+05:30,384.7257397892979,389.49751977542064,379.2779328622473,381.9123840332031
2020-12-22 00:00:00+05:30,383.7316353481745,383.7813293832609,375.0032330426446,378.3534240722656
2020-12-23 00:00:00+05:30,377.9656872593643,382.6976934930955,376.27566552988054,381.8924560546875
2020-12-24 00:00:00+05:30,381.3457232867778,393.2752034917558,381.14688648140003,389.8156433105469
2020-12-28 00:00:00+05:30,390.2928311685051,396.8739228558229,390.1138962476489,395.4423828125
2020-12-29 00:00:00+05:30,394.26931047809603,401.0293368450484,394.26931047809603,397.5101318359375
2020-12-30 00:00:00+05:30,398.285555285463,403.0175613473618,397.4504650539526,401.21820068359375
2020-12-31 00:00:00+05:30,400.9696765151255,401.37727069685474,395.0645818578765,396.77447509765625
2021-01-01 00:00:00+05:30,397.0330272750995,399.2300315991373,395.80032390856536,396.46636962890625
2021-01-04 00:00:00+05:30,398.44464657800876,398.8323692663567,388.70224939346787,390.7998352050781
2021-01-05 00:00:00+05:30,389.59691259528205,390.5711643445274,384.7257145255258,389.6466369628906
2021-01-06 00:00:00+05:30,392.4600281424488,393.4740230718992,387.3899928187206,391.7641296386719
2021-01-07 00:00:00+05:30,394.46810833660925,394.46810833660925,387.21102047330226,388.1852722167969
2021-01-08 00:00:00+05:30,392.0822429447551,392.8775598272356,386.9625137628744,391.82379150390625
2021-01-11 00:00:00+05:30,389.6963342376628,391.0682292480254,384.8052342448359,385.3520202636719
2021-01-12 00:00:00+05:30,383.69183894706464,383.7514839208931,376.9417632568362,378.45281982421875
2021-01-13 00:00:00+05:30,379.9539478787776,379.9539478787776,373.1938910493165,374.2079162597656
2021-01-14 00:00:00+05:30,376.17627058464365,378.7609973692466,372.01089130987566,376.3055114746094
2021-01-15 00:00:00+05:30,376.6136793975471,378.5621526332674,368.6308702563194,370.58929443359375
2021-01-18 00:00:00+05:30,371.9015507581888,372.2494999978268,365.60873297248867,367.21923828125
2021-01-19 00:00:00+05:30,369.0384541679812,376.1762522103674,366.8811932492228,375.18212890625
2021-01-20 00:00:00+05:30,375.7786106546949,375.7786106546949,371.6927784186597,374.5061340332031
2021-01-21 00:00:00+05:30,377.76686823906607,378.74112003155307,366.98062395985596,369.37646484375
2021-01-22 00:00:00+05:30,367.82561341290943,372.79622981038113,362.75557861984123,363.45147705078125
2021-01-25 00:00:00+05:30,366.8315196372721,371.2852032093762,352.9137926049637,356.77099609375
2021-01-27 00:00:00+05:30,357.4867399743241,362.54682386317137,347.2174294330327,350.8658752441406
2021-01-28 00:00:00+05:30,344.16550030405364,350.8161876411327,338.20076047443905,342.5450744628906
2021-01-29 00:00:00+05:30,347.9133253304513,347.9133253304513,338.7972015088669,340.5766906738281
2021-02-01 00:00:00+05:30,343.9666952671919,359.83289618423186,337.21658890871566,358.1826477050781
2021-02-02 00:00:00+05:30,363.84913548013907,373.61143377337845,357.8943464956805,370.0723571777344
2021-02-03 00:00:00+05:30,371.8021074626699,374.41665654840995,361.86087464281235,368.2630310058594
2021-02-04 00:00:00+05:30,365.6385454298551,380.74923204853803,364.04797238640316,379.8346252441406
2021-02-05 00:00:00+05:30,380.7492179938113,397.351088981577,380.38139723263464,394.20965576171875
2021-02-08 00:00:00+05:30,397.64934418742376,403.61408435023515,388.00633545558384,389.12969970703125
2021-02-09 00:00:00+05:30,389.69638472801165,392.67875501929745,385.2924252123904,387.53912353515625
2021-02-10 00:00:00+05:30,387.7080979335892,390.2729227710951,385.12337121305137,388.1156921386719
2021-02-11 00:00:00+05:30,387.54902534488514,394.61725781501843,385.96837293148485,389.8951721191406
2021-02-12 00:00:00+05:30,389.6963594368736,392.67872953460477,386.9128261476195,387.9168701171875
2021-02-15 00:00:00+05:30,389.69630250104456,397.45045148694555,389.09982250099836,394.8558044433594
2021-02-16 00:00:00+05:30,397.6493463497748,407.3917432000493,397.25170307107254,401.5562438964844
2021-02-17 00:00:00+05:30,400.6515851592466,402.3217354591637,391.51558906441807,395.5517578125
2021-02-18 00:00:00+05:30,393.50387979423687,394.6371951124297,385.3421345999754,386.8034973144531
2021-02-19 00:00:00+05:30,386.16724250157233,391.6547926857967,382.7573762210428,385.4713439941406
2021-02-22 00:00:00+05:30,385.4713096464173,390.10392786586385,382.0614740079621,387.6285705566406
2021-02-23 00:00:00+05:30,390.690454855223,390.690454855223,371.0068257535364,372.3886413574219
2021-02-24 00:00:00+05:30,375.59967483724733,382.5386360981927,368.23321749756826,379.9936828613281
2021-02-25 00:00:00+05:30,383.13512673211545,390.7302435637741,375.29150940527364,376.8721618652344
2021-02-26 00:00:00+05:30,371.6032640882505,371.6032640882505,352.51611561518246,353.97747802734375
2021-03-01 00:00:00+05:30,360.0714979357486,368.79989993957963,358.1627677102347,366.9110412597656
2021-03-02 00:00:00+05:30,366.83152829102715,371.4840184418338,361.880782922407,366.7619323730469
2021-03-03 00:00:00+05:30,368.8197583126663,379.50658419369364,368.06421486772535,377.6674499511719
2021-03-04 00:00:00+05:30,370.58928701547734,379.83462168132513,367.8256254217837,377.3095703125
2021-03-05 00:00:00+05:30,372.8956940886292,383.39363478474144,371.40450898590603,382.2404479980469
2021-03-08 00:00:00+05:30,381.74341357700456,387.2806886019946,376.43479787253824,380.9183044433594
2021-03-09 00:00:00+05:30,381.3059415772461,395.8599216736047,381.3059415772461,393.4640808105469
2021-03-10 00:00:00+05:30,394.31902154750094,397.5200999548304,389.1396473777048,390.4817199707031
2021-03-12 00:00:00+05:30,393.4740049495973,393.6728417524437,380.15275829127813,384.75555419921875
2021-03-15 00:00:00+05:30,386.51512714543964,386.51512714543964,376.39495922631295,381.4749450683594
2021-03-16 00:00:00+05:30,382.75734125030357,386.05783788063405,377.76685321641986,378.4031066894531
2021-03-17 00:00:00+05:30,378.4031316330782,381.28608331948993,370.0127280183434,371.4740905761719
2021-03-18 00:00:00+05:30,373.9892033369149,376.3551913431206,362.87488161522475,363.92864990234375
2021-03-19 00:00:00+05:30,361.5527238259276,372.1997764167113,360.67789042323534,364.67425537109375
2021-03-22 00:00:00+05:30,364.4455988087949,367.8156609363293,358.87850239922096,362.38775634765625
2021-03-23 00:00:00+05:30,366.6327096483187,366.6327096483187,357.6557762693699,360.3995666503906
2021-03-24 00:00:00+05:30,357.88440216055113,358.878525499886,352.5857381107204,354.39501953125
2021-03-25 00:00:00+05:30,356.4727356750296,357.64582427910324,346.949047379455,350.50799560546875
2021-03-26 00:00:00+05:30,354.9020613258505,356.37337491081627,350.47819996674525,352.1284484863281
2021-03-30 00:00:00+05:30,354.32547795100436,358.2721490889788,352.9138093647204,354.1564636230469
2021-03-31 00:00:00+05:30,353.6693223098103,353.7090653991116,346.47184883734457,348.5396423339844
2021-04-01 00:00:00+05:30,351.919666499215,360.5188274237094,348.07241398228217,358.7890625
2021-04-05 00:00:00+05:30,355.120758069251,357.8049033536153,344.84152587229363,349.7723693847656
2021-04-06 00:00:00+05:30,353.1126234816104,354.1962142846241,343.70819481562455,351.5816650390625
2021-04-07 00:00:00+05:30,351.13432032930797,360.01186541688514,347.06835923251595,356.2938232421875
2021-04-08 00:00:00+05:30,357.08910982551635,362.5965311924647,353.6494212837453,354.5540771484375
2021-04-09 00:00:00+05:30,351.9196929330415,359.1668612059459,346.7701408656507,357.7353210449219
2021-04-12 00:00:00+05:30,349.3846411623884,351.52200016063483,342.63453555260514,346.45196533203125
2021-04-13 00:00:00+05:30,347.10810330642187,355.1107839260534,342.6643708364304,353.0827941894531
2021-04-15 00:00:00+05:30,357.8843612231504,359.7731892841815,348.4600621225101,352.5657958984375
2021-04-16 00:00:00+05:30,352.7149573929705,355.5283435023524,349.94137505109035,350.7466125488281
2021-04-19 00:00:00+05:30,341.978473959574,341.978473959574,333.03136272225953,338.1510925292969
2021-04-20 00:00:00+05:30,342.97255215621504,344.6824455138277,334.8903245512855,337.5446472167969
2021-04-22 00:00:00+05:30,335.9639941849358,345.90522756412327,331.87813149020667,345.1695556640625
2021-04-23 00:00:00+05:30,344.74205181071926,349.2056553964429,342.02808447637034,344.80169677734375
2021-04-26 00:00:00+05:30,345.9549189987341,354.50438570830414,344.6227973765113,349.86181640625
2021-04-27 00:00:00+05:30,347.9431931572835,350.44837322624994,342.8831086459562,348.0028381347656
2021-04-28 00:00:00+05:30,350.4284738119865,362.65617863523784,348.7384520157547,360.16094970703125
2021-04-29 00:00:00+05:30,362.8749051033274,366.92099453951556,354.0172621504174,358.8785400390625
2021-04-30 00:00:00+05:30,353.9079408523004,358.2820778738382,345.8456144025425,347.7046203613281
2021-05-03 00:00:00+05:30,344.9608215807184,349.73260179005536,335.0195875294009,343.0620422363281
2021-05-04 00:00:00+05:30,348.14197596738836,350.72667215928954,343.03216787534734,344.4935302734375
2021-05-05 00:00:00+05:30,346.1538007571812,353.5103082903429,342.3562418604504,352.0688171386719
2021-05-06 00:00:00+05:30,354.2458881779446,356.6317779972721,350.5676502218,355.5481872558594
2021-05-07 00:00:00+05:30,357.0890886989564,360.4691017301861,352.61553400926687,353.97747802734375
2021-05-10 00:00:00+05:30,359.6738427998202,360.51885377817797,356.01547587933584,359.7434387207031
2021-05-11 00:00:00+05:30,353.23188573031064,356.77096212594387,348.58931673486626,349.0267333984375
2021-05-12 00:00:00+05:30,348.7384725852754,348.7384725852754,341.0936612998891,341.7497863769531
2021-05-14 00:00:00+05:30,343.7479575526459,343.7479575526459,338.2206343659043,339.3240966796875
2021-05-17 00:00:00+05:30,341.38197691624055,348.9373209881911,339.9902101936221,346.7800598144531
2021-05-18 00:00:00+05:30,351.5220084492737,352.10853756152807,347.9630300104097,348.9571533203125
2021-05-19 00:00:00+05:30,347.5355486543275,348.0127387434066,343.45963719920053,344.07598876953125
2021-05-20 00:00:00+05:30,344.36436179403125,345.3584852578352,339.01597270464765,339.6323547363281
2021-05-21 00:00:00+05:30,341.08369020164,350.81616522992687,341.08369020164,349.4641418457031
2021-05-24 00:00:00+05:30,350.6571314318967,353.68919543856885,346.352560444217,349.3349304199219
2021-05-25 00:00:00+05:30,351.99919418787505,352.69509269143646,345.55729408096903,348.0426025390625
2021-05-26 00:00:00+05:30,349.94134008369593,350.28925895572206,345.3385445144329,346.0841369628906
2021-05-27 00:00:00+05:30,345.9549141755927,354.59384822387545,343.1117360524799,353.36114501953125
2021-05-28 00:00:00+05:30,355.10089297184066,360.4691532998182,353.55998348867166,358.0335388183594
2021-05-31 00:00:00+05:30,357.6855187058699,360.23047169558,354.9019858540722,359.4153137207031
2021-06-01 00:00:00+05:30,360.86675272838954,362.6561625074512,355.4984930529696,357.28790283203125
2021-06-02 00:00:00+05:30,356.49260592709925,356.49260592709925,351.9196328785448,354.52423095703125
2021-06-03 00:00:00+05:30,355.8961795076866,363.44157252202353,355.8961795076866,360.7077331542969
2021-06-04 00:00:00+05:30,361.8608727299686,362.04975857960625,357.2878995893605,360.1112060546875
2021-06-07 00:00:00+05:30,362.85501149348556,362.85501149348556,359.2761614768615,360.8468933105469
2021-06-08 00:00:00+05:30,360.8667875481881,361.16501242739554,355.4687048668675,356.60198974609375
2021-06-09 00:00:00+05:30,355.87629405554384,360.2703023509269,352.91379549832754,354.4844970703125
2021-06-10 00:00:00+05:30,355.4388544993504,358.48086938161134,353.1126096092823,357.794921875
2021-06-11 00:00:00+05:30,359.6738215433492,359.87265835176674,355.49852161071874,356.76104736328125
2021-06-14 00:00:00+05:30,355.8762656403774,355.8762656403774,349.83197905856065,351.53192138671875
2021-06-15 00:00:00+05:30,353.07285410376323,354.7330231157963,351.12438082431765,352.0986022949219
2021-06-16 00:00:00+05:30,352.0886606544677,354.096778788121,348.53963321099303,350.0506896972656
2021-06-17 00:00:00+05:30,347.3964246112055,352.2775436719101,345.15964702336515,351.1343078613281
2021-06-18 00:00:00+05:30,352.9038255667014,353.24182385290953,344.61284076763513,350.0208740234375
2021-06-21 00:00:00+05:30,345.95490604011417,353.35118576872026,344.22514121814885,352.3272399902344
2021-06-22 00:00:00+05:30,353.90789930398006,354.90202261663165,348.7384459428972,349.3548278808594
2021-06-23 00:00:00+05:30,350.72670255434093,350.72670255434093,343.41992026889625,345.2987976074219
2021-06-24 00:00:00+05:30,344.9608058333723,346.5315073929535,343.40997581922073,345.5373840332031
2021-06-25 00:00:00+05:30,344.9607849121094,348.7384413147576,342.15734992645986,344.9607849121094
2021-06-28 00:00:00+05:30,344.9607817275938,347.5455083499721,342.41582853153267,344.57305908203125
2021-06-29 00:00:00+05:30,345.517470788774,345.5572442130704,338.3995447514045,339.1650390625
2021-06-30 00:00:00+05:30,339.1650390625,346.6507858444685,337.69372574587044,339.1650390625
2021-07-01 00:00:00+05:30,339.97026932888,343.01228395172427,339.2246769146882,341.2029724121094
2021-07-02 00:00:00+05:30,343.37016638251447,343.56900316890835,339.99015338145676,341.01409912109375
2021-07-05 00:00:00+05:30,343.3701753974418,345.91512857128237,342.27663372003343,344.18536376953125
2021-07-06 00:00:00+05:30,343.7678774829904,349.9314550191927,343.3702341699348,349.0069274902344
2021-07-07 00:00:00+05:30,349.1361501943441,351.621458694195,346.5812457753202,350.289306640625
2021-07-08 00:00:00+05:30,349.5337894925487,350.52791288112917,342.9725690602698,344.4239807128906
2021-07-09 00:00:00+05:30,343.7678317008664,343.9666685000337,340.97434760051175,341.9883728027344
2021-07-12 00:00:00+05:30,344.3643212382318,346.5514047363237,343.0023771073351,344.3544006347656
2021-07-13 00:00:00+05:30,346.55141682117494,348.44024517817365,342.69421324725283,347.37652587890625
2021-07-14 00:00:00+05:30,345.95492200355494,349.52382115030207,345.0800886110373,347.5753479003906
2021-07-15 00:00:00+05:30,349.33494068680506,349.33494068680506,345.9549273493155,347.953125
2021-07-16 00:00:00+05:30,349.03674076348335,350.32908908134795,345.9549520767609,347.8437805175781
2021-07-19 00:00:00+05:30,344.74208069715297,345.95491235053197,340.38781573931306,342.5351257324219
2021-07-20 00:00:00+05:30,342.53515518705115,342.7339920017139,337.20666834236,338.5288391113281
2021-07-22 00:00:00+05:30,339.30423079287624,342.3661476337943,338.6282342107335,339.4334716796875
2021-07-23 00:00:00+05:30,339.9901960098392,343.42985441043686,336.8388115459526,342.5649719238281
2021-07-26 00:00:00+05:30,340.3082853961487,347.94314483594394,332.7032484409528,346.0741882324219
2021-07-27 00:00:00+05:30,348.3408318334971,348.5396686479598,336.77917188579926,337.5943603515625
2021-07-28 00:00:00+05:30,338.99604869518595,339.1551120653673,327.26540577299284,328.6273498535156
2021-07-29 00:00:00+05:30,330.8442453723613,330.8442453723613,325.09821350778304,326.4005126953125
2021-07-30 00:00:00+05:30,326.4004959828922,332.0173170059076,323.28891547849815,329.0150451660156
2021-08-02 00:00:00+05:30,331.0430557020505,333.4885905017201,329.5518707664557,331.06292724609375
2021-08-03 00:00:00+05:30,331.04309964012197,335.8646043061319,331.04309964012197,335.1488342285156
2021-08-04 00:00:00+05:30,337.7434630264055,348.58935260192936,335.0195747088191,347.9332275390625
2021-08-05 00:00:00+05:30,350.26938069322836,356.4926019185481,348.4501485027117,352.267578125
2021-08-06 00:00:00+05:30,351.7208498540584,354.8424119196537,349.1659757508241,353.3512268066406
2021-08-09 00:00:00+05:30,353.3512114451415,355.81664831324065,350.34896980322645,354.08685302734375
2021-08-10 00:00:00+05:30,354.9020684884647,362.83518447056144,353.7687532032053,360.51885986328125
2021-08-11 00:00:00+05:30,362.04055859200264,362.04055859200264,350.5328335519649,354.2029724121094
2021-08-12 00:00:00+05:30,353.1089022795208,356.2718072814341,350.5030107003507,355.6153564453125
2021-08-13 00:00:00+05:30,354.8793370081851,357.8631880380296,352.86026569212237,355.675048828125
2021-08-16 00:00:00+05:30,354.87932719211085,358.3008120399574,352.4425337971217,354.5511169433594
2021-08-17 00:00:00+05:30,353.8847305804111,357.06751724874067,353.49684571864964,355.74468994140625
2021-08-18 00:00:00+05:30,355.74464353759265,356.18224705293574,347.24065074553283,348.0562438964844
2021-08-20 00:00:00+05:30,344.53528811706303,344.53528811706303,337.5729698165028,338.87591552734375
2021-08-23 00:00:00+05:30,343.0533556531596,343.0533556531596,338.169782504594,341.5216369628906
2021-08-24 00:00:00+05:30,343.14288084746823,343.14288084746823,336.4988462654173,339.14453125
2021-08-25 00:00:00+05:30,339.16439304238065,341.4917931528266,336.976223526593,337.61279296875
2021-08-26 00:00:00+05:30,336.93647845442763,341.4520179652808,335.96174282725457,337.6724853515625
2021-08-27 00:00:00+05:30,337.175152879526,342.9041563406239,337.175152879526,340.86517333984375
2021-08-30 00:00:00+05:30,341.3426519476458,346.03724596964383,341.3426519476458,345.3012390136719
2021-08-31 00:00:00+05:30,346.9323253406621,350.02559974471944,345.93770842093807,348.8519287109375
2021-09-01 00:00:00+05:30,348.8619239842944,348.8818053977459,345.7288864040625,347.4495544433594
2021-09-02 00:00:00+05:30,348.51381752127907,355.75462862378305,346.92242412828057,353.3675537109375
2021-09-03 00:00:00+05:30,356.6696602870883,360.3397994249415,353.59629741657665,356.4408874511719
2021-09-06 00:00:00+05:30,359.6535327550756,359.6535327550756,352.0944370748973,352.9995422363281
2021-09-07 00:00:00+05:30,352.9995362869191,353.97427191048655,347.32028150388453,351.0699768066406
2021-09-08 00:00:00+05:30,350.12503496223144,363.63194964537627,349.1105366376517,361.1155700683594
2021-09-09 00:00:00+05:30,363.2341149738971,366.3571963503517,359.4147592518292,361.6128845214844
2021-09-13 00:00:00+05:30,363.7314289841768,367.9684765302891,357.01776460438657,366.02899169921875
2021-09-14 00:00:00+05:30,368.0083062061425,373.7770729188634,367.04352645952395,371.5391845703125
2021-09-15 00:00:00+05:30,372.78246652617037,377.6461585789048,369.5997101070537,372.324951171875
2021-09-16 00:00:00+05:30,373.37925005774207,379.9437289319391,371.58895143446324,379.3071594238281
2021-09-17 00:00:00+05:30,381.1372616046476,401.2285075867137,380.54048531040144,399.4282531738281
2021-09-20 00:00:00+05:30,395.85754209727855,405.24672843860367,394.13684386398927,398.1352233886719
2021-09-21 00:00:00+05:30,401.22847190810637,403.347010869976,397.0709803382846,400.0249938964844
2021-09-22 00:00:00+05:30,401.1290328692457,402.30270402382683,393.6296423770338,394.97235107421875
2021-09-23 00:00:00+05:30,398.64247324409126,408.19080231799495,396.03658161431764,402.6209411621094
2021-09-24 00:00:00+05:30,403.81448273599773,408.26042172803596,400.6118149346492,403.4365234375
2021-09-27 00:00:00+05:30,404.0532181163738,409.3843812542805,402.9193704702827,404.4809265136719
2021-09-28 00:00:00+05:30,405.80373665464674,413.3230387585128,400.41289915049725,411.41339111328125
2021-09-29 00:00:00+05:30,409.7623310371902,409.78221245041146,401.855113582809,403.9040222167969
2021-09-30 00:00:00+05:30,402.90939959478,404.80912171994055,397.2102332192981,398.9408874511719
2021-10-01 00:00:00+05:30,397.2500394060503,399.9951921474391,392.2570727962012,396.5637512207031
2021-10-04 00:00:00+05:30,396.852176635456,400.8107631591586,395.459718928448,396.0465393066406
2021-10-05 00:00:00+05:30,396.8323138901428,397.43901570936737,392.9731949539706,394.3358154296875
2021-10-06 00:00:00+05:30,393.0825761866734,398.84141711729154,386.32914860906476,389.04443359375
2021-10-07 00:00:00+05:30,391.48127528433264,394.3159399354277,387.7514613627085,388.38800048828125
2021-10-08 00:00:00+05:30,387.90061798747575,391.1132417251758,384.1210856458413,385.185302734375
2021-10-11 00:00:00+05:30,387.70164073458113,398.8413617322627,386.9059593861601,392.9532165527344
2021-10-12 00:00:00+05:30,393.8683075684315,398.6424567309712,390.88445675351915,396.8720397949219
2021-10-13 00:00:00+05:30,398.64244817071636,402.2230751423825,396.76263798140377,399.7066955566406
2021-10-14 00:00:00+05:30,399.43822382472865,402.9193835910116,394.8629792040959,401.3876647949219
2021-10-18 00:00:00+05:30,401.3876121746001,407.186245965824,399.4282155774578,400.154296875
2021-10-19 00:00:00+05:30,400.2139974556016,406.7884013240101,396.27532259379177,404.8787536621094
2021-10-20 00:00:00+05:30,406.20154897897373,406.7883693264879,397.48872529445083,400.9201354980469
2021-10-21 00:00:00+05:30,404.0134165577743,428.67990473533166,402.2230878387787,426.4420166015625
2021-10-22 00:00:00+05:30,428.66000656472283,437.95965038550116,422.2645967684105,431.9422302246094
2021-10-25 00:00:00+05:30,428.08313585321923,434.23981729753535,420.7329322623598,428.5804443359375
2021-10-26 00:00:00+05:30,428.5804579864528,445.58841470779,422.45361364182446,439.8096923828125
2021-10-27 00:00:00+05:30,437.6315151439082,448.17446226121774,432.97671449489786,435.2941589355469
2021-10-28 00:00:00+05:30,435.29412224786256,435.6422442671382,415.829460350495,417.4407653808594
2021-10-29 00:00:00+05:30,413.2732872361011,417.1324057524433,400.8306198209122,404.0432434082031
2021-11-01 00:00:00+05:30,408.787551502548,415.1133005036607,404.7692906725529,413.06439208984375
2021-11-02 00:00:00+05:30,411.00559736354927,416.4461536143604,409.78220751586406,413.0942687988281
2021-11-03 00:00:00+05:30,413.7606641899733,420.04665079611334,403.41665365588426,405.3163757324219
2021-11-04 00:00:00+05:30,405.80370283415135,410.18001120582056,405.6047673090893,409.1853942871094
2021-11-08 00:00:00+05:30,408.7875825421042,423.2294102974249,408.7875825421042,421.48883056640625
2021-11-09 00:00:00+05:30,421.7176413922663,423.1001737013223,414.41715567659855,417.18218994140625
2021-11-10 00:00:00+05:30,414.75528747315167,416.0184401313129,410.3889042896408,412.97491455078125
2021-11-11 00:00:00+05:30,412.3682327573842,413.3031752075624,407.3056356428211,408.60858154296875
2021-11-12 00:00:00+05:30,411.37363763007585,413.76071259360873,408.3997118680619,412.7064208984375
2021-11-15 00:00:00+05:30,413.78051128965484,419.330490582512,413.7606298788675,417.2019958496094
2021-11-16 00:00:00+05:30,417.7192537744917,418.50497934106164,411.77143325583,414.3276062011719
2021-11-17 00:00:00+05:30,411.77141707932014,414.12865439302874,406.89780009759215,408.40960693359375
2021-11-18 00:00:00+05:30,407.7929887884893,410.26957551953797,399.6172354576709,402.71051025390625
2021-11-22 00:00:00+05:30,406.59943088107474,406.59943088107474,386.11034428734393,388.9847717285156
2021-11-23 00:00:00+05:30,385.5135493333572,396.4841734602663,384.45925775785855,394.4451904296875
2021-11-24 00:00:00+05:30,393.77882692757856,402.8099360884283,391.87910478230356,400.1145324707031
2021-11-25 00:00:00+05:30,401.82530781689246,407.3951696394708,400.44277548031226,404.82904052734375
2021-11-26 00:00:00+05:30,398.2446603053771,399.2392773542683,388.9151475302491,390.7452392578125
2021-11-29 00:00:00+05:30,396.4543274939132,406.7983378377082,385.35439854523634,401.7456970214844
2021-11-30 00:00:00+05:30,402.4220431870285,405.72417890292905,387.28397127365986,390.267822265625
2021-12-01 00:00:00+05:30,393.66937605027493,395.04195229564687,385.911375993782,388.5670166015625
2021-12-02 00:00:00+05:30,387.4132431655722,394.057276853959,387.0253280002491,390.7352600097656
2021-12-03 00:00:00+05:30,391.22262211925806,395.8376592737154,378.9888459429182,380.7791442871094
2021-12-06 00:00:00+05:30,381.93293239487303,383.22592236843053,373.3792200257857,375.0104064941406
2021-12-07 00:00:00+05:30,380.34152967491366,390.6457774416957,379.9834821292568,385.3444519042969
2021-12-08 00:00:00+05:30,391.87911959301,391.87911959301,381.02784388269544,382.0224609375
2021-12-09 00:00:00+05:30,383.12648203050225,385.2947398141376,375.1894274124628,381.20684814453125
2021-12-10 00:00:00+05:30,380.9382679321841,381.9328848197355,375.66681056948113,377.30792236328125
2021-12-13 00:00:00+05:30,379.94367143527927,381.1372239057154,370.44509179071736,372.6033935546875
2021-12-14 00:00:00+05:30,372.6034058013268,372.7824295717862,361.25482248991636,366.0986022949219
2021-12-15 00:00:00+05:30,367.13305816347753,374.32415070541225,365.3725968281364,371.4696044921875
2021-12-16 00:00:00+05:30,375.149620125217,376.15419297439956,368.1873013599853,370.1466979980469
2021-12-17 00:00:00+05:30,369.00286691355655,369.9875279235318,356.07284731820283,356.8287658691406
2021-12-20 00:00:00+05:30,354.0836509146342,354.0836509146342,342.6256740369448,346.6240234375
2021-12-21 00:00:00+05:30,350.3140469428804,351.69657914985254,342.34718537055704,345.4404296875
2021-12-22 00:00:00+05:30,347.71810926748225,352.09441799678183,344.76409556337717,350.5826110839844
2021-12-23 00:00:00+05:30,355.0584080513596,355.8142963746807,351.5672924670888,353.2084045410156
2021-12-24 00:00:00+05:30,354.0836241701877,354.0836241701877,344.137454951924,347.7976379394531
2021-12-27 00:00:00+05:30,346.74336830249234,353.8747854372755,342.34717822856425,352.78070068359375
2021-12-28 00:00:00+05:30,355.0782989317816,356.01324141885794,351.209223906048,353.0691833496094
2021-12-29 00:00:00+05:30,352.890084046482,354.08363653567534,348.9315279854821,350.9406433105469
2021-12-30 00:00:00+05:30,349.90624105452764,352.08445466669997,346.8527899976494,349.1602783203125
2021-12-31 00:00:00+05:30,350.50302076980523,358.26105149414616,350.11513592790413,357.28631591796875
2022-01-03 00:00:00+05:30,357.46534379630975,363.65186275160085,356.3911707915614,362.9258117675781
2022-01-04 00:00:00+05:30,364.0297940920003,369.400719409583,361.10561790791536,368.52545166015625
2022-01-05 00:00:00+05:30,369.4007672403223,383.59397200609124,366.03895674623016,382.3606262207031
2022-01-06 00:00:00+05:30,379.36681422321686,380.9382956645006,372.9813599848243,376.3431701660156
2022-01-07 00:00:00+05:30,376.3432213186645,383.00713764417384,374.6921532983221,378.7999267578125
2022-01-10 00:00:00+05:30,378.7998856147805,388.95491655433705,378.2229907644028,387.4928283691406
2022-01-11 00:00:00+05:30,387.5027734201277,388.74604461927254,381.97270555459545,385.2748107910156
2022-01-12 00:00:00+05:30,388.85545359063576,393.10248760423224,387.33369079566967,389.2135314941406
2022-01-13 00:00:00+05:30,389.8898586853987,391.26243498321736,382.44018717000205,383.1960754394531
2022-01-14 00:00:00+05:30,379.7447547917463,386.9060092639158,377.5566156248568,385.5533447265625
2022-01-17 00:00:00+05:30,382.3307510242497,388.4874323974084,381.654418780362,385.40411376953125
2022-01-18 00:00:00+05:30,383.92213841622856,392.8736908663479,383.92213841622856,386.33905029296875
2022-01-19 00:00:00+05:30,386.90599980718827,386.90599980718827,377.9743285245538,379.078369140625
2022-01-20 00:00:00+05:30,382.92755106425744,382.92755106425744,373.37922164238427,376.482421875
2022-01-21 00:00:00+05:30,371.6386289656949,378.15338840472816,367.9187711689535,376.711181640625
2022-01-24 00:00:00+05:30,374.7916022345661,375.5474905486264,360.05137034079377,364.2088623046875
2022-01-25 00:00:00+05:30,360.9862783375181,372.7625393856096,354.5212681611524,368.9332580566406
2022-01-27 00:00:00+05:30,366.0190565048881,377.6660130920294,362.26936133690447,375.8160400390625
2022-01-28 00:00:00+05:30,376.95985161283943,389.2732152107055,375.69669892116747,377.6163024902344
2022-01-31 00:00:00+05:30,381.93290027320813,385.6925510461405,366.21796495537,369.4504699707031
2022-02-01 00:00:00+05:30,374.37382760634637,378.9490718143984,364.8454102321877,374.4335021972656
2022-02-02 00:00:00+05:30,380.10283926841,387.50279223324924,377.33780520140243,386.4285888671875
2022-02-03 00:00:00+05:30,385.8914997159887,386.3987337261959,377.1686895360286,379.75469970703125
2022-02-04 00:00:00+05:30,380.73937115643554,381.53508295942544,374.025706482298,374.81146240234375
2022-02-07 00:00:00+05:30,368.00826258686317,375.96519799414665,362.0405610314005,363.7214660644531
2022-02-08 00:00:00+05:30,365.0244205261185,367.62035619515325,356.6895256314191,361.6029357910156
2022-02-09 00:00:00+05:30,365.14376323781806,367.57063098028505,362.5677090262035,365.0244140625
2022-02-10 00:00:00+05:30,365.0244430729985,375.7464132385038,364.07954477113435,371.4297790527344
2022-02-11 00:00:00+05:30,368.82385398030107,368.82385398030107,362.43839999115863,363.6816711425781
2022-02-14 00:00:00+05:30,356.08282386233924,362.80641380182493,345.71890189138594,347.48931884765625
2022-02-15 00:00:00+05:30,349.3094905164407,361.8416400023834,347.33018211433244,360.6679992675781
2022-02-16 00:00:00+05:30,361.0658390441626,368.5752153281053,358.0621067425661,364.0397644042969
2022-02-17 00:00:00+05:30,365.0244007967518,366.86444812483387,360.13087231345287,361.5034484863281
2022-02-18 00:00:00+05:30,359.86237685266343,364.2287600827147,359.225837751939,363.3435363769531
2022-02-21 00:00:00+05:30,359.6534978328268,368.2668843255004,358.47985710799685,363.45294189453125
2022-02-22 00:00:00+05:30,356.07289521298634,367.82927574196196,356.07289521298634,366.3671875
2022-02-23 00:00:00+05:30,368.5851212363549,380.5105986302164,368.5851212363549,375.18939208984375
2022-02-24 00:00:00+05:30,364.89515795560453,372.8620503631454,353.43718028848053,357.0376892089844
2022-02-25 00:00:00+05:30,362.2295292110262,371.2407558463056,358.27094304400396,369.3410339355469
2022-02-28 00:00:00+05:30,365.42226711677944,368.40611801379174,360.98628394881206,366.5660705566406
2022-03-02 00:00:00+05:30,360.40940529059844,361.91128668924097,353.1487132565707,359.25567626953125
2022-03-03 00:00:00+05:30,360.638175908571,361.9610335219991,352.611609399927,356.5204772949219
2022-03-04 00:00:00+05:30,352.0944302348973,355.26726100341386,344.87350085092123,348.54364013671875
2022-03-07 00:00:00+05:30,336.8768038791315,344.3165199186177,334.2012816109655,340.5369873046875
2022-03-08 00:00:00+05:30,338.1697369618866,344.03797044438915,332.70930003988093,342.7648620605469
2022-03-09 00:00:00+05:30,342.76490632382684,347.7479472161928,336.5783873581371,345.94769287109375
2022-03-10 00:00:00+05:30,358.06215159235535,360.64816209118334,345.3310650103935,348.9812927246094
2022-03-11 00:00:00+05:30,347.121368215692,354.06380650719564,345.33106957538575,350.7019958496094
2022-03-14 00:00:00+05:30,347.2108322022929,357.5349611416303,346.5245440691022,355.82421875
2022-03-15 00:00:00+05:30,354.8793109255509,356.06290750866236,340.95467380969836,344.8834228515625
2022-03-16 00:00:00+05:30,350.10515259958885,353.04921015661614,348.6629459376174,350.2046203613281
2022-03-17 00:00:00+05:30,356.07288637266055,363.55239529329975,354.59091675416613,362.04058837890625
2022-03-21 00:00:00+05:30,361.175294379826,364.0298404580367,352.691212153775,353.5068054199219
2022-03-22 00:00:00+05:30,353.50679906461454,360.7674912609133,349.1802089023585,359.6236877441406
2022-03-23 00:00:00+05:30,361.0459801897427,363.4828040430882,349.70735217179976,352.0447082519531
2022-03-24 00:00:00+05:30,341.1536258307813,343.91865983475293,338.36871041429964,340.9845275878906
2022-03-25 00:00:00+05:30,343.73965925206386,344.49554757135985,340.55687254424794,342.5958557128906
2022-03-28 00:00:00+05:30,343.73966134692296,343.73966134692296,336.5883622709841,343.18267822265625
2022-03-29 00:00:00+05:30,345.7289056173779,346.3057701725599,341.8996237605983,344.13751220703125
2022-03-30 00:00:00+05:30,347.9965914815516,351.8656357240478,345.33102527784763,350.7218322753906
2022-03-31 00:00:00+05:30,349.1304291386165,353.8349782160845,347.51915454409726,348.88177490234375
2022-04-01 00:00:00+05:30,347.9766802614076,354.08364305674615,347.24067341305386,353.417236328125
2022-04-04 00:00:00+05:30,355.47611636100237,366.01906282834904,345.1321054386878,365.2333068847656
2022-04-05 00:00:00+05:30,365.23330205883315,365.63114279033795,356.90836258005356,358.499755859375
2022-04-06 00:00:00+05:30,355.57556907890563,356.6696538236548,352.4425316737657,353.96429443359375
2022-04-07 00:00:00+05:30,352.2933497315144,356.4707228743578,350.70195647806383,351.38824462890625
2022-04-08 00:00:00+05:30,353.13874281928247,356.0728750201263,349.3293731822012,354.9787902832031
2022-04-11 00:00:00+05:30,353.0890228779593,359.28549750241433,350.7616228202584,354.7699279785156
2022-04-12 00:00:00+05:30,352.30327053219565,360.5784910564191,352.09440946618247,358.43011474609375
2022-04-13 00:00:00+05:30,359.593862933547,361.7422394408513,352.6414689943623,354.0041198730469
2022-04-18 00:00:00+05:30,353.20834267774893,353.20834267774893,344.13744156020425,348.1954650878906
2022-04-19 00:00:00+05:30,350.70196764943177,351.43797453186073,335.58377679002416,339.6617126464844
2022-04-20 00:00:00+05:30,340.7557924784687,343.5407079551918,334.86764644486567,342.4068603515625
2022-04-21 00:00:00+05:30,343.14284465204094,352.7806852387927,342.9538650049831,350.2742614746094
2022-04-22 00:00:00+05:30,346.12670407848395,347.897121063374,342.4267277517888,343.68988037109375
2022-04-25 00:00:00+05:30,338.667071014072,345.7089456550358,336.9762100600531,343.90869140625
2022-04-26 00:00:00+05:30,347.34015063591005,347.71810995318026,344.38613692597966,346.663818359375
2022-04-27 00:00:00+05:30,342.9439199423021,348.513781058404,342.9439199423021,346.4250793457031
2022-04-28 00:00:00+05:30,347.9170039511644,352.69118361895966,344.61489867940156,351.2290954589844
2022-04-29 00:00:00+05:30,351.88556081767695,360.11103257138944,351.4976456138051,356.2220764160156
2022-05-02 00:00:00+05:30,351.20921159519395,354.173181328339,348.1259230260036,352.9597473144531
2022-05-04 00:00:00+05:30,351.69659754106976,362.7766157759614,351.69659754106976,353.2084045410156
2022-05-05 00:00:00+05:30,358.26104889525925,362.23951682145514,354.9390014659804,357.5846862792969
2022-05-06 00:00:00+05:30,349.1404068332053,357.05754971181767,348.1159525298923,353.1487121582031
2022-05-09 00:00:00+05:30,347.1213605953578,354.87936167078044,346.72351983439074,351.5971374511719
2022-05-10 00:00:00+05:30,352.0944152397875,359.8126528123378,351.59710674368614,357.49517822265625
2022-05-11 00:00:00+05:30,357.6642630971474,361.6427309172418,357.2664223857981,360.0413818359375
2022-05-12 00:00:00+05:30,358.6191055794244,359.37502421772473,349.5084101538286,350.2842102050781
2022-05-13 00:00:00+05:30,355.0782389031335,357.0674727345237,349.309472933422,353.9941101074219
2022-05-16 00:00:00+05:30,354.2825808195476,363.03519811216415,351.32856717146177,360.6182861328125
2022-05-17 00:00:00+05:30,362.6373689857418,366.9937963589132,361.56316561392566,366.0787353515625
2022-05-18 00:00:00+05:30,367.40157174939515,370.79318885663173,366.18813784959383,367.3717041015625
2022-05-19 00:00:00+05:30,360.44918962155947,363.4927151701667,353.7554367325272,354.7599792480469
2022-05-20 00:00:00+05:30,360.2502534047939,365.9991378739941,356.958073893295,363.8606872558594
2022-05-23 00:00:00+05:30,368.4061016583865,372.2851015816339,366.2676813477898,368.8636169433594
2022-05-24 00:00:00+05:30,369.5897398890108,375.96523871705887,366.57605149120457,374.4931945800781
2022-05-25 00:00:00+05:30,377.5267699986497,386.2097567070892,375.22920722979853,379.4563293457031
2022-05-26 00:00:00+05:30,380.9283371013454,382.330750647416,374.7816116168407,379.6751403808594
2022-05-27 00:00:00+05:30,382.1318363687212,387.9006024171955,380.5404432112215,387.1446838378906
2022-05-30 00:00:00+05:30,386.95570510191277,388.2487253249869,377.0692103734361,378.59100341796875
2022-05-31 00:00:00+05:30,376.1840500359786,377.18862293794683,363.7016185923116,367.3816833496094
2022-06-01 00:00:00+05:30,366.0190574926089,372.78244097886886,365.0940709636293,371.01202392578125
2022-06-02 00:00:00+05:30,367.65021907013215,373.7770326896127,367.2125851896978,369.530029296875
2022-06-03 00:00:00+05:30,373.77704134649485,373.77704134649485,368.6249327795923,369.7289733886719
2022-06-06 00:00:00+05:30,367.0136795257457,373.3792223682689,366.6456760857307,371.8475036621094
2022-06-07 00:00:00+05:30,370.79317086757567,370.9921063903379,364.42762873207425,369.6294860839844
2022-06-08 00:00:00+05:30,369.9975117963129,373.995861077246,365.77038968573675,367.1131286621094
2022-06-09 00:00:00+05:30,365.77038913919796,372.5536841301203,363.5722941439071,371.03192138671875
2022-06-10 00:00:00+05:30,366.0190613093707,368.8437699879489,354.88929448966127,356.4309387207031
2022-06-13 00:00:00+05:30,346.72350095209146,348.63314864205705,341.87972089733887,345.5995788574219
2022-06-14 00:00:00+05:30,345.251453880889,347.8474200774453,342.4665383762525,346.0670471191406
2022-06-15 00:00:00+05:30,345.72883209585586,348.11590652709634,343.9186220971234,345.46026611328125
2022-06-16 00:00:00+05:30,346.52452250988586,348.82208512473636,332.2020451948974,333.3558044433594
2022-06-17 00:00:00+05:30,330.41175861894766,334.92729765863675,327.94509768795314,332.9181823730469
2022-06-20 00:00:00+05:30,332.9181993575794,336.1507045678035,328.6214466856584,334.03216552734375
2022-06-21 00:00:00+05:30,336.18054610041963,339.96007856022777,332.70934248243935,334.48968505859375
2022-06-22 00:00:00+05:30,331.2074526348804,333.3657848258215,328.8203779658298,332.14239501953125
2022-06-23 00:00:00+05:30,333.19671714513055,337.17518540955,327.9849334317983,335.0069274902344
2022-06-24 00:00:00+05:30,338.1697556491391,341.13372502289894,336.2103590860989,337.8514709472656
2022-06-27 00:00:00+05:30,341.5912819222305,342.128383627907,335.1859456949296,336.4888916015625
2022-06-28 00:00:00+05:30,335.16601604136895,336.6479855188294,331.14775524064305,331.9633483886719
2022-06-29 00:00:00+05:30,328.2236221613607,330.00399515625173,325.5779372009364,326.72174072265625
2022-06-30 00:00:00+05:30,324.64293277338925,333.5746029861754,324.44402761597786,330.4316101074219
2022-07-01 00:00:00+05:30,327.2289909042883,334.09184208967537,325.438692457075,331.7544860839844
2022-07-04 00:00:00+05:30,331.5158220157519,335.0765682191758,330.2228319315864,332.3811340332031
2022-07-05 00:00:00+05:30,333.1966987871508,337.1353736529937,329.6061459459251,330.8195495605469
2022-07-06 00:00:00+05:30,334.58913463077516,340.6364226615149,332.40099556111693,339.0649108886719
2022-07-07 00:00:00+05:30,341.75040290448584,346.9223930264277,341.36248770985685,345.8283386230469
2022-07-08 00:00:00+05:30,349.11060822287567,349.39905568586,344.57515659559505,347.0716552734375
2022-07-11 00:00:00+05:30,346.7235187757881,347.5192002952928,343.7794607296554,346.3753967285156
2022-07-12 00:00:00+05:30,342.4465955644061,345.92775480625926,340.54690394618433,341.9393615722656
2022-07-13 00:00:00+05:30,342.94393219845716,347.31031543292517,342.824583014032,346.5345153808594
2022-07-14 00:00:00+05:30,346.1267122980638,353.48687194868415,345.5398919167363,352.1043701171875
2022-07-15 00:00:00+05:30,352.5519192100784,356.0728717480758,352.09440390731515,355.6153564453125
2022-07-18 00:00:00+05:30,358.0621168664575,368.0082867794146,356.91831339712775,367.1429748535156
2022-07-19 00:00:00+05:30,365.02445173301334,368.40614358031524,363.641919485202,365.0144958496094
2022-07-20 00:00:00+05:30,367.2623092160835,368.008271929454,361.6626109245207,363.58221435546875
2022-07-21 00:00:00+05:30,363.0351694954036,363.0351694954036,355.6352173108498,358.1714782714844
2022-07-22 00:00:00+05:30,358.2610401632573,366.4168810011933,356.01319612668755,363.45294189453125
2022-07-25 00:00:00+05:30,361.2449208018858,367.7696061511913,355.09816443072594,357.1769104003906
2022-07-26 00:00:00+05:30,356.2718146169239,357.0575401772753,348.51378395572556,350.4234619140625
2022-07-27 00:00:00+05:30,350.3339627081638,350.3339627081638,344.60495897909925,348.9315490722656
2022-07-28 00:00:00+05:30,353.0492382017641,364.3978216978195,351.09979740067354,363.7314453125
2022-07-29 00:00:00+05:30,365.55160278559475,369.3808844947039,358.7882189940722,360.1210021972656
2022-08-01 00:00:00+05:30,361.0459471479775,370.3953402596618,360.44917091674233,369.1520690917969
2022-08-02 00:00:00+05:30,368.34642541650373,376.5619708643614,364.86526620684197,374.8910217285156
2022-08-03 00:00:00+05:30,372.9813490134543,373.9361727680048,366.0190304985365,368.2270812988281
2022-08-04 00:00:00+05:30,369.3211788585786,369.79857557583404,360.8967719479315,365.1338195800781
2022-08-05 00:00:00+05:30,366.9639658584076,368.0083016000054,362.5677452243813,364.8056335449219
2022-08-08 00:00:00+05:30,364.0298015033775,367.90880151431077,361.4039982016378,366.9141845703125
2022-08-10 00:00:00+05:30,367.61043651062255,367.8590907519916,362.249436497122,363.70159912109375
2022-08-11 00:00:00+05:30,368.0307647002936,369.5534435518959,364.84609258814714,368.9264831542969
2022-08-12 00:00:00+05:30,370.22029276455584,370.22029276455584,365.5427661643298,366.478271484375
2022-08-16 00:00:00+05:30,368.3194106587152,370.5785395840862,365.9507922024572,367.5033264160156
2022-08-17 00:00:00+05:30,369.0260207370992,369.0260207370992,364.47790743792336,366.1797180175781
2022-08-18 00:00:00+05:30,366.04036450671174,380.57052147599165,364.64706844041393,379.07769775390625
2022-08-19 00:00:00+05:30,381.96377932152046,386.6313434552458,372.4097327534497,373.6039733886719
2022-08-22 00:00:00+05:30,363.64190379057834,365.84132213226115,360.5268735794904,364.6570129394531
2022-08-23 00:00:00+05:30,363.0546723757477,372.0116136057899,362.25851197059524,369.3742980957031
2022-08-24 00:00:00+05:30,368.4289082729258,372.9969452366849,366.51808053731264,371.7330017089844
2022-08-25 00:00:00+05:30,373.2257966034015,379.2667634460714,369.45395080903455,371.9618835449219
2022-08-26 00:00:00+05:30,372.6784128335396,383.5561128079405,371.99171159211494,378.5899963378906
2022-08-29 00:00:00+05:30,369.8221485072747,373.7930493058838,367.23458169473184,368.22979736328125
2022-08-30 00:00:00+05:30,371.1855937975037,382.16282154525584,369.6230978889877,381.2571716308594
2022-09-01 00:00:00+05:30,373.2059085276169,383.25759373827566,373.2059085276169,378.749267578125
2022-09-02 00:00:00+05:30,381.5558034657655,383.9542468376821,379.05780206709017,381.9339599609375
2022-09-05 00:00:00+05:30,380.3715028652096,389.5274702900723,380.3715028652096,385.7257385253906
2022-09-06 00:00:00+05:30,387.12896414768295,388.1241798958168,380.1724157871311,381.3069763183594
2022-09-07 00:00:00+05:30,378.1819663299911,381.1875068128474,375.33566400386246,379.8240661621094
2022-09-08 00:00:00+05:30,382.18273854491804,385.74562791155824,380.570493901335,384.1632385253906
2022-09-09 00:00:00+05:30,388.1341392037896,388.2734839859619,381.4661815867871,383.4267578125
2022-09-12 00:00:00+05:30,383.15807019455593,386.93987795953456,381.71499518415425,382.9590148925781
2022-09-13 00:00:00+05:30,384.7503966038059,386.1436925127848,382.1926849595823,382.8395690917969
2022-09-14 00:00:00+05:30,376.5896273166336,393.6675329405794,376.5896273166336,389.06964111328125
2022-09-15 00:00:00+05:30,391.61741173723306,395.5385643632608,382.75999731736425,384.97930908203125
2022-09-16 00:00:00+05:30,383.4068598664044,394.1054289606648,380.1923021257112,384.2129821777344
2022-09-19 00:00:00+05:30,382.7798969607763,386.1437312314717,379.6847903944681,384.05377197265625
2022-09-20 00:00:00+05:30,386.93987271605215,390.46294498660785,384.7504162818407,386.0939636230469
2022-09-21 00:00:00+05:30,383.55613685070557,388.13413528997904,377.86350165158956,381.8642883300781
2022-09-22 00:00:00+05:30,379.28667209127826,383.07847216246375,374.4399760924975,376.7389221191406
2022-09-23 00:00:00+05:30,372.230590327387,375.93279419636343,366.6175891934018,370.7576904296875
2022-09-26 00:00:00+05:30,365.4432531722657,369.822196609127,361.5917425219027,364.0499267578125
2022-09-27 00:00:00+05:30,364.6868730252165,365.2143361740027,356.6952915229041,358.1383361816406
2022-09-28 00:00:00+05:30,356.2872472661903,359.87003012865694,353.3214933244533,356.80474853515625
2022-09-29 00:00:00+05:30,358.6757602923851,360.2681116113914,350.2662051918047,351.3708801269531
2022-09-30 00:00:00+05:30,351.90830437458555,363.5423792226661,349.8581623062953,362.09930419921875
2022-10-03 00:00:00+05:30,359.87003701358645,360.8652528071132,352.9632369767848,355.0730895996094
2022-10-04 00:00:00+05:30,359.8700194335527,363.81106527935316,358.67574839103173,362.7063903808594
2022-10-06 00:00:00+05:30,363.2537457185586,366.23939294364266,360.63632345844974,362.0395812988281
2022-10-07 00:00:00+05:30,360.3676200832779,364.24895533631735,358.7155583352511,363.3333435058594
2022-10-10 00:00:00+05:30,358.4966180562628,362.60686395606496,357.19288785575657,359.9197692871094
2022-10-11 00:00:00+05:30,360.23824386981556,360.23824386981556,354.9536507018461,355.8692321777344
2022-10-12 00:00:00+05:30,355.8891619578205,360.8652407593236,354.33662780147745,360.30792236328125
2022-10-13 00:00:00+05:30,359.2728961038631,361.44245921220977,356.8843843093436,358.57623291015625
2022-10-14 00:00:00+05:30,363.8508947864882,369.82218945900746,362.7561513555446,365.0451354980469
2022-10-17 00:00:00+05:30,363.8608022338961,370.6581425614369,362.3082681514174,369.8520202636719
2022-10-18 00:00:00+05:30,371.70312526111286,373.3850423287575,369.24494111390726,370.1605529785156
2022-10-19 00:00:00+05:30,372.0116569499521,373.69357409550645,369.22506483567184,372.0813293457031
2022-10-20 00:00:00+05:30,370.2202242355478,374.78826045451075,369.2946809641361,370.92681884765625
2022-10-21 00:00:00+05:30,372.21068460889296,383.15805768562507,371.47423468445277,378.7094421386719
2022-10-24 00:00:00+05:30,378.67959376432424,381.1676331451674,376.1915543834811,377.34600830078125
2022-10-25 00:00:00+05:30,380.3714847415616,380.49090577617324,366.63748870128916,367.5531005859375
2022-10-27 00:00:00+05:30,374.93761272776385,375.79351415910105,368.1204083958396,371.21551513671875
2022-10-28 00:00:00+05:30,373.00687796484846,377.1569413063923,372.41970427441373,375.0470886230469
2022-10-31 00:00:00+05:30,377.9829558519984,380.57052305533324,375.992524214291,378.5701599121094
2022-11-01 00:00:00+05:30,379.7743415293489,386.44226892367004,378.8587296631866,380.01318359375
2022-11-02 00:00:00+05:30,381.9140651214248,382.16286907264396,377.68439795069895,380.1624755859375
2022-11-03 00:00:00+05:30,379.13739641691535,380.7695648803786,376.90812278055137,378.21185302734375
2022-11-04 00:00:00+05:30,379.37626052714006,379.7743407575245,377.0474289176629,378.1720275878906
2022-11-07 00:00:00+05:30,379.77434101082355,380.17242124147344,372.5391029802787,374.7186279296875
2022-11-09 00:00:00+05:30,377.7838979698136,378.8985347302853,374.34046004087634,376.8682861328125
2022-11-10 00:00:00+05:30,377.1867591549145,381.16762204837005,376.5299131329055,380.600341796875
2022-11-11 00:00:00+05:30,384.75039943144264,384.9295309700051,376.37066979255724,378.0028381347656
2022-11-14 00:00:00+05:30,378.7492830164823,383.8945316770289,378.38105803117764,382.7201843261719
2022-11-15 00:00:00+05:30,383.1580793426689,384.81014119948867,377.2464951173702,380.650146484375
2022-11-16 00:00:00+05:30,380.9685753760002,391.8463065609155,380.95864387121185,391.2989196777344
2022-11-17 00:00:00+05:30,390.88096799796034,391.11981007146613,386.79061525971866,388.2436218261719
2022-11-18 00:00:00+05:30,390.31366285398497,397.5986493478992,387.7161339836678,390.0350036621094
2022-11-21 00:00:00+05:30,389.03980569318014,389.03980569318014,384.710610959298,386.9598083496094
2022-11-22 00:00:00+05:30,388.9004489648231,388.9004489648231,384.1731741368724,386.0939636230469
2022-11-23 00:00:00+05:30,388.2336840684525,390.4231405740053,387.26832354147894,388.80096435546875
2022-11-24 00:00:00+05:30,389.02982892426394,389.38812238593863,384.7603448711213,387.10906982421875
2022-11-25 00:00:00+05:30,387.9351232790591,387.9351232790591,382.1628835408747,383.8348388671875
2022-11-28 00:00:00+05:30,381.3666976498882,386.73089489125095,381.3666976498882,383.7850646972656
2022-11-29 00:00:00+05:30,384.4717499966087,385.9446498464567,382.80972635582947,383.26751708984375
2022-11-30 00:00:00+05:30,385.9446534115224,389.12935594125696,381.3666852859434,387.5469665527344
2022-12-01 00:00:00+05:30,389.1293322640689,390.47287951116215,383.7253183916251,385.0091247558594
2022-12-02 00:00:00+05:30,381.5856489902838,385.1286147490492,381.5856489902838,384.3125305175781
2022-12-05 00:00:00+05:30,386.5417997722071,386.9299485016449,382.16285644970264,385.835205078125
2022-12-06 00:00:00+05:30,382.2723357514664,386.76076883864437,382.2723357514664,385.1982727050781
2022-12-07 00:00:00+05:30,384.65087876237965,384.65087876237965,379.276719907026,380.4610290527344
2022-12-08 00:00:00+05:30,377.96305624915834,379.1374036069008,373.6239299287231,377.5848693847656
2022-12-09 00:00:00+05:30,380.96860888447185,381.51599581579893,374.05187706515034,375.8034362792969
2022-12-12 00:00:00+05:30,371.2154698075524,374.1414065033217,370.8173895871674,371.36474609375
2022-12-13 00:00:00+05:30,370.9666727764429,372.5590240591879,369.86199786645034,371.9121398925781
2022-12-14 00:00:00+05:30,372.42965225683,373.3950127830893,370.96668383809845,372.84765625
2022-12-15 00:00:00+05:30,373.31536197516306,374.55938165123644,369.20514647753873,370.8572082519531
2022-12-16 00:00:00+05:30,369.16532394910024,369.6131831745716,365.2839886907856,366.3488464355469
2022-12-19 00:00:00+05:30,366.34884151627523,371.0164056397443,366.3389100118155,369.8520202636719
2022-12-20 00:00:00+05:30,367.2346144266637,370.60841042211,365.1944342729232,367.6526184082031
2022-12-21 00:00:00+05:30,370.3198204680468,370.40938624913736,360.06907908397335,361.1837463378906
2022-12-22 00:00:00+05:30,363.4528065322121,365.24418274582337,362.0594801754316,363.4627380371094
2022-12-23 00:00:00+05:30,361.4523964787356,366.07018158418595,360.6562360586289,362.64666748046875
2022-12-26 00:00:00+05:30,362.6466558331975,363.47267148323937,357.12319059204737,360.97467041015625
2022-12-27 00:00:00+05:30,362.7860147101209,363.8409410294155,359.6709843936551,362.43768310546875
2022-12-28 00:00:00+05:30,363.1343131691583,364.527609089016,361.31305141155207,362.2784118652344
2022-12-29 00:00:00+05:30,361.1438718053279,362.25850851052405,358.47670106481235,362.00970458984375
2022-12-30 00:00:00+05:30,363.2736332766287,365.8413068571246,362.71631489993894,363.70159912109375
2023-01-02 00:00:00+05:30,363.8110588940419,364.84609175462236,361.5519301265146,363.2637023925781
2023-01-03 00:00:00+05:30,362.7063707390312,365.5427111611657,362.45756681627745,364.81622314453125
2023-01-04 00:00:00+05:30,365.2243147093406,365.2243147093406,361.0543579692443,362.4078369140625
2023-01-05 00:00:00+05:30,362.2585573029857,364.8063073641817,359.5018204243102,362.3182678222656
2023-01-06 00:00:00+05:30,363.4528175695142,363.4528175695142,352.43577151798894,355.6502990722656
2023-01-09 00:00:00+05:30,358.47673814595487,361.46238550295647,356.0881959630932,360.64630126953125
2023-01-10 00:00:00+05:30,359.97947371433435,361.4623658068469,356.0682831789614,357.39190673828125
2023-01-11 00:00:00+05:30,358.2776490768934,359.1036647376621,355.1128704658916,358.6458740234375
2023-01-12 00:00:00+05:30,359.6709520378863,359.6709520378863,352.7840763228449,354.197265625
2023-01-13 00:00:00+05:30,354.19726818808573,355.7498022794314,350.1168776673652,354.35650634765625
2023-01-16 00:00:00+05:30,355.6901251702533,358.0786370449782,354.2968291076284,355.2522277832031
2023-01-17 00:00:00+05:30,354.296825952869,358.66583790744204,353.62008649584516,357.8099365234375
2023-01-18 00:00:00+05:30,358.8648464595026,363.65183182478114,357.4815123493833,358.0985412597656
2023-01-19 00:00:00+05:30,358.9743029749561,358.9743029749561,351.3111301959899,351.7689208984375
2023-01-20 00:00:00+05:30,354.07786052746764,354.07786052746764,349.7188106558413,350.8931579589844
2023-01-23 00:00:00+05:30,356.2872631818829,358.2080224232661,352.3063999061077,355.0432434082031
2023-01-24 00:00:00+05:30,356.82466299962135,356.82466299962135,348.0767080655695,350.3656921386719
2023-01-25 00:00:00+05:30,349.7188187181046,350.39555815874684,344.9417951268269,348.28570556640625
2023-01-27 00:00:00+05:30,348.7435364790762,348.7435364790762,339.16953490288086,340.9808349609375
2023-01-30 00:00:00+05:30,340.98084409935245,344.4640995174711,335.15882539761014,343.5982666015625
2023-01-31 00:00:00+05:30,344.4441430148452,346.05638751061963,340.9708197388815,344.5436706542969
2023-02-01 00:00:00+05:30,347.33027935994073,355.09294967265123,342.5034771397931,347.27056884765625
2023-02-02 00:00:00+05:30,342.35421852352437,351.90829581244924,342.35421852352437,350.6642761230469
2023-02-03 00:00:00+05:30,352.42578542377737,355.03324574715083,347.370102936601,354.35650634765625
2023-02-06 00:00:00+05:30,353.30160809472227,353.94849228874955,346.3350975125728,347.7283935546875
2023-02-07 00:00:00+05:30,348.76337966380754,354.29677632500034,347.7383087449211,353.38116455078125
2023-02-08 00:00:00+05:30,354.0579832428531,354.2968253162968,350.5349108016778,351.41070556640625
2023-02-09 00:00:00+05:30,351.8983609740444,353.3414360732592,347.9174976620884,352.48553466796875
2023-02-10 00:00:00+05:30,351.88837042589654,354.0281085789939,351.3111586561864,352.71441650390625
2023-02-13 00:00:00+05:30,353.32147957925486,355.18255851726667,350.644346820308,353.062744140625
2023-02-14 00:00:00+05:30,352.3063957195579,353.699691775207,351.06237596066114,352.3760681152344
2023-02-15 00:00:00+05:30,351.99785126952384,356.2872286031487,350.36568290650604,355.39154052734375
2023-02-16 00:00:00+05:30,357.0834140300908,359.0539522320684,355.0034166693468,355.87921142578125
2023-02-17 00:00:00+05:30,354.9138245357971,356.56588627246185,348.5344881380718,350.1666564941406
2023-02-20 00:00:00+05:30,351.9182084081291,351.9182084081291,344.3645249045393,345.7976379394531
2023-02-21 00:00:00+05:30,347.33029051227356,347.33029051227356,343.359389459991,344.38446044921875
2023-02-22 00:00:00+05:30,343.140451457137,343.56838694608433,337.9752792170146,338.4828186035156
2023-02-23 00:00:00+05:30,339.8462877998815,341.11020087812113,335.9350667905672,339.7965087890625
2023-02-24 00:00:00+05:30,340.96092960281453,343.20016509008576,337.1790914458114,337.8359375
2023-02-27 00:00:00+05:30,338.0350015537385,344.3048489317749,336.5421778569131,343.5385437011719
2023-02-28 00:00:00+05:30,343.5384970356104,346.6137097887512,342.68259577247494,344.1953430175781
2023-03-01 00:00:00+05:30,344.195364211611,348.4449244192244,343.5484800653409,347.3103942871094
2023-03-02 00:00:00+05:30,345.4592950761255,347.59900291878876,341.9561464807003,342.6925964355469
2023-03-03 00:00:00+05:30,344.7427587763376,351.3111893541585,342.33435346646866,348.52459716796875
2023-03-06 00:00:00+05:30,349.5795235221389,351.2315854509432,346.6237312806984,348.52459716796875
2023-03-08 00:00:00+05:30,345.5389612808873,347.1909928936439,343.71769923561465,346.37493896484375
2023-03-09 00:00:00+05:30,346.19575215869196,347.2407469672578,341.1002521435,341.6973876953125
2023-03-10 00:00:00+05:30,339.7667108533596,341.0605097793126,336.7810630771937,338.23406982421875
2023-03-13 00:00:00+05:30,338.17428613986857,343.01105028412286,331.6456735114057,333.1783142089844
2023-03-14 00:00:00+05:30,332.99917526297463,333.9048251835994,327.1274087783737,328.0728454589844
2023-03-15 00:00:00+05:30,332.00395882377245,335.9848215665717,330.7300839609396,331.5959167480469
2023-03-16 00:00:00+05:30,332.4020619246997,334.1635828759829,328.0629358144576,331.11822509765625
2023-03-17 00:00:00+05:30,334.3129050442043,339.6074300200984,332.6309879117502,336.9999694824219
2023-03-20 00:00:00+05:30,335.78581609401726,338.9605570320925,334.60150682261855,338.3037109375
2023-03-21 00:00:00+05:30,339.876130667996,340.75192536210915,336.78099398182684,339.7367858886719
2023-03-22 00:00:00+05:30,340.363798025051,341.00075070497456,336.80093888290185,339.3984375
2023-03-23 00:00:00+05:30,338.20416781084754,338.37336785826994,333.39728891917775,334.3327941894531
2023-03-24 00:00:00+05:30,333.6062561868781,340.154792695172,333.3972693877205,336.81085205078125
2023-03-27 00:00:00+05:30,338.5027362577921,340.9310651056874,336.9999507637097,339.40838623046875
2023-03-28 00:00:00+05:30,340.15481239640206,340.3239820721364,335.4772860481344,338.1544189453125
2023-03-29 00:00:00+05:30,338.39327566345537,343.74754168958333,337.3781664503812,342.563232421875
2023-03-31 00:00:00+05:30,343.4489579170017,346.4644603940638,342.55326982539816,344.91192626953125
2023-04-03 00:00:00+05:30,345.1408034715029,348.76340331184593,344.9815956814775,347.4696350097656
2023-04-05 00:00:00+05:30,347.3303022179114,350.2562389986995,346.1459930270413,348.7037048339844
2023-04-06 00:00:00+05:30,348.32554965202473,350.6046024666469,346.2057350189757,349.73876953125
2023-04-10 00:00:00+05:30,349.7486697339452,351.9083013119906,348.25584608333287,350.1766052246094
2023-04-11 00:00:00+05:30,367.6725173939172,370.021212038481,363.452812237745,367.5331726074219
2023-04-12 00:00:00+05:30,366.6374901090224,368.4189348730206,364.54753088056776,367.0455322265625
2023-04-13 00:00:00+05:30,365.8412982436051,373.0665435897088,364.44800233468516,372.11114501953125
2023-04-17 00:00:00+05:30,375.98258641130496,380.9288101630247,363.4727164886682,377.2166442871094
2023-04-18 00:00:00+05:30,378.3710745384327,379.0975929622421,375.37546544277734,375.8531799316406
2023-04-19 00:00:00+05:30,375.85319207245453,375.86315394907786,373.4348250358376,375.17645263671875
2023-04-20 00:00:00+05:30,375.0569944510573,378.85872592028176,372.6187340768517,374.9972839355469
2023-04-21 00:00:00+05:30,374.5991906686936,378.9084917413263,373.63383020611354,376.9180603027344
2023-04-24 00:00:00+05:30,376.2313856466051,378.58008033196813,373.7134909134978,377.6346435546875
2023-04-25 00:00:00+05:30,378.5801028540431,379.57531870296094,373.60402360945375,376.05224609375
2023-04-26 00:00:00+05:30,373.70347565908,377.0673094072869,370.8870287399743,373.92242431640625
2023-04-27 00:00:00+05:30,373.58410391734213,380.7695630553709,373.57414204064975,379.8937683105469
2023-04-28 00:00:00+05:30,379.3762481023233,386.8005489377752,377.40571002483085,385.75555419921875
2023-05-02 00:00:00+05:30,381.76479384320265,385.63616758184156,376.1915791883197,382.39178466796875
2023-05-03 00:00:00+05:30,381.96379646469353,384.91958848617867,380.7098452600095,384.3423767089844
2023-05-04 00:00:00+05:30,384.14332267662024,388.3530962882624,382.5111846183698,387.65643310546875
2023-05-05 00:00:00+05:30,388.56206487215115,392.91115269344886,381.26714703429485,383.8945007324219
2023-05-08 00:00:00+05:30,385.3276237881355,391.8164498652944,382.36190031409217,389.8956604003906
2023-05-09 00:00:00+05:30,391.08991113467675,392.11498208109185,387.76589437279125,388.989990234375
2023-05-10 00:00:00+05:30,390.1246105647193,390.92077109071033,384.4817233698428,389.8658447265625
2023-05-11 00:00:00+05:30,392.1150264647,394.10545807111976,388.5023882395959,389.716552734375
2023-05-12 00:00:00+05:30,388.9303263963195,391.7169488872434,386.8702527520336,390.2440185546875
2023-05-15 00:00:00+05:30,389.5373871211534,393.5082881098749,388.61184379426805,392.7121276855469
2023-05-16 00:00:00+05:30,393.7073544384101,393.7073544384101,385.74562848564784,387.5469665527344
2023-05-17 00:00:00+05:30,388.094312994736,388.3132616676196,377.2962163771304,380.0032043457031
2023-05-18 00:00:00+05:30,382.9590029224524,384.87979237461775,380.4112530689611,383.6357727050781
2023-05-19 00:00:00+05:30,384.1532980054613,387.5071703850724,382.8595296167676,386.4721374511719
2023-05-22 00:00:00+05:30,387.1389313421356,388.63175498484304,382.88937097299527,386.18353271484375
2023-05-23 00:00:00+05:30,386.18355358421536,386.18355358421536,381.16765736961815,382.46142578125
2023-05-24 00:00:00+05:30,382.55103452217355,386.1437491563276,377.6645210622297,380.24212646484375
2023-05-25 00:00:00+05:30,381.764730412793,384.8598365140338,379.6847333434415,384.1432800292969
2023-05-26 00:00:00+05:30,388.1241872775846,388.1241872775846,382.8595177373609,387.1488952636719
2023-05-29 00:00:00+05:30,390.74159535560244,392.7718439504146,387.78580342035156,388.7710876464844
2023-05-30 00:00:00+05:30,389.6966646662739,393.92633188759487,388.60192119349904,393.050537109375
2023-05-31 00:00:00+05:30,395.0906924255304,410.90468533350423,388.9104110977948,400.94256591796875
2023-06-01 00:00:00+05:30,391.7169223672431,393.9362340354652,383.1580609064466,384.1632385253906
2023-06-02 00:00:00+05:30,387.12895524132875,388.40283015477013,383.75518972599104,385.8948974609375
2023-06-05 00:00:00+05:30,387.13894011307946,388.43270848410737,382.61072044290626,383.13818359375
2023-06-06 00:00:00+05:30,385.12860706596905,391.39845422694907,384.18313994208046,389.93548583984375
2023-06-07 00:00:00+05:30,392.5131188129785,392.5131188129785,385.34758303189705,386.0243225097656
2023-06-08 00:00:00+05:30,385.5266956862059,385.5266956862059,374.11156941640235,375.4949035644531
2023-06-09 00:00:00+05:30,370.61836353545834,377.72421903490465,370.35962807615783,372.6087951660156
2023-06-12 00:00:00+05:30,373.1760629219248,374.99729443915254,371.10602745924336,374.0916748046875
2023-06-13 00:00:00+05:30,373.2755962038627,374.79827515814,368.6279250692024,369.4141540527344
2023-06-14 00:00:00+05:30,369.4141472525886,371.8026590466829,367.5132814710571,371.14581298828125
2023-06-15 00:00:00+05:30,371.8026382122114,372.0116250099453,363.99018871442206,364.94561767578125
2023-06-16 00:00:00+05:30,365.6323300046427,370.5486678816947,364.8461010558789,369.7027587890625
2023-06-19 00:00:00+05:30,370.98656582127404,371.90217767878363,361.8604543618189,363.1641845703125
2023-06-20 00:00:00+05:30,362.25852957234514,367.6326884971805,361.32302434647085,367.0355529785156
2023-06-21 00:00:00+05:30,367.64266865332496,368.18009368400243,365.46314364335166,367.3440856933594
2023-06-22 00:00:00+05:30,367.3440767699414,367.6924083623185,364.32857421415247,365.463134765625
2023-06-23 00:00:00+05:30,364.8461448883683,367.3441160753659,363.03484471146027,363.96038818359375
2023-06-26 00:00:00+05:30,364.6371403487982,364.6371403487982,362.2386665682698,362.8457336425781
2023-06-27 00:00:00+05:30,363.7911688105763,367.6326869749664,362.3879109775752,367.1748962402344
2023-06-28 00:00:00+05:30,367.4336583042153,367.85163190118647,364.12953480367105,366.3488464355469
2023-06-30 00:00:00+05:30,367.8118186530673,368.3392817787227,364.83613331885795,367.5431213378906
2023-07-03 00:00:00+05:30,369.4241084318806,370.0212136005955,365.84132556171505,367.025634765625
2023-07-04 00:00:00+05:30,368.22979275930004,371.88224758070135,365.45313257472367,370.55859375
2023-07-05 00:00:00+05:30,370.7775963048299,371.7728121055991,368.85683709852367,371.1856384277344
2023-07-06 00:00:00+05:30,370.22025830457153,374.7684015627061,370.0311648827008,373.6636962890625
2023-07-07 00:00:00+05:30,372.60876313130126,373.08647761533143,368.32934764215264,368.9264831542969
2023-07-10 00:00:00+05:30,368.82695990056095,373.0765201833028,367.2346086397324,371.5936584472656
2023-07-11 00:00:00+05:30,373.00686599605274,376.94794239254384,370.87711999837126,371.5339660644531
2023-07-12 00:00:00+05:30,373.1860147217749,376.37068691464333,371.79268836759695,373.82293701171875
2023-07-13 00:00:00+05:30,375.99248857729947,378.5004516409121,371.5040863123572,372.1509704589844
2023-07-14 00:00:00+05:30,372.2305758724178,375.6640822846731,370.2202510344382,372.0116271972656
2023-07-17 00:00:00+05:30,372.4495392320839,378.07253261755756,371.54388923877383,377.5948181152344
2023-07-18 00:00:00+05:30,377.2564669694124,379.7743617710924,374.0717642069723,376.36077880859375
2023-07-19 00:00:00+05:30,377.14697193484136,381.1676522801669,376.5000877376628,379.4956970214844
2023-07-20 00:00:00+05:30,378.3810332531509,390.60228122072755,376.7687582560491,389.5075378417969
2023-07-21 00:00:00+05:30,388.5123224488885,395.6480022416582,388.2535566395774,392.1548156738281
2023-07-24 00:00:00+05:30,388.13415798751436,388.13415798751436,375.8333054050356,377.6346435546875
2023-07-25 00:00:00+05:30,378.38102613114717,378.58005105075057,369.5136504860738,373.305419921875
2023-07-26 00:00:00+05:30,374.20116289798,377.7640223088868,373.33532996030146,377.24652099609375
2023-07-27 00:00:00+05:30,375.992518858369,378.69950706195374,370.72784911916204,372.9571228027344
2023-07-28 00:00:00+05:30,372.1310825982418,375.35557187463274,370.4392036928217,373.5741271972656
2023-07-31 00:00:00+05:30,371.41451106809103,373.2058871779159,368.0606086498643,369.5335388183594
2023-08-01 00:00:00+05:30,368.22979736328125,371.3647206448975,367.1151606739574,368.22979736328125
2023-08-02 00:00:00+05:30,366.34886744778214,367.8118358642382,361.8703964224972,362.9949951171875
2023-08-03 00:00:00+05:30,362.27843522812753,365.01527860746165,359.4420945686232,362.9054260253906
2023-08-04 00:00:00+05:30,364.34963541605487,367.0987020792811,360.7938131324318,366.24212646484375
2023-08-07 00:00:00+05:30,367.5370032406234,367.5370032406234,363.8317509351798,364.857666015625
2023-08-08 00:00:00+05:30,364.84768859314613,367.06885807448117,362.96519783529357,364.1504821777344
2023-08-09 00:00:00+05:30,365.34570437463,365.34570437463,361.90940112392144,364.8476867675781
2023-08-10 00:00:00+05:30,363.7022710799668,365.02701500503025,357.77587948881205,358.7420349121094
2023-08-11 00:00:00+05:30,358.1742800571303,358.5726880756755,354.98695511560203,356.8694763183594
2023-08-14 00:00:00+05:30,356.38142442473065,359.04085209681796,355.58460832940546,357.39739990234375
2023-08-16 00:00:00+05:30,355.9829776794952,356.5507250439042,354.09051686138093,355.8236083984375
2023-08-17 00:00:00+05:30,354.986952889173,356.06268796873985,351.20203114185716,351.7398986816406
2023-08-18 00:00:00+05:30,350.02671210832546,352.27773104691977,347.9150918984111,348.7716979980469
2023-08-21 00:00:00+05:30,348.8115522704337,353.1144013942817,348.38323401698,350.67413330078125
2023-08-22 00:00:00+05:30,352.39726867682543,352.99489592205884,350.29564883371273,351.2219543457031
2023-08-23 00:00:00+05:30,352.55658994789746,354.9670083632749,349.409115255189,354.5984802246094
2023-08-24 00:00:00+05:30,356.38140369110954,358.3734742101131,353.8415259380135,354.7778015136719
2023-08-25 00:00:00+05:30,352.8355033783596,356.45111605733933,351.9988374488029,354.35943603515625
2023-08-28 00:00:00+05:30,354.35943040325964,357.8953735836671,353.52276448700013,356.65032958984375
2023-08-29 00:00:00+05:30,357.9650915406616,358.0846108966751,354.3892985593001,355.2060546875
2023-08-30 00:00:00+05:30,356.77983601500864,357.1682739533526,351.60044059547874,353.5726013183594
2023-08-31 00:00:00+05:30,353.5726125934178,355.3455541657063,349.4689217304074,350.35540771484375
2023-09-01 00:00:00+05:30,351.3813195796062,354.5088849021446,349.47888857581864,352.81561279296875
2023-09-04 00:00:00+05:30,354.070619224841,356.3813978878531,350.0665380930319,351.04266357421875
2023-09-05 00:00:00+05:30,351.6004394166051,355.1861723568277,351.2219411622784,352.8056335449219
2023-09-06 00:00:00+05:30,352.7957095300331,353.9909336321322,350.6442696703531,352.65625
2023-09-07 00:00:00+05:30,353.59249180554383,357.04873512440776,352.05858910469664,356.3813781738281
2023-09-08 00:00:00+05:30,357.9750446953828,359.56870709423043,354.897299575878,357.21807861328125
2023-09-11 00:00:00+05:30,358.5727009711896,360.86356995764953,357.62645529610404,360.14642333984375
2023-09-12 00:00:00+05:30,362.3576150625347,362.3576150625347,357.8555466346625,360.8038024902344
2023-09-13 00:00:00+05:30,358.6921878970437,365.7441340670366,358.6921878970437,363.4731750488281
2023-09-14 00:00:00+05:30,364.1504945733411,364.89752101308545,361.3615776270122,362.8656005859375
2023-09-15 00:00:00+05:30,361.79984251882024,363.2441058220313,360.7639877213536,361.3416748046875
2023-09-18 00:00:00+05:30,360.76398656924613,360.96317538508396,357.37744233757775,358.2440185546875
2023-09-20 00:00:00+05:30,355.9730517121626,359.2599558704434,353.7319724051757,356.4710693359375
2023-09-21 00:00:00+05:30,355.38539704318754,356.74002091139243,348.8115881184946,349.74786376953125
2023-09-22 00:00:00+05:30,350.205985279688,352.57655393863854,349.0406107116069,349.897216796875
2023-09-25 00:00:00+05:30,351.4012166168225,356.44115244361006,349.96692345540015,355.4650573730469
2023-09-26 00:00:00+05:30,353.8116209517282,354.9470852606425,349.34937236350896,351.421142578125
2023-09-27 00:00:00+05:30,351.4012110168151,352.8155943938883,348.61232457881755,351.63031005859375
2023-09-28 00:00:00+05:30,351.04267853374546,352.97498941978483,344.4289896461501,345.26568603515625
2023-09-29 00:00:00+05:30,347.4170635482368,347.4170635482368,345.21583428028833,345.763671875
2023-10-03 00:00:00+05:30,344.62818447315186,345.6242196883922,341.72971834921265,344.04052734375
2023-10-04 00:00:00+05:30,341.64011171023105,344.03059037757447,340.44485717826666,343.0445251464844
2023-10-05 00:00:00+05:30,344.62818697961853,348.01470065674914,342.86521557859083,345.4748229980469
2023-10-06 00:00:00+05:30,345.68397400224217,348.01469272212626,344.668029041241,347.39715576171875
2023-10-09 00:00:00+05:30,344.62820365358954,345.38520018620954,342.0484759501311,342.4966735839844
2023-10-10 00:00:00+05:30,344.1301915920345,352.33751262842225,342.7556580327864,349.8275146484375
2023-10-11 00:00:00+05:30,350.61434682020905,354.5785473079653,350.61434682020905,352.8753356933594
2023-10-12 00:00:00+05:30,353.5924766905197,353.9709749093032,350.85338004010015,351.3713073730469
2023-10-13 00:00:00+05:30,349.60833398354947,352.58646932391105,349.0405866588243,351.0027770996094
2023-10-16 00:00:00+05:30,350.8036097183429,351.03267836060854,347.90514363776396,348.5625305175781
2023-10-17 00:00:00+05:30,349.6083384797455,353.5526291720642,348.7716725993495,352.90521240234375
2023-10-18 00:00:00+05:30,353.1940831209735,353.6323410346468,347.63618975965363,349.28961181640625
2023-10-19 00:00:00+05:30,347.0186388450794,349.28959776247575,345.74371507384956,346.31146240234375
2023-10-20 00:00:00+05:30,345.32543933960955,353.233961793883,345.1560999696676,352.5168151855469
2023-10-23 00:00:00+05:30,352.39724619434344,352.39724619434344,343.12416079320906,346.7696533203125
2023-10-25 00:00:00+05:30,348.4131364403705,350.9530446981257,343.03455188951426,344.23974609375
2023-10-26 00:00:00+05:30,344.1700269681595,344.1700269681595,336.4606935044269,337.6260681152344
2023-10-27 00:00:00+05:30,340.2456141658379,340.2456141658379,336.4606623484727,339.1898193359375
2023-10-30 00:00:00+05:30,339.0503768341092,342.8153886835008,336.3411598675864,342.1380920410156
2023-10-31 00:00:00+05:30,344.1700136867849,348.0146949926411,342.00860391467523,346.500732421875
2023-11-01 00:00:00+05:30,344.8274080734119,345.8134732221715,342.2078305604616,343.51263427734375
2023-11-02 00:00:00+05:30,345.62421134313604,350.335468740237,345.0465243067415,346.1620788574219
2023-11-03 00:00:00+05:30,346.6202578794821,347.46689389902156,344.64809719360494,345.2756042480469
2023-11-06 00:00:00+05:30,347.4170918719855,348.0147191164927,345.02661329054126,346.6601257324219
2023-11-07 00:00:00+05:30,345.6540935713423,349.488835163239,343.8512722945571,348.861328125
2023-11-08 00:00:00+05:30,349.2099490164697,350.7936413451208,346.6202514036775,347.86529541015625
2023-11-09 00:00:00+05:30,347.79557236655324,349.9470120988827,346.4409790517066,347.6063232421875
2023-11-10 00:00:00+05:30,345.54455320369976,348.4629291141568,345.54455320369976,347.7059326171875
2023-11-13 00:00:00+05:30,348.8115309291593,349.050569644586,345.32540781180677,348.2537536621094
2023-11-15 00:00:00+05:30,350.80364543202165,353.0546645442797,348.64223545274496,352.49688720703125
2023-11-16 00:00:00+05:30,352.7957174058466,355.26586550994585,351.60046288047994,353.16424560546875
2023-11-17 00:00:00+05:30,350.60441664361474,355.4351938045269,350.46495711481646,351.5207824707031
2023-11-20 00:00:00+05:30,349.80758837114064,353.78175925097634,348.632243686791,352.7060241699219
2023-11-21 00:00:00+05:30,354.37938517328166,354.37938517328166,350.73389256146055,352.0386962890625
2023-11-22 00:00:00+05:30,350.20599683549665,351.2020320765552,346.12224626784,347.74578857421875
2023-11-23 00:00:00+05:30,346.6302340468189,348.3732957190693,346.02263674341117,346.4808044433594
2023-11-24 00:00:00+05:30,346.52065809274785,348.5127285967551,345.36525355283356,347.4170837402344
2023-11-28 00:00:00+05:30,347.6162886527512,348.21391585869134,346.2218454366125,347.0684814453125
2023-11-29 00:00:00+05:30,348.313556362522,350.45502617693774,346.66013411791016,349.29962158203125
2023-11-30 00:00:00+05:30,349.89718671243924,351.79961744410366,347.80550687576346,349.6979675292969
2023-12-01 00:00:00+05:30,350.60440546206235,351.79965991204364,348.2637165621893,348.7119445800781
2023-12-04 00:00:00+05:30,352.5964810179921,363.742117976813,349.1402374599468,362.2679748535156
2023-12-05 00:00:00+05:30,364.1504727848717,365.94332397435164,360.26594160994387,364.2401123046875
2023-12-06 00:00:00+05:30,364.9572531515786,366.41145600014886,361.1922413952929,362.835693359375
2023-12-07 00:00:00+05:30,363.5528585475113,365.91345717654457,361.24204952128963,363.92138671875
2023-12-08 00:00:00+05:30,363.92139914681644,367.1386039887934,362.696295227248,366.2322082519531
2023-12-11 00:00:00+05:30,367.53702745994553,370.85381165033044,366.60075184173536,367.3477783203125
2023-12-12 00:00:00+05:30,368.1346279530777,369.13066318542013,362.3675754467718,363.4233703613281
2023-12-13 00:00:00+05:30,363.3536426982773,365.6943315871163,361.1822931744111,363.7919006347656
2023-12-14 00:00:00+05:30,367.3377970862906,371.6107969250477,365.0369580338639,369.29998779296875
2023-12-15 00:00:00+05:30,371.5211437215351,371.5211437215351,367.08877475442773,368.6525573730469
2023-12-18 00:00:00+05:30,367.57685765694123,369.70835728853535,366.5409724845285,367.92547607421875
2023-12-19 00:00:00+05:30,368.5031510520413,369.4991862706703,365.6843847578175,367.84576416015625
2023-12-20 00:00:00+05:30,368.96131959963765,371.3219182098251,361.620544884723,363.8516540527344
2023-12-21 00:00:00+05:30,362.75606279504814,370.01713813394286,359.56873772582526,369.0709228515625
2023-12-22 00:00:00+05:30,369.4693207956729,374.4395270029767,368.73226443213565,370.6247253417969
2023-12-26 00:00:00+05:30,371.9195487361967,378.29416812774053,369.95735811758414,375.8738098144531
2023-12-27 00:00:00+05:30,377.29812515980024,380.4854499884938,375.13674577750146,378.9615173339844
2023-12-28 00:00:00+05:30,380.6846900658267,383.77237506701135,379.1109373265933,382.7464599609375
2023-12-29 00:00:00+05:30,380.90381054271614,382.0293048328174,376.51129147879897,380.1069641113281
2024-01-01 00:00:00+05:30,380.28622123455085,382.27829160329463,377.11883664342787,380.31610107421875
2024-01-02 00:00:00+05:30,380.0870360803178,380.0870360803178,370.54500190045,371.5310974121094
2024-01-03 00:00:00+05:30,371.32191069579363,372.51716509537414,368.0648865319806,371.7004089355469
2024-01-04 00:00:00+05:30,372.8160014557167,372.8160014557167,370.63468171216664,371.2422790527344
2024-01-05 00:00:00+05:30,371.6207548286798,372.4972707049968,366.81985766758737,368.054931640625
2024-01-08 00:00:00+05:30,368.1346116440908,368.82187835568664,362.27791987392544,363.77197265625
2024-01-09 00:00:00+05:30,365.94333094651057,370.12669099710996,362.75603650486653,363.88153076171875
2024-01-10 00:00:00+05:30,362.7161865234375,365.0469052724027,360.88348538057386,362.7161865234375
2024-01-11 00:00:00+05:30,364.94730385863033,366.8198549630316,361.63051990208606,363.12457275390625
2024-01-12 00:00:00+05:30,363.55286749128356,367.04896095762706,361.4412776175273,365.1963195800781
2024-01-15 00:00:00+05:30,367.13857604682084,369.25016578003385,365.79392246491057,368.8318176269531
2024-01-16 00:00:00+05:30,368.6425703153463,370.71434053676165,366.7401698476462,368.1346130371094
2024-01-17 00:00:00+05:30,363.16437700523005,365.47518594737977,353.81162235237963,354.518798828125
2024-01-18 00:00:00+05:30,352.596447305859,357.1184554518412,351.52074270552316,354.04071044921875
2024-01-19 00:00:00+05:30,355.99294644049064,358.56270389614946,349.43901776630395,351.4609680175781
2024-01-23 00:00:00+05:30,358.7718892137488,363.53293622754535,351.38129469614074,355.4849548339844
2024-01-24 00:00:00+05:30,356.3813967396311,359.26992325311056,351.1820915705846,356.3017272949219
2024-01-25 00:00:00+05:30,356.5806200604588,358.09458270006826,349.09044591145613,352.2777404785156
2024-01-29 00:00:00+05:30,355.64431738862004,364.5588443693892,353.7917065522557,363.1344909667969
2024-01-30 00:00:00+05:30,363.5528754776216,366.4314320135446,359.24005611015133,363.27398681640625
2024-01-31 00:00:00+05:30,361.75998984790385,366.8298052709044,356.28179635315996,363.6026306152344
2024-02-01 00:00:00+05:30,364.54887743360007,364.95725550673023,361.20221380489664,363.1046142578125
2024-02-02 00:00:00+05:30,366.89951197911876,368.5330242988026,362.238074534519,363.14447021484375
2024-02-05 00:00:00+05:30,363.5528372098596,363.94130551668934,358.3734421649497,360.2360534667969
2024-02-06 00:00:00+05:30,361.3615551436005,361.3615551436005,355.2160350370899,355.98297119140625
2024-02-07 00:00:00+05:30,356.7798330861916,360.52490489749675,355.38535944090006,357.0985412597656
2024-02-08 00:00:00+05:30,358.88144140769066,359.3296694074818,344.04052296865535,344.56842041015625
2024-02-09 00:00:00+05:30,344.62815859438217,348.4130799694456,342.43686912676844,347.1082763671875
2024-02-12 00:00:00+05:30,347.2178910347158,348.41311508576894,336.8790403713857,340.5544128417969
2024-02-13 00:00:00+05:30,341.2416537597852,347.63618249983824,340.44480738948295,346.052490234375
2024-02-14 00:00:00+05:30,343.36323194878105,351.5605823463866,341.07233270739744,348.4031677246094
2024-02-15 00:00:00+05:30,349.6083297677585,350.09637725334926,342.64605395313515,346.4708251953125
2024-02-16 00:00:00+05:30,348.60232643533095,348.8115156987767,345.0664138721825,345.6739807128906
2024-02-19 00:00:00+05:30,347.41707178048233,347.41707178048233,343.8612491546413,344.9070739746094
2024-02-20 00:00:00+05:30,346.56049879558964,352.3275512623343,346.09236102373677,351.1024169921875
2024-02-21 00:00:00+05:30,352.39724660748055,352.39724660748055,346.72980380724294,347.8354187011719
2024-02-22 00:00:00+05:30,347.51668788905835,347.61629749201165,341.4807167884022,343.5823669433594
2024-02-23 00:00:00+05:30,343.53256248831997,345.1760146233742,341.7197709809243,343.4329528808594
2024-02-26 00:00:00+05:30,343.0544265044755,343.7117829291277,339.04040622067595,339.9069519042969
2024-02-27 00:00:00+05:30,341.24165651568586,341.63009442712325,338.05433180189755,339.9966125488281
2024-02-28 00:00:00+05:30,340.8432631761348,341.2117913427122,333.7116473798444,335.3849792480469
2024-02-29 00:00:00+05:30,336.0622760779851,339.1002017272558,332.157835050111,336.55035400390625
2024-03-01 00:00:00+05:30,337.7555442724346,344.6779707128756,337.65593467256576,344.1700134277344
2024-03-04 00:00:00+05:30,344.21980325434413,346.91905015203474,342.3373125208966,344.0704040527344
2024-03-05 00:00:00+05:30,344.0106501882714,344.0704098699257,340.4348873852386,341.779541015625
2024-03-06 00:00:00+05:30,343.2038812871984,352.9849549625093,342.31739530393406,350.55462646484375
2024-03-07 00:00:00+05:30,350.55459551742564,351.58051054210665,347.61627956305944,348.2238464355469
2024-03-11 00:00:00+05:30,351.77972734576963,352.5666037156,343.4827669687543,344.5584716796875
2024-03-12 00:00:00+05:30,345.6043379409149,347.307549785992,340.11617373317375,342.70587158203125
2024-03-13 00:00:00+05:30,342.7058425593697,347.1680608536419,342.0783355125921,344.5385437011719
2024-03-14 00:00:00+05:30,343.6321749212036,350.17613406923124,342.46680025784315,347.098388671875
2024-03-15 00:00:00+05:30,345.78359858946345,349.80758948201725,342.87516230555826,346.2816162109375
2024-03-18 00:00:00+05:30,346.1023556021196,347.58643846627496,341.69986621923516,346.2019348144531
2024-03-19 00:00:00+05:30,345.594346754077,349.9868657886558,344.7377406456292,348.5426025390625
2024-03-20 00:00:00+05:30,348.8912281884656,352.2976821378249,344.7875677979912,351.68011474609375
2024-03-21 00:00:00+05:30,353.01484059022266,356.7101230022937,351.46099757413583,353.0247802734375
2024-03-22 00:00:00+05:30,352.57656527214215,355.0865631347002,351.60043979396687,353.87139892578125
2024-03-26 00:00:00+05:30,351.600445156063,353.6721851127974,348.6123393898642,349.3493957519531
2024-03-27 00:00:00+05:30,350.206002965685,354.5487021023571,349.3892467585401,353.7120361328125
2024-03-28 00:00:00+05:30,354.18015071529146,359.3495757999142,353.43312432036424,355.6841735839844
2024-04-01 00:00:00+05:30,357.5766379402314,362.08867619475603,355.88336593619914,356.7200622558594
2024-04-02 00:00:00+05:30,357.35750096021155,358.1742571036669,349.4987991897317,350.0864562988281
2024-04-03 00:00:00+05:30,349.3095477314023,349.946994436633,344.4289510608251,344.8572692871094
2024-04-04 00:00:00+05:30,348.0146748277826,348.95095029915603,343.29347795051075,348.4429626464844
2024-04-05 00:00:00+05:30,348.4230955661721,356.0228495440704,346.6401839208092,355.6144714355469
2024-04-08 00:00:00+05:30,357.33757579130344,358.94117777292536,355.6044539817247,356.2618408203125
2024-04-09 00:00:00+05:30,356.6503190617404,357.178216483675,353.73194332154674,354.7080383300781
2024-04-10 00:00:00+05:30,356.361471491466,364.52897226377223,355.38534605584283,363.7420959472656
2024-04-12 00:00:00+05:30,360.76398505411487,362.1783381079847,358.44320586514084,361.1723327636719
2024-04-15 00:00:00+05:30,356.57065019375415,360.5050015984185,354.58854976886306,358.20416259765625
2024-04-16 00:00:00+05:30,354.1901353976856,359.4890501393608,353.72199762169953,357.0985412597656
2024-04-18 00:00:00+05:30,356.5905839236478,361.16238200104607,355.2060803577468,355.9331970214844
2024-04-19 00:00:00+05:30,351.4011974961,359.56869808775065,351.20200869909706,357.1084899902344
2024-04-22 00:00:00+05:30,361.162376342301,363.0548371783173,358.57267869463436,360.5547790527344
2024-04-23 00:00:00+05:30,360.5647658425296,364.34968768997777,359.1902323137096,361.1723327636719
2024-04-24 00:00:00+05:30,360.96317400205123,367.6366224370236,360.12650802693616,367.0987548828125
2024-04-25 00:00:00+05:30,331.6797509466776,338.2137400050716,319.12970023694584,327.1876220703125
2024-04-26 00:00:00+05:30,327.1875870257657,329.68764505809725,319.7272932436532,320.4245300292969
2024-04-29 00:00:00+05:30,320.74323462151716,328.1437990388081,320.6237152645251,326.7792053222656
2024-04-30 00:00:00+05:30,326.779222818811,328.0939966092821,322.71541248058884,323.5022888183594
2024-05-02 00:00:00+05:30,316.739200943621,317.6356265650883,309.2490270087303,313.8805847167969
2024-05-03 00:00:00+05:30,315.344781909679,316.32087704940136,307.5458084922921,308.1135559082031
2024-05-06 00:00:00+05:30,319.72733971554004,325.30514362167037,317.53604983922907,323.572021484375
2024-05-07 00:00:00+05:30,324.44848501614933,328.1637071254672,322.31698556864103,327.4764404296875
2024-05-08 00:00:00+05:30,326.69955335864137,330.1757065622887,325.92264710005423,328.3629455566406
2024-05-09 00:00:00+05:30,328.29320306080444,331.0522095805312,326.1019134951352,327.31707763671875
2024-05-10 00:00:00+05:30,327.29717851446065,329.3091587108236,321.8986542616975,324.2991027832031
2024-05-13 00:00:00+05:30,324.1098621885746,327.4266765718539,321.91860289060156,326.9385986328125
2024-05-14 00:00:00+05:30,327.09795324887057,328.6916156464729,325.20549245022244,327.9545593261719
2024-05-15 00:00:00+05:30,328.6318537078939,329.4884293827268,326.11188588778487,328.8509826660156
2024-05-16 00:00:00+05:30,329.6876532620572,333.6717940869763,328.1338407720653,333.0841369628906
2024-05-17 00:00:00+05:30,333.47259292963815,339.7775131482865,331.6797416200552,337.9647216796875
2024-05-21 00:00:00+05:30,337.0583007445005,341.6400686778049,336.659892749557,338.3033447265625
2024-05-22 00:00:00+05:30,339.20976424899675,339.63805211376706,334.8869748868548,338.5623474121094
2024-05-23 00:00:00+05:30,338.6519821114011,341.3611991841556,338.06432496650365,340.4548034667969
2024-05-24 00:00:00+05:30,340.843286924326,342.20785040227804,337.5962021660449,339.3392639160156
2024-05-27 00:00:00+05:30,339.3392388216631,343.03452094728874,339.14998969964887,340.84326171875
2024-05-28 00:00:00+05:30,341.1021801490799,341.8392668107196,338.25353428400416,339.3790588378906
2024-05-29 00:00:00+05:30,338.25357877031126,340.8233363544209,335.10610371605594,336.23162841796875
2024-05-30 00:00:00+05:30,335.53434474836047,340.1659019596164,335.26542620974107,336.6797790527344
2024-05-31 00:00:00+05:30,339.2495961287404,339.2495961287404,330.7932365878972,334.74749755859375
2024-06-03 00:00:00+05:30,342.92497720301395,346.39116034308415,338.6718873250971,342.2476501464844
2024-06-04 00:00:00+05:30,339.2993855207711,341.73968392458295,319.2193121985658,326.2911682128906
2024-06-05 00:00:00+05:30,331.19169230394675,343.58237330551606,327.6955988326551,342.25762939453125
2024-06-06 00:00:00+05:30,342.83535669306355,346.32148018484304,339.4089928865592,345.5644836425781
2024-06-07 00:00:00+05:30,344.63816844772657,350.3354913244757,343.03453588030965,349.3493957519531
2024-06-10 00:00:00+05:30,348.63224413253755,353.28374208277756,345.85332769552423,347.74578857421875
2024-06-11 00:00:00+05:30,347.93502295140695,348.05454231181375,342.0584213576106,342.6361083984375
2024-06-12 00:00:00+05:30,342.6560355496027,345.4250123270211,341.221742358766,341.78948974609375
2024-06-13 00:00:00+05:30,344.9070672890175,346.13220152582943,342.43688905419503,343.90106201171875
2024-06-14 00:00:00+05:30,343.23371250597455,345.60428098316925,340.7236845199661,342.07830810546875
2024-06-18 00:00:00+05:30,342.35726278064806,343.56245701164227,339.2994270407919,342.5166320800781
2024-06-19 00:00:00+05:30,344.4289524949112,351.21194962735655,341.64006615432476,347.9549255371094
2024-06-20 00:00:00+05:30,351.6004174752853,356.5507135207581,350.664141977194,351.84942626953125
2024-06-21 00:00:00+05:30,352.5964602256615,356.38138182086345,347.6760439139497,353.72198486328125
2024-06-24 00:00:00+05:30,350.03665611723113,353.6323591297794,348.5625434199748,353.1044616699219
2024-06-25 00:00:00+05:30,353.9012760216886,358.2240652830734,351.20202905270384,354.967041015625
2024-06-26 00:00:00+05:30,354.58854976886306,361.76001574304655,353.8116434880418,358.20416259765625
2024-06-27 00:00:00+05:30,356.77980540497055,366.14252980168897,355.5845510579083,364.6584167480469
2024-06-28 00:00:00+05:30,362.99505971165456,368.12463475678027,358.35353217282216,359.0706787109375
2024-07-01 00:00:00+05:30,359.07069420444503,361.1922540711034,356.580606172514,360.1862487792969
2024-07-02 00:00:00+05:30,362.7460864381865,362.7460864381865,346.0425859479456,352.5168151855469
2024-07-03 00:00:00+05:30,351.7598160555882,361.7301387347095,349.0505989326296,360.7042236328125
2024-07-04 00:00:00+05:30,359.887452709135,366.25210195382306,358.8316578084726,365.3158264160156
2024-07-05 00:00:00+05:30,362.55684357950247,370.1167477417157,362.2480750730159,369.0709228515625
2024-07-08 00:00:00+05:30,369.3298405922471,369.97728779054853,365.6345585053781,369.1705017089844
2024-07-09 00:00:00+05:30,370.764164029314,372.5171958543592,364.54891359009486,368.1047668457031
2024-07-10 00:00:00+05:30,367.1385899559587,367.4373883647781,362.5966717624073,364.5190124511719
2024-07-11 00:00:00+05:30,364.7182515886439,368.9314613661864,362.8656101629582,367.4374084472656
2024-07-12 00:00:00+05:30,367.43738687355983,368.73225089854856,363.80186439695876,365.11663818359375
2024-07-15 00:00:00+05:30,366.34171228528555,370.1067238981282,363.88150427394527,367.24810791015625
2024-07-16 00:00:00+05:30,366.9592829896,368.3537261189619,358.75193269170626,359.6284484863281
2024-07-18 00:00:00+05:30,359.5687297863335,364.7879448352726,357.20813107750547,363.9014892578125
2024-07-19 00:00:00+05:30,362.6550710937018,365.14788838076356,360.1522727999243,363.2732849121094
2024-07-22 00:00:00+05:30,363.1536345357151,363.1536345357151,348.7750510353973,350.5000915527344
2024-07-23 00:00:00+05:30,352.78348138771736,355.0768914918608,346.83063263928557,352.7635498046875
2024-07-24 00:00:00+05:30,352.5741110581228,355.1566661810991,344.81646468222635,348.2366027832031
2024-07-25 00:00:00+05:30,345.40476881518373,354.77775604349637,345.40476881518373,354.0099792480469
2024-07-26 00:00:00+05:30,350.6097630850578,364.9185404870538,350.6097630850578,361.72772216796875
2024-07-29 00:00:00+05:30,363.89148117598694,364.350151014308,355.6751655317632,357.7491760253906
2024-07-30 00:00:00+05:30,357.74918004595776,360.2918414127163,355.2364312683413,356.19366455078125
2024-07-31 00:00:00+05:30,357.5697189541975,362.15650886391904,353.6111238717288,360.5411376953125
2024-08-01 00:00:00+05:30,360.38161981241046,362.6051933380056,356.2235872245806,357.4999084472656
2024-08-02 00:00:00+05:30,355.19652827977006,360.9599202645889,353.98003230367146,359.6536865234375
2024-08-05 00:00:00+05:30,353.0228259328979,360.0824711904509,352.6937570060791,353.7108459472656
2024-08-06 00:00:00+05:30,355.9743016661559,357.41016682995746,350.9886671890389,353.09259033203125
2024-08-07 00:00:00+05:30,355.9743009369397,356.2933888459971,350.9986474765369,354.2891540527344
2024-08-08 00:00:00+05:30,352.31484547855314,355.3361388651812,351.51715610494864,353.5313415527344
2024-08-09 00:00:00+05:30,355.98428434818004,356.0640411110342,351.98579574114524,352.9131164550781
2024-08-12 00:00:00+05:30,351.18809445156876,357.1808062251685,349.24368489049795,353.491455078125
2024-08-13 00:00:00+05:30,351.5869697389621,357.27057511352945,348.2166757687968,349.40325927734375
2024-08-14 00:00:00+05:30,349.99155620361597,350.988683144367,347.9075645490342,348.57562255859375
2024-08-16 00:00:00+05:30,351.3875148118996,356.1238676049329,348.1967269776898,354.438720703125
2024-08-19 00:00:00+05:30,355.0868549660538,356.97143946230403,353.1823693159486,355.24639892578125
2024-08-20 00:00:00+05:30,355.57545416105586,361.5681660624753,354.2293267769794,360.0924377441406
2024-08-21 00:00:00+05:30,358.96569320537594,362.3559186663358,356.44296330087855,361.5482482910156
2024-08-22 00:00:00+05:30,361.75760563737356,363.811684494843,360.1223334421564,363.2532958984375
2024-08-23 00:00:00+05:30,363.253329481806,364.5296507387161,361.49840677224165,362.55535888671875
2024-08-26 00:00:00+05:30,362.9541864224138,363.54248763343384,360.9001074721073,361.45849609375
2024-08-27 00:00:00+05:30,361.1693120021854,361.5781376670091,357.31043591676473,359.6337585449219
2024-08-28 00:00:00+05:30,358.16798406573525,360.14227579424715,356.14381773575866,357.2306823730469
2024-08-29 00:00:00+05:30,355.62530600550593,358.66656133586616,353.5812080140346,354.42877197265625
2024-08-30 00:00:00+05:30,354.43871775119646,356.97142858611744,353.850416534444,355.13671875
2024-09-02 00:00:00+05:30,355.3760085453163,357.65943758618596,353.52136718305235,355.0270080566406
2024-09-03 00:00:00+05:30,354.9871402127843,356.26346136576984,353.4515563407888,355.7349853515625
2024-09-04 00:00:00+05:30,352.98290550329193,356.63239343211694,351.6866527680351,355.7349853515625
2024-09-05 00:00:00+05:30,355.226436222432,356.24349464295886,350.9886471587258,354.5683288574219
2024-09-06 00:00:00+05:30,352.49432304792117,355.3660532493227,350.2906507963519,351.8162536621094
2024-09-09 00:00:00+05:30,352.52425273021015,357.75916895497016,350.6795618793151,357.0013427734375
2024-09-10 00:00:00+05:30,358.5668485915349,358.8958870878823,354.5882914653962,357.29052734375
2024-09-11 00:00:00+05:30,357.9685587507928,360.05255032981546,355.97430494159613,356.8218688964844
2024-09-12 00:00:00+05:30,359.7434515818812,365.77605731954634,357.99847945926246,364.4399108886719
2024-09-13 00:00:00+05:30,366.34440590391546,366.34440590391546,362.30605425290463,363.02398681640625
2024-09-16 00:00:00+05:30,365.5467526719375,368.0794636918413,364.60945088732507,365.2077331542969
2024-09-17 00:00:00+05:30,366.8230441347686,369.61498724699123,365.0780720821551,368.26885986328125
2024-09-18 00:00:00+05:30,368.9369525120477,370.82153695690624,366.0652221750621,366.88287353515625
2024-09-19 00:00:00+05:30,368.9169980525907,373.92256381881595,367.9597343796893,373.3143310546875
2024-09-20 00:00:00+05:30,373.7231533141575,384.1531226916266,372.92546395893197,379.8056335449219
2024-09-23 00:00:00+05:30,381.8896142378257,387.28407431309773,380.5435172930239,385.8282775878906
2024-09-24 00:00:00+05:30,385.8881155495244,386.6060481444869,380.8227242177712,381.83978271484375
2024-09-25 00:00:00+05:30,380.91245009306294,383.43517988840443,377.77147606950354,378.4993896484375
2024-09-26 00:00:00+05:30,377.9111160076275,381.5606043151203,375.77724971722205,379.3669128417969
2024-09-27 00:00:00+05:30,378.9082107762445,380.9024645171721,372.1875854068856,373.4140319824219
2024-09-30 00:00:00+05:30,370.2731085643566,375.80718125434873,367.56092211199245,369.7247009277344
2024-10-01 00:00:00+05:30,368.3386558236214,375.86698187099506,368.3386558236214,374.800048828125
2024-10-03 00:00:00+05:30,370.51242409610046,371.65914444924607,362.11663209538403,363.5126037597656
2024-10-04 00:00:00+05:30,362.05678126690464,368.93695074894595,358.636643323948,360.760498046875
2024-10-07 00:00:00+05:30,360.95993413896446,366.22476290037,352.8632686618686,357.0212707519531
2024-10-08 00:00:00+05:30,358.9656987762339,361.75764203920045,355.34612311145634,359.64373779296875
2024-10-09 00:00:00+05:30,359.1651072178262,362.95417711464677,356.95148437097504,359.1252136230469
2024-10-10 00:00:00+05:30,360.9400169619816,375.7174149331836,360.02264679751624,374.1419677734375
2024-10-11 00:00:00+05:30,373.3641985526254,377.6319004637973,371.16055662587235,375.3983459472656
2024-10-14 00:00:00+05:30,375.92684448435693,382.09906279387855,375.40831899063176,381.0620422363281
2024-10-15 00:00:00+05:30,381.3412141442079,381.9694089601132,376.40542381629325,377.95098876953125
2024-10-16 00:00:00+05:30,375.71740592716804,377.4025528323336,372.5565306765782,374.1918029785156
2024-10-17 00:00:00+05:30,374.19181535051945,374.5807094629842,369.1962300797058,371.7388916015625
2024-10-18 00:00:00+05:30,372.5266243613129,374.6205969847075,368.5381166709988,373.1348571777344
2024-10-21 00:00:00+05:30,368.9369565196998,369.9340834292125,346.00303760090765,356.8118896484375
2024-10-22 00:00:00+05:30,357.3603122953124,358.0682638501642,350.7593068778945,351.6168518066406
2024-10-23 00:00:00+05:30,351.21802404600703,356.3831341598959,350.6097608046202,352.544189453125
2024-10-24 00:00:00+05:30,352.1852248451183,353.5313217840678,349.0542318475056,351.4273986816406
2024-10-25 00:00:00+05:30,351.9857938025428,356.27342727747015,350.3903846851636,352.7535705566406
2024-10-28 00:00:00+05:30,352.58408363099113,355.1068135116144,348.0072747375235,348.9645080566406
2024-10-29 00:00:00+05:30,347.69816423919923,352.4145550286988,345.1455217946346,351.028564453125
2024-10-30 00:00:00+05:30,344.4076264398882,350.9886700900564,344.3278696767502,345.92327880859375
2024-10-31 00:00:00+05:30,344.4774051260937,348.3163494847138,343.7993661889061,345.2252502441406
2024-11-01 00:00:00+05:30,346.9203912444918,349.8220036348392,346.2722344402214,347.87762451171875
2024-11-04 00:00:00+05:30,347.79785630042693,347.79785630042693,343.85922323822297,344.87628173828125
2024-11-05 00:00:00+05:30,343.3107686449081,351.0883764769723,341.21682656502264,350.4202880859375
2024-11-06 00:00:00+05:30,351.0086081697995,352.67382351889484,348.3163837380157,351.5071716308594
2024-11-07 00:00:00+05:30,351.58693991931494,351.98578458073575,345.60417870831094,348.3761901855469
2024-11-08 00:00:00+05:30,347.9972858794147,351.8063179162846,346.7807898519813,348.1568298339844
2024-11-11 00:00:00+05:30,347.9972891150409,351.6467772312736,346.44177358089564,347.7978515625
2024-11-12 00:00:00+05:30,347.9574098314999,348.8747800090661,342.0544353642109,343.2908630371094
2024-11-13 00:00:00+05:30,341.8150822809242,344.63696839197496,334.845175127518,336.6001281738281
2024-11-14 00:00:00+05:30,337.0288710881092,341.5358734390219,336.98897749423674,340.59857177734375
2024-11-18 00:00:00+05:30,341.81508653210443,344.6569042613354,338.9633182262803,343.56005859375
2024-11-19 00:00:00+05:30,344.96601562415157,346.96026943467604,341.7154026053275,344.55718994140625
2024-11-21 00:00:00+05:30,342.0344617342364,347.14972765163117,339.77099460316214,346.4218444824219
2024-11-22 00:00:00+05:30,345.80361488832744,353.4216794103096,345.58424574162376,351.2778625488281
2024-11-25 00:00:00+05:30,355.3760300780539,357.88880940485404,352.3647177185207,357.1210021972656
2024-11-26 00:00:00+05:30,357.9685469271497,358.1580034671575,353.9800394404962,355.6950988769531
2024-11-27 00:00:00+05:30,355.1666371630247,360.0625339517516,354.7977050744273,355.6153564453125
2024-11-28 00:00:00+05:30,355.6253101336049,356.7520684226274,349.6924232141811,350.8291320800781
2024-11-29 00:00:00+05:30,350.3903912104593,353.70085986543967,350.3903912104593,352.03564453125
2024-12-02 00:00:00+05:30,351.98577682019527,353.5013986721371,348.19670697539254,349.7821350097656
2024-12-03 00:00:00+05:30,350.98867271036426,351.2279734314629,347.0001650659283,348.9744873046875
2024-12-04 00:00:00+05:30,349.3932666069434,352.38464736630067,348.2764893255672,350.4901123046875
2024-12-05 00:00:00+05:30,351.78637519850935,356.70223418049494,348.59558722179634,354.0099792480469
2024-12-06 00:00:00+05:30,353.7606637978916,355.98426763552163,351.1880899055226,354.3689270019531
2024-12-09 00:00:00+05:30,352.603996396169,359.95281650708887,352.603996396169,356.22357177734375
2024-12-10 00:00:00+05:30,355.62529286623396,359.5240625879272,355.62529286623396,357.9087219238281
2024-12-11 00:00:00+05:30,358.1679846481542,360.3217519136881,356.961439223327,357.9087219238281
2024-12-12 00:00:00+05:30,356.97143370333333,358.2577359373286,352.0556053412647,352.7236633300781
2024-12-13 00:00:00+05:30,350.6596259089589,360.76049571800894,348.60551652524595,360.0924377441406
2024-12-16 00:00:00+05:30,359.5639740863694,361.5582279299656,357.73921477873563,359.8531494140625
2024-12-17 00:00:00+05:30,358.1879305839825,360.3317473590311,353.9800537976984,355.78485107421875
2024-12-18 00:00:00+05:30,355.37601752159594,356.31331923261826,353.0527252569753,354.9771728515625
2024-12-19 00:00:00+05:30,351.6766840076966,352.5840731259313,348.0770401241549,351.407470703125
2024-12-20 00:00:00+05:30,349.9915591165086,352.75358981061294,345.67401281627843,347.7081298828125
2024-12-23 00:00:00+05:30,348.495834880034,351.8262349151397,347.00014460157894,348.06707763671875
2024-12-24 00:00:00+05:30,347.5087093463988,349.92173942927735,346.6112707829514,348.8049621582031
2024-12-26 00:00:00+05:30,350.35048473944,352.87324494982147,347.408978711546,349.55279541015625
2024-12-27 00:00:00+05:30,350.98865106465144,354.4187698617204,349.79208667315424,350.9687194824219
2024-12-30 00:00:00+05:30,351.98579259268087,355.1766108164717,345.7039053500964,347.1397705078125
2024-12-31 00:00:00+05:30,346.01300935559556,358.28763884909614,346.01300935559556,356.1836853027344
2025-01-01 00:00:00+05:30,354.82761490467936,358.3175590689774,354.3788956258818,356.65234375
2025-01-02 00:00:00+05:30,358.96568306867823,366.9825918442502,358.34746926106584,366.37432861328125
2025-01-03 00:00:00+05:30,369.1363971357642,369.53524181689824,362.3758778503815,366.6734924316406
2025-01-06 00:00:00+05:30,363.15363829616615,363.95132766429276,353.56125171551554,354.9073791503906
2025-01-07 00:00:00+05:30,356.373153893344,358.45714549737113,352.9629968794446,353.3917541503906
2025-01-08 00:00:00+05:30,354.99711332544473,355.914483476405,351.47725653267173,352.7137145996094
2025-01-09 00:00:00+05:30,353.7806101892152,360.7006732752039,353.7806101892152,357.0113220214844
2025-01-10 00:00:00+05:30,355.8147515648296,356.90161621047844,349.6624957670863,350.2308349609375
2025-01-13 00:00:00+05:30,345.5842151545772,347.9075377885646,343.75948638251356,346.6810607910156
2025-01-14 00:00:00+05:30,348.9146675796308,352.75358190350244,344.9261598728352,349.11407470703125
2025-01-15 00:00:00+05:30,351.00861973693856,357.96857683745577,351.00861973693856,356.8916931152344
2025-01-16 00:00:00+05:30,358.1281000564105,361.9470826836004,356.04410849281265,360.0724792480469
2025-01-17 00:00:00+05:30,358.3673999051384,360.0625277982576,348.6553936873538,350.70947265625
2025-01-20 00:00:00+05:30,376.9139495680543,384.871032791476,372.1277528566091,382.9964294433594
2025-01-21 00:00:00+05:30,383.0861621970467,383.0861621970467,377.11338217699796,377.5720520019531
2025-01-22 00:00:00+05:30,378.7087811717552,382.9964450626006,376.3256637249191,382.3981628417969
2025-01-23 00:00:00+05:30,380.3241682265062,383.6844811223961,377.3327874270933,377.8811950683594
2025-01-24 00:00:00+05:30,377.1134222226013,382.59762041212673,373.533709716945,376.1561584472656
2025-01-27 00:00:00+05:30,373.92259234288434,378.6689261859242,371.47961923428477,375.19891357421875
2025-01-28 00:00:00+05:30,377.91108662304293,379.9053403783097,373.0849961868852,376.4652404785156
2025-01-29 00:00:00+05:30,376.47524659053465,383.83404830698237,375.91685793621497,382.966552734375
2025-01-30 00:00:00+05:30,382.9665550202957,386.5063435211189,374.41118874786787,379.2073669433594
2025-01-31 00:00:00+05:30,379.51645053590823,380.69308339140235,376.8342072005698,379.16748046875
2025-02-01 00:00:00+05:30,378.7088073296563,382.32838306413504,373.24457106264146,379.5264587402344
2025-02-03 00:00:00+05:30,377.6319170110267,379.6660644948,375.22883742718506,375.817138671875
2025-02-04 00:00:00+05:30,377.12335672889867,387.1245383293178,374.3613261677304,384.59185791015625
2025-02-05 00:00:00+05:30,386.4464873162596,386.6758374511306,379.3768614593012,381.25146484375
2025-02-06 00:00:00+05:30,382.2984384166913,382.89672062865304,378.2002615600635,382.08905029296875
2025-02-07 00:00:00+05:30,383.09617124395294,390.99339933556325,380.4836731769335,384.7414245605469
2025-02-10 00:00:00+05:30,385.9479341132086,391.87087031263104,383.60467982052495,390.9036560058594
2025-02-11 00:00:00+05:30,391.79113380466947,392.9677363001557,380.22445512167246,382.6175537109375
2025-02-12 00:00:00+05:30,383.5847472814943,388.6800511034068,379.8953656017905,387.6729736328125
2025-02-13 00:00:00+05:30,391.4720010102352,397.41486841892333,390.98338816937587,393.4263610839844
2025-02-14 00:00:00+05:30,393.6656888706699,393.6656888706699,385.5590727157849,389.3581237792969
2025-02-17 00:00:00+05:30,389.8766283794182,391.6614940987647,385.4194697994192,387.94219970703125
2025-02-18 00:00:00+05:30,387.2940691987456,392.0703156480348,386.7157185465677,391.5418395996094
2025-02-19 00:00:00+05:30,391.6614793169709,397.83369719531737,391.27258522384415,395.859375
2025-02-20 00:00:00+05:30,395.32091539312665,395.33089639952084,390.8737380166756,392.9776611328125
2025-02-21 00:00:00+05:30,392.97764536542365,394.5331912355216,385.788369350014,389.4877014160156
2025-02-24 00:00:00+05:30,386.5462173539508,392.86799824261215,385.5989346278533,392.0902404785156
2025-02-25 00:00:00+05:30,392.668550139512,394.7725036636101,390.5945396342842,392.319580078125
2025-02-27 00:00:00+05:30,393.26686516464605,393.8651474239282,386.8653271510567,388.39093017578125
2025-02-28 00:00:00+05:30,386.2969337174284,386.2969337174284,377.6917237520592,379.49652099609375
2025-03-03 00:00:00+05:30,380.015027010229,383.62465203252845,377.9509974063852,381.8198547363281
2025-03-04 00:00:00+05:30,379.137579702895,382.0990478721514,378.2601031446118,380.4637451171875
2025-03-05 00:00:00+05:30,379.5264546121883,389.60742389417925,377.990870589739,385.50921630859375
2025-03-06 00:00:00+05:30,387.6829257353213,387.872382280316,380.8725624117534,383.2357482910156
2025-03-07 00:00:00+05:30,382.29844532111434,387.00488548103715,380.91245476110396,385.9678649902344
2025-03-10 00:00:00+05:30,385.38954427375194,386.89521562025425,382.16881345351857,383.2457275390625
2025-03-11 00:00:00+05:30,383.49501693042737,387.6829317082311,379.79568460255945,385.9280090332031
2025-03-12 00:00:00+05:30,386.88522909540944,398.39208180073183,386.4863844297442,395.37078857421875
2025-03-13 00:00:00+05:30,394.00473000506054,397.5245866745819,392.7782529877869,395.8793029785156
2025-03-17 00:00:00+05:30,394.88216502621407,398.6213907217059,393.71554364996274,397.4747009277344
2025-03-18 00:00:00+05:30,397.4747009277344,397.4747009277344,397.4747009277344,397.4747009277344
2025-03-19 00:00:00+05:30,406.6782142283784,409.0214685407517,402.2908619330253,403.14837646484375
2025-03-20 00:00:00+05:30,405.03294543041426,406.6083924906647,402.14125317303154,405.96026611328125
2025-03-21 00:00:00+05:30,406.82776914735877,418.3146599096975,405.8306422621937,414.6053466796875
2025-03-24 00:00:00+05:30,418.79329952557276,435.5948939377569,416.84888989153046,433.97955322265625
2025-03-25 00:00:00+05:30,434.7274045271709,439.23440724034464,430.7588284400202,432.7530822753906
2025-03-26 00:00:00+05:30,433.75022133389086,433.94965889496973,424.75614723938645,427.7475280761719
2025-03-27 00:00:00+05:30,427.56799232055414,429.0437510520171,421.1564738100941,424.5068359375
2025-03-28 00:00:00+05:30,426.63069618392956,434.72739208491436,426.57087100497256,432.99237060546875
2025-04-01 00:00:00+05:30,433.61057268816,434.4481860307138,425.9526456896707,427.9468994140625
2025-04-02 00:00:00+05:30,426.96975936089984,430.88846085373666,426.70051561733635,429.68194580078125
2025-04-03 00:00:00+05:30,424.57659261072695,429.1035569453613,424.20766055191615,425.2945251464844
2025-04-04 00:00:00+05:30,424.95552895418825,428.02669680368,422.4128675669557,425.1649475097656
2025-04-07 00:00:00+05:30,402.5800042719004,415.5227223694855,399.010303364345,406.3990173339844
2025-04-08 00:00:00+05:30,411.3048567822744,414.7848502840164,406.42892216512666,409.84906005859375
2025-04-09 00:00:00+05:30,409.6197059266208,411.8133972120579,407.2465695376988,409.3604736328125
2025-04-11 00:00:00+05:30,411.8134125857548,426.6705974138859,410.5171597786306,421.02685546875
2025-04-15 00:00:00+05:30,427.76745741238375,428.16630210254596,418.7135581831142,422.82171630859375
2025-04-16 00:00:00+05:30,422.78179988752447,429.08364911355164,421.44565351116574,423.4598388671875
2025-04-17 00:00:00+05:30,421.78468042944695,437.519341758768,418.33462986167217,436.3626708984375
2025-04-21 00:00:00+05:30,437.73872860261855,450.94067960923906,433.82997759131644,446.9920654296875
2025-04-22 00:00:00+05:30,448.5076545085174,459.05727384690204,447.789721944034,452.456298828125
2025-04-23 00:00:00+05:30,455.686978031386,456.68410489797543,442.72432876572293,444.12030029296875
2025-04-24 00:00:00+05:30,442.32547447348225,446.2940198409596,441.4679295633417,443.3226013183594
2025-04-25 00:00:00+05:30,442.7243120877794,445.3966046863955,434.38834640346766,439.61328125
2025-04-28 00:00:00+05:30,438.13755834359966,445.07755311960926,436.62193639455575,443.84112548828125
2025-04-29 00:00:00+05:30,443.8411292280841,448.1088312233581,438.4965435496601,439.73297119140625
2025-04-30 00:00:00+05:30,441.50786719608067,444.918054734867,436.3826505257392,440.3511962890625
2025-05-02 00:00:00+05:30,439.5335423719695,443.4422933605176,432.99239208901076,435.08636474609375
2025-05-05 00:00:00+05:30,419.8103531564253,425.53388220939956,410.41743487360293,415.781982421875
2025-05-06 00:00:00+05:30,416.0013441745257,417.0782278097303,411.8133991300577,413.60821533203125
2025-05-07 00:00:00+05:30,411.55412242237884,419.15222407842657,409.719412687393,417.7762145996094
2025-05-08 00:00:00+05:30,418.5938439948464,426.5110337040462,417.77622309570626,421.3060302734375
2025-05-09 00:00:00+05:30,413.80768099488085,422.78182347428793,413.80768099488085,419.4115295410156
2025-05-12 00:00:00+05:30,425.57373425983207,431.4767386960257,423.99828720062163,427.7674255371094
2025-05-13 00:00:00+05:30,425.77318461807874,427.9868075445303,419.0126654799806,421.9043273925781
2025-05-14 00:00:00+05:30,420.9869927585709,422.7618774377373,415.6024831110812,417.2776794433594
2025-05-15 00:00:00+05:30,415.8218403512926,421.1863878320051,411.89315801151054,420.0696105957031
2025-05-16 00:00:00+05:30,418.7733546082737,421.7647352239233,416.8189640298566,420.4285888671875
2025-05-19 00:00:00+05:30,419.1921456114812,423.57949791624566,418.87305769806966,421.02685546875
2025-05-20 00:00:00+05:30,421.74477897537884,422.3629927756121,415.74208607936555,416.8189697265625
2025-05-21 00:00:00+05:30,417.7961654051811,418.0554281332146,410.8162772003213,413.0697937011719
2025-05-22 00:00:00+05:30,413.60823374907704,414.3261663478138,408.96164908574843,411.97296142578125
2025-05-23 00:00:00+05:30,411.97296190207993,420.64794784778894,411.97296190207993,418.9528503417969
2025-05-26 00:00:00+05:30,416.8189983099133,421.18641923673107,415.8218713560243,416.6594543457031
2025-05-27 00:00:00+05:30,416.7990341731788,418.5938503780422,411.05557362978027,414.2862854003906
2025-05-28 00:00:00+05:30,413.80767267818203,414.884556364912,411.494330915697,413.6680603027344
2025-05-29 00:00:00+05:30,414.2663259074762,417.9956011387757,409.8191485337826,415.1238708496094
2025-05-30 00:00:00+05:30,415.12387322588023,416.83893269006654,411.9131234300162,413.7478332519531
2025-06-02 00:00:00+05:30,412.2122491853679,413.9672022448451,409.06132456944187,411.5342102050781
2025-06-03 00:00:00+05:30,412.81054255836426,413.967213430647,405.6711101997284,407.7251892089844
2025-06-04 00:00:00+05:30,408.24371143709214,410.51715956665333,406.9873217973695,408.08416748046875
2025-06-05 00:00:00+05:30,409.77924940387254,410.09833730500327,405.6710915739801,406.8078308105469
2025-06-06 00:00:00+05:30,407.6055135641951,415.7819659269836,405.5913282768267,413.4885559082031
2025-06-09 00:00:00+05:30,420.98697386470667,427.2489293491462,416.7990288668134,426.4113464355469
2025-06-10 00:00:00+05:30,428.1064407342016,433.33137572244993,426.41134333681794,428.9839172363281
2025-06-11 00:00:00+05:30,428.5651346852621,430.8984384380862,425.3743468242084,427.8272705078125
2025-06-12 00:00:00+05:30,427.8272600750463,428.5252610685143,423.2205387218712,424.13787841796875
2025-06-13 00:00:00+05:30,413.209367707786,423.1806363804155,413.209367707786,420.26904296875
2025-06-16 00:00:00+05:30,420.36873148231547,427.70760105189834,416.5597299745455,426.57086181640625
2025-06-17 00:00:00+05:30,426.57087938751926,429.92124162443673,424.81595672046564,426.13214111328125
2025-06-18 00:00:00+05:30,423.7789409109777,426.25182662682175,420.528297414893,425.25469970703125
2025-06-19 00:00:00+05:30,426.67059088002094,429.7018651512141,425.3942696758182,428.046630859375
2025-06-20 00:00:00+05:30,427.76742455925285,433.9496232866134,425.0353066900778,432.7131652832031
2025-06-23 00:00:00+05:30,430.3798999651666,436.6817491629497,429.0038599991427,435.5649719238281
2025-06-24 00:00:00+05:30,440.33126009479156,445.43654512755916,437.02079137107853,443.4422912597656
2025-06-25 00:00:00+05:30,443.32259856830996,443.44224892016956,436.94099288666234,438.39678955078125
2025-06-26 00:00:00+05:30,439.21445443337365,440.73007632025497,434.74731510323795,439.5135803222656
2025-06-27 00:00:00+05:30,440.73008598040053,442.1858827214124,435.2658196609935,440.311279296875
2025-06-30 00:00:00+05:30,440.31127885215824,440.53064798523144,429.66197096638217,431.4568176269531
2025-07-01 00:00:00+05:30,431.45680148404205,436.0435606641265,430.6191881491761,435.4652404785156
2025-07-02 00:00:00+05:30,435.7444339644276,438.1774259156917,430.9582372507358,432.5735778808594
2025-07-03 00:00:00+05:30,426.59083972298583,429.14348216493147,423.16072073601543,424.0980224609375
2025-07-04 00:00:00+05:30,423.5795046550147,426.2318659213854,420.9869989995219,424.7361755371094
2025-07-07 00:00:00+05:30,424.776056434098,430.1206419744296,423.14075372316506,428.72467041015625
2025-07-08 00:00:00+05:30,435.74443849884796,447.0119598624429,433.9894854849469,443.6217346191406
2025-07-09 00:00:00+05:30,442.12605586910036,445.5362432137952,441.52777365057,444.5789794921875
2025-07-10 00:00:00+05:30,444.53911191041834,447.2512982349035,436.1233586284084,439.49365234375
2025-07-11 00:00:00+05:30,439.09475699831165,443.72144010372074,438.4566116495736,442.8439636230469
2025-07-14 00:00:00+05:30,443.50209143726005,444.120305232638,438.1973691448277,439.49365234375
2025-07-15 00:00:00+05:30,440.730091607129,445.4365318116228,435.1262432749352,436.3626708984375
2025-07-16 00:00:00+05:30,435.5649872834542,436.74158974259876,429.9611388774585,434.627685546875
2025-07-17 00:00:00+05:30,433.7502111368494,437.0806114052548,432.0949767944864,432.9126281738281
2025-07-18 00:00:00+05:30,432.77282427382914,432.85270345550344,425.46546332967466,427.3621826171875
2025-07-21 00:00:00+05:30,426.8829985375476,432.77282388398464,425.30573504818955,432.2936706542969
2025-07-22 00:00:00+05:30,433.65132819632447,434.2503002206598,428.2606409072714,431.29541015625
2025-07-23 00:00:00+05:30,433.4516974406974,435.2086434818748,430.49677686852147,433.3318786621094
2025-07-24 00:00:00+05:30,432.333582404694,433.6113751332544,427.26235108149626,427.681640625
2025-07-25 00:00:00+05:30,427.08267899433366,429.2389599883455,422.9298449093829,424.18768310546875
2025-07-28 00:00:00+05:30,404.36187672461557,410.35153572567935,391.32438806949864,392.6421203613281
2025-07-29 00:00:00+05:30,392.72199647393273,395.2576274914692,389.9268342644319,393.86004638671875
2025-07-30 00:00:00+05:30,392.5422885575496,395.49717848247747,390.7254180066558,391.2644958496094
2025-07-31 00:00:00+05:30,387.57087488385605,399.0311005524212,386.33302172067715,395.0379943847656
2025-08-01 00:00:00+05:30,395.91647865379014,400.70819382102934,393.740243125793,397.7932434082031
2025-08-04 00:00:00+05:30,396.71508634722477,400.7081924613689,395.73679484684794,398.7116394042969
2025-08-05 00:00:00+05:30,400.90785292705664,400.90785292705664,398.2723883147173,399.9095764160156
2025-08-06 00:00:00+05:30,399.9095832308442,404.4217821702482,397.8531360202545,399.789794921875
2025-08-07 00:00:00+05:30,395.5171623489094,398.4121581122293,392.3226653559474,397.73333740234375
2025-08-08 00:00:00+05:30,398.09270145303674,399.21076625864436,388.96847008478943,389.8669128417969
2025-08-11 00:00:00+05:30,392.12299841430604,404.102316457085,390.60562909628055,394.4989013671875
2025-08-12 00:00:00+05:30,394.3192223672201,396.4954578524867,390.60563252278274,391.1247253417969
2025-08-13 00:00:00+05:30,392.9216464515522,398.57189524055485,391.76364202640497,396.8548583984375
2025-08-14 00:00:00+05:30,396.9147432965791,398.0128535417985,394.41905204152636,394.9581298828125
2025-08-18 00:00:00+05:30,398.8913126683514,404.50165221991955,398.73161523665283,399.5901184082031
2025-08-19 00:00:00+05:30,398.11265554022253,405.79939676706715,397.81318477657135,405.2803039550781
2025-08-20 00:00:00+05:30,403.40353741923343,404.1422522761842,400.4087079364848,402.8045654296875
2025-08-21 00:00:00+05:30,407.0971541469084,407.0971541469084,401.88614947500423,402.8644714355469
2025-08-22 00:00:00+05:30,401.3471205329002,403.0242178580681,395.3574611158864,396.63525390625
2025-08-25 00:00:00+05:30,396.71509429164684,399.0710427879616,394.65864703887974,395.97637939453125
2025-08-26 00:00:00+05:30,394.9182151985585,396.0961742336374,391.563990098439,392.46246337890625
2025-08-28 00:00:00+05:30,390.32613109392344,392.92165621721205,387.55092350321047,388.2696838378906
2025-08-29 00:00:00+05:30,389.36780016626466,396.29584196853955,389.36780016626466,391.3843078613281
2025-09-01 00:00:00+05:30,391.3843001490987,393.87999151385344,390.3660690396724,393.04144287109375
2025-09-02 00:00:00+05:30,392.52235636331784,394.35918158159484,387.41115477530616,387.8304443359375
2025-09-03 00:00:00+05:30,388.12991260908706,392.08310970382456,385.5543725003788,391.3643493652344
2025-09-04 00:00:00+05:30,391.5240589949514,393.66035488230744,388.62903274702046,389.2679443359375
2025-09-05 00:00:00+05:30,389.2679614904682,390.78533088354266,386.7523155444542,388.4294128417969
2025-09-08 00:00:00+05:30,387.830439450164,391.62387815197184,385.6342188554442,389.3478088378906
2025-09-09 00:00:00+05:30,390.52577811239297,392.5023460803835,387.2913415434412,391.40423583984375
2025-09-10 00:00:00+05:30,396.2958367943458,397.094445850384,392.4824130520508,393.9798278808594
2025-09-11 00:00:00+05:30,394.71853374228476,396.3157822827684,391.98326579975713,393.7801513671875
2025-09-12 00:00:00+05:30,393.9598642959161,396.3157822827684,392.52234365597906,393.7801513671875
2025-09-15 00:00:00+05:30,392.9216499510977,395.63696334270014,392.3027233742956,393.4806823730469
2025-09-16 00:00:00+05:30,394.59874454017506,405.4001038784605,393.9598634044166,403.64312744140625
2025-09-17 00:00:00+05:30,405.1006037174715,409.8324551862034,403.36361230393936,409.353271484375
2025-09-18 00:00:00+05:30,409.29336420936994,411.54947884380573,407.73605530957667,410.2117919921875
2025-09-19 00:00:00+05:30,410.2118054084459,410.2118054084459,404.78117864412536,405.49993896484375
2025-09-22 00:00:00+05:30,405.69957465069393,407.2169744699615,402.78462425101594,403.64312744140625
2025-09-23 00:00:00+05:30,403.9026791195159,409.912292698884,400.9876983267941,408.83416748046875
2025-09-24 00:00:00+05:30,407.6961409670819,408.91403958875,405.1006158183649,405.5598449707031
2025-09-25 00:00:00+05:30,405.7594805811606,406.79769673000413,401.3071756698445,402.0059814453125
2025-09-26 00:00:00+05:30,401.10750162038886,403.14399429235846,397.134380488437,398.27239990234375
2025-09-29 00:00:00+05:30,398.49201759617813,400.04932654446014,393.38084664130577,397.6335144042969
2025-09-30 00:00:00+05:30,400.1092337272251,402.30545434886966,396.5354170410758,397.8531494140625
2025-10-01 00:00:00+05:30,396.51544506843504,413.68578289613794,396.51544506843504,411.94879150390625
2025-10-03 00:00:00+05:30,411.94879673826716,420.873391358273,411.6892350915389,419.3759765625
2025-10-06 00:00:00+05:30,422.07130250014336,430.1773334721175,417.87855937496556,428.4602966308594
2025-10-07 00:00:00+05:30,427.661665298593,429.8778404445717,423.6086649677014,424.6468811035156
2025-10-08 00:00:00+05:30,424.5670085545185,425.76495261186983,421.7119522176401,422.83001708984375
2025-10-09 00:00:00+05:30,422.86994763844575,429.6582159116338,419.53570765694,428.1807861328125
2025-10-10 00:00:00+05:30,428.26063851870305,430.81622404096333,426.5835412319039,429.27886962890625
2025-10-13 00:00:00+05:30,426.46374053318596,430.45684660385257,426.0244964282141,429.6781921386719
2025-10-14 00:00:00+05:30,429.05925369589795,432.25375087682374,427.5818238833307,429.6182861328125
2025-10-15 00:00:00+05:30,430.25717184713756,432.4334073072979,427.5019189561206,429.1790466308594
2025-10-16 00:00:00+05:30,429.83789024916655,442.1566493057548,429.69814737826357,440.3197937011719
2025-10-17 00:00:00+05:30,440.0203387553533,441.2182828075126,437.3249798704862,440.3996887207031
2025-10-20 00:00:00+05:30,442.0368268502596,452.4189269358333,439.2816043963023,441.9969177246094
2025-10-21 00:00:00+05:30,441.99692517030456,443.19483872460165,436.62619257667416,438.6427001953125
2025-10-23 00:00:00+05:30,444.23305592905706,448.10637374054346,441.4378938305524,444.35284423828125
2025-10-24 00:00:00+05:30,446.8285814865207,446.8285814865207,432.8926496402778,436.6461486816406
2025-10-27 00:00:00+05:30,433.6912671732111,436.4465202022546,423.6685620728347,428.9794006347656
2025-10-28 00:00:00+05:30,427.6616621245238,432.8726668634206,427.6616621245238,431.4151916503906
2025-10-29 00:00:00+05:30,433.2520064367184,434.1105096143005,428.63997382324067,429.3587341308594
2025-10-30 00:00:00+05:30,429.25889349933607,429.85786549023834,424.54702721720923,426.70330810546875
2025-10-31 00:00:00+05:30,428.63998781695545,428.63998781695545,419.27614894935596,419.71539306640625
2025-11-03 00:00:00+05:30,419.7153819012876,423.10951597140115,416.8602952164107,421.97149658203125
2025-11-04 00:00:00+05:30,422.6103812272446,423.4888694452829,417.8785602386985,418.5973205566406
2025-11-06 00:00:00+05:30,413.88544344274857,420.03483034522856,413.70576098414875,415.92193603515625
2025-11-07 00:00:00+05:30,415.0234811753937,419.13637566744586,411.13020874189687,416.940185546875
2025-11-10 00:00:00+05:30,415.48270114228853,420.2344766765381,415.48270114228853,417.81866455078125
2025-11-11 00:00:00+05:30,419.2761547588791,419.8751267872455,414.26481740034535,416.6606750488281
2025-11-12 00:00:00+05:30,419.29610600196844,419.29610600196844,415.2830452341666,416.1814880371094
2025-11-13 00:00:00+05:30,417.1797633354703,417.1797633354703,412.2083656237895,414.32470703125
2025-11-14 00:00:00+05:30,412.4878765733133,416.3811489679997,411.88890455913486,415.22314453125
2025-11-17 00:00:00+05:30,418.2778695307826,423.24929765870917,417.7587766982812,419.8551330566406
2025-11-18 00:00:00+05:30,417.3993907722806,420.6737366734581,415.2830493375538,417.8985290527344
2025-11-19 00:00:00+05:30,419.1763088227944,421.2726956286347,417.17975576294305,420.4541015625
2025-11-20 00:00:00+05:30,422.231022614109,422.231022614109,417.91849125987375,419.0165710449219
2025-11-21 00:00:00+05:30,419.2761291233556,421.57215288256253,414.98355236832316,416.84033203125
2025-11-24 00:00:00+05:30,418.2778634098207,420.0747489664001,414.76394101396227,416.7405090332031
2025-11-25 00:00:00+05:30,418.1381045407307,418.1381045407307,412.62762890690965,413.26654052734375
2025-11-26 00:00:00+05:30,414.2847683954061,421.27270424785877,414.1050859279389,420.03485107421875
2025-11-27 00:00:00+05:30,420.07473849565287,425.3656222181128,417.5590926861503,421.3126220703125
2025-11-28 00:00:00+05:30,423.06957988633235,427.6217184114977,419.71538537936084,424.1477355957031
2025-12-01 00:00:00+05:30,426.0644107413828,431.8544328933307,424.8864517477903,428.77972412109375
2025-12-02 00:00:00+05:30,427.26236292000397,431.255469115518,427.14257460853577,427.7415466308594
2025-12-03 00:00:00+05:30,426.2840345662378,429.5983199705965,423.0895679365398,428.4802551269531
2025-12-04 00:00:00+05:30,428.4802595333141,428.6200024077155,423.5687255311066,426.34393310546875
2025-12-05 00:00:00+05:30,426.2640919682435,432.45341883855315,425.66511993805506,430.23724365234375
2025-12-08 00:00:00+05:30,430.99590795396324,431.03584754615895,424.46720125166354,425.58526611328125
2025-12-09 00:00:00+05:30,423.2692556956905,425.94462952858635,421.05308054396755,424.8066101074219
2025-12-10 00:00:00+05:30,425.2657883326833,430.3570045676905,424.00795019586315,425.16595458984375
2025-12-11 00:00:00+05:30,425.16597439476266,440.2399563162756,423.0895725858904,435.28851318359375
2025-12-12 00:00:00+05:30,435.58796372715665,439.44132685339974,434.19038272216477,434.5697326660156
2025-12-15 00:00:00+05:30,432.67301605831847,436.36662084660577,430.5566442778355,435.50811767578125
2025-12-16 00:00:00+05:30,434.8492644609115,438.0437310918794,433.5514866872522,435.7277526855469
2025-12-17 00:00:00+05:30,436.84582020539585,437.88403633768615,431.95427125005875,433.89093017578125
2025-12-18 00:00:00+05:30,433.89092601189697,435.0289454153279,431.2355067839153,432.17388916015625
2025-12-19 00:00:00+05:30,432.95255573324937,434.74944135307834,430.51675849260295,431.1556396484375
2025-12-22 00:00:00+05:30,433.25200532016913,434.44994931810686,428.6799123091702,429.1990051269531
2025-12-23 00:00:00+05:30,429.75803255956146,433.431682762064,429.1990001576581,431.7945251464844
2025-12-24 00:00:00+05:30,432.85270479082646,434.8891974200609,431.4750783200202,431.9941711425781
2025-12-26 00:00:00+05:30,431.6547805324864,433.9707894744504,429.8379098729294,432.0940246582031
2025-12-29 00:00:00+05:30,433.371809768569,435.6079394853607,430.3370405350784,430.9759521484375
2025-12-30 00:00:00+05:30,431.1955546423937,432.2537252971466,427.0427207389374,429.7979736328125
2025-12-31 00:00:00+05:30,430.8561647311619,440.3198069200647,430.39696604872137,439.4613037109375
2026-01-01 00:00:00+05:30,441.23822328745234,443.41445879659574,437.0454497037056,442.7955322265625
2026-01-02 00:00:00+05:30,442.79555083555135,444.812058529919,435.34841618914203,438.26336669921875
2026-01-05 00:00:00+05:30,438.6227487151993,440.5793621931248,435.6478736742348,437.4248046875
2026-01-06 00:00:00+05:30,439.6609766519108,444.83204192925524,426.2640917910288,428.5401611328125
2026-01-07 00:00:00+05:30,428.5401578343537,429.35875192013754,421.11297783622985,428.06097412109375
2026-01-08 00:00:00+05:30,427.282312232926,427.8613296845505,422.9897353114908,425.8647766113281
2026-01-09 00:00:00+05:30,425.8647757088061,425.8647757088061,422.4706415845176,424.62689208984375
2026-01-12 00:00:00+05:30,424.6269048044945,427.14258124433906,420.47410110582933,425.9246826171875
2026-01-13 00:00:00+05:30,424.6468622241772,428.1408299723652,423.2692357804946,425.7848815917969
2026-01-14 00:00:00+05:30,425.26579665231594,426.86304517405335,418.07819353698835,420.2744140625
2026-01-15 00:00:00+05:30,420.2744140625,420.2744140625,420.2744140625,420.2744140625
2026-01-16 00:00:00+05:30,423.26923961026824,426.8630411339177,416.3811377945125,417.479248046875
2026-01-19 00:00:00+05:30,418.2778670921923,429.65821346900736,414.2847609624339,426.16424560546875
2026-01-20 00:00:00+05:30,427.26235367872204,430.2571832605823,421.77183277864503,423.069580078125
2026-01-21 00:00:00+05:30,421.3725208231926,424.7666548630621,415.68233253210144,420.8733825683594
2026-01-22 00:00:00+05:30,423.0695875208091,429.05924678990016,419.57561961383925,425.26580810546875
2026-01-23 00:00:00+05:30,428.26064647030415,429.05925553647,419.6754619165975,422.0713195800781
2026-01-27 00:00:00+05:30,414.28476603165916,414.28476603165916,399.80975613416746,407.9956359863281
2026-01-28 00:00:00+05:30,408.59457613120605,413.4861555551203,405.59974650757647,411.6892395019531
2026-01-29 00:00:00+05:30,406.2985522724163,413.88546007860776,406.2985522724163,411.6892395019531
2026-01-30 00:00:00+05:30,409.29336697447536,411.78905823651485,404.70128895932646,407.29681396484375
2026-02-02 00:00:00+05:30,407.9956287419803,410.14191718188175,404.40182715203855,407.4964904785156
2026-02-03 00:00:00+05:30,414.28476497574223,424.2675303968445,409.5928530418313,415.0833740234375
2026-02-04 00:00:00+05:30,415.98185236595316,417.92847336786326,409.8923592916805,411.63934326171875
2026-02-05 00:00:00+05:30,410.29165442230504,413.23658237604917,403.40355244835763,408.0455322265625
2026-02-06 00:00:00+05:30,410.291656059999,423.91812467556457,409.59285029920807,421.6221008300781
2026-02-09 00:00:00+05:30,429.2589181717522,434.1504671928058,423.46892634519605,428.06097412109375
2026-02-10 00:00:00+05:30,430.05750386079467,433.1521671026884,427.4620093337042,428.5600891113281
2026-02-11 00:00:00+05:30,430.9559807296188,430.9559807296188,427.01277633666,428.8096618652344
2026-02-12 00:00:00+05:30,428.6599459093862,430.30709612939364,424.3673689160354,425.515380859375
2026-02-13 00:00:00+05:30,425.2658038652311,428.1607997234299,418.8269080291661,419.9250183105469
2026-02-16 00:00:00+05:30,418.2778545856067,425.9645958415494,417.52914720866346,424.8664855957031
2026-02-17 00:00:00+05:30,422.91983585766116,424.76665348755984,419.8751046990307,423.7184753417969
2026-02-18 00:00:00+05:30,424.96633020713955,426.66338202595625,420.62382121681645,425.6152038574219
2026-02-19 00:00:00+05:30,424.9663325714642,425.2159017048829,415.13330262176845,415.6823425292969
2026-02-20 00:00:00+05:30,414.2847479397285,422.67026445563283,414.2847479397285,420.6238098144531
2026-02-23 00:00:00+05:30,422.2709613667453,431.05578241958824,419.6255347230468,429.95770263671875
2026-02-24 00:00:00+05:30,430.1573572910767,431.7047042153327,425.066140816881,426.962890625
2026-02-25 00:00:00+05:30,424.76666075154463,429.40864049284835,420.6737209121761,424.2176208496094
2026-02-26 00:00:00+05:30,425.9646173005251,425.9646173005251,420.9732345361176,423.81829833984375
2026-02-27 00:00:00+05:30,419.7752895678544,421.6221072796393,413.73572862213393,414.48443603515625
2026-03-02 00:00:00+05:30,409.29336774212993,413.8854457658916,406.39837196573063,412.3880310058594
2026-03-04 00:00:00+05:30,404.3019963799578,409.7925173184511,401.50683426999046,402.65484619140625
2026-03-05 00:00:00+05:30,402.9044175427905,409.3432829452956,401.65657186808227,406.5980224609375
2026-03-06 00:00:00+05:30,403.00423410756787,405.99906359918225,398.3123223847129,399.1109313964844
2026-03-09 00:00:00+05:30,389.32784630420565,393.1712170337948,384.4362974051748,385.68414306640625
2026-03-10 00:00:00+05:30,389.8269727333991,393.57050960343815,386.83214323736786,391.1746520996094
2026-03-11 00:00:00+05:30,388.17983764186386,390.4259598509032,379.29518255243795,382.5395812988281
2026-03-12 00:00:00+05:30,376.3502500034559,379.49481496486504,373.4053220680992,374.6531677246094
2026-03-13 00:00:00+05:30,372.35713734889805,372.956109346477,362.77367678257895,366.2177429199219
2026-03-16 00:00:00+05:30,366.2177558208054,372.70655334903427,363.42256322196357,369.21258544921875
2026-03-17 00:00:00+05:30,369.2125752937637,374.50342863910555,367.964729649581,373.5550842285156
2026-03-18 00:00:00+05:30,374.35368621702094,376.30033757134186,370.4604139733601,374.75299072265625
2026-03-19 00:00:00+05:30,365.51894984522363,369.5120560141513,362.7237877129672,367.5155029296875
2026-03-20 00:00:00+05:30,367.96473760820606,371.95784375595656,364.7702405040128,366.117919921875
2026-03-23 00:00:00+05:30,364.22119934703227,364.27110098771533,354.6377385322632,355.93548583984375
2026-03-24 00:00:00+05:30,362.3743722725201,370.3106826942331,360.77712376730335,366.2177429199219
2026-03-25 00:00:00+05:30,368.3141302991329,377.34852052247476,362.374372882694,370.4604187011719
2026-03-27 00:00:00+05:30,366.91653248814987,368.2143102776179,361.875248114207,365.5189514160156
2026-03-30 00:00:00+05:30,360.37783188924624,362.3244833333667,351.043940122664,352.7909240722656
2026-04-01 00:00:00+05:30,363.1729833091824,363.42255243747763,354.388162179184,355.43634033203125
2026-04-02 00:00:00+05:30,349.69625418438636,359.22981326793473,344.9045390549985,357.38299560546875
2026-04-06 00:00:00+05:30,357.38299591468177,360.77713000635,349.4966174609575,359.9285888671875
2026-04-07 00:00:00+05:30,356.3847356284031,363.3726716211169,356.3847356284031,362.3244934082031
2026-04-08 00:00:00+05:30,376.35024707477993,380.4930885291585,368.8132715541026,379.49481201171875
2026-04-09 00:00:00+05:30,376.3502495688028,378.0473318456893,368.8132739981789,371.259033203125
2026-04-10 00:00:00+05:30,372.8562713278809,378.4965274383721,371.7082594502558,373.9044494628906
2026-04-13 00:00:00+05:30,367.3158592120961,372.35714347258204,364.9699032875701,371.259033203125
2026-04-15 00:00:00+05:30,374.8528343640066,382.3399082860573,374.8528343640066,381.7409362792969
2026-04-16 00:00:00+05:30,382.489657752434,385.7839886784025,377.59810870294694,378.4965515136719
2026-04-17 00:00:00+05:30,378.6462660418718,384.5361217915114,376.0008393974469,382.9388732910156
2026-04-20 00:00:00+05:30,383.43802725185,385.3347465954633,377.34853423079045,378.5464782714844
2026-04-21 00:00:00+05:30,380.79258824495815,382.4896400388497,377.6979249602387,381.4913635253906
2026-04-22 00:00:00+05:30,377.4483767167286,382.1402583106071,375.6015589716455,376.2005310058594
2026-04-23 00:00:00+05:30,369.4122243125531,375.30208031632253,367.0163666909259,369.7616271972656
2026-04-24 00:00:00+05:30,369.96127682238074,372.1574668423793,367.0163489627464,370.2108459472656
2026-04-27 00:00:00+05:30,374.35368821303865,379.7943073343939,372.60670433471114,376.15057373046875
2026-04-28 00:00:00+05:30,371.35885715448444,382.5894677539144,371.35885715448444,377.2986145019531
2026-04-29 00:00:00+05:30,377.3485380642077,385.3846521518042,376.89930142813813,381.3416442871094
2026-04-30 00:00:00+05:30,375.95093944683924,386.18327366584316,374.65316170592797,382.6393737792969
2026-05-01 00:00:00+05:30,382.6393737792969,382.6393737792969,382.6393737792969,382.6393737792969
2026-05-04 00:00:00+05:30,378.24696517794484,381.39153010501576,362.37437469345906,371.00946044921875
2026-05-05 00:00:00+05:30,370.3605885804022,374.8528329162831,368.11446641246175,370.7099914550781
2026-05-06 00:00:00+05:30,373.35543310528345,379.3450924599137,365.01981774375986,375.9509582519531
2026-05-07 00:00:00+05:30,375.4518237751584,381.79088608267705,373.65490767157956,378.7461242675781
2026-05-08 00:00:00+05:30,378.3467912544696,380.8424824896574,373.35540878409404,380.1436767578125
2026-05-11 00:00:00+05:30,375.4517990978753,385.3347303905433,373.7547168557587,380.39324951171875
2026-05-12 00:00:00+05:30,379.54476351967634,380.3932742308924,373.90447653581367,375.35198974609375
2026-05-13 00:00:00+05:30,377.2486841158025,383.33817687266134,376.2005059744088,376.9991149902344
2026-05-14 00:00:00+05:30,377.348531118611,384.3364668800667,374.95267352196544,382.5395812988281
2026-05-15 00:00:00+05:30,382.5395941444389,392.6221631382673,379.84423521708914,386.3829345703125
2026-05-18 00:00:00+05:30,381.3416277070331,392.322669342576,379.644545450093,391.1247253417969
2026-05-19 00:00:00+05:30,387.8304473935137,391.12474788808305,379.594665692107,381.291748046875
2026-05-20 00:00:00+05:30,375.6514488191217,383.3880919835906,375.6514488191217,382.5395812988281
2026-05-21 00:00:00+05:30,384.03700488284875,385.7839888631438,377.2487059947126,380.1936340332031
2026-05-22 00:00:00+05:30,380.3433501270712,385.63420344153394,380.3433501270712,383.4879150390625
2026-05-25 00:00:00+05:30,387.63076659912866,394.46896696119046,386.58258842271005,392.1729431152344
2026-05-26 00:00:00+05:30,392.17293714604006,394.26932393195074,386.3330134084967,387.98016357421875
2026-05-27 00:00:00+05:30,387.88032448404437,389.8269758580605,386.03353731867367,388.03009033203125
2026-05-28 00:00:00+05:30,388.03009033203125,388.03009033203125,388.03009033203125,388.03009033203125
2026-05-29 00:00:00+05:30,388.1798214084353,391.8734261631799,380.5929139488522,383.537841796875
2026-06-01 00:00:00+05:30,383.4879085617731,386.33300265884606,375.0025583741757,376.7495422363281
2026-06-02 00:00:00+05:30,372.3571373134064,380.8923892669035,371.5585282933648,378.3966979980469
2026-06-03 00:00:00+05:30,376.9492192040528,382.7891429260207,374.45352790962045,380.3433532714844
2026-06-04 00:00:00+05:30,377.84766916897473,383.33819012123195,377.2486971539139,380.8424987792969
2026-06-05 00:00:00+05:30,380.8425073910831,383.0387280076408,374.0043068665559,376.79949951171875
2026-06-08 00:00:00+05:30,372.3571335100725,378.24695875141794,372.0576627468611,376.4500732421875
2026-06-09 00:00:00+05:30,379.0456221721567,381.7908827132733,376.64973405519595,381.04217529296875
2026-06-10 00:00:00+05:30,379.8442142140513,390.52578511775835,379.8442142140513,387.4311218261719
2026-06-11 00:00:00+05:30,385.3347498578859,399.2107878659894,383.8872366685407,392.6720886230469
2026-06-12 00:00:00+05:30,397.0644967807851,403.80286347662496,394.26933463368897,402.60491943359375
2026-06-15 00:00:00+05:30,407.29681182128,410.2916413199659,401.7563894347036,405.0506896972656
2026-06-16 00:00:00+05:30,405.05070789032584,407.84587002865305,403.8028622098258,407.1470947265625
2026-06-17 00:00:00+05:30,407.14708891430837,408.04553169844615,401.85620502552894,403.8028564453125
2026-06-18 00:00:00+05:30,403.2538307645823,403.5533015481981,398.96122325452933,402.25555419921875
2026-06-19 00:00:00+05:30,401.8063190152067,402.85449722664447,397.3140744547883,398.5619201660156
2026-06-22 00:00:00+05:30,398.56191327270693,402.405284089811,398.0627749968488,401.4569091796875
2026-06-23 00:00:00+05:30,397.31406041682766,404.30199615280196,397.31406041682766,400.957763671875
2026-06-24 00:00:00+05:30,400.95775888820594,407.2469192545386,399.51027621058415,405.2503662109375
2026-06-25 00:00:00+05:30,408.79424325061603,413.08682018788966,406.4982193939315,408.29510498046875
2026-06-26 00:00:00+05:30,408.29510498046875,408.29510498046875,408.29510498046875,408.29510498046875
2026-06-29 00:00:00+05:30,401.8062949391593,404.1522508286948,393.42077835516443,394.818359375
2026-06-30 00:00:00+05:30,394.81837337924236,396.3157881961042,389.2280186366283,391.573974609375
2026-07-01 00:00:00+05:30,396.6651937755247,400.7082016225359,392.572253821956,399.7598571777344
2026-07-02 00:00:00+05:30,399.7598588170068,404.3020049583232,396.61526329534473,398.61181640625
2026-07-03 00:00:00+05:30,399.31062194785756,400.75813513841166,393.8700025378249,396.06622314453125
2026-07-06 00:00:00+05:30,389.07827098745855,389.07827098745855,380.0438807297398,380.642822265625
2026-07-07 00:00:00+05:30,380.8425077948944,382.2400888864662,377.9974135047407,381.04217529296875
2026-07-08 00:00:00+05:30,377.8476751518066,381.09207394769396,368.4638816505443,369.462158203125
2026-07-09 00:00:00+05:30,370.8597435066903,377.29863953014825,367.7650800654548,376.5
2026-07-10 00:00:00+05:30,376.79948336551075,380.4930881978325,376.25041300240804,376.94921875
2026-07-13 00:00:00+05:30,375.15230717775006,384.48619881106305,374.4535318868759,383.987060546875
2026-07-14 00:00:00+05:30,382.8390533207743,382.8390533207743,375.4518130133178,377.9974060058594
2026-07-15 00:00:00+05:30,378.69620814243245,382.1402438955259,375.6015448032169,377.7478332519531
2026-07-16 00:00:00+05:30,376.8494028903784,380.5929400051835,375.9010279686346,376.5
2026-07-17 00:00:00+05:30,377.5,391.79998779296875,375.70001220703125,389.95001220703125
2026-07-20 00:00:00+05:30,382.0,383.75,376.1000061035156,382.04998779296875
2026-07-21 00:00:00+05:30,383.0,386.95001220703125,381.04998779296875,385.95001220703125
2026-07-22 00:00:00+05:30,384.29998779296875,390.0,378.1499938964844,381.1499938964844
2026-07-23 00:00:00+05:30,379.70001220703125,386.1000061035156,378.8500061035156,383.3500061035156
2026-07-24 00:00:00+05:30,378.6000061035156,386.5,378.6000061035156,384.75
2026-07-27 00:00:00+05:30,386.0,388.75,383.54998779296875,384.6499938964844
2026-07-28 00:00:00+05:30,383.04998779296875,387.29998779296875,383.04998779296875,385.29998779296875
2026-07-29 00:00:00+05:30,387.0,392.25,385.1499938964844,390.20001220703125
2026-07-30 00:00:00+05:30,385.70001220703125,390.20001220703125,385.70001220703125,389.3999938964844
2026-07-31 00:00:00+05:30,390.20001220703125,391.8500061035156,388.0,390.29998779296875
2026-08-03 00:00:00+05:30,392.0,397.5,391.04998779296875,397.5
2026-08-04 00:00:00+05:30,395.5,398.25,392.1000061035156,398.0
2026-08-05 00:00:00+05:30,397.0,400.0,393.8500061035156,400.0
2026-08-06 00:00:00+05:30,397.25,398.79998779296875,393.75,394.0
2026-08-07 00:00:00+05:30,393.0,394.8500061035156,387.75,390.75
2026-08-10 00:00:00+05:30,388.0,393.5,386.5,393.5
2026-08-11 00:00:00+05:30,392.1000061035156,392.8999938964844,388.29998779296875,392.8999938964844
2026-08-12 00:00:00+05:30,391.0,394.25,387.5,390.5
2026-08-13 00:00:00+05:30,390.3999938964844,392.3999938964844,388.54998779296875,392.3999938964844
2026-08-14 00:00:00+05:30,393.1000061035156,394.3500061035156,389.8500061035156,391.1499938964844
2026-08-17 00:00:00+05:30,389.0,396.3500061035156,389.0,392.70001220703125
2026-08-18 00:00:00+05:30,391.0,392.8999938964844,387.6499938964844,387.6499938964844
2026-08-19 00:00:00+05:30,387.0,393.1000061035156,386.75,390.25
2026-08-20 00:00:00+05:30,393.6000061035156,399.54998779296875,393.1499938964844,397.3500061035156
2026-08-21 00:00:00+05:30,398.8999938964844,406.0,398.29998779296875,402.79998779296875
2026-08-24 00:00:00+05:30,403.5,405.6000061035156,398.20001220703125,401.45001220703125
2026-08-25 00:00:00+05:30,398.29998779296875,402.04998779296875,398.1499938964844,401.6000061035156
2026-08-26 00:00:00+05:30,402.5,417.45001220703125,401.0,416.70001220703125
2026-08-27 00:00:00+05:30,415.75,427.70001220703125,415.0,424.20001220703125
2026-08-28 00:00:00+05:30,424.6000061035156,426.20001220703125,421.0,423.70001220703125
2026-08-31 00:00:00+05:30,421.0,425.04998779296875,419.3999938964844,419.3999938964844
2026-09-01 00:00:00+05:30,420.79998779296875,429.1000061035156,420.75,425.0
2026-09-02 00:00:00+05:30,421.8999938964844,425.75,418.95001220703125,423.5
2026-09-03 00:00:00+05:30,425.0,426.8999938964844,421.1499938964844,421.1499938964844
2026-09-04 00:00:00+05:30,421.6499938964844,425.95001220703125,421.6499938964844,424.5
