Date,Open,High,Low,Close
2018-09-04 00:00:00+05:30,72349.29364687503,72645.40262496592,69931.07032579939,70107.6484375
2018-09-05 00:00:00+05:30,70374.26835300108,70374.26835300108,69093.10311474816,69439.84375
2018-09-06 00:00:00+05:30,69881.6553090749,70063.66218102376,69190.83424237646,69911.90625
2018-09-07 00:00:00+05:30,69961.67842339848,71066.16507222937,69715.95420289157,70327.8203125
2018-09-10 00:00:00+05:30,70573.66428361215,70622.07504276812,69536.29527951324,69592.0625
2018-09-11 00:00:00+05:30,69592.03551838407,70177.79159695124,68697.29276136997,68864.640625
2018-09-12 00:00:00+05:30,68953.91600941386,69051.58571267924,67316.53347967549,68246.5625
2018-09-14 00:00:00+05:30,68598.606426011,69795.77394469858,68598.606426011,69333.25
2018-09-17 00:00:00+05:30,69289.51997361437,69289.51997361437,68746.75360938908,68877.234375
2018-09-18 00:00:00+05:30,68877.24460252209,69209.58080436137,67612.41919283514,67839.9296875
2018-09-19 00:00:00+05:30,68198.8480972537,68351.79150320306,66515.96169439073,66904.2578125
2018-09-21 00:00:00+05:30,67310.51388734284,67611.55805092725,61689.377783692755,65878.7265625
2018-09-24 00:00:00+05:30,66131.01981631768,66131.0660833558,63614.09294271156,63730.5625
2018-09-25 00:00:00+05:30,63838.142392632326,66229.71619811725,62306.27175866097,64927.4765625
2018-09-26 00:00:00+05:30,66119.17273259955,66119.17273259955,64946.58096681571,65458.40234375
2018-09-27 00:00:00+05:30,66145.81957668353,67315.45019965405,63120.62256056572,63370.14453125
2018-09-28 00:00:00+05:30,63663.4371397884,64884.78656060474,61491.97106680337,62773.6796875
2018-10-01 00:00:00+05:30,63268.62824819707,63268.62824819707,61343.91958854053,62208.2109375
2018-10-03 00:00:00+05:30,62258.89530222136,62828.41164874041,61743.715731803735,62319.89453125
2018-10-04 00:00:00+05:30,61886.72822082246,61886.72822082246,60603.639398517735,60804.796875
2018-10-05 00:00:00+05:30,60603.64682857795,60603.64682857795,59716.30678787939,60230.74609375
2018-10-08 00:00:00+05:30,59923.59362323009,60950.1050852083,58827.99004361872,60328.17578125
2018-10-09 00:00:00+05:30,61096.17339319649,61886.784467494144,59873.24315467615,61193.19921875
2018-10-10 00:00:00+05:30,60723.09047414893,63466.0476501971,60723.09047414893,63149.8046875
2018-10-11 00:00:00+05:30,62173.02589447598,63436.07741758303,60908.69046112382,62604.8515625
2018-10-12 00:00:00+05:30,62794.85481600282,64117.4250243056,62794.85481600282,63148.55859375
2018-10-15 00:00:00+05:30,62799.988441895715,63742.25906563722,61195.867851209994,61788.6796875
2018-10-16 00:00:00+05:30,62174.855887526406,63150.1881753238,62046.83499426793,62393.0859375
2018-10-17 00:00:00+05:30,62923.174609075286,63430.26136916019,61097.16875767467,61296.40234375
2018-10-19 00:00:00+05:30,61161.32604670894,61876.92293824229,60110.13888880134,61164.140625
2018-10-22 00:00:00+05:30,61936.09016993199,61936.09016993199,61194.88066929319,61400.1328125
2018-10-23 00:00:00+05:30,60801.05682751508,61370.57322020138,60505.934814667235,60923.1015625
2018-10-24 00:00:00+05:30,61630.16083600641,61886.78866780273,61003.543220633816,61541.328125
2018-10-25 00:00:00+05:30,61195.8684304339,61669.64289570178,60011.43226726421,60566.63671875
2018-10-26 00:00:00+05:30,60504.94883838028,62598.93332387169,59879.17171662607,62238.3203125
2018-10-29 00:00:00+05:30,62380.30962464171,63515.39437255845,61714.06422912536,63103.0625
2018-10-30 00:00:00+05:30,62579.876360186136,64058.25075189171,62579.876360186136,63475.0625
2018-10-31 00:00:00+05:30,63507.49138379987,64058.25418558036,62858.025570947604,63662.01171875
2018-11-01 00:00:00+05:30,63662.009738018045,64502.415728523614,63661.51622297804,63902.3515625
2018-11-02 00:00:00+05:30,64206.33024080497,65811.78152148752,64169.216353957236,65618.5703125
2018-11-05 00:00:00+05:30,65834.90799021126,65933.61100069134,65055.15420741865,65295.7890625
2018-11-06 00:00:00+05:30,65341.391448149916,65743.50596144375,64058.25234116208,64315.5703125
2018-11-07 00:00:00+05:30,64818.27037096086,65078.00581438359,64331.664503854365,64714.5859375
2018-11-09 00:00:00+05:30,64206.42077123546,65639.48851065563,63676.431771217445,65484.625
2018-11-12 00:00:00+05:30,65484.51853719679,66116.26413144823,64216.678246880576,64357.4765625
2018-11-13 00:00:00+05:30,64357.48138617016,65331.533753064454,63961.5858571239,64968.453125
2018-11-14 00:00:00+05:30,65242.68118431224,65874.3803667322,64393.83540793541,64695.8203125
2018-11-15 00:00:00+05:30,65142.9998608746,65472.66791574714,64354.362807451995,64931.62890625
2018-11-16 00:00:00+05:30,65045.28281733529,65933.60989678296,64737.77667780218,64902.1171875
2018-11-19 00:00:00+05:30,64919.94780201686,65541.805291986,64654.42452455385,65334.8125
2018-11-20 00:00:00+05:30,65344.38736594988,65472.70715987092,64863.88217609287,65171.109375
2018-11-21 00:00:00+05:30,65394.72244368377,66694.70054904568,65255.54483331473,66454.0546875
2018-11-22 00:00:00+05:30,66528.87587307557,67288.87759238137,66333.43496175703,66733.59375
2018-11-26 00:00:00+05:30,67121.107883209,67821.93121551897,66733.63463106059,67317.2890625
2018-11-27 00:00:00+05:30,66989.0393586754,67792.317991914,66528.90813074999,67688.921875
2018-11-28 00:00:00+05:30,67615.64712288175,68443.80332404813,67477.20980796688,67903.1328125
2018-11-29 00:00:00+05:30,68110.17131605871,68256.25846360192,67131.97967271194,67407.2734375
2018-11-30 00:00:00+05:30,67515.93903441688,67790.88572784857,66282.98194462822,66461.7890625
2018-12-03 00:00:00+05:30,66627.59138939764,67070.78825656563,65747.1201076296,65830.875
2018-12-04 00:00:00+05:30,65936.62108008997,66269.95944821404,65079.79356696676,65274.046875
2018-12-05 00:00:00+05:30,65146.96460847987,65341.07140845147,64294.13161724159,64440.21875
2018-12-06 00:00:00+05:30,64455.02922262762,64467.9113262869,63612.11705170355,63927.734375
2018-12-07 00:00:00+05:30,64425.40621875216,64850.83559686861,64025.69091874856,64727.3046875
2018-12-10 00:00:00+05:30,63271.57549509462,64056.69362953583,63271.57549509462,63532.70703125
2018-12-11 00:00:00+05:30,62843.13924180205,65640.5107840894,62843.13924180205,65316.45703125
2018-12-12 00:00:00+05:30,65415.44691438189,67604.77968321487,65366.09315494021,67265.765625
2018-12-13 00:00:00+05:30,67397.50228537772,68008.50190334271,66235.42160548053,66591.6015625
2018-12-14 00:00:00+05:30,66429.16598550492,66627.56807711233,65196.30920730769,65477.671875
2018-12-17 00:00:00+05:30,65556.59820705438,66331.45222485968,65366.0926969443,65517.26171875
2018-12-18 00:00:00+05:30,65617.78281940344,67120.06465549054,65245.70182463313,66688.265625
2018-12-19 00:00:00+05:30,67121.11158065552,68601.72433611116,66873.74900067245,68430.9140625
2018-12-20 00:00:00+05:30,67861.42047587551,68996.55696383561,67861.42047587551,68157.25
2018-12-21 00:00:00+05:30,68157.23709708983,68661.9254702359,65837.90383785074,66137.828125
2018-12-24 00:00:00+05:30,66137.93524557543,66476.54828177376,65045.289354003085,65263.0859375
2018-12-26 00:00:00+05:30,65344.377494729844,66630.53646566086,64263.77693185438,66449.5546875
2018-12-27 00:00:00+05:30,66527.7826777489,66824.00549435422,65666.1662582521,65824.4453125
2018-12-28 00:00:00+05:30,66409.43409873052,66602.90084293527,66114.29860629574,66170.515625
2018-12-31 00:00:00+05:30,66676.89649759121,66676.89649759121,65948.82865096984,66118.90625
2019-01-01 00:00:00+05:30,66429.17546161337,66429.17546161337,65640.84937672605,65937.8125
2019-01-02 00:00:00+05:30,65640.5091059758,66232.75430091693,65295.72677959796,65774.2578125
2019-01-03 00:00:00+05:30,65887.26493486996,66528.86376944173,65599.73303407858,65954.6328125
2019-01-04 00:00:00+05:30,66133.7260582204,66479.39506544778,65345.39251062775,65742.296875
2019-01-07 00:00:00+05:30,66232.75056355498,66475.47082994702,65804.50641570594,66112.8671875
2019-01-08 00:00:00+05:30,65837.92734669622,66110.36014951013,65370.05362012449,65581.1875
2019-01-09 00:00:00+05:30,65641.48471586572,66133.0481418067,64969.7338054472,65216.40234375
2019-01-10 00:00:00+05:30,65392.74442595128,66227.76376963133,65057.13886051145,65838.609375
2019-01-11 00:00:00+05:30,66034.23787703003,66134.03271347418,65443.08013288565,66072.09375
2019-01-14 00:00:00+05:30,65739.21686344515,66131.03949961628,65103.44010219482,65791.578125
2019-01-15 00:00:00+05:30,65788.55664149702,66124.11591260755,65222.962598652644,65340.03125
2019-01-16 00:00:00+05:30,65364.11313581806,65626.38207455318,65048.24910375128,65138.2734375
2019-01-17 00:00:00+05:30,65434.20178883211,65434.20178883211,64752.13282870052,64952.30859375
2019-01-18 00:00:00+05:30,65151.89259110313,65243.891075902095,64801.48092729219,64890.1171875
2019-01-21 00:00:00+05:30,64890.12182485223,65442.051080895086,64654.41135650977,65271.43359375
2019-01-22 00:00:00+05:30,65048.26210319387,65311.66468862857,64258.60186521883,64416.140625
2019-01-23 00:00:00+05:30,64533.00167501811,65433.1679777983,64456.009810313604,65218.078125
2019-01-24 00:00:00+05:30,65146.95484301513,65332.918244534936,63666.342232946605,64063.88671875
2019-01-25 00:00:00+05:30,64456.00004106635,64686.28541879729,62876.679978804386,63094.7734375
2019-01-28 00:00:00+05:30,63049.43301415823,63049.43301415823,61642.85075122006,61751.37890625
2019-01-29 00:00:00+05:30,62017.92752429783,62017.92752429783,60705.11766265027,61068.5078125
2019-01-30 00:00:00+05:30,61577.70552891704,61577.70552891704,60359.65460844571,60536.734375
2019-01-31 00:00:00+05:30,60705.11525308898,60969.25807737304,59757.66972906589,60497.0390625
2019-02-01 00:00:00+05:30,60694.45145045697,61889.502384395964,60223.52028039283,60483.7109375
2019-02-04 00:00:00+05:30,61143.38509020267,61143.38509020267,59027.095899427215,59132.26953125
2019-02-05 00:00:00+05:30,59519.64418038785,59619.33877005301,58730.97113937341,59228.75390625
2019-02-06 00:00:00+05:30,59520.63915051054,59520.63915051054,58780.33269341464,59161.34375
2019-02-07 00:00:00+05:30,59259.06590271181,60014.17851061677,58198.01007534486,58642.6875
2019-02-08 00:00:00+05:30,58423.93300050086,58423.93300050086,55572.32340401504,55721.71875
2019-02-11 00:00:00+05:30,55720.3978000736,56164.58166207596,54017.69299573123,54630.2734375
2019-02-12 00:00:00+05:30,55029.446759582366,55451.914978651446,54190.432773113396,54639.9453125
2019-02-14 00:00:00+05:30,54881.38433757618,55868.45959544625,54600.067889083206,55574.5078125
2019-02-15 00:00:00+05:30,55577.27554095867,55682.20800889499,54292.03500324548,54427.125
2019-02-18 00:00:00+05:30,54536.827232183394,54784.59626699512,53555.81902355611,53759.1171875
2019-02-19 00:00:00+05:30,53778.87018018668,54690.77963183205,53165.07718625912,53529.8671875
2019-02-20 00:00:00+05:30,53827.98298950209,54262.41951145996,53428.29645366145,54087.89453125
2019-02-21 00:00:00+05:30,54123.234376648856,54538.81521293201,53803.40494444994,54006.40625
2019-02-22 00:00:00+05:30,54015.64645256758,54440.111510583,53851.289633591834,54253.34765625
2019-02-25 00:00:00+05:30,54754.00270175684,54754.00270175684,54148.89338366034,54627.796875
2019-02-26 00:00:00+05:30,54430.36820736481,55661.270184496876,53699.74717853507,55232.65625
2019-02-27 00:00:00+05:30,55674.0073960985,56528.8600628542,55430.08657662665,56130.80078125
2019-02-28 00:00:00+05:30,56651.25819767472,56661.12947458666,55843.787746277296,56107.89453125
2019-03-01 00:00:00+05:30,56174.476144970446,56661.13010211931,56174.476144970446,56393.71875
2019-03-05 00:00:00+05:30,56658.18109813497,57253.41923257014,56481.97876480714,56921.00390625
2019-03-06 00:00:00+05:30,57292.88926204085,58033.23500543387,56814.132347980034,57812.51171875
2019-03-07 00:00:00+05:30,57816.0687448943,57840.60041035303,56903.07588772262,57095.21875
2019-03-08 00:00:00+05:30,57253.40764075976,57253.40764075976,56098.468210765124,56292.5390625
2019-03-11 00:00:00+05:30,56305.762739261474,57233.80928311776,56305.762739261474,56965.4609375
2019-03-12 00:00:00+05:30,57352.12373433428,57503.794374593956,56069.84475445648,56435.08203125
2019-03-13 00:00:00+05:30,57055.98043779423,57253.40597564127,56463.70382425311,56675.54296875
2019-03-14 00:00:00+05:30,57243.53384338808,57243.53384338808,56267.26457332237,56425.6484375
2019-03-15 00:00:00+05:30,56463.708676520364,57253.4108957724,56178.42874981557,56867.9375
2019-03-18 00:00:00+05:30,57251.436059617605,57251.436059617605,56507.14172552071,56694.44921875
2019-03-19 00:00:00+05:30,56946.361886024104,56946.361886024104,56286.02355762326,56704.8125
2019-03-20 00:00:00+05:30,56661.1358692336,56661.1358692336,56068.85918767367,56243.1875
2019-03-22 00:00:00+05:30,56266.29188661352,56561.44313703629,55452.45503770338,55819.86328125
2019-03-25 00:00:00+05:30,55585.16427644794,55595.035554067625,55175.65278200817,55285.32421875
2019-03-26 00:00:00+05:30,55673.026671732216,55673.026671732216,55328.519033149365,55456.9921875
2019-03-27 00:00:00+05:30,55624.64409623826,56152.7573986604,55476.57494602645,55856.765625
2019-03-28 00:00:00+05:30,56009.628974260995,56118.112772449684,55377.91733688779,55572.28125
2019-04-01 00:00:00+05:30,57401.48130307689,59908.7357758343,57253.41213376543,59389.41015625
2019-04-02 00:00:00+05:30,59474.45574560608,60889.99714874631,59425.099350796445,59612.75390625
2019-04-03 00:00:00+05:30,59701.47934869938,60046.97402085621,58832.80703013365,59267.33984375
2019-04-04 00:00:00+05:30,59486.29692335155,59720.14596244423,58980.937605103885,59230.77734375
2019-04-05 00:00:00+05:30,59230.7725138595,59622.515701213924,59130.28599435582,59483.52734375
2019-04-08 00:00:00+05:30,59774.54231143727,59774.54231143727,57819.09208696026,58162.859375
2019-04-09 00:00:00+05:30,58436.970911105724,58586.02718921138,56759.841000499655,56899.22265625
2019-04-10 00:00:00+05:30,57055.98133373484,57697.61434181317,56562.41748136689,56751.69921875
2019-04-11 00:00:00+05:30,56858.57026742318,57244.53729823156,56566.43052002933,56729.15625
2019-04-12 00:00:00+05:30,56759.848376825896,57844.70182667166,56759.848376825896,57762.5234375
2019-04-15 00:00:00+05:30,58240.55126938568,58284.72524683153,57281.259519826024,57399.41796875
2019-04-16 00:00:00+05:30,57518.9470186502,57786.458639615965,57204.153520720036,57308.7890625
2019-04-18 00:00:00+05:30,57453.79764779857,57648.362073823686,56785.612402085535,57068.02734375
2019-04-22 00:00:00+05:30,56907.921815570815,57003.77347432051,55658.61123849511,55866.6484375
2019-04-23 00:00:00+05:30,56350.18998689203,56350.18998689203,55674.00744960516,55836.33984375
2019-04-24 00:00:00+05:30,55871.42736394108,56068.85290232956,54839.878925861245,54926.15234375
2019-04-25 00:00:00+05:30,55327.52035587038,55469.61661683137,54588.16170992582,54707.50390625
2019-04-26 00:00:00+05:30,55032.37695629103,55120.971679731876,53551.685199619526,53709.67578125
2019-04-30 00:00:00+05:30,53709.67355563253,53887.059649537645,51824.209336015025,52223.99609375
2019-05-02 00:00:00+05:30,51927.856870943695,52998.890512327096,50922.27057257296,51750.02734375
2019-05-03 00:00:00+05:30,51824.20738151819,52712.62236520135,51824.20738151819,52427.2421875
2019-05-06 00:00:00+05:30,52427.25613489049,53295.04192164397,52027.56954106625,53125.109375
2019-05-07 00:00:00+05:30,53304.89964829129,53946.532699613315,51988.368110949195,52263.1328125
2019-05-08 00:00:00+05:30,52366.14002929376,53798.46239507832,52317.77076952571,53421.1328125
2019-05-09 00:00:00+05:30,53699.7570686102,53976.10274946355,53304.90591369395,53730.5546875
2019-05-10 00:00:00+05:30,53897.1731408849,54093.561428233115,53059.69553139051,53252.92578125
2019-05-13 00:00:00+05:30,53301.9376154834,53302.82448807959,52246.59778569674,52388.59765625
2019-05-14 00:00:00+05:30,52455.964095825584,52810.34292741011,52169.697073097144,52603.88671875
2019-05-15 00:00:00+05:30,52900.17514392086,53106.48483985442,52515.245456122575,52869.87109375
2019-05-16 00:00:00+05:30,53155.84748212001,53275.28995171715,52416.48872403522,53001.26171875
2019-05-17 00:00:00+05:30,53058.01728186893,54045.24530516373,52714.25003661737,53669.83984375
2019-05-20 00:00:00+05:30,54183.15584165012,54440.05588862601,53533.92256521253,54056.41015625
2019-05-21 00:00:00+05:30,54292.031299009,54440.100475279025,53714.561511555905,54067.06640625
2019-05-22 00:00:00+05:30,54291.044608072196,54538.813698357946,53798.51793863604,54414.2890625
2019-05-23 00:00:00+05:30,54808.29614945967,55376.09128167853,53798.46442277168,54112.66796875
2019-05-24 00:00:00+05:30,54489.453769913234,56725.101550130355,54292.02821277586,56275.46484375
2019-05-27 00:00:00+05:30,56562.42109034943,57182.38745605947,55947.9340549438,56130.69921875
2019-05-28 00:00:00+05:30,56413.3125621571,56513.062590551956,55530.9206259469,55690.48828125
2019-05-29 00:00:00+05:30,55871.43094761145,56157.697996636314,54984.003095634376,55196.92578125
2019-05-30 00:00:00+05:30,55525.934876733365,55525.934876733365,54316.70340608451,54474.890625
2019-05-31 00:00:00+05:30,54587.26936962669,54960.00643754745,53823.132352610635,54553.70703125
2019-06-03 00:00:00+05:30,54690.08801510635,55705.545606755004,54677.008571820974,55281.57421875
2019-06-04 00:00:00+05:30,55304.82372801952,56858.562930316715,55303.836600190865,56643.8125
2019-06-06 00:00:00+05:30,56858.51888457755,56997.804178486076,54796.06544875634,55087.46484375
2019-06-07 00:00:00+05:30,55229.79847480777,55714.77511714831,54402.58540739242,54881.8359375
2019-06-10 00:00:00+05:30,55228.80852236179,55279.15203582298,54390.73709239011,54878.921875
2019-06-11 00:00:00+05:30,55081.73588402138,55575.19957045883,54786.584646936746,55473.67578125
2019-06-12 00:00:00+05:30,55545.675701069835,55545.675701069835,54703.952682138915,54992.390625
2019-06-13 00:00:00+05:30,55278.16882873655,55278.16882873655,53552.66946066513,54065.92578125
2019-06-14 00:00:00+05:30,53947.51610470583,54434.17006235747,53683.75635361837,54000.57421875
2019-06-17 00:00:00+05:30,54242.67803050825,54588.17279503378,53451.842056896654,54020.27734375
2019-06-18 00:00:00+05:30,53852.75600495156,54242.671477813,53427.10727766956,53916.72265625
2019-06-19 00:00:00+05:30,53995.88319770911,54224.700161319946,53626.69745153099,53794.3125
2019-06-20 00:00:00+05:30,53897.11824885319,54292.01942680471,53418.31122269662,54214.7265625
2019-06-21 00:00:00+05:30,54143.95537055336,54489.34981693853,53749.1042830744,54215.421875
2019-06-24 00:00:00+05:30,53897.1758659726,54380.81834231628,53853.00189857329,53957.09375
2019-06-25 00:00:00+05:30,54341.383582033515,55613.444236794196,53797.42605474767,54837.80859375
2019-06-26 00:00:00+05:30,54588.167676119425,55624.65187250144,54537.82415800944,55372.6875
2019-06-27 00:00:00+05:30,55369.97614089503,56167.575454912054,55369.97614089503,55774.6484375
2019-06-28 00:00:00+05:30,56067.87453417589,56068.86166202206,55621.54622092084,55880.9140625
2019-07-01 00:00:00+05:30,56108.34606881939,56412.33131402079,55785.55526719194,56028.2421875
2019-07-02 00:00:00+05:30,56028.243385503236,56240.81905545996,55458.8171400573,55938.16796875
2019-07-03 00:00:00+05:30,55970.1462375594,56340.66619952803,55886.487156542935,56075.421875
2019-07-04 00:00:00+05:30,56078.73226927631,56266.28655780232,55576.43072838139,55811.6640625
2019-07-05 00:00:00+05:30,55812.19884819534,55984.05931911914,55032.367983496464,55282.2578125
2019-07-08 00:00:00+05:30,54994.86103922777,54994.86103922777,53702.56429166827,54071.15625
2019-07-09 00:00:00+05:30,54186.41243932543,54193.32233470508,53285.16465623644,53868.75390625
2019-07-10 00:00:00+05:30,53869.53989319203,54686.881735740644,53853.302411595876,54486.39453125
2019-07-11 00:00:00+05:30,54293.01976560232,55800.807453545225,53991.945766429424,55440.94921875
2019-07-12 00:00:00+05:30,55425.25177025651,55567.20151923316,54963.27595939094,55352.89453125
2019-07-15 00:00:00+05:30,55091.59921499769,55596.56518200618,55091.59921499769,55409.84765625
2019-07-16 00:00:00+05:30,55132.07635702184,56014.56863582039,55132.07635702184,55783.48046875
2019-07-17 00:00:00+05:30,55782.5893941796,55782.5893941796,55099.00342434295,55283.79296875
2019-07-18 00:00:00+05:30,55284.09145945619,55528.65236757297,54692.85204531558,54823.49609375
2019-07-19 00:00:00+05:30,55022.507836542005,55180.448296783245,52491.365434381965,52814.15625
2019-07-22 00:00:00+05:30,53090.55239607348,53666.047951770124,52568.5584004332,53447.15234375
2019-07-23 00:00:00+05:30,53649.41080900197,53734.69711172499,52910.05205914563,53247.453125
2019-07-24 00:00:00+05:30,53304.907224341965,53936.618960152315,53033.44704866245,53333.140625
2019-07-25 00:00:00+05:30,53329.576763049365,53782.275092174736,53107.47301901075,53416.34375
2019-07-26 00:00:00+05:30,53304.90409654297,54274.01686685373,53304.90409654297,53639.046875
2019-07-29 00:00:00+05:30,53640.53174815348,53956.41268594165,52821.215565765415,53092.97265625
2019-07-30 00:00:00+05:30,53295.03536351656,53590.926951777605,52982.11581896692,53086.2578125
2019-07-31 00:00:00+05:30,53108.45608119937,53108.45608119937,51958.99603040531,52859.453125
2019-08-01 00:00:00+05:30,52815.238317731695,53238.50286136519,52469.39484885974,52721.9609375
2019-08-02 00:00:00+05:30,52419.98675910158,53639.87621445621,51788.72209468534,53229.8046875
2019-08-05 00:00:00+05:30,52617.608729522224,53012.85837256089,52322.159621350824,52719.28515625
2019-08-06 00:00:00+05:30,52568.20483250905,53452.52576946288,52568.20483250905,53231.3828125
2019-08-07 00:00:00+05:30,53358.71265521264,53803.36859400608,53062.275362683686,53357.23046875
2019-08-08 00:00:00+05:30,53373.5357483726,54248.02578146173,53363.654505060855,54049.95703125
2019-08-09 00:00:00+05:30,54198.61389624788,56749.556946747194,53902.176627900124,56357.12109375
2019-08-13 00:00:00+05:30,55929.11637716428,56709.33694803448,55345.92623249335,56062.95703125
2019-08-14 00:00:00+05:30,55948.58980018283,57184.23932147579,55680.80809664793,56612.609375
2019-08-16 00:00:00+05:30,56619.51424233521,57607.63840014211,55830.35042764673,56148.7734375
2019-08-19 00:00:00+05:30,56332.95595825242,57059.227184867326,56332.95595825242,56905.87109375
2019-08-20 00:00:00+05:30,56819.12335813878,57169.90748377162,56549.31524671866,56865.46484375
2019-08-21 00:00:00+05:30,56818.13080893751,57169.90303147245,56520.70541853577,57051.328125
2019-08-22 00:00:00+05:30,56819.121792127815,57014.77039765182,56302.33279874875,56888.734375
2019-08-23 00:00:00+05:30,56915.952868586835,57706.452213983874,55849.81705466368,57172.37109375
2019-08-26 00:00:00+05:30,57755.85766399833,58299.3259568161,56623.517544780276,58084.30859375
2019-08-27 00:00:00+05:30,58081.93040138267,58792.39157794943,57954.01851785169,58172.34375
2019-08-28 00:00:00+05:30,58171.86113968938,58496.95400909805,56896.78718611084,57236.6015625
2019-08-29 00:00:00+05:30,57261.799579491446,57299.34830052718,56508.89908848519,56862.25
2019-08-30 00:00:00+05:30,56975.244269088194,58249.92455190338,56975.244269088194,57894.25
2019-09-03 00:00:00+05:30,57902.40126732939,57953.33984373495,56836.75945557089,57115.11328125
2019-09-04 00:00:00+05:30,57115.11918981195,57497.86683681435,56812.25907974452,57006.078125
2019-09-05 00:00:00+05:30,57192.632876060256,57568.120099503634,56899.754385718596,57036.953125
2019-09-06 00:00:00+05:30,57390.26167299854,58279.57357908839,57212.49964815886,58056.5546875
2019-09-09 00:00:00+05:30,58103.671893083774,58496.94527517022,57640.24170163014,58169.9765625
2019-09-11 00:00:00+05:30,58249.930151235865,59564.13553039013,58175.87100353312,59388.19921875
2019-09-12 00:00:00+05:30,59540.41751551549,60384.22548520188,59287.457696012505,59938.53125
2019-09-13 00:00:00+05:30,60032.5014292066,60272.31841568447,59050.3560907076,59405.98046875
2019-09-16 00:00:00+05:30,59088.84350522502,59267.6939989531,58595.819670315184,58755.3515625
2019-09-17 00:00:00+05:30,58941.605063910625,59281.17238132814,56866.544365935566,57165.3515625
2019-09-18 00:00:00+05:30,58001.91493806607,58001.91493806607,57311.2159731483,57671.4375
2019-09-19 00:00:00+05:30,57521.670545191875,57706.44975931846,57203.44439402488,57379.52734375
2019-09-20 00:00:00+05:30,57686.69661726908,65067.98513612828,57379.53663475895,63875.21875
2019-09-23 00:00:00+05:30,64129.26637856461,66665.78142931615,64129.26637856461,65394.3125
2019-09-24 00:00:00+05:30,65956.31930226115,66429.18317271014,64911.17697743982,65097.19140625
2019-09-25 00:00:00+05:30,64743.87656844724,65206.31871358984,63437.576320843575,63733.51953125
2019-09-26 00:00:00+05:30,63733.51708799459,64643.08541766379,61411.91927098448,62113.09375
2019-09-27 00:00:00+05:30,62113.09926588764,63117.28057725337,61547.05072148503,61930.24609375
2019-09-30 00:00:00+05:30,62211.31646786878,62696.385132378935,61728.12369554413,62539.91796875
2019-10-01 00:00:00+05:30,62547.27134115424,63189.55204656429,60047.26703268582,61128.71875
2019-10-03 00:00:00+05:30,61128.7194535733,61327.926830903445,60473.19942078935,60741.03125
2019-10-04 00:00:00+05:30,61243.93421681671,61243.93421681671,59797.22011903536,60214.65625
2019-10-07 00:00:00+05:30,60264.7085295396,60827.9393393879,59880.32820492384,60438.71875
2019-10-09 00:00:00+05:30,60523.10631604706,60770.53109223965,59567.640313832795,60459.47265625
2019-10-10 00:00:00+05:30,60473.21076458136,60659.966268413154,60015.56251170188,60447.51953125
2019-10-11 00:00:00+05:30,60522.60975579348,61152.589137558294,60324.984907611295,60989.6953125
2019-10-14 00:00:00+05:30,60989.99197285236,61972.73169977801,60909.313173252194,61260.390625
2019-10-15 00:00:00+05:30,61411.92483873607,62546.19117125824,61038.41385580699,62279.00390625
2019-10-16 00:00:00+05:30,62281.470097454876,62860.460716940914,61885.676165915385,62149.94921875
2019-10-17 00:00:00+05:30,62149.059922288965,64931.22397445608,61911.910113376645,64131.13671875
2019-10-18 00:00:00+05:30,64129.2611789233,64313.99022786651,63042.324548772056,63259.46484375
2019-10-22 00:00:00+05:30,63630.20182368193,63980.93570421498,63269.63688023586,63448.734375
2019-10-23 00:00:00+05:30,63524.52828606484,63776.44977775838,63107.98375944201,63557.43359375
2019-10-24 00:00:00+05:30,63882.22875969383,63931.63496909808,62306.17067969829,62726.3203125
2019-10-25 00:00:00+05:30,63071.97631286342,63220.194963136484,62276.88361052624,62534.04296875
2019-10-27 00:00:00+05:30,62991.92961627247,62991.92961627247,62263.5354062967,62572.32421875
2019-10-29 00:00:00+05:30,62823.94713343124,64820.946097816726,62582.00338442547,64397.1875
2019-10-30 00:00:00+05:30,64475.103753547366,64672.7285926387,63342.1691852745,64122.640625
2019-10-31 00:00:00+05:30,64425.70423875597,65512.640966710445,64331.93278680666,64893.828125
2019-11-01 00:00:00+05:30,65206.32127240024,65705.91845258212,63916.22466779162,64194.28515625
2019-11-04 00:00:00+05:30,64525.50577114373,64929.602296883226,63437.58090239702,63675.078125
2019-11-05 00:00:00+05:30,63969.19062826664,64426.54550228427,62480.481021043575,63097.41796875
2019-11-06 00:00:00+05:30,63121.38876885182,63401.174658061755,62612.554864140875,62882.015625
2019-11-07 00:00:00+05:30,62997.86510719056,63162.781509860564,62558.199969360394,62768.2265625
2019-11-08 00:00:00+05:30,62925.1375468587,64712.260708098176,62109.24408052456,63689.0078125
2019-11-11 00:00:00+05:30,63240.9405918125,63338.76489328575,62202.421997384365,62336.015625
2019-11-13 00:00:00+05:30,62627.322434152804,62627.322434152804,61658.96055366259,62211.46875
2019-11-14 00:00:00+05:30,62319.805953593,62943.50915300842,62039.672753516425,62865.94140625
2019-11-15 00:00:00+05:30,62991.98610073408,63694.73933005008,62560.42281324451,63191.04296875
2019-11-18 00:00:00+05:30,63349.03454278074,63930.64597592599,63091.72855164492,63628.82421875
2019-11-19 00:00:00+05:30,63674.72995143143,63675.274191769044,62666.84316449071,62784.77734375
2019-11-20 00:00:00+05:30,63090.74837413677,63350.57488661671,62004.99662229808,62309.5859375
2019-11-21 00:00:00+05:30,62353.609064855744,62679.90245628932,61707.541896545765,61806.65625
2019-11-22 00:00:00+05:30,61806.15633803291,62353.60318693244,61760.75064306164,61910.26171875
2019-11-25 00:00:00+05:30,61910.90801811918,63197.507045118975,61910.90801811918,63104.765625
2019-11-26 00:00:00+05:30,63109.55583463279,63703.19970322522,62189.32137333158,62346.046875
2019-11-27 00:00:00+05:30,62353.59880424259,62744.914574868264,62107.54419089463,62258.734375
2019-11-28 00:00:00+05:30,62452.43285741864,63538.33287142324,62069.02235190157,63225.77734375
2019-11-29 00:00:00+05:30,63099.7309098831,63357.79031054409,62452.528864670756,62647.1484375
2019-12-02 00:00:00+05:30,62647.1564728699,62845.23467078522,61810.12506242565,61981.12890625
2019-12-03 00:00:00+05:30,62135.265282411216,62298.46020739087,61198.87273614329,61327.58203125
2019-12-04 00:00:00+05:30,61327.58618457122,61815.15218970657,60821.939733805215,61357.62890625
2019-12-05 00:00:00+05:30,61642.12619944665,61857.40086293449,60846.698476998215,61029.70703125
2019-12-06 00:00:00+05:30,61452.29875241144,62007.751405031035,60528.852637861615,60805.34375
2019-12-09 00:00:00+05:30,60640.124311472355,62350.79563519577,60527.472775255104,61751.22265625
2019-12-10 00:00:00+05:30,61661.882853472256,61720.134773678445,60797.283234412964,61335.88671875
2019-12-11 00:00:00+05:30,61563.0686054279,61611.438815894806,60874.61047057631,61316.22265625
2019-12-12 00:00:00+05:30,61365.44899682713,62205.39475604296,61327.79811936669,61950.546875
2019-12-13 00:00:00+05:30,62057.14767225419,63341.77015591551,62057.14767225419,63170.17578125
2019-12-16 00:00:00+05:30,62847.695945209845,64082.91009507639,62847.695945209845,63494.20703125
2019-12-17 00:00:00+05:30,63493.952811612544,64230.68462789399,63123.388608537956,63938.3828125
2019-12-18 00:00:00+05:30,63838.97201231176,64161.907139041745,63242.95808493974,63368.35546875
2019-12-19 00:00:00+05:30,63490.013178097004,63615.01686163053,62974.23788196105,63322.07421875
2019-12-20 00:00:00+05:30,63322.064766432675,63626.32115454658,62707.271698617995,63010.9375
2019-12-23 00:00:00+05:30,62847.695203931224,63144.1465964026,62637.80916207916,62927.63671875
2019-12-24 00:00:00+05:30,62863.500508946854,63144.14113621894,62699.36372482406,62859.30078125
2019-12-26 00:00:00+05:30,62859.53901489506,62995.906624529336,62053.63531508036,62394.8515625
2019-12-27 00:00:00+05:30,62550.845520451316,65812.00360176535,62454.49882493188,64863.01953125
2019-12-30 00:00:00+05:30,65218.30990375703,66197.58754606408,64725.21248346316,65468.7109375
2019-12-31 00:00:00+05:30,65215.0516004158,65791.44875962837,65013.75804372955,65545.6875
2020-01-01 00:00:00+05:30,65415.93953663987,66152.12701613044,65318.11059641226,65919.953125
2020-01-02 00:00:00+05:30,65919.95790169356,66914.95364395513,65482.15174620759,66506.4375
2020-01-03 00:00:00+05:30,66602.73176917783,66668.5918286088,65466.33501050491,65795.84375
2020-01-06 00:00:00+05:30,65231.45226379513,65394.1067914371,64349.85684948618,64734.05859375
2020-01-07 00:00:00+05:30,64971.26802935393,65728.25348675517,64329.944922522634,64561.27734375
2020-01-08 00:00:00+05:30,64033.50260012018,64466.22128432149,63539.41693190938,64104.20703125
2020-01-09 00:00:00+05:30,65021.66637518613,66355.69752422109,64745.76974215003,66126.1484375
2020-01-10 00:00:00+05:30,65935.72498199194,67294.46041624056,65544.94958306696,66695.28125
2020-01-13 00:00:00+05:30,66693.64338228179,67096.81718806575,65960.42043156685,66223.96875
2020-01-14 00:00:00+05:30,65912.01237024137,66701.56122084065,65665.95772218227,65907.171875
2020-01-15 00:00:00+05:30,66007.85260771884,66127.02758543914,65040.97351465375,65487.78125
2020-01-16 00:00:00+05:30,65712.40997853699,66355.70956042585,65117.53079528492,66266.1796875
2020-01-17 00:00:00+05:30,66662.03460282183,69171.98965605586,66345.77347243679,68493.015625
2020-01-20 00:00:00+05:30,68243.1124814354,69389.63827431963,67436.76467105527,67700.359375
2020-01-21 00:00:00+05:30,67590.92670906546,67739.15242553271,66787.44296465078,67126.6328125
2020-01-22 00:00:00+05:30,67649.22401299627,67986.19045113343,66722.46594696403,67048.5625
2020-01-23 00:00:00+05:30,67689.72958366328,69171.9864358603,67333.987939136,69052.0703125
2020-01-24 00:00:00+05:30,68787.5839623459,69987.86454126681,68677.89696144346,69574.515625
2020-01-27 00:00:00+05:30,69458.56484018118,69764.89796154205,68955.58561833379,69477.6875
2020-01-28 00:00:00+05:30,69750.0657056798,70160.11044228853,68521.81519724557,69038.2890625
2020-01-29 00:00:00+05:30,69260.92031183148,69764.88763040808,69171.9849026709,69540.125
2020-01-30 00:00:00+05:30,69704.58771597961,69764.86614139924,68678.8663129375,68992.7109375
2020-01-31 00:00:00+05:30,69022.78261269326,69764.8993179021,68498.26433305259,68850.59375
2020-02-03 00:00:00+05:30,67877.48321461883,69061.31237302782,67195.64505159529,68640.9921875
2020-02-04 00:00:00+05:30,68826.11601734659,71048.51278580334,68826.11601734659,70832.25
2020-02-05 00:00:00+05:30,70832.27315840572,72695.52438753181,70832.27315840572,71534.515625
2020-02-06 00:00:00+05:30,71740.23798486126,72235.31173560735,70417.07680272749,70788.9765625
2020-02-07 00:00:00+05:30,71048.49939579022,71049.48756668823,69538.82130636035,70121.0546875
2020-02-10 00:00:00+05:30,70644.36402025614,72630.58827093056,68974.35457565922,72381.46875
2020-02-11 00:00:00+05:30,72334.14037954842,72630.59177454657,70269.85049904464,70537.3515625
2020-02-12 00:00:00+05:30,70906.21339564066,71948.0390412557,70555.41267436057,70828.1015625
2020-02-13 00:00:00+05:30,71115.71875102058,71115.71875102058,70062.42858332703,70679.09375
2020-02-14 00:00:00+05:30,70950.7093241155,71661.40531111926,70258.98931677733,70949.921875
2020-02-17 00:00:00+05:30,70950.69257516731,71477.38782784926,70357.78985169795,70456.40625
2020-02-18 00:00:00+05:30,70657.22345386575,70657.22345386575,68705.50294587435,68872.1171875
2020-02-19 00:00:00+05:30,69461.50048074829,69606.91449785097,68680.81211284688,69134.6953125
2020-02-20 00:00:00+05:30,69134.6840722383,70392.98027060204,68928.94276553641,69955.1015625
2020-02-24 00:00:00+05:30,70052.42500455424,70052.42500455424,67692.71965944591,68062.859375
2020-02-25 00:00:00+05:30,68285.51150277509,68976.17195564308,67692.58376179586,68318.5703125
2020-02-26 00:00:00+05:30,68319.08798452634,68585.8590566265,67050.22304148629,67336.8046875
2020-02-27 00:00:00+05:30,67376.35744442685,67534.42519045724,65944.14353575728,66763.125
2020-02-28 00:00:00+05:30,65617.33394678718,66503.41346420138,64545.122992988036,65610.6171875
2020-03-02 00:00:00+05:30,66102.55431164554,66799.14409575757,64778.34892112058,65198.6328125
2020-03-03 00:00:00+05:30,66011.63893488613,67750.25298754078,64826.77157036078,66942.2421875
2020-03-04 00:00:00+05:30,66477.09482269773,66900.83750917093,65320.885502903526,66263.0
2020-03-05 00:00:00+05:30,66506.78024748084,67366.37885701176,66022.01545560322,66531.5859375
2020-03-06 00:00:00+05:30,65606.47160686356,65716.36397853518,63105.84884070453,65566.1015625
2020-03-09 00:00:00+05:30,65024.41275119849,65024.41275119849,62309.247461610685,63504.39453125
2020-03-11 00:00:00+05:30,63443.25723407368,64913.022938498274,61963.90277800813,62840.30078125
2020-03-12 00:00:00+05:30,61270.185299401164,62146.9269734112,57316.345661606545,59841.4765625
2020-03-13 00:00:00+05:30,55369.557699488214,65518.50215020648,55369.557699488214,65152.22265625
2020-03-16 00:00:00+05:30,61269.19058832556,63146.648128202025,59598.17300834534,60572.55078125
2020-03-17 00:00:00+05:30,60572.565323953866,62998.381157921,59638.70404964938,61408.24609375
2020-03-18 00:00:00+05:30,62158.536805399366,62647.85270414876,58502.19951819494,59214.84765625
2020-03-19 00:00:00+05:30,58255.14916784703,59164.30501575914,56279.217517955425,57122.41015625
2020-03-20 00:00:00+05:30,57513.93293823197,60390.77085508489,56856.524394053515,58293.6328125
2020-03-23 00:00:00+05:30,55246.03841222562,56326.99656335966,50892.96088417171,51357.66796875
2020-03-24 00:00:00+05:30,54351.71126113451,54351.71126113451,49326.748867185524,51977.7265625
2020-03-25 00:00:00+05:30,49564.36142670381,57019.88333841471,49564.36142670381,55912.34375
2020-03-26 00:00:00+05:30,55932.848673066066,60026.66719180107,54252.88678712592,54691.40625
2020-03-27 00:00:00+05:30,57257.051859048275,57513.98719704193,52987.9723969998,55706.79296875
2020-03-30 00:00:00+05:30,54055.255618480194,54618.537075564906,52892.02845486319,53734.77734375
2020-03-31 00:00:00+05:30,53956.42098820162,58612.8798837402,53483.11722118981,57478.85546875
2020-04-01 00:00:00+05:30,57217.52209724703,57217.52209724703,54030.979686541206,54459.2734375
2020-04-03 00:00:00+05:30,54944.63411298121,55537.561819236405,53857.599984846696,54413.22265625
2020-04-07 00:00:00+05:30,55834.0241921775,57403.30614646383,55394.319671045145,57020.91796875
2020-04-08 00:00:00+05:30,55932.84486490505,58798.662004626334,55636.381022864916,56498.84375
2020-04-09 00:00:00+05:30,57908.28339638527,59747.39764843205,57020.076936249134,59310.45703125
2020-04-13 00:00:00+05:30,58798.65518322031,59126.14732531813,56427.93293474055,56722.6171875
2020-04-15 00:00:00+05:30,57810.458322720326,57810.458322720326,56090.96776748044,56740.96484375
2020-04-16 00:00:00+05:30,56713.53567339916,61269.1969289205,56340.091580071436,59729.4609375
2020-04-17 00:00:00+05:30,60816.49568258089,61605.18991305439,60280.984675911415,60911.76171875
2020-04-20 00:00:00+05:30,61269.196141299035,61269.196141299035,60429.21522645865,60660.45703125
2020-04-21 00:00:00+05:30,59786.877406204476,60077.01824295584,57811.14268377931,58170.90234375
2020-04-22 00:00:00+05:30,58181.03287601144,58788.683427308184,57147.36221124188,57535.6796875
2020-04-23 00:00:00+05:30,57856.89824097384,58642.3807758303,57810.4522366128,58020.30078125
2020-04-24 00:00:00+05:30,57538.69667744153,58502.20426456914,57316.348772719764,58112.25390625
2020-04-27 00:00:00+05:30,58996.30865250144,59579.35424889969,58112.25187021902,58508.67578125
2020-04-28 00:00:00+05:30,59095.126598361385,59095.126598361385,57859.860574148144,58379.36328125
2020-04-29 00:00:00+05:30,58403.37856976447,59045.71691274834,58205.73600269251,58505.85546875
2020-04-30 00:00:00+05:30,59095.12268179038,61071.54818954257,58798.60867294864,59797.39453125
2020-05-04 00:00:00+05:30,58798.61151917701,58798.61151917701,57019.878658776914,57303.79296875
2020-05-05 00:00:00+05:30,57955.719908887986,58650.43355316559,56822.23975243507,57069.29296875
2020-05-06 00:00:00+05:30,57662.220000052206,58097.03365557959,56525.8755839281,57674.76953125
2020-05-07 00:00:00+05:30,57316.3580377045,58304.571107320095,57316.3580377045,58137.61328125
2020-05-08 00:00:00+05:30,58207.70789108315,59078.373513849954,57761.03572431853,58180.92578125
2020-05-11 00:00:00+05:30,58329.25976544241,58749.25020000934,57598.97051568956,58098.21484375
2020-05-12 00:00:00+05:30,57810.449607010196,57938.81690743965,56643.2235860787,56952.78125
2020-05-13 00:00:00+05:30,58156.32566641854,59490.41300116221,57535.233896132326,58942.1015625
2020-05-14 00:00:00+05:30,57984.384006769,58428.09162860824,57242.62981023071,57447.390625
2020-05-15 00:00:00+05:30,58058.49958135959,58058.49958135959,57094.00373292455,57450.3046875
2020-05-18 00:00:00+05:30,57548.57519597254,57810.401417975605,55488.15140815417,55691.7734375
2020-05-19 00:00:00+05:30,56179.90318819353,56723.420281483,55932.84996397104,56158.359375
2020-05-20 00:00:00+05:30,56525.7790050774,56723.42158901124,56076.19230931525,56623.51171875
2020-05-21 00:00:00+05:30,56722.4352262751,57573.2865778635,56624.602144036704,56774.31640625
2020-05-22 00:00:00+05:30,56633.93413963398,57207.64188169457,56328.13244526846,56757.1171875
2020-05-26 00:00:00+05:30,57153.093746826176,57513.938127683985,56520.9810763599,57045.67578125
2020-05-27 00:00:00+05:30,57143.405660870376,57513.98546411856,56822.23649805528,57394.21484375
2020-05-28 00:00:00+05:30,57268.90474951907,58255.14106474581,57268.85456684083,57777.04296875
2020-05-29 00:00:00+05:30,57662.71929727005,58650.932239700196,57662.71929727005,58416.33203125
2020-06-01 00:00:00+05:30,58798.66116039674,61535.9604132503,58665.84690515221,60721.7734375
2020-06-02 00:00:00+05:30,61268.21607527677,62987.16235806111,60930.938215758295,61953.44140625
2020-06-03 00:00:00+05:30,62751.465456930695,63415.89190715964,60408.71003799823,61016.4609375
2020-06-04 00:00:00+05:30,61115.281546507176,61751.34319289761,59994.40113977371,60922.0859375
2020-06-05 00:00:00+05:30,60977.673783337545,63091.4610651228,60795.942984680376,62777.40625
2020-06-08 00:00:00+05:30,62949.159088894296,64382.06773377494,62811.89786692591,63487.140625
2020-06-09 00:00:00+05:30,64204.19286382507,64204.19286382507,62800.93052941486,63239.84375
2020-06-10 00:00:00+05:30,63235.73695804264,63635.121616360404,62505.34733479638,63044.37109375
2020-06-11 00:00:00+05:30,62949.10831590622,63344.39345561479,61961.092337163354,62143.71484375
2020-06-12 00:00:00+05:30,60280.97664692141,63344.43611586332,58798.65754904629,62977.859375
2020-06-15 00:00:00+05:30,64184.42399469887,64726.95284416907,61763.302535314535,62251.0859375
2020-06-16 00:00:00+05:30,62973.86032773318,63734.78417947668,61345.77974884043,61921.7109375
2020-06-17 00:00:00+05:30,62008.38127126568,62751.51735075812,61633.89877558935,62226.03515625
2020-06-18 00:00:00+05:30,62146.718978259014,62603.27323611354,61961.97338989778,62257.1015625
2020-06-19 00:00:00+05:30,62357.22362831547,62843.37420354199,61960.95024635711,62207.3125
2020-06-22 00:00:00+05:30,62455.05315555624,64431.47888832701,62455.05315555624,63999.3828125
2020-06-23 00:00:00+05:30,64243.71319858807,64876.70981030553,63399.48224372029,63771.98828125
2020-06-24 00:00:00+05:30,64266.09970081028,65093.581285724846,62836.8968476984,63372.21484375
2020-06-25 00:00:00+05:30,63403.72790268617,64727.93294304776,63117.14621484672,64045.71875
2020-06-26 00:00:00+05:30,64243.35777179367,66210.24838871905,64243.35777179367,65674.34375
2020-06-29 00:00:00+05:30,65617.33450941816,66013.40713919533,64065.89048758807,64428.4140625
2020-06-30 00:00:00+05:30,65696.38063084823,66926.70544861909,64974.98535617135,66481.515625
2020-07-01 00:00:00+05:30,66012.61924906641,66012.61924906641,64826.76381345443,65060.76953125
2020-07-02 00:00:00+05:30,65617.32486907327,66012.609958646,65024.39723471418,65313.796875
2020-07-03 00:00:00+05:30,65519.49583012046,65814.92513023417,65039.67220073492,65360.640625
2020-07-06 00:00:00+05:30,65815.97050608827,66753.78459311817,65567.92905630481,66539.8828125
2020-07-07 00:00:00+05:30,66539.88064396202,66714.25390100358,64826.767233088955,66070.7265625
2020-07-08 00:00:00+05:30,66210.25615006483,66653.61626899321,64234.521570250094,64517.64453125
2020-07-09 00:00:00+05:30,65167.59449648381,65419.68913267732,64283.24438188308,64565.7265625
2020-07-10 00:00:00+05:30,65023.42366284605,65023.42366284605,63754.55823961629,64102.65625
2020-07-13 00:00:00+05:30,64332.663634727905,64924.50283182547,63591.5039154338,63911.140625
2020-07-14 00:00:00+05:30,64036.19110659047,64125.13026090518,62860.36453182619,63636.953125
2020-07-15 00:00:00+05:30,63914.654543647615,64431.43977889781,62711.999278567,62924.8125
2020-07-16 00:00:00+05:30,63245.6279972937,63376.813264741206,61695.46931703337,62789.0234375
2020-07-17 00:00:00+05:30,63244.58837144825,65094.42644921677,62635.6021605858,64590.140625
2020-07-20 00:00:00+05:30,64727.94689818729,65073.32731713258,63957.24117836318,64276.13671875
2020-07-21 00:00:00+05:30,65024.395175380065,65123.216444643556,64481.125247603995,64847.60546875
2020-07-22 00:00:00+05:30,64816.88105213949,64816.88105213949,63498.40823522265,63648.56640625
2020-07-23 00:00:00+05:30,64029.825340551004,64029.825340551004,62356.23654318923,62610.5546875
2020-07-24 00:00:00+05:30,62454.057022386325,63047.972879764675,61960.93886459631,62234.1796875
2020-07-27 00:00:00+05:30,62830.578023008,62830.578023008,60878.85748832035,61201.609375
2020-07-28 00:00:00+05:30,61466.64602404182,62257.41322120056,61275.12959037717,61471.68359375
2020-07-29 00:00:00+05:30,61664.48464694294,62059.769804936164,60824.50368620734,61086.48046875
2020-07-30 00:00:00+05:30,61269.19406265266,61664.37882027426,59985.20838987585,60323.62109375
2020-07-31 00:00:00+05:30,60478.6210821318,60873.906187243774,59887.669849989405,60328.95703125
2020-08-03 00:00:00+05:30,60280.98633461268,61071.556647197765,60085.56723547055,60255.93359375
2020-08-04 00:00:00+05:30,60775.08309454053,60972.72564118944,60285.07626667882,60547.89453125
2020-08-05 00:00:00+05:30,60676.27435276814,61170.38082143889,60429.22111843276,60793.921875
2020-08-06 00:00:00+05:30,60775.09650880877,61120.97104178573,60379.81132826367,60622.71484375
2020-08-07 00:00:00+05:30,60528.04604272499,62514.35416592299,60528.04604272499,61963.72265625
2020-08-10 00:00:00+05:30,62057.78359868782,62800.919578595036,60972.72601100415,61133.8046875
2020-08-11 00:00:00+05:30,61466.84142336201,61753.4231599018,60666.38898681984,60736.0078125
2020-08-12 00:00:00+05:30,60913.438117295846,61170.22676220218,60626.85640000163,60908.25
2020-08-13 00:00:00+05:30,61170.37070618704,63593.71548105371,60676.26431922268,63222.39453125
2020-08-14 00:00:00+05:30,63245.62638614768,63838.55413351781,60478.63023175372,60709.625
2020-08-17 00:00:00+05:30,61465.852546785434,61548.02090317172,59233.87340560046,59439.078125
2020-08-18 00:00:00+05:30,59984.51890166804,60162.347028742995,59292.76991927648,59495.84765625
2020-08-19 00:00:00+05:30,59865.92727984642,60004.27706226931,58901.53201916814,59132.4765625
2020-08-20 00:00:00+05:30,59291.149471995894,59589.24237171791,58537.43634806071,58805.88671875
2020-08-21 00:00:00+05:30,59282.89492582487,59441.00899797242,58625.83367883941,58924.3203125
2020-08-24 00:00:00+05:30,59292.77590314729,59823.94035394632,58803.66068463426,58896.05859375
2020-08-25 00:00:00+05:30,59240.39304836336,59441.00024786988,58371.012832767956,58587.578125
2020-08-26 00:00:00+05:30,58551.61237752636,59042.013012840245,58551.61237752636,58637.33984375
2020-08-27 00:00:00+05:30,59081.29466619015,59094.14143350458,58403.38063713642,58617.37890625
2020-08-28 00:00:00+05:30,58699.84259569714,59291.78208584566,58453.7775989576,58877.57421875
2020-08-31 00:00:00+05:30,59291.781700269596,59291.781700269596,56842.052272709494,57303.94140625
2020-09-01 00:00:00+05:30,57810.46171978423,58007.065928241114,56921.07000101832,57657.5859375
2020-09-02 00:00:00+05:30,57721.50917029555,58403.22930881612,57316.34192564872,57896.17578125
2020-09-03 00:00:00+05:30,58048.61308050539,58302.58379196229,57617.20797349711,57802.6484375
2020-09-04 00:00:00+05:30,57563.39168699507,58106.90869004824,56886.909888699236,57736.72265625
2020-09-07 00:00:00+05:30,57736.7363568855,58161.22400904,57316.35210466953,57686.140625
2020-09-08 00:00:00+05:30,57810.45279302622,57810.45279302622,57365.75700231063,57526.48828125
2020-09-09 00:00:00+05:30,57513.98642161592,58358.85820440559,57184.91155085307,58070.89453125
2020-09-10 00:00:00+05:30,58171.1440228131,58698.84963579505,58008.08891767824,58437.0234375
2020-09-11 00:00:00+05:30,58403.372344147734,58699.83616315356,57756.980853359644,58528.578125
2020-09-14 00:00:00+05:30,58624.939715031884,59189.06617025392,57605.265304879074,57921.99609375
2020-09-15 00:00:00+05:30,58001.32430808016,58793.151261091494,57605.410831574496,57811.73046875
2020-09-16 00:00:00+05:30,58001.32899427582,59238.55870831754,57910.71351675083,58965.328125
2020-09-17 00:00:00+05:30,58704.07657846529,59167.29539213452,58550.21546159524,58922.671875
2020-09-18 00:00:00+05:30,58991.95849097706,59357.335641321515,57932.789279444376,58348.3515625
2020-09-21 00:00:00+05:30,58348.352927739514,58476.32888549044,57274.83182570915,57565.0859375
2020-09-22 00:00:00+05:30,57565.80814010354,57754.11445025923,56813.572682977014,57119.9609375
2020-09-23 00:00:00+05:30,57407.464107959066,57724.19494441677,56219.72347124267,56627.01953125
2020-09-24 00:00:00+05:30,56417.22639688028,56514.77035400213,54735.03873251158,55050.6328125
2020-09-25 00:00:00+05:30,55338.81089094312,57407.45898184047,55131.99634431073,56874.41015625
2020-09-28 00:00:00+05:30,57209.49686931849,58842.589683585145,57209.49686931849,58700.65625
2020-09-29 00:00:00+05:30,59168.08347060551,59278.146646361456,57581.409914210424,58854.8671875
2020-09-30 00:00:00+05:30,58694.17927943659,59388.01772252066,58100.309000049376,58963.59765625
2020-10-01 00:00:00+05:30,58961.42207737984,60074.928873368626,58793.158828208194,59959.421875
2020-10-05 00:00:00+05:30,60178.849007206016,60608.364870889425,59683.95715681781,59907.25390625
2020-10-06 00:00:00+05:30,60178.846539854836,60475.78163791333,59462.59114069171,59654.2109375
2020-10-07 00:00:00+05:30,59872.01073972104,60465.58319906312,59344.258890631754,59982.421875
2020-10-08 00:00:00+05:30,60108.523966963316,60475.78398157987,58991.10843375058,59560.58203125
2020-10-09 00:00:00+05:30,60057.99653498817,60057.99653498817,57944.56082934284,58184.3359375
2020-10-12 00:00:00+05:30,58692.19823849346,58692.19823849346,57579.731538826105,57988.5625
2020-10-13 00:00:00+05:30,57605.514036067245,58831.95274515635,57605.514036067245,57991.37890625
2020-10-14 00:00:00+05:30,58100.3021955449,58544.71506923825,57407.45361740382,58301.7734375
2020-10-15 00:00:00+05:30,58397.2410502533,58641.122218882,57555.92486563101,57857.4609375
2020-10-16 00:00:00+05:30,57753.882383384036,58278.61469709629,57268.93860354653,57420.42578125
2020-10-19 00:00:00+05:30,57705.32214788997,59485.99306806526,57506.4259110581,59396.765625
2020-10-20 00:00:00+05:30,58645.675419365194,59730.77608904476,58645.675419365194,59315.1171875
2020-10-21 00:00:00+05:30,59387.02108362476,60969.68519550336,59387.02108362476,60418.8203125
2020-10-22 00:00:00+05:30,60418.82843174969,61804.67656395993,60213.150581155336,61614.390625
2020-10-23 00:00:00+05:30,61614.03405522,63331.308739329346,61495.95208897499,62969.1484375
2020-10-26 00:00:00+05:30,63148.19992475214,63662.78692274299,62221.71212108293,62633.95703125
2020-10-27 00:00:00+05:30,63886.58324365147,68897.3171851412,62853.34951227754,67505.828125
2020-10-28 00:00:00+05:30,67505.81300032731,67505.81300032731,64692.30300090079,66161.6328125
2020-10-29 00:00:00+05:30,65325.72526560539,68213.3728613483,64495.19620285061,66610.8125
2020-10-30 00:00:00+05:30,67055.87560582743,67750.70386164739,63940.08633934042,64636.1015625
2020-11-02 00:00:00+05:30,64830.831583683444,65956.4166870928,64098.441916793985,65549.4609375
2020-11-03 00:00:00+05:30,65964.14477821799,67304.31211304742,65887.583450773,66984.859375
2020-11-04 00:00:00+05:30,66632.4856686824,68542.52075053578,66536.72409637028,67750.546875
2020-11-05 00:00:00+05:30,68295.08390788044,69176.09203682932,67511.22151479372,67867.9921875
2020-11-06 00:00:00+05:30,68542.54139920186,69185.9009935626,67443.73424777077,67816.8828125
2020-11-09 00:00:00+05:30,68394.05511667454,69607.23611649987,67964.09461483703,69127.53125
2020-11-10 00:00:00+05:30,69724.31727036992,70013.62792918597,68269.28895405035,68658.3203125
2020-11-11 00:00:00+05:30,68770.17224048401,69769.85378859697,67225.26678862803,67888.421875
2020-11-12 00:00:00+05:30,68294.07233590455,68868.88910874295,67948.63789127157,68678.0078125
2020-11-13 00:00:00+05:30,68789.96071680839,71758.32175550923,68740.47153643658,71092.3984375
2020-11-14 00:00:00+05:30,71487.14069245214,71749.43342050337,70275.89266998916,71191.1953125
2020-11-17 00:00:00+05:30,71549.46593762396,73887.33444338795,71191.16432920458,73338.453125
2020-11-18 00:00:00+05:30,73341.4269659035,74632.69822913474,71637.78591800643,74277.3515625
2020-11-19 00:00:00+05:30,73741.88032371632,76611.379801011,73352.83313421483,76049.5078125
2020-11-20 00:00:00+05:30,76175.85841353961,78691.00097293883,76018.47641159373,78264.78125
2020-11-23 00:00:00+05:30,80334.08718537218,80422.57587280887,78394.07923535995,79299.2265625
2020-11-24 00:00:00+05:30,79482.84385430694,80126.22926533183,78295.59671302505,79027.671875
2020-11-25 00:00:00+05:30,79977.7807808103,79977.7807808103,74883.15655211189,75535.203125
2020-11-26 00:00:00+05:30,76216.43002149621,76754.8477524902,73549.10242668547,75048.484375
2020-11-27 00:00:00+05:30,75721.53420309456,78422.7174369943,74533.74543128132,76947.578125
2020-12-01 00:00:00+05:30,78592.00785920979,79287.2121352794,76986.01878173412,78754.6328125
2020-12-02 00:00:00+05:30,78987.94200940071,79185.90677634157,77831.78137247387,78969.3828125
2020-12-03 00:00:00+05:30,78961.51186700007,78987.94325700363,77701.17225156372,78091.8046875
2020-12-04 00:00:00+05:30,78591.95982674493,78789.97097592929,77404.21771755867,77897.296875
2020-12-07 00:00:00+05:30,77094.70035407854,79180.95507566698,77094.70035407854,78718.359375
2020-12-08 00:00:00+05:30,78789.97827826909,79170.3644897472,78060.27704453263,78356.234375
2020-12-09 00:00:00+05:30,78686.05736305723,78790.77764703838,77206.31690958429,77573.7890625
2020-12-10 00:00:00+05:30,77700.15447350139,77943.99903790397,76562.94780758063,76825.3515625
2020-12-11 00:00:00+05:30,77196.35602761478,77598.92044914374,76513.3776244983,77085.84375
2020-12-14 00:00:00+05:30,77602.18567233715,77602.18567233715,76513.379495812,76758.5078125
2020-12-15 00:00:00+05:30,76758.48936525719,77008.27288695965,76018.4493280013,76499.8515625
2020-12-16 00:00:00+05:30,76595.54486693266,78374.65284495478,76592.5753951546,77818.8203125
2020-12-17 00:00:00+05:30,77824.87929669744,78360.66770955028,76216.41597260036,76504.6015625
2020-12-18 00:00:00+05:30,77107.25909487995,77394.3079413179,76067.94430605294,76782.1484375
2020-12-21 00:00:00+05:30,76847.926029101,77001.49561678397,73786.85009345702,74511.6484375
2020-12-22 00:00:00+05:30,74708.94317011544,75929.24918810767,73026.98480290663,75321.9921875
2020-12-23 00:00:00+05:30,75226.60887811951,76067.95910899321,74639.04792322966,75082.9375
2020-12-24 00:00:00+05:30,75622.54505018982,75770.97223540879,74781.19474531205,75120.0625
2020-12-28 00:00:00+05:30,75325.5767477722,76058.24727735338,74245.53226193621,74599.7421875
2020-12-29 00:00:00+05:30,75126.6370751067,75226.60927954399,74098.21014035083,74907.4375
2020-12-30 00:00:00+05:30,74792.11539742792,76882.32920920035,74533.72501234713,76142.2890625
2020-12-31 00:00:00+05:30,75820.49538070007,76552.9185203345,74543.76973531731,74979.59375
2021-01-01 00:00:00+05:30,75226.61092322489,75557.56006669541,74781.19020065316,75248.0390625
2021-01-04 00:00:00+05:30,75425.20835190857,78097.09052340486,75127.61940084193,77604.359375
2021-01-05 00:00:00+05:30,77008.29755828368,78565.29051534255,76909.31517067664,78248.546875
2021-01-06 00:00:00+05:30,78248.5332288125,78987.93153528946,76829.32709600533,77950.84375
2021-01-07 00:00:00+05:30,78690.99096405107,78690.99096405107,76216.43149977275,76545.6484375
2021-01-08 00:00:00+05:30,76988.49936740755,80570.67189518652,76810.33107367993,79781.8828125
2021-01-11 00:00:00+05:30,79878.77271408959,82155.36722762622,79680.80797378205,81668.2734375
2021-01-12 00:00:00+05:30,81561.4881114049,86114.67798170178,80880.88366158419,84874.328125
2021-01-13 00:00:00+05:30,85322.8169236616,86510.5591603362,84431.97544766049,84770.7890625
2021-01-14 00:00:00+05:30,85421.78766553213,89022.86691440252,84912.02844597536,87846.5078125
2021-01-15 00:00:00+05:30,88242.79850916743,88909.83927233014,85522.06652912375,86660.8125
2021-01-18 00:00:00+05:30,86906.53086623212,87268.41199921787,84245.14208643051,84790.140625
2021-01-19 00:00:00+05:30,85273.31634544622,87110.13537761521,85273.31634544622,86310.203125
2021-01-20 00:00:00+05:30,86906.53437780333,93162.36806181715,86709.1650479232,92134.2890625
2021-01-21 00:00:00+05:30,92647.50740911835,95497.90609084377,89680.01566539466,90779.609375
2021-01-22 00:00:00+05:30,91503.26707598253,93385.86545730392,90489.68755231625,91366.625
2021-01-25 00:00:00+05:30,92924.61814422188,92924.61814422188,88297.33849754564,88726.1796875
2021-01-27 00:00:00+05:30,89183.15034320131,89259.61425401166,86619.50595486733,87676.390625
2021-01-28 00:00:00+05:30,87203.4643707964,88501.71862873225,86236.15919989558,86597.3984375
2021-01-29 00:00:00+05:30,87598.52170896425,88478.3745854301,82606.44563458404,83213.6484375
2021-02-01 00:00:00+05:30,84024.16123736792,87894.96766728268,83046.26173838148,87236.78125
2021-02-02 00:00:00+05:30,88539.72711162567,91014.18575291164,88021.90240625816,89822.4921875
2021-02-03 00:00:00+05:30,90651.22841339848,92329.12657549586,88589.27090813626,89048.0078125
2021-02-04 00:00:00+05:30,90073.86476893286,92825.67544657348,89048.50784682807,91243.890625
2021-02-05 00:00:00+05:30,92368.65960410329,92614.78544741405,89353.50976158203,89770.125
2021-02-08 00:00:00+05:30,91311.15313091432,91609.4381061365,89084.14991210043,89946.0390625
2021-02-09 00:00:00+05:30,90563.91544206179,93735.31043715842,89480.05853830685,92645.4140625
2021-02-10 00:00:00+05:30,92896.95567353732,96884.75523789994,91806.16970038557,95987.0390625
2021-02-11 00:00:00+05:30,95785.23363688446,97596.56449998946,88213.08279135209,89167.96875
2021-02-12 00:00:00+05:30,91063.7939195059,92528.73321299361,89168.28125259445,90349.1875
2021-02-15 00:00:00+05:30,91433.39252953212,91509.2145827521,89084.14615952071,89721.4921875
2021-02-16 00:00:00+05:30,90567.87747510061,90618.35848310322,88098.0663197821,88663.8046875
2021-02-17 00:00:00+05:30,90076.88322393819,90076.88322393819,87910.18686131349,88279.8984375
2021-02-18 00:00:00+05:30,88592.19374529581,89087.12220197344,87453.85829493725,87979.8203125
2021-02-19 00:00:00+05:30,87265.7906215177,88463.37062533169,86117.55653439247,87226.296875
2021-02-22 00:00:00+05:30,87899.30373435884,87899.30373435884,85351.41175449127,86039.65625
2021-02-23 00:00:00+05:30,86408.18685183332,87211.40171440653,84929.73481657977,86670.3984375
2021-02-24 00:00:00+05:30,87206.38863124861,87701.31705707863,85969.06756667358,87087.2578125
2021-02-25 00:00:00+05:30,87305.37975366357,87701.3225189863,86476.72258534016,86734.03125
2021-02-26 00:00:00+05:30,86018.57558269352,86434.3155337261,82953.5297004026,83641.0859375
2021-03-01 00:00:00+05:30,84335.83211542906,88952.52602371969,84288.36537013082,88122.484375
2021-03-02 00:00:00+05:30,89234.36667393785,89358.34625685954,87549.83121062515,88770.765625
2021-03-03 00:00:00+05:30,88770.36100272973,89037.62234829995,87582.53280019543,88193.375
2021-03-04 00:00:00+05:30,87305.39780040299,89880.01616410875,87204.13851054343,88862.984375
2021-03-05 00:00:00+05:30,88790.05580622355,88790.05580622355,87112.34903650673,87762.4375
2021-03-08 00:00:00+05:30,87762.45704550357,88577.3104506928,86317.5596370157,86676.3828125
2021-03-09 00:00:00+05:30,87501.7653812807,88597.63751117699,87107.40793564166,88164.28125
2021-03-10 00:00:00+05:30,88792.87860008731,88793.12606429157,87483.00416732187,87784.5625
2021-03-12 00:00:00+05:30,87899.29686458402,89384.08228459388,87305.38269658007,87874.8984375
2021-03-15 00:00:00+05:30,88295.23578858859,88582.78921904358,86117.55060097766,86784.265625
2021-03-16 00:00:00+05:30,87008.4180792079,87582.38812669233,85622.61847385077,85938.3828125
2021-03-17 00:00:00+05:30,86442.76152678324,86442.76152678324,84381.58567266949,84740.65625
2021-03-18 00:00:00+05:30,85152.64954785883,85472.41975862409,82158.17745565748,82362.2890625
2021-03-19 00:00:00+05:30,82059.12504780016,84059.57915154102,79788.19258556337,83682.2890625
2021-03-22 00:00:00+05:30,83642.90579272111,84631.77280913446,81585.09388549687,82873.5859375
2021-03-23 00:00:00+05:30,83147.89619140534,84137.80742807008,82752.05388222571,83756.859375
2021-03-24 00:00:00+05:30,83019.29515135955,83489.8715576706,80970.29144367726,81506.5
2021-03-25 00:00:00+05:30,81465.23042378773,82151.20131909373,79884.13494411492,80922.0
2021-03-26 00:00:00+05:30,81910.07287386587,81910.07287386587,80970.30416653569,81177.6328125
2021-03-30 00:00:00+05:30,81674.08940563603,83094.53417417704,80500.16542504988,82341.546875
2021-03-31 00:00:00+05:30,81872.44711620177,82678.53861621622,81118.77163148993,81425.0859375
2021-04-01 00:00:00+05:30,82304.62232130195,82603.51270846535,81366.23797097971,82289.875
2021-04-05 00:00:00+05:30,81475.13683655695,82424.51031541545,80438.36207021376,80694.0390625
2021-04-06 00:00:00+05:30,81306.604350492,81663.20032524556,80387.37521857335,81411.328125
2021-04-07 00:00:00+05:30,80940.59523386025,83098.48318310588,80856.20993676245,82823.8984375
2021-04-08 00:00:00+05:30,83048.99671309208,83635.13894955932,81663.19700631821,82141.3984375
2021-04-09 00:00:00+05:30,82067.41777387395,82442.674134929,80920.81529273496,81057.5625
2021-04-12 00:00:00+05:30,80475.37279000983,80574.35848839852,78099.71602868113,78424.2421875
2021-04-13 00:00:00+05:30,78693.63804359587,82257.12353990965,78495.666627134,81833.0703125
2021-04-15 00:00:00+05:30,80871.3272022277,81613.67364724861,79683.4986509098,80159.125
2021-04-16 00:00:00+05:30,80584.24119871936,81149.49582481904,80159.097707811,80540.6875
2021-04-19 00:00:00+05:30,78401.6271332023,79583.51644318328,78013.60317213653,78427.7578125
2021-04-20 00:00:00+05:30,79584.44987409956,79832.06103569255,77901.2909827214,78535.046875
2021-04-22 00:00:00+05:30,78297.6854615748,78297.6854615748,76846.90315618133,77513.71875
2021-04-23 00:00:00+05:30,77486.00394090303,78080.90798240129,77010.8725932838,77420.8203125
2021-04-26 00:00:00+05:30,77753.2598683066,78492.08751536242,76698.56733629284,76899.5546875
2021-04-27 00:00:00+05:30,77109.84635361611,77676.93377969894,76911.87498942198,77219.125
2021-04-28 00:00:00+05:30,77594.89528894846,78495.66521767588,77060.37247409922,77269.03125
2021-04-29 00:00:00+05:30,77802.73854856142,78297.66691082962,76718.84543519406,76869.203125
2021-04-30 00:00:00+05:30,76812.9017646723,80870.32553185517,76416.95897207089,79901.796875
2021-05-03 00:00:00+05:30,79584.38880817869,80305.05871510225,78495.74735699501,79097.03125
2021-05-04 00:00:00+05:30,80059.64637566861,80059.64637566861,77614.8461445343,77817.125
2021-05-05 00:00:00+05:30,78495.61571927447,78593.61156479482,76962.37358638804,77483.734375
2021-05-06 00:00:00+05:30,77505.7983019134,78396.62314721898,76967.56359148346,77097.28125
2021-05-07 00:00:00+05:30,77505.80085127639,77971.0336277783,76416.95818286766,76660.6640625
2021-05-10 00:00:00+05:30,77406.8263285379,77946.29845576365,76713.92634861493,77575.1484375
2021-05-11 00:00:00+05:30,77123.71172872439,78188.75137045913,76819.18379526517,77823.6875
2021-05-12 00:00:00+05:30,77505.790754376,78421.50886586605,76219.96671619038,76483.5625
2021-05-14 00:00:00+05:30,76714.90217801755,77060.36224769572,75179.6340746627,75363.5
2021-05-17 00:00:00+05:30,76001.210403242,77668.42323442717,75229.12204540755,77418.484375
2021-05-18 00:00:00+05:30,78050.21324468589,79136.08621779205,77610.26827089366,78465.953125
2021-05-19 00:00:00+05:30,78467.93649775232,79188.55232389981,77545.43626272127,78874.96875
2021-05-20 00:00:00+05:30,78990.59369674543,81633.46565772576,78442.56087998602,80407.1796875
2021-05-21 00:00:00+05:30,80871.31138408242,81647.01122257339,80475.36861108814,81344.6640625
2021-05-24 00:00:00+05:30,81524.61984211254,82455.08539154899,81168.27133381773,81622.46875
2021-05-25 00:00:00+05:30,81867.11117778253,82256.07857037838,81090.07345047666,81348.078125
2021-05-26 00:00:00+05:30,81831.43185480981,81960.15966445791,80574.35986336805,80742.140625
2021-05-27 00:00:00+05:30,80772.20736873966,82331.1852945024,80530.38846669593,81954.34375
2021-05-28 00:00:00+05:30,82355.09941553892,82801.52485137839,81984.89295655009,82536.34375
2021-05-31 00:00:00+05:30,82392.71904005371,83113.33486548183,82158.12295402835,82793.015625
2021-06-01 00:00:00+05:30,82795.0001400562,83939.87024717806,81971.83354508449,82240.734375
2021-06-02 00:00:00+05:30,81960.16147856016,83916.5674843549,81960.16147856016,83576.25
2021-06-03 00:00:00+05:30,83845.83747630475,84222.97299461502,82959.9154582268,83614.2109375
2021-06-04 00:00:00+05:30,83989.34531041361,84470.41569133125,83385.53269238943,84057.3515625
2021-06-07 00:00:00+05:30,84730.66798894554,86414.51526196746,81415.73746044471,81564.7109375
2021-06-08 00:00:00+05:30,81425.6288869609,81618.7979150395,80327.03465589187,80524.0703125
2021-06-09 00:00:00+05:30,81038.59098208498,81157.373804861,79197.45722905663,79414.3828125
2021-06-10 00:00:00+05:30,79486.51023228197,81490.924340328,79238.10251459309,81338.6796875
2021-06-11 00:00:00+05:30,81734.61589467168,81978.4223040581,80500.31839742305,81338.03125
2021-06-14 00:00:00+05:30,81168.2742042109,82284.78650347305,80446.96231319303,81640.2890625
2021-06-15 00:00:00+05:30,81693.39297445718,82512.25217606289,81118.78098711102,82022.2265625
2021-06-16 00:00:00+05:30,81959.1664038346,82306.60619667928,81514.76702848711,81716.9453125
2021-06-17 00:00:00+05:30,81094.03548983665,82450.98251773622,80996.08604545971,81837.8125
2021-06-18 00:00:00+05:30,81811.68235974191,82304.03569277254,79683.48977567119,81805.84375
2021-06-21 00:00:00+05:30,80178.42061428071,81415.74192005665,80178.42061428071,80947.5859375
2021-06-22 00:00:00+05:30,81663.19289410347,81663.19289410347,80673.33601053858,80918.078125
2021-06-23 00:00:00+05:30,80920.79953451268,81663.14579125159,80920.79953451268,81139.109375
2021-06-24 00:00:00+05:30,81364.26700563445,81364.26700563445,79831.96834478233,80153.671875
2021-06-25 00:00:00+05:30,80394.10459993478,80424.93709856717,79559.75568848586,79697.546875
2021-06-28 00:00:00+05:30,80078.43691030788,80325.75421441051,79328.12534677789,79737.578125
2021-06-29 00:00:00+05:30,79930.9517124691,79930.9517124691,78721.0990099234,79408.5546875
2021-06-30 00:00:00+05:30,79485.51345850062,79831.51486369601,79060.8648249552,79267.25
2021-07-01 00:00:00+05:30,79287.54090270118,80641.51826488024,79287.54090270118,80196.5234375
2021-07-02 00:00:00+05:30,80199.29180309126,80663.03973400236,79782.46153988354,80319.2578125
2021-07-05 00:00:00+05:30,80366.48487645565,80997.76613929542,79782.4692824526,80010.484375
2021-07-06 00:00:00+05:30,80069.52112153845,80558.5104086449,79534.99841903344,79633.1953125
2021-07-07 00:00:00+05:30,79782.46315998606,80524.7088753783,79485.70716575324,79949.6484375
2021-07-08 00:00:00+05:30,80178.39300109642,80514.8978808273,79287.5219677509,79602.25
2021-07-09 00:00:00+05:30,79782.46981587258,79881.35497808717,79069.77281503599,79183.3125
2021-07-12 00:00:00+05:30,79485.50328923107,79663.87858294112,79069.76342146672,79373.75
2021-07-13 00:00:00+05:30,79624.04744091968,82603.56328924386,79189.64716749186,82272.75
2021-07-14 00:00:00+05:30,82158.11864207532,82511.45113838145,81545.00285514952,81966.1328125
2021-07-15 00:00:00+05:30,81966.10376992353,82410.50319063678,80293.24533730789,80619.109375
2021-07-16 00:00:00+05:30,81118.77316808389,81871.06441406002,80529.70777869513,81613.5546875
2021-07-19 00:00:00+05:30,80970.30814214298,82123.44522652443,80797.08315528631,81402.1796875
2021-07-20 00:00:00+05:30,81367.23210594984,81861.17072982143,80576.33639357828,80811.96875
2021-07-22 00:00:00+05:30,80822.31314389051,81564.21091183249,80418.49791658904,80744.609375
2021-07-23 00:00:00+05:30,81049.4497604082,81138.33583118848,80178.42194622122,80351.5
2021-07-26 00:00:00+05:30,80523.87582452552,80771.88139866562,79881.45864164537,80097.0
2021-07-27 00:00:00+05:30,80104.18652865409,80495.13368707329,79136.9492014538,79282.953125
2021-07-28 00:00:00+05:30,79441.5150671432,79728.03226983243,78397.71085796152,79112.09375
2021-07-29 00:00:00+05:30,79190.83307254879,79483.33581418259,78646.07146268069,78916.84375
2021-07-30 00:00:00+05:30,79153.6068029847,80316.9824310428,78904.75061165729,79096.9375
2021-08-02 00:00:00+05:30,79682.48858062988,80524.81038171392,79320.49482813964,79605.1328125
2021-08-03 00:00:00+05:30,79980.44178815479,80396.18170834074,79695.85791421798,80196.625
2021-08-04 00:00:00+05:30,80340.02227601052,80916.60254748951,79529.86912428685,79778.765625
2021-08-05 00:00:00+05:30,79938.29853741536,80045.78852147292,78800.91118610767,78995.6171875
2021-08-06 00:00:00+05:30,79029.03606769684,79478.03818336857,78337.92390476722,78496.234375
2021-08-09 00:00:00+05:30,78823.76934811742,81972.00559217184,78536.24624175925,79379.765625
2021-08-10 00:00:00+05:30,79427.71573321678,80261.62109729699,77544.63064879153,78167.4140625
2021-08-11 00:00:00+05:30,78337.93379915852,79130.88071510124,76652.18079335385,76952.7421875
2021-08-12 00:00:00+05:30,77543.67764729213,78050.34888884096,76954.65547920186,77580.4140625
2021-08-13 00:00:00+05:30,77891.68234079276,78536.23477263891,77810.51676593155,78211.828125
2021-08-16 00:00:00+05:30,78290.02960452723,78684.98845786281,77455.38057269898,77999.578125
2021-08-17 00:00:00+05:30,77999.59735416294,78501.60472942569,77277.00886785302,78076.75
2021-08-18 00:00:00+05:30,78436.10306982715,78833.74244998368,78238.77080885172,78682.171875
2021-08-20 00:00:00+05:30,78733.57650014758,78733.57650014758,77152.9354222847,77422.609375
2021-08-23 00:00:00+05:30,78039.45694215657,78039.45694215657,75313.4951493258,75524.609375
2021-08-24 00:00:00+05:30,75858.88125393749,76752.3302998172,75377.69795814046,76511.3203125
2021-08-25 00:00:00+05:30,76592.63496304458,77326.47979151936,76094.43918543802,76370.109375
2021-08-26 00:00:00+05:30,76484.58079671748,76617.45777000656,75660.54523848444,75922.875
2021-08-27 00:00:00+05:30,76007.63683038103,76684.56435184648,75922.89984289216,76308.546875
2021-08-30 00:00:00+05:30,76354.70071976262,77718.13103616622,76354.70071976262,77530.265625
2021-08-31 00:00:00+05:30,77643.7943222111,79185.80887807187,77601.94488725255,79074.453125
2021-09-01 00:00:00+05:30,79329.54961284205,79884.80997797397,78575.71746883549,79284.578125
2021-09-02 00:00:00+05:30,79719.25448245755,81189.37665242629,79370.65379843484,80584.09375
2021-09-03 00:00:00+05:30,81262.22255908712,81907.86753438207,80826.80090784162,81707.3125
2021-09-06 00:00:00+05:30,82006.92717274126,82502.73688962603,80597.5880524963,80722.6328125
2021-09-07 00:00:00+05:30,81099.60778427882,81610.29187071159,80212.15473759771,80405.1796875
2021-09-08 00:00:00+05:30,80697.99307935569,80747.22543700837,79141.15049967286,79567.546875
2021-09-09 00:00:00+05:30,79627.0271095112,80787.17516930238,79131.21747620167,79198.546875
2021-09-13 00:00:00+05:30,79131.23324377206,79733.24696989795,78585.84253845784,79571.1171875
2021-09-14 00:00:00+05:30,79557.62459209036,80169.50024505025,79381.1628207612,79749.8515625
2021-09-15 00:00:00+05:30,79846.2074613766,80316.23518503494,79445.24449833955,79537.9609375
2021-09-16 00:00:00+05:30,79924.52355706286,79924.52355706286,79132.21965728504,79301.4921875
2021-09-17 00:00:00+05:30,79329.56588546833,79666.51511775568,78190.19499543829,78731.8671875
2021-09-20 00:00:00+05:30,78526.33262804156,79279.96329854682,77852.03150180001,78214.421875
2021-09-21 00:00:00+05:30,78209.01294478381,78368.95803651486,77395.88513174054,77716.921875
2021-09-22 00:00:00+05:30,77842.12052184515,79874.94022974046,77842.12052184515,79323.3984375
2021-09-23 00:00:00+05:30,79924.53224259245,80320.1884257785,79331.09444997778,79548.4140625
2021-09-24 00:00:00+05:30,79825.372167082,80013.7798777869,78392.52842836009,78790.6171875
2021-09-27 00:00:00+05:30,79278.9902738459,81312.80194193004,78481.37955075756,81207.09375
2021-09-28 00:00:00+05:30,81074.22526500835,81203.73233942967,79141.163487726,79814.078125
2021-09-29 00:00:00+05:30,79633.10771939365,79757.45527315342,78239.82789252712,78394.1796875
2021-09-30 00:00:00+05:30,78883.33487859828,79012.19893740275,77992.90700852087,78710.34375
2021-10-01 00:00:00+05:30,78337.92961783386,78704.82878186674,77852.03613033085,78332.375
2021-10-04 00:00:00+05:30,78811.14313274498,79876.88617290583,78734.58700978856,79118.34375
2021-10-05 00:00:00+05:30,79081.650608877,79398.96883075587,78567.99173721056,78741.7265625
2021-10-06 00:00:00+05:30,78977.5206685309,79220.46740170673,77842.11654817848,77970.53125
2021-10-07 00:00:00+05:30,78486.62466371561,80763.82426000958,78199.20224720197,80591.4296875
2021-10-08 00:00:00+05:30,80618.65685399037,85649.59137489049,80420.43368623561,85140.890625
2021-10-11 00:00:00+05:30,85140.46495896438,86816.3022030903,84010.46786159617,84221.1328125
2021-10-12 00:00:00+05:30,84287.65932052443,85477.55626406088,83673.05663996059,84899.984375
2021-10-13 00:00:00+05:30,85435.94379165783,86072.56344292925,84723.9610664041,85384.921875
2021-10-14 00:00:00+05:30,85611.48057994153,85874.25978135098,84287.56766524623,84452.7265625
2021-10-18 00:00:00+05:30,84585.12022334638,86171.71098955219,83296.01522580418,83607.484375
2021-10-19 00:00:00+05:30,84127.99554287769,84462.41917466067,81897.20058156224,82317.5
2021-10-20 00:00:00+05:30,82453.16795835835,82683.67302820887,80321.18586442605,81825.0234375
2021-10-21 00:00:00+05:30,82580.88795301621,82701.02886620778,80222.56861911599,80411.875
2021-10-22 00:00:00+05:30,80420.38723117953,81583.75831724994,79408.8888678322,80123.25
2021-10-25 00:00:00+05:30,80816.94510923301,80816.94510923301,78354.258009635,78763.796875
2021-10-26 00:00:00+05:30,78833.73385680842,79825.35315060476,78619.24970237057,79422.5078125
2021-10-27 00:00:00+05:30,79819.40828101725,79899.72944869139,78536.25283693898,78707.6015625
2021-10-28 00:00:00+05:30,78707.80547970772,79041.19101589975,76652.17849371205,76958.9375
2021-10-29 00:00:00+05:30,77346.26474413052,77742.95897616711,76007.6250704491,76660.2578125
2021-11-01 00:00:00+05:30,77042.87645976417,78316.26294297153,76602.59745304377,78081.1484375
2021-11-02 00:00:00+05:30,77693.39297931604,78724.67732773325,77693.39297931604,77926.625
2021-11-03 00:00:00+05:30,78199.10230631825,78526.33669334698,77147.98579040781,77315.46875
2021-11-04 00:00:00+05:30,77718.15802845529,77974.94092977219,77445.50921927931,77755.34375
2021-11-08 00:00:00+05:30,78218.93360519625,79634.96602391101,77891.69922272016,79272.28125
2021-11-09 00:00:00+05:30,79622.09254567118,79815.31116628322,77347.31727573197,77850.765625
2021-11-10 00:00:00+05:30,77850.05264176287,78267.27648709102,77395.89097530943,77512.40625
2021-11-11 00:00:00+05:30,77742.81716091788,77742.81716091788,76255.53518948457,76563.828125
2021-11-12 00:00:00+05:30,76929.83674717162,77641.67231705855,76606.66951859424,77519.703125
2021-11-15 00:00:00+05:30,77742.95873123061,78209.06631802741,77147.98710828752,77827.7421875
2021-11-16 00:00:00+05:30,77752.87755601222,78782.17849853411,77554.8015798381,77787.3828125
2021-11-17 00:00:00+05:30,78037.93605735872,78836.76256959843,77871.926412278,78711.9609375
2021-11-18 00:00:00+05:30,78935.9206122785,79001.32350975502,76654.11717849893,76818.484375
2021-11-22 00:00:00+05:30,77192.58875300968,77249.11321999307,74394.1318086738,75026.4140625
2021-11-23 00:00:00+05:30,75167.63394694429,76059.13398544434,74467.17516478266,75863.328125
2021-11-24 00:00:00+05:30,76015.0425417528,76752.14607631462,75479.15247533514,75831.5859375
2021-11-25 00:00:00+05:30,75930.75280727651,76058.13429090499,74652.5607335359,75032.1640625
2021-11-26 00:00:00+05:30,75018.86051703151,75018.86051703151,73889.36306655037,74563.046875
2021-11-29 00:00:00+05:30,74280.08981730467,74473.41650624618,72440.56553172827,73202.40625
2021-11-30 00:00:00+05:30,72927.48998235271,75362.0093376331,72927.48998235271,74008.1953125
2021-12-01 00:00:00+05:30,74364.27130996172,74731.28518222252,72887.89519738175,73093.6640625
2021-12-02 00:00:00+05:30,73505.61142104492,73660.30997187438,72639.00358865145,73265.3359375
2021-12-03 00:00:00+05:30,73571.01929805388,74068.73061981145,73149.46416907806,73265.9296875
2021-12-06 00:00:00+05:30,73333.05728379561,73518.14856924686,72346.15684059565,72518.953125
2021-12-07 00:00:00+05:30,73075.22964752797,73263.44311240799,72739.05780805841,72994.8046875
2021-12-08 00:00:00+05:30,73430.2461308108,74615.02879293248,73391.92012230016,74032.4765625
2021-12-09 00:00:00+05:30,74309.20437328274,74647.01091772871,73482.9058432635,74045.6171875
2021-12-10 00:00:00+05:30,73437.18955730605,74374.30581051859,73382.64839971167,73601.8046875
2021-12-13 00:00:00+05:30,74056.97458311876,74484.37892223666,73030.60917479622,73176.3828125
2021-12-14 00:00:00+05:30,73035.56400234147,73580.97554614715,72886.81539948538,73493.5625
2021-12-15 00:00:00+05:30,73387.5951289653,73928.04833273918,73184.30539176596,73368.2578125
2021-12-16 00:00:00+05:30,73442.14310728527,73678.80058364506,72490.15205431479,72694.8828125
2021-12-17 00:00:00+05:30,72658.72439307753,72767.8066871029,71498.485447535,71952.7109375
2021-12-20 00:00:00+05:30,71399.33953295545,71597.57031644392,68126.86980436166,69366.9375
2021-12-21 00:00:00+05:30,69366.92639238863,70546.20839376781,69366.43056372128,69826.2109375
2021-12-22 00:00:00+05:30,69911.68725211316,70695.24365997699,69650.0369435004,69960.875
2021-12-23 00:00:00+05:30,70397.76787494739,70903.51321395602,70110.23367592829,70437.0390625
2021-12-24 00:00:00+05:30,70705.1690722178,70705.1690722178,69125.21099894556,69505.9609375
2021-12-27 00:00:00+05:30,69504.27242999444,70099.71618837937,68434.2741427887,69937.828125
2021-12-28 00:00:00+05:30,69951.49887433994,71398.32672885741,69951.49887433994,71020.2109375
2021-12-29 00:00:00+05:30,71250.57940418784,72091.3576237685,70804.33360416161,71953.7109375
2021-12-30 00:00:00+05:30,72092.44743642338,72279.91714971517,71250.87127246514,71517.875
2021-12-31 00:00:00+05:30,71410.23480739436,73084.4002670267,71410.23480739436,72726.1640625
2022-01-03 00:00:00+05:30,72976.02085495405,73362.76723710066,72503.68979164612,72755.625
2022-01-04 00:00:00+05:30,73053.1233292938,73382.64798611829,72738.07067272671,73320.375
2022-01-05 00:00:00+05:30,73320.36079414528,73779.29665343165,73167.44415295897,73428.25
2022-01-06 00:00:00+05:30,73288.43969075456,73873.51755311225,72589.32122810681,73536.6484375
2022-01-07 00:00:00+05:30,73591.03697960434,73951.8065613242,72937.43408996583,73570.359375
2022-01-10 00:00:00+05:30,73590.89517459823,74353.58042543447,73531.39573098584,73666.65625
2022-01-11 00:00:00+05:30,73666.26293961503,73823.9364690472,73301.33300986004,73671.515625
2022-01-12 00:00:00+05:30,73671.50466613147,74868.24130832333,73640.51537643459,74754.84375
2022-01-13 00:00:00+05:30,74920.69503803678,75663.44629987964,74404.24305396459,75343.1875
2022-01-14 00:00:00+05:30,75336.20174475013,75640.78772149206,74716.46244363111,75499.4765625
2022-01-17 00:00:00+05:30,75499.47826481242,76541.51638139474,75167.66818998061,76181.296875
2022-01-18 00:00:00+05:30,76209.86132526971,76655.01477377402,75365.96089472482,75660.3359375
2022-01-19 00:00:00+05:30,75663.4644201849,76139.75440069195,75018.8870692921,75891.3984375
2022-01-20 00:00:00+05:30,75463.08155446578,75463.08155446578,72886.8026863007,73113.1484375
2022-01-21 00:00:00+05:30,73025.64938057946,74175.971940078,71453.22940722614,72090.6171875
2022-01-24 00:00:00+05:30,72093.48617884498,72381.02031377896,69417.99476604548,70484.375
2022-01-25 00:00:00+05:30,70308.49648963119,71646.78438418028,69232.94352560186,69981.203125
2022-01-27 00:00:00+05:30,69535.01456102211,70456.26425479264,68880.07135418031,70122.71875
2022-01-28 00:00:00+05:30,70477.09521283039,72242.24547987469,70477.09521283039,70732.6484375
2022-01-31 00:00:00+05:30,71577.8354485029,71895.21231958295,70805.38077126062,71546.203125
2022-02-01 00:00:00+05:30,71795.99557700488,72073.65964829717,70606.20813044682,70918.828125
2022-02-02 00:00:00+05:30,71003.65664945994,72068.34799481096,70591.12719922634,70866.265625
2022-02-03 00:00:00+05:30,69862.2624748868,71329.91539841885,69526.38502109241,70394.9296875
2022-02-04 00:00:00+05:30,70394.77219738509,70702.68176909945,69269.14051956966,69422.3515625
2022-02-07 00:00:00+05:30,69811.64272176639,69834.35012673019,68027.697545583,68224.8359375
2022-02-08 00:00:00+05:30,68662.35154991693,69217.67963870887,67928.52514687045,68847.1484375
2022-02-09 00:00:00+05:30,69020.33313694832,69991.0183416921,69020.33313694832,69839.046875
2022-02-10 00:00:00+05:30,70327.94165045377,70327.94165045377,68921.17503424796,69187.140625
2022-02-11 00:00:00+05:30,69118.5230462239,69118.5230462239,67470.58982380165,67664.2109375
2022-02-14 00:00:00+05:30,67299.8208450331,67299.8208450331,65159.82418420763,65378.98046875
2022-02-15 00:00:00+05:30,65920.43020733658,66440.94966299899,64464.72740143175,66123.8671875
2022-02-16 00:00:00+05:30,66679.04696399019,66713.75497475371,65450.282667751475,65588.8203125
2022-02-17 00:00:00+05:30,65898.61273600945,66088.42299200779,64896.64484519818,65071.28515625
2022-02-18 00:00:00+05:30,64773.035722107175,65713.46391409275,64669.205266068435,65094.30078125
2022-02-21 00:00:00+05:30,65030.777860882794,65030.777860882794,64066.300884258875,64197.5
2022-02-22 00:00:00+05:30,62477.25060340257,65451.4125586522,62477.25060340257,65223.87109375
2022-02-23 00:00:00+05:30,65615.19142475851,66245.66615245197,65155.83182727342,65257.58203125
2022-02-24 00:00:00+05:30,63816.04285967186,65303.59630628426,62477.244757720706,63415.0
2022-02-25 00:00:00+05:30,63568.117746850156,65268.84071378196,63491.45838391063,65106.9453125
2022-02-28 00:00:00+05:30,64710.553318767,65700.27213523438,63915.20813759782,65195.44921875
2022-03-02 00:00:00+05:30,65115.18636895954,65948.21647176074,64600.34556388847,65674.359375
2022-03-03 00:00:00+05:30,66394.46205092482,66424.2131168177,65177.64345590638,65487.50390625
2022-03-04 00:00:00+05:30,65055.68454573061,65650.65956466697,64460.66304073918,65364.3984375
2022-03-07 00:00:00+05:30,64599.484588130494,65896.63113159496,63212.689710768704,65604.1796875
2022-03-08 00:00:00+05:30,65601.13317097606,66096.98451769545,64957.51812293428,65843.953125
2022-03-09 00:00:00+05:30,66047.36748965185,66394.46326474762,65343.46035682706,65539.46875
2022-03-10 00:00:00+05:30,66134.49296344032,66937.7175585542,66002.74376895468,66326.9296875
2022-03-11 00:00:00+05:30,66037.44973122716,67529.0163313356,65814.3167354391,67334.890625
2022-03-14 00:00:00+05:30,67469.47938934107,67882.02757739359,66845.74508143547,67805.0234375
2022-03-15 00:00:00+05:30,67634.0926323713,68422.49591159029,66939.90106576339,67520.046875
2022-03-16 00:00:00+05:30,68129.95304303827,68278.60767925516,67620.86108018973,67803.140625
2022-03-17 00:00:00+05:30,68030.78137239286,69309.08570459422,67931.71185692628,68385.609375
2022-03-21 00:00:00+05:30,69074.68960202837,69280.32061735202,66035.47078826561,66321.4296875
2022-03-22 00:00:00+05:30,66690.88471797947,66741.56225311803,65353.179085891206,66539.8515625
2022-03-23 00:00:00+05:30,66548.18388868228,67164.6275975973,66058.38366453977,66290.046875
2022-03-24 00:00:00+05:30,66285.38453395784,66840.69135938598,65898.6206206089,66165.140625
2022-03-25 00:00:00+05:30,66344.92400862889,66622.2054947154,65452.34553797923,65949.2890625
2022-03-28 00:00:00+05:30,65948.19918230418,65948.19918230418,64416.813352901416,65163.4140625
2022-03-29 00:00:00+05:30,65244.1011124342,66323.42197258963,64470.57323786817,64755.2421875
2022-03-30 00:00:00+05:30,65303.15143508641,65353.13943247192,64594.08811724332,64816.57421875
2022-03-31 00:00:00+05:30,64951.54873451083,65254.01796672742,64164.582519659794,64482.57421875
2022-04-01 00:00:00+05:30,64559.82207507168,66096.96069590672,64559.77171518743,65933.53125
2022-04-04 00:00:00+05:30,66156.47627902386,66701.8661886122,66156.47627902386,66572.890625
2022-04-05 00:00:00+05:30,66572.88301414666,67534.93508536024,66572.88301414666,67193.8359375
2022-04-06 00:00:00+05:30,67227.49191757783,67392.16096827855,66645.50993388132,67069.6640625
2022-04-07 00:00:00+05:30,67187.83958154054,67628.30266595593,66344.89251667989,66552.40625
2022-04-08 00:00:00+05:30,66930.00025471966,67563.65165224527,66155.13197383138,67220.421875
2022-04-11 00:00:00+05:30,66939.90738762714,67435.75855346142,66742.6051096719,67203.3515625
2022-04-12 00:00:00+05:30,67039.08449572707,67423.07477699756,66012.96688885032,67024.90625
2022-04-13 00:00:00+05:30,67088.66961982122,67555.76146595478,66454.97176487568,66887.6484375
2022-04-18 00:00:00+05:30,66447.02615430074,66920.51749475308,65452.495998899954,66389.4609375
2022-04-19 00:00:00+05:30,66448.0273215121,67234.98965855018,65254.017637088764,65810.7578125
2022-04-20 00:00:00+05:30,66146.33511041131,67785.07650516156,65949.78438354019,67108.8828125
2022-04-21 00:00:00+05:30,67440.70329850617,69518.3192592498,67296.90648976735,69136.3125
2022-04-22 00:00:00+05:30,69047.2810703862,69047.2810703862,68030.7860887396,68570.125
2022-04-25 00:00:00+05:30,67981.1956309799,68922.32115474065,67669.15803820571,68542.3984375
2022-04-26 00:00:00+05:30,68923.32191948859,70944.31084102867,68650.60373923162,70739.625
2022-04-27 00:00:00+05:30,69731.54079348111,71997.47962023916,69617.49503949903,71619.6953125
2022-04-28 00:00:00+05:30,72045.19531967428,72045.19531967428,70662.76218626901,71730.53125
2022-04-29 00:00:00+05:30,71729.84195180052,72790.96362867633,71205.52574005334,72125.53125
2022-05-02 00:00:00+05:30,71402.55174076241,72245.49853214642,71182.88972394883,71995.09375
2022-05-04 00:00:00+05:30,72195.94642815026,72702.35779130092,70708.3925869109,71281.9453125
2022-05-05 00:00:00+05:30,71590.9887079966,72245.51222298868,70189.71336453629,70591.5
2022-05-06 00:00:00+05:30,70063.78034562973,70244.12299149681,68675.39687098171,69333.4921875
2022-05-09 00:00:00+05:30,69023.46447042967,69275.35682794591,67758.25390918704,68008.953125
2022-05-10 00:00:00+05:30,67921.68691981072,70351.25670601612,66642.39102075165,68239.078125
2022-05-11 00:00:00+05:30,67782.85031721106,68700.07419940105,67254.42021183828,67545.5390625
2022-05-12 00:00:00+05:30,67425.83744992562,67634.04844092949,66126.7074740556,67060.9375
2022-05-13 00:00:00+05:30,67128.3335510975,72672.54638074423,67128.3335510975,71453.046875
2022-05-16 00:00:00+05:30,71184.3819559903,72632.26712812384,70807.63585011841,71926.5703125
2022-05-17 00:00:00+05:30,72195.91194384296,73683.46507455401,71997.57152641482,73392.6484375
2022-05-18 00:00:00+05:30,73589.28601240228,74228.88765622975,73198.60170283951,74067.9296875
2022-05-19 00:00:00+05:30,72890.12264076271,73633.89940240316,72395.26316868461,72825.4140625
2022-05-20 00:00:00+05:30,73584.32071742843,74060.29140043829,73364.9530396158,73490.0625
2022-05-23 00:00:00+05:30,73881.81260442134,74523.34319681689,72460.00608614452,72777.2578125
2022-05-24 00:00:00+05:30,72890.07933431248,73979.90602952095,72506.29050856446,73778.1953125
2022-05-25 00:00:00+05:30,73945.51685151998,74802.099465581,72964.0805035082,74203.359375
2022-05-26 00:00:00+05:30,74377.69325387846,74675.20402689397,72790.96913112905,74438.140625
2022-05-27 00:00:00+05:30,74585.93262682504,75061.94974769828,73683.4835018362,74035.390625
2022-05-30 00:00:00+05:30,74278.50278817824,75166.57220402356,74240.96530632654,74762.5
2022-05-31 00:00:00+05:30,74774.36797788137,77517.06842832005,74613.16983670226,77005.15625
2022-06-01 00:00:00+05:30,76559.41845764854,76926.34831295075,75369.37568369546,75698.125
2022-06-02 00:00:00+05:30,74874.6310176169,75369.2426384702,74407.83355276086,75243.2421875
2022-06-03 00:00:00+05:30,75429.86061658795,76249.95184540695,75429.86061658795,75825.8984375
2022-06-06 00:00:00+05:30,75756.14148398848,76036.64603939779,73936.41418258795,74092.359375
2022-06-07 00:00:00+05:30,73385.9736303186,73879.09762204395,70745.66685291621,71064.3984375
2022-06-08 00:00:00+05:30,71106.050796835,71795.92699289383,69736.50983993859,70067.2890625
2022-06-09 00:00:00+05:30,69419.157765448,70113.34934310248,69419.157765448,69841.375
2022-06-10 00:00:00+05:30,69534.14944716438,69959.6362044064,69139.99428332139,69371.8046875
2022-06-13 00:00:00+05:30,68427.4541125548,68732.69696096133,67649.75812196263,67989.6640625
2022-06-14 00:00:00+05:30,66945.85539929035,68923.30978358485,66945.85539929035,67636.328125
2022-06-15 00:00:00+05:30,67636.3306515536,68973.88917735417,67636.3306515536,67873.796875
2022-06-16 00:00:00+05:30,68720.016074119,68739.80363556974,66444.05912354388,66619.1953125
2022-06-17 00:00:00+05:30,66444.05765542937,68556.38366746018,65331.716260647685,67559.2734375
2022-06-20 00:00:00+05:30,67694.4131136062,68030.70103156562,65939.75022896673,66098.515625
2022-06-21 00:00:00+05:30,66104.89507393424,67733.22384234078,66104.89507393424,67526.546875
2022-06-22 00:00:00+05:30,67039.07007729875,67663.84247594813,66791.14452227915,67476.015625
2022-06-23 00:00:00+05:30,67476.03550463477,68705.15004878411,67475.98127090363,68433.625
2022-06-24 00:00:00+05:30,68328.2940883095,70187.73605370254,68328.2940883095,69967.578125
2022-06-27 00:00:00+05:30,70609.21172254262,71311.0426184672,70311.70099899259,70630.78125
2022-06-28 00:00:00+05:30,70410.86281038837,71997.33855378158,69982.15300814914,71668.984375
2022-06-29 00:00:00+05:30,70973.16456563816,71402.57169821212,70559.62467121935,70930.2734375
2022-06-30 00:00:00+05:30,71152.66478058243,71501.54259066399,69840.64248721243,70213.421875
2022-07-01 00:00:00+05:30,69716.67904645341,71898.4243366696,69716.67904645341,71595.2578125
2022-07-04 00:00:00+05:30,71303.38889647175,71898.26301665386,71005.8782334823,71180.8671875
2022-07-05 00:00:00+05:30,71402.57650384087,71739.75533733123,70466.8587548527,70630.1875
2022-07-06 00:00:00+05:30,71126.81982082955,72890.11284619798,70906.16607785976,72622.5546875
2022-07-07 00:00:00+05:30,73212.43610686893,74873.53777268682,72737.70502724522,74712.78125
2022-07-08 00:00:00+05:30,74712.75764198591,75819.59798758013,74709.92974125623,75413.9453125
2022-07-11 00:00:00+05:30,75369.37650756552,75865.22766879952,74675.18488183795,75742.109375
2022-07-12 00:00:00+05:30,75369.38992110017,76261.92217016582,75199.85527983232,76028.5234375
2022-07-13 00:00:00+05:30,76037.78124019314,76956.0975590029,76037.78124019314,76632.5546875
2022-07-14 00:00:00+05:30,76757.57061799627,77217.37967162114,75897.26871541313,76772.546875
2022-07-15 00:00:00+05:30,77079.06273569523,79068.06872792172,76985.39336269001,78897.9453125
2022-07-18 00:00:00+05:30,78941.4792554262,80326.84075561451,78939.49585100783,80072.515625
2022-07-19 00:00:00+05:30,79832.04797435635,80150.28374401343,78534.45179240359,79278.4765625
2022-07-20 00:00:00+05:30,79410.57478343301,79949.91371786939,78741.17562041312,79122.5859375
2022-07-21 00:00:00+05:30,78969.2690927994,79751.1257845397,78894.89140622449,79513.1171875
2022-07-22 00:00:00+05:30,79623.78417315596,80068.06683985885,78479.65403708801,78741.765625
2022-07-25 00:00:00+05:30,78939.50534070672,80525.19087777301,78871.86814284,80163.3125
2022-07-26 00:00:00+05:30,80158.32080314831,80293.93611906005,79168.40027560924,79485.15625
2022-07-27 00:00:00+05:30,79628.0078311506,80443.66091199119,79131.26417655825,80338.3046875
2022-07-28 00:00:00+05:30,80482.39617732987,82757.48181177111,80482.39617732987,82505.6328125
2022-07-29 00:00:00+05:30,82935.31818008536,83423.12039652809,82014.65048485238,83272.2578125
2022-08-01 00:00:00+05:30,83452.92594687431,86830.78247329542,83451.28824529555,86384.0625
2022-08-02 00:00:00+05:30,86363.84631960392,88370.69055710077,85737.94935444402,87598.8984375
2022-08-03 00:00:00+05:30,87599.74191681958,88370.68799760815,86648.72627785712,88161.015625
2022-08-04 00:00:00+05:30,88409.39026295347,88917.00791603889,87165.24152361731,88134.0390625
2022-08-05 00:00:00+05:30,88420.37380989501,88569.39691182181,87283.77771614735,88316.5078125
2022-08-08 00:00:00+05:30,87923.66121865521,88321.00951741386,86930.12747776955,87146.2109375
2022-08-10 00:00:00+05:30,86239.65610496339,86666.7546984783,82071.97731502824,82923.0
2022-08-11 00:00:00+05:30,83451.93731161383,84047.0361871916,81566.29847046758,81963.3984375
2022-08-12 00:00:00+05:30,82454.47851039433,83788.9337571611,81735.73701815275,82589.4453125
2022-08-16 00:00:00+05:30,82956.17177187989,87022.80936081162,82856.92396420334,86405.015625
2022-08-17 00:00:00+05:30,86433.38246713828,87352.65302682245,85818.41391832035,86287.9375
2022-08-18 00:00:00+05:30,86279.33906637484,87414.98794051204,85247.44749936377,87021.0703125
2022-08-19 00:00:00+05:30,87415.94051467038,87786.36374948725,85874.00189392256,86260.4140625
2022-08-22 00:00:00+05:30,86243.60045732284,86311.15759999053,83959.61951244132,84275.796875
2022-08-23 00:00:00+05:30,83383.3940406115,86214.78644403277,83254.2406839419,85336.046875
2022-08-24 00:00:00+05:30,85241.15331417923,86135.08997241671,84247.75927546827,84709.1875
2022-08-25 00:00:00+05:30,85041.51265708204,85936.64464348412,84624.0462220392,84888.515625
2022-08-26 00:00:00+05:30,85837.29583774322,85882.00276265871,84446.41372926127,84716.890625
2022-08-29 00:00:00+05:30,84078.78007709258,84341.8523983704,82935.32281281897,83868.8515625
2022-08-30 00:00:00+05:30,84342.09198209086,85701.97409453621,84188.10147314188,84808.984375
2022-09-01 00:00:00+05:30,84887.53024149149,85422.91900384314,83949.6782150418,84588.2421875
2022-09-02 00:00:00+05:30,85236.23551460067,85419.28553375756,83653.61038289419,83807.5
2022-09-05 00:00:00+05:30,84336.13026748158,84545.7560551153,83553.55733857321,83705.3125
2022-09-06 00:00:00+05:30,84227.30224242705,85330.56978771667,83862.28883264627,84702.4375
2022-09-07 00:00:00+05:30,84347.0740737274,85351.44319174202,84347.0740737274,84578.8515625
2022-09-08 00:00:00+05:30,85041.50861629758,85886.86530042064,84664.97697731141,84840.2265625
2022-09-09 00:00:00+05:30,85279.28810842104,85429.94886270333,83465.82502386667,83659.6015625
2022-09-12 00:00:00+05:30,83999.34346292635,85340.5511941499,83701.29730043224,85249.4453125
2022-09-13 00:00:00+05:30,85440.0064401287,85787.62608487603,84759.41332630192,84994.078125
2022-09-14 00:00:00+05:30,83204.55814547064,85881.05939750122,83204.55814547064,85511.140625
2022-09-15 00:00:00+05:30,85924.72610973081,93275.53834363492,85127.10331102369,92263.625
2022-09-16 00:00:00+05:30,91887.62256740678,92592.99841369134,85157.74090158763,85552.0078125
2022-09-19 00:00:00+05:30,86731.40184529305,87029.49462949864,84049.03248465281,85790.4140625
2022-09-20 00:00:00+05:30,86427.41991487521,86818.85384648498,84501.59167132189,85103.1015625
2022-09-21 00:00:00+05:30,85339.56032549345,85935.65266877213,83456.85543825728,83732.7421875
2022-09-22 00:00:00+05:30,84049.02518814008,84645.11756536092,82856.84043369837,83961.1015625
2022-09-23 00:00:00+05:30,84347.061850195,84545.75928682678,81634.74093912901,82061.1953125
2022-09-26 00:00:00+05:30,81862.84632983833,81862.84632983833,78177.45909106314,78640.765625
2022-09-27 00:00:00+05:30,79181.87072192668,80915.84726498101,78932.55202344326,79311.1171875
2022-09-28 00:00:00+05:30,79305.11924314541,80574.50099930532,78794.91697369576,79892.96875
2022-09-29 00:00:00+05:30,80574.79999472115,81405.15357028972,78286.79875693904,79103.4453125
2022-09-30 00:00:00+05:30,79558.45777877879,81596.20099881054,78507.99249852801,81122.75
2022-10-03 00:00:00+05:30,81565.29490972009,81565.29490972009,79578.32061228476,80099.15625
2022-10-04 00:00:00+05:30,81363.6249126316,82459.441343986,80748.30703504996,82286.03125
2022-10-06 00:00:00+05:30,82695.88971051821,83309.96571717861,81717.30479299424,81903.234375
2022-10-07 00:00:00+05:30,81961.70018023478,82449.45582374318,81270.27966155276,82230.5859375
2022-10-10 00:00:00+05:30,81292.08386613762,82161.38509904774,80693.01113077212,81766.078125
2022-10-11 00:00:00+05:30,82174.94520336756,82541.84465747145,80209.43181757085,80552.9765625
2022-10-12 00:00:00+05:30,80955.78634868642,82097.84633666357,80671.29976607014,81944.5078125
2022-10-13 00:00:00+05:30,81833.38542973014,82161.38364536928,81167.89653962116,81577.5625
2022-10-14 00:00:00+05:30,82449.50757042834,82658.13989468174,80482.69774042607,80820.3359375
2022-10-17 00:00:00+05:30,80859.92108105583,82102.82010527504,80262.88185927288,81732.15625
2022-10-18 00:00:00+05:30,82131.58271293768,82757.47961760867,81889.91696363417,82547.0078125
2022-10-19 00:00:00+05:30,82563.76607022558,83949.68092093209,81962.70622457867,82607.9296875
2022-10-20 00:00:00+05:30,82558.77738887821,83949.65931841407,82558.77738887821,83623.59375
2022-10-21 00:00:00+05:30,83661.59835377251,87613.542712939,83661.59835377251,85663.2265625
2022-10-24 00:00:00+05:30,86750.3083983639,87359.5178511129,85330.61519641173,85729.546875
2022-10-25 00:00:00+05:30,86134.35726091995,87128.83806944347,85546.81041148484,86774.015625
2022-10-27 00:00:00+05:30,87625.57125923713,87723.92649228322,86085.66609538432,86793.875
2022-10-28 00:00:00+05:30,86791.04823770873,88966.78536729416,86730.44551400795,88786.265625
2022-10-31 00:00:00+05:30,88786.25792846996,90655.70587414065,88718.45242791204,90175.8515625
2022-11-01 00:00:00+05:30,90208.64201799616,91500.12886924396,89711.89839454903,90238.6484375
2022-11-02 00:00:00+05:30,90595.11195450272,90904.08649987387,89819.54765845362,90030.609375
2022-11-03 00:00:00+05:30,89985.10402832825,90903.08621019052,89711.89504563114,90067.7109375
2022-11-04 00:00:00+05:30,90407.3271007297,90904.07065622821,89910.58354523119,90653.859375
2022-11-07 00:00:00+05:30,91100.79959872278,95374.78201789991,90792.27521841585,94282.046875
2022-11-09 00:00:00+05:30,90854.41339264375,91400.28809312083,85342.19659103527,86450.734375
2022-11-10 00:00:00+05:30,86450.72759829872,87772.40711215601,84545.76242362554,86898.984375
2022-11-11 00:00:00+05:30,87913.68459194711,88280.03300638129,85295.94665357906,85595.28125
2022-11-14 00:00:00+05:30,86023.2766820978,86185.0132911541,84645.10815453982,85618.578125
2022-11-15 00:00:00+05:30,86046.6889512462,87277.86821343745,85618.5967823048,87003.9140625
2022-11-16 00:00:00+05:30,86979.79200998449,87724.90730418767,86433.62249933356,87114.90625
2022-11-17 00:00:00+05:30,87429.8762184246,87578.9044165242,86575.69626298381,87321.0390625
2022-11-18 00:00:00+05:30,87428.87270813611,87822.15963036398,86843.39376551543,87521.96875
2022-11-21 00:00:00+05:30,87727.93821039205,88817.83116867971,86654.93511563301,88519.9765625
2022-11-22 00:00:00+05:30,88428.34791374688,89218.19720975755,87926.61974458287,88379.8671875
2022-11-23 00:00:00+05:30,88731.32569928105,89073.14353988295,88111.36851311103,88396.703125
2022-11-24 00:00:00+05:30,88621.1057735655,89019.50781187534,88112.62468079591,88825.421875
2022-11-25 00:00:00+05:30,88786.0194238876,89802.39158156271,88424.37771773535,89322.125
2022-11-28 00:00:00+05:30,89416.89826657265,91373.14129642688,89347.39836144427,90940.7578125
2022-11-29 00:00:00+05:30,91403.9660749072,92198.78317121076,91304.66050918351,91965.453125
2022-11-30 00:00:00+05:30,92198.75962037402,93493.7678245583,91671.19990746003,92951.3984375
2022-12-01 00:00:00+05:30,93391.00723690836,94534.75212390865,92630.56754525218,93714.3984375
2022-12-02 00:00:00+05:30,93877.82220647582,94372.59578525479,92629.95952586058,93941.609375
2022-12-05 00:00:00+05:30,94098.31467837021,94626.56513861158,93443.0875767975,94060.3125
2022-12-06 00:00:00+05:30,93986.11652182236,94185.81429263268,93450.65514055987,93904.546875
2022-12-07 00:00:00+05:30,94086.4078641888,94459.91748947675,92016.49965710066,92283.609375
2022-12-08 00:00:00+05:30,92496.82920681413,92874.32071390028,89665.29361885044,90502.234375
2022-12-09 00:00:00+05:30,90717.42398891182,91403.9471134268,89481.63113634982,90917.8203125
2022-12-12 00:00:00+05:30,91135.70367265162,91135.70367265162,90013.07123872612,90801.53125
2022-12-13 00:00:00+05:30,90862.48248434364,91303.60590267013,90014.01536891387,90380.578125
2022-12-14 00:00:00+05:30,90633.97358408621,91351.59085883127,90354.54574006841,90574.8125
2022-12-15 00:00:00+05:30,90549.51135450676,91105.8365887637,89915.64490460359,90284.09375
2022-12-16 00:00:00+05:30,89934.54835079015,90140.95241636473,88025.99379017032,88535.421875
2022-12-19 00:00:00+05:30,88535.65397054747,89646.3640917452,87963.03647923999,89334.3984375
2022-12-20 00:00:00+05:30,89615.50053644557,89615.50053644557,88125.3198205157,88428.34375
2022-12-21 00:00:00+05:30,88720.45926270682,89317.56556867763,86713.297840681,87621.578125
2022-12-22 00:00:00+05:30,87628.62460068376,88323.79455404497,86934.106645671,87621.375
2022-12-23 00:00:00+05:30,87568.9626460277,87568.9626460277,85218.53975767009,85513.3671875
2022-12-26 00:00:00+05:30,85246.56132162879,87801.40124117298,84649.05142648457,87029.0859375
2022-12-27 00:00:00+05:30,87429.87310850507,87916.69853831378,86933.1124658431,87519.4375
2022-12-28 00:00:00+05:30,87191.4326415368,88016.05535225324,86933.11709360153,87353.625
2022-12-29 00:00:00+05:30,87330.52063674122,87330.52063674122,86050.32189432261,87000.625
2022-12-30 00:00:00+05:30,87330.51539734524,88671.76904679251,87243.33391013116,87961.8515625
2023-01-02 00:00:00+05:30,88025.97568850653,88170.38554298635,87310.3454942937,87480.734375
2023-01-03 00:00:00+05:30,87825.19220325927,88543.60898501048,87392.81640426566,88300.34375
2023-01-04 00:00:00+05:30,88316.0814758741,88496.45213469818,86831.76088768893,87442.03125
2023-01-05 00:00:00+05:30,87926.6396606028,91304.6122577333,87868.96885086778,90684.453125
2023-01-06 00:00:00+05:30,90986.67133642093,92794.87991724956,89971.09086280839,92538.0546875
2023-01-09 00:00:00+05:30,92993.59077651554,93389.75738252126,92300.1129307676,92842.1796875
2023-01-10 00:00:00+05:30,92645.85101567363,93867.88208000905,92490.76080545712,93553.8828125
2023-01-11 00:00:00+05:30,93650.300387462,93788.25235632923,90162.04750811234,90551.5078125
2023-01-12 00:00:00+05:30,91004.30863390634,91069.63265434004,87999.15531365112,88938.28125
2023-01-13 00:00:00+05:30,89118.84173463663,90062.68676973034,88578.66121348276,89131.7109375
2023-01-16 00:00:00+05:30,89516.26689211818,90092.11337557921,88423.39348943971,88650.265625
2023-01-17 00:00:00+05:30,89101.81677850435,89383.02985722099,88433.37103944835,88946.7265625
2023-01-18 00:00:00+05:30,88781.06234480019,89814.27791358146,88701.5340704058,89612.4921875
2023-01-19 00:00:00+05:30,89415.92341981732,90310.09258922849,89237.08958593509,89897.78125
2023-01-20 00:00:00+05:30,89897.76754155174,90608.03425776892,88677.3742872203,88976.7734375
2023-01-23 00:00:00+05:30,89411.94247909183,89953.16316541312,89098.93672248627,89695.4453125
2023-01-24 00:00:00+05:30,89913.66480901846,90360.15166509661,89461.65925338239,89828.71875
2023-01-25 00:00:00+05:30,89714.95360214017,89850.07246913787,87856.67332486634,88991.421875
2023-01-27 00:00:00+05:30,89059.2541041004,89084.83727894623,86348.28361596933,87689.2890625
2023-01-30 00:00:00+05:30,87787.53583803783,89622.56954891216,87492.21165257091,88685.578125
2023-01-31 00:00:00+05:30,88920.15321955454,90499.85203094104,88825.81527068667,90280.6796875
2023-02-01 00:00:00+05:30,90410.432156272,92347.79855962069,90134.77658556476,91365.65625
2023-02-02 00:00:00+05:30,91105.89533156558,92397.47290987567,90462.73782125096,92216.0078125
2023-02-03 00:00:00+05:30,92843.5706516046,92843.5706516046,90857.52160097209,92251.78125
2023-02-06 00:00:00+05:30,92183.86831105564,92637.36418609116,91614.13045086744,92077.4140625
2023-02-07 00:00:00+05:30,92000.06005432652,92099.41217101585,90956.86282908847,91145.484375
2023-02-08 00:00:00+05:30,91036.35485069657,91885.66806894848,90151.97343602842,91677.8203125
2023-02-09 00:00:00+05:30,91677.17239821711,92496.82742101341,86785.07381367286,88237.6484375
2023-02-10 00:00:00+05:30,88423.38902252637,89393.95835482482,87554.70218709501,88493.828125
2023-02-13 00:00:00+05:30,88828.74238963502,88828.74238963502,87628.56879435631,88228.5546875
2023-02-14 00:00:00+05:30,88681.70759866553,88681.70759866553,86933.11018242476,87479.546875
2023-02-15 00:00:00+05:30,87817.34367738052,88497.11402440238,87479.5464508808,88279.78125
2023-02-16 00:00:00+05:30,88224.69381210691,89388.80585537058,88147.40095764279,88637.796875
2023-02-17 00:00:00+05:30,88542.60643268294,89087.05603238122,87976.29936730335,88164.7734375
2023-02-20 00:00:00+05:30,88423.3842634646,89416.9054349642,88142.31867642418,88603.3125
2023-02-21 00:00:00+05:30,89070.18044587522,89862.04344131697,88546.82557404466,89377.390625
2023-02-22 00:00:00+05:30,89378.19333915731,89419.92263638764,86936.03589648797,87093.3125
2023-02-23 00:00:00+05:30,87431.81064237072,87680.19929065755,85446.68856526238,86171.8359375
2023-02-24 00:00:00+05:30,86786.99865172463,86898.27677249158,86091.51039693119,86241.2421875
2023-02-27 00:00:00+05:30,86226.63757752688,86226.63757752688,84255.47163970077,84594.328125
2023-02-28 00:00:00+05:30,85013.49661385275,85344.55210077981,84094.45863842106,84707.0859375
2023-03-01 00:00:00+05:30,85102.17845298913,85887.78522027838,84280.75714539483,85513.859375
2023-03-02 00:00:00+05:30,85922.59559889138,86588.27713278658,85445.68942535452,86243.21875
2023-03-03 00:00:00+05:30,86440.26393952571,86836.09463216826,85645.31916600671,85806.5234375
2023-03-06 00:00:00+05:30,85843.11850058989,86687.63992102393,85843.11850058989,86156.4375
2023-03-08 00:00:00+05:30,85999.11353353341,86636.97564622827,85913.81531073838,86193.6484375
2023-03-09 00:00:00+05:30,86240.55037040898,86607.21863783385,84809.83156242063,85045.203125
2023-03-10 00:00:00+05:30,84948.8228530591,84998.55492127332,83807.32945216708,84562.6328125
2023-03-13 00:00:00+05:30,84780.00499352723,85039.86606663799,82278.68498141028,82540.828125
2023-03-14 00:00:00+05:30,82852.47996227145,83122.67250598191,81750.07668623966,81960.609375
2023-03-15 00:00:00+05:30,82655.8044025767,82662.75928562817,81446.00404820245,81577.8984375
2023-03-16 00:00:00+05:30,81571.82630142239,82962.80274290289,80855.52000693185,82604.828125
2023-03-17 00:00:00+05:30,83017.4553303372,83017.4553303372,81521.16197345692,82367.46875
2023-03-20 00:00:00+05:30,83017.44735450987,83149.54354216013,81705.31103714221,83021.375
2023-03-21 00:00:00+05:30,83061.16758561603,85157.56786798027,82695.741295283,83206.2265625
2023-03-22 00:00:00+05:30,83359.22956395899,83955.3623141184,83135.72635552031,83855.859375
2023-03-23 00:00:00+05:30,83805.33521413339,84232.3152946118,83458.584665938,83622.171875
2023-03-24 00:00:00+05:30,83904.64349809143,84232.51650693011,83160.51769635544,83337.8671875
2023-03-27 00:00:00+05:30,83337.3765065076,84004.94431999949,82879.30124232601,83170.2109375
2023-03-28 00:00:00+05:30,83358.23211349205,83710.84306630246,81693.5780593433,81834.46875
2023-03-29 00:00:00+05:30,81372.12812606692,82168.46220046304,81259.35967011687,81483.40625
2023-03-31 00:00:00+05:30,81890.77167462258,83899.73942990741,81559.17276842755,83505.5
2023-04-03 00:00:00+05:30,83505.49032193226,84005.04650010473,83212.18988145205,83856.859375
2023-04-05 00:00:00+05:30,83740.95463532349,84200.27180511404,83289.67904778026,83408.8046875
2023-04-06 00:00:00+05:30,83458.5904390614,83955.36776310344,82788.68621759073,83464.1015625
2023-04-10 00:00:00+05:30,83210.20293710951,84233.56423890321,83210.20293710951,83854.4765625
2023-04-11 00:00:00+05:30,84055.75907431207,84748.51501740528,83750.98620153495,84071.609375
2023-04-12 00:00:00+05:30,84254.32554369097,85241.2280181545,84203.75516528926,84905.453125
2023-04-13 00:00:00+05:30,85146.64697158914,85147.68709919913,84856.8782864513,84965.7734375
2023-04-17 00:00:00+05:30,84947.91258932302,85147.61703534525,84453.12246932767,84826.0546875
2023-04-18 00:00:00+05:30,84948.90743231453,86931.04860573521,84936.44142853747,86261.7421875
2023-04-19 00:00:00+05:30,86439.24776612135,86780.73557738417,85144.64615877358,85283.9921875
2023-04-20 00:00:00+05:30,85722.90242793325,86309.30149256122,85457.77081473735,85945.109375
2023-04-21 00:00:00+05:30,85743.76059836952,86389.57107796326,85535.26161649011,85959.7578125
2023-04-24 00:00:00+05:30,86384.60700843779,86637.96343821698,85743.76427429041,86336.0703125
2023-04-25 00:00:00+05:30,86538.59912204715,86836.61890666,85531.13483376063,86003.5234375
2023-04-26 00:00:00+05:30,85992.15620772168,86770.00860208657,85843.12300805493,86668.96875
2023-04-27 00:00:00+05:30,86933.0475843405,87035.3837090212,86250.47556826632,86892.2109375
2023-04-28 00:00:00+05:30,86873.77981982783,88724.42267839448,86812.82369481966,88433.109375
2023-05-02 00:00:00+05:30,88433.31768456554,88922.0456586797,87434.84184602225,88025.859375
2023-05-03 00:00:00+05:30,88215.68577844344,93781.62563230367,87749.60772867224,92956.7734375
2023-05-04 00:00:00+05:30,93394.12832829343,95142.78434805722,92426.6545787224,94497.765625
2023-05-05 00:00:00+05:30,94497.77496767479,98336.7226734909,93890.91488931201,97978.4453125
2023-05-08 00:00:00+05:30,97984.3694695633,99289.40363401546,96770.49395344651,97100.75
2023-05-09 00:00:00+05:30,97516.89024643332,98560.61938620356,96574.85297556578,96871.328125
2023-05-10 00:00:00+05:30,97567.05622827855,97567.05622827855,95952.57666702404,96602.6640625
2023-05-11 00:00:00+05:30,97070.28375709987,97606.80323743593,96573.5064604924,96733.46875
2023-05-12 00:00:00+05:30,97129.89477635764,97169.63695916302,95977.418047872,96065.9453125
2023-05-15 00:00:00+05:30,96081.69234192633,97026.91201140708,94536.7150233627,96276.328125
2023-05-16 00:00:00+05:30,96176.08809126767,96970.93179450129,95778.66623965086,95929.5390625
2023-05-17 00:00:00+05:30,95913.78340977289,97268.99183534399,95679.10271685045,97025.671875
2023-05-18 00:00:00+05:30,97241.41763886888,97765.76604364053,96176.17969878066,96435.1015625
2023-05-19 00:00:00+05:30,96631.19812028283,96653.95673463983,95083.19318808104,95616.3828125
2023-05-22 00:00:00+05:30,95735.5914764682,95931.07334438738,95057.59136857677,95293.265625
2023-05-23 00:00:00+05:30,95446.81918579292,95832.11656685323,94611.53470261671,94872.1953125
2023-05-24 00:00:00+05:30,94934.13669202264,96830.23463161937,94724.0464788075,95023.8515625
2023-05-25 00:00:00+05:30,95063.3052747086,96426.9589796578,94954.410136806,96103.90625
2023-05-26 00:00:00+05:30,96111.50097814087,97538.24533545323,95978.51214700278,97250.90625
2023-05-29 00:00:00+05:30,97418.0474311452,97806.42644720981,96846.75342530217,97151.9765625
2023-05-30 00:00:00+05:30,97151.96256096903,97303.7746065665,96275.44554425174,96470.578125
2023-05-31 00:00:00+05:30,96281.80373008168,98014.91235329819,96027.15877563835,96585.140625
2023-06-01 00:00:00+05:30,96474.15253606204,97357.37601061055,96473.15898145303,96938.4375
2023-06-02 00:00:00+05:30,96938.44525573142,97467.71494316089,95448.3616116335,95747.375
2023-06-05 00:00:00+05:30,96255.57733392068,96561.5456022801,95880.16114590497,96173.5625
2023-06-06 00:00:00+05:30,96263.5179953175,96622.68798288362,95607.42266338831,96013.390625
2023-06-07 00:00:00+05:30,96374.7915498266,98590.91497819657,96151.38925636689,96924.328125
2023-06-08 00:00:00+05:30,96980.86373857317,97963.48923019748,96275.43997815531,96451.6484375
2023-06-09 00:00:00+05:30,96637.09954405425,97962.40054017147,96523.83431387636,97756.7890625
2023-06-12 00:00:00+05:30,97701.29373793562,98759.32849246454,97520.11750189889,98330.65625
2023-06-13 00:00:00+05:30,98511.14212909312,99792.57919686007,98511.14212909312,99348.359375
2023-06-14 00:00:00+05:30,99348.499606816,99752.87630658472,98759.32176169842,99468.8671875
2023-06-15 00:00:00+05:30,99453.821482724,100199.58511474359,99068.32229956237,99435.9375
2023-06-16 00:00:00+05:30,99437.9284077258,100045.93727069588,98907.86701063017,99248.65625
2023-06-19 00:00:00+05:30,99355.46497194389,100002.26904891124,98915.36683499238,99115.2265625
2023-06-20 00:00:00+05:30,99554.17391639412,99554.17391639412,97646.64993487028,98707.8671875
2023-06-21 00:00:00+05:30,99005.71670514224,100299.3246365618,98843.12306711274,99774.9296875
2023-06-22 00:00:00+05:30,99752.87863832126,100249.65592237664,98858.67952702157,99224.7578125
2023-06-23 00:00:00+05:30,99332.61651072612,99332.61651072612,98242.73359669722,98850.7890625
2023-06-26 00:00:00+05:30,99156.70800214961,99434.84897054631,98433.2449703508,99310.40625
2023-06-27 00:00:00+05:30,99256.10373024739,99853.1834671044,98659.97097511076,98949.34375
2023-06-28 00:00:00+05:30,99247.3997965845,100050.7895083919,98958.02705181701,99740.15625
2023-06-30 00:00:00+05:30,99949.60601261721,100993.13330791665,99375.57984038924,100607.8359375
2023-07-03 00:00:00+05:30,100421.56121991409,101231.30835707465,98958.05504440794,99255.578125
2023-07-04 00:00:00+05:30,99832.37374280587,99832.37374280587,98361.91282382346,98509.8515625
2023-07-05 00:00:00+05:30,98958.03710935824,99653.52532197422,98460.26626004309,99545.4296875
2023-07-06 00:00:00+05:30,99569.08194516764,101231.29891961523,99398.68731807992,100653.546875
2023-07-07 00:00:00+05:30,100527.85398844606,101317.6833191207,100031.07669061821,100575.1953125
2023-07-10 00:00:00+05:30,100524.88538711742,101185.89423406665,99753.14176233666,99954.4375
2023-07-11 00:00:00+05:30,100299.24028881702,101556.08691203484,100161.2836742268,101273.2265625
2023-07-12 00:00:00+05:30,101242.22835175012,101834.34036823889,100997.51893888961,101572.484375
2023-07-13 00:00:00+05:30,101443.9109459144,101640.63475511785,100352.28941089551,100611.265625
2023-07-14 00:00:00+05:30,100796.11134983633,101739.98819342771,100611.55858804991,101482.859375
2023-07-17 00:00:00+05:30,101482.85724386906,101681.56815413645,101164.22119439735,101330.7890625
2023-07-18 00:00:00+05:30,101342.57421899415,101839.30497072288,100956.12803332727,101586.4453125
2023-07-19 00:00:00+05:30,101596.91624479396,102326.18530014208,101407.44228318539,102056.0859375
2023-07-20 00:00:00+05:30,102007.17504040954,102240.00330746442,101111.50228395715,101406.28125
2023-07-21 00:00:00+05:30,101508.88561842316,101808.43841444477,101061.74895679516,101598.40625
2023-07-24 00:00:00+05:30,101609.10713894581,102690.58543724504,101260.78992544305,102229.609375
2023-07-25 00:00:00+05:30,101710.71258110728,102205.22192471071,101509.58272544516,102032.8515625
2023-07-26 00:00:00+05:30,102504.77994664377,102767.01304874028,101509.58790832684,101713.75
2023-07-27 00:00:00+05:30,102131.58178119981,102404.26439662538,101380.56167293587,101910.796875
2023-07-28 00:00:00+05:30,101559.54555995602,102297.92359802364,101390.86051626898,102041.1640625
2023-07-31 00:00:00+05:30,101778.27611773812,102802.1808641182,101609.0934938991,102461.2265625
2023-08-01 00:00:00+05:30,102014.29041902715,103072.98029572307,102014.29041902715,102789.1484375
2023-08-02 00:00:00+05:30,102502.7845001964,102703.76663238359,101509.58289500799,102095.953125
2023-08-03 00:00:00+05:30,102109.67704223066,107082.65108957846,100912.50780652904,106459.015625
2023-08-04 00:00:00+05:30,107947.46991032962,111458.50692407218,106261.96470842208,110761.375
2023-08-07 00:00:00+05:30,110936.04163769304,110963.90701344529,107393.5080213764,107695.9453125
2023-08-08 00:00:00+05:30,107695.94682680396,108307.2901655897,105355.15415651421,107117.34375
2023-08-09 00:00:00+05:30,107117.34725227204,107479.74487780701,105490.3559944772,105905.25
2023-08-10 00:00:00+05:30,105888.6759546229,106240.025374795,105092.32021860723,105844.2421875
2023-08-11 00:00:00+05:30,106236.74071382829,106236.74071382829,105107.79652019027,105479.6484375
2023-08-14 00:00:00+05:30,105202.78709802464,106137.22572695246,104303.08688949561,105755.421875
2023-08-16 00:00:00+05:30,104992.7507203526,106137.22146280194,104330.30275385185,105951.8203125
2023-08-17 00:00:00+05:30,105396.60939615621,106464.90143548853,105396.60939615621,105960.984375
2023-08-18 00:00:00+05:30,105987.95036729722,107480.73840063944,105918.3335753673,107242.2421875
2023-08-21 00:00:00+05:30,107978.33793852272,108077.81049436844,107050.92001770469,107280.1640625
2023-08-22 00:00:00+05:30,107779.29533008905,108028.04668445703,107239.90125743061,107890.5546875
2023-08-23 00:00:00+05:30,107888.76892657114,108674.97063722505,107531.64270845933,108153.0390625
2023-08-24 00:00:00+05:30,108873.00221486356,108873.00221486356,107586.21904624393,108073.015625
2023-08-25 00:00:00+05:30,107607.77344182029,108372.13534183147,107481.28298041433,108020.1328125
2023-08-28 00:00:00+05:30,108001.92925696001,108376.96117032504,107402.66812928519,107767.359375
2023-08-29 00:00:00+05:30,107832.73715117255,108475.92662263068,107730.38010028473,108289.328125
2023-08-30 00:00:00+05:30,108474.93085777,109250.8307316329,108289.3275531069,109067.0234375
2023-08-31 00:00:00+05:30,109149.68186674085,109149.68186674085,107745.81571267992,108163.6953125
2023-09-01 00:00:00+05:30,108973.5242896979,108973.5242896979,107041.90326218783,107464.9609375
2023-09-04 00:00:00+05:30,107977.32932524929,108456.0166440766,106831.41246628549,107675.1875
2023-09-05 00:00:00+05:30,107932.25625626999,108276.88813122005,107369.42076334238,107998.234375
2023-09-06 00:00:00+05:30,107730.03754901927,109011.30067019517,106983.14591174702,108869.78125
2023-09-07 00:00:00+05:30,108307.74420562676,109357.27527921888,108275.69591217065,108680.09375
2023-09-08 00:00:00+05:30,108774.47831274502,108894.64773869437,108078.04610777691,108335.0
2023-09-11 00:00:00+05:30,108923.7744119983,109321.85124858851,108381.39472214413,108914.2734375
2023-09-12 00:00:00+05:30,109272.08335981752,109272.08335981752,107037.92393346157,107397.34375
2023-09-13 00:00:00+05:30,107588.22687849936,108666.66523597782,106960.05851890602,108534.3046875
2023-09-14 00:00:00+05:30,108475.91904933502,110665.3412686794,108475.91904933502,110467.546875
2023-09-15 00:00:00+05:30,110466.29718508878,112185.9420808379,108017.82974583388,108708.640625
2023-09-18 00:00:00+05:30,109138.72311196283,109270.83484662182,107540.4448003821,108479.859375
2023-09-20 00:00:00+05:30,108475.92698680099,109236.89898750577,107580.25419516685,109076.921875
2023-09-21 00:00:00+05:30,108493.43525174767,109247.19205029153,107978.32236353114,108318.328125
2023-09-22 00:00:00+05:30,107978.33140372708,108824.2445990558,107955.48863747822,108132.6328125
2023-09-25 00:00:00+05:30,108475.88052223704,108963.47017395213,107133.41317411084,108834.3984375
2023-09-26 00:00:00+05:30,108774.47840941708,109451.1622750596,108457.4631287485,109192.0625
2023-09-27 00:00:00+05:30,109192.06413019092,109968.71037225789,108726.60974563594,109755.140625
2023-09-28 00:00:00+05:30,109582.58811082492,109747.29239675507,107785.3723246568,108203.6484375
2023-09-29 00:00:00+05:30,108203.08411724212,108836.52374591253,106286.49228908133,106779.7109375
2023-10-03 00:00:00+05:30,107629.77384712831,108078.45774802036,106038.7571707842,107773.78125
2023-10-04 00:00:00+05:30,107729.32936939293,107729.32936939293,105929.33030542989,106387.4140625
2023-10-05 00:00:00+05:30,106784.10260646667,107301.60245134424,106070.5965853667,106257.1484375
2023-10-06 00:00:00+05:30,106485.53626676832,107480.72819449512,106485.53626676832,107033.140625
2023-10-09 00:00:00+05:30,106833.85852105253,107166.79688632884,105893.40210463526,106751.2109375
2023-10-10 00:00:00+05:30,107181.18302748298,107491.23198458579,106486.53901265292,106688.6640625
2023-10-11 00:00:00+05:30,106804.0026560346,107642.65404254921,106783.00255039449,107220.140625
2023-10-12 00:00:00+05:30,107580.25917299035,108326.65320055504,107391.32040982526,108162.6953125
2023-10-13 00:00:00+05:30,108231.11307780535,108724.7283203398,107779.44362397859,108568.234375
2023-10-16 00:00:00+05:30,108466.07518937813,109321.83921968889,107800.14402962865,109021.7421875
2023-10-17 00:00:00+05:30,110167.7524642481,112893.87875197249,110079.72462341984,110352.609375
2023-10-18 00:00:00+05:30,110466.31414552862,110565.78669783563,108875.04875624733,109145.4921875
2023-10-19 00:00:00+05:30,108874.51108251579,109620.36089639817,108178.37422297474,109048.21875
2023-10-20 00:00:00+05:30,108645.20205559417,109517.28561769066,108376.44581492418,108978.09375
2023-10-23 00:00:00+05:30,108824.2395370139,109869.1910826368,108116.80578563976,108453.3828125
2023-10-25 00:00:00+05:30,108774.43123789955,109420.20972592417,107630.00716866809,108110.140625
2023-10-26 00:00:00+05:30,108177.37490083667,108177.37490083667,106561.13637596632,106964.53125
2023-10-27 00:00:00+05:30,107758.3884143623,108352.51800443401,107111.86352347018,107670.609375
2023-10-30 00:00:00+05:30,107670.6145938392,108923.3669375836,107400.57546692112,108491.5546875
2023-10-31 00:00:00+05:30,108973.47785074335,108973.47785074335,107388.28471127719,107777.1015625
2023-11-01 00:00:00+05:30,107978.33258242518,108749.60638658536,107828.8516332439,108061.7265625
2023-11-02 00:00:00+05:30,108973.72909682775,110267.27658345168,108401.29153296456,109968.765625
2023-11-03 00:00:00+05:30,110217.29959004311,111262.45322214565,106784.08972035981,107205.3046875
2023-11-06 00:00:00+05:30,108371.43698198703,108371.43698198703,106588.25499820831,106875.515625
2023-11-07 00:00:00+05:30,107480.73180152001,107480.73180152001,106493.54802570702,106670.046875
2023-11-08 00:00:00+05:30,107311.56130663052,108177.37841074598,106814.06634397755,107827.171875
2023-11-09 00:00:00+05:30,107804.66253982033,108584.34876103688,107256.21071665331,107558.5546875
2023-11-10 00:00:00+05:30,107778.30446130928,107958.33314923299,106822.02596978792,107775.0234375
2023-11-13 00:00:00+05:30,107978.33801109089,107978.33801109089,106518.43791544411,107120.0859375
2023-11-15 00:00:00+05:30,107778.30435962063,108983.9328845716,107294.24449907789,108853.609375
2023-11-16 00:00:00+05:30,108495.83616754849,109968.7203862971,108475.9323267546,109768.5390625
2023-11-17 00:00:00+05:30,109474.09220320205,112061.56057834602,109275.39828088296,110942.2890625
2023-11-20 00:00:00+05:30,110806.69369784434,111066.44586963624,110120.94112218279,110858.3984375
2023-11-21 00:00:00+05:30,110867.41396801226,111215.69402168169,110352.59020872157,110901.546875
2023-11-22 00:00:00+05:30,110471.4041387924,111251.50813256232,110088.68799469885,110666.1171875
2023-11-23 00:00:00+05:30,110668.36217707128,111464.49079363764,110586.75421215653,110846.2109375
2023-11-24 00:00:00+05:30,110469.32249216108,111016.69300901414,110238.57938379962,110915.3828125
2023-11-28 00:00:00+05:30,110867.39789368407,111265.48549832925,110668.35409136147,111013.6484375
2023-11-29 00:00:00+05:30,111066.49119922523,111958.40961039776,111066.49119922523,111729.8046875
2023-11-30 00:00:00+05:30,111663.5672646016,112449.74359177913,110910.38866605256,111149.0390625
2023-12-01 00:00:00+05:30,111117.2038080305,111564.05716814197,110579.28790348652,110876.65625
2023-12-04 00:00:00+05:30,111464.54762261584,111563.9218122897,110326.21904007978,110973.5546875
2023-12-05 00:00:00+05:30,111156.01801101994,113911.77961790073,110454.43521704176,113186.1171875
2023-12-06 00:00:00+05:30,113176.31033597513,113952.53454387623,112908.34760683372,113543.3984375
2023-12-07 00:00:00+05:30,113544.54537887001,118431.07108498143,113299.82256096037,116847.2265625
2023-12-08 00:00:00+05:30,116888.46577349145,117535.1559376733,116461.76564832854,117385.4765625
2023-12-11 00:00:00+05:30,117386.08931428626,119028.2007798952,117053.78722182103,118481.28125
2023-12-12 00:00:00+05:30,118481.28030044674,119775.60934158826,118331.54648249575,118931.5625
2023-12-13 00:00:00+05:30,118928.68406038098,119493.9218659394,118576.37649421048,119212.5703125
2023-12-14 00:00:00+05:30,119376.52780094463,120421.50782754732,118978.4868226567,119982.4140625
2023-12-15 00:00:00+05:30,119983.41298858685,120613.9387168276,119278.40133055329,119509.9375
2023-12-18 00:00:00+05:30,119511.87190926983,119701.95874316113,118741.92226513724,118847.7109375
2023-12-19 00:00:00+05:30,118742.32653258469,119426.29085248779,118000.59285454135,118216.703125
2023-12-20 00:00:00+05:30,118928.6740420379,119026.2521578347,116440.6264679367,116758.0546875
2023-12-21 00:00:00+05:30,116441.57360425642,117165.09782990828,114947.84316091766,117013.078125
2023-12-22 00:00:00+05:30,119087.90776300887,120122.8888914382,117336.3689412036,118972.7578125
2023-12-26 00:00:00+05:30,119704.94127731654,119922.89423823882,119128.70947652201,119694.34375
2023-12-27 00:00:00+05:30,119694.3493621688,120763.75887832005,119426.28555701586,120459.8671875
2023-12-28 00:00:00+05:30,120653.37840175445,126025.17373621136,120421.49238748764,125259.6015625
2023-12-29 00:00:00+05:30,125497.12619762616,129775.92291140114,124486.62894803045,128959.7421875
2024-01-01 00:00:00+05:30,128950.52637072056,130109.31117325931,128383.25153834184,128804.7734375
2024-01-02 00:00:00+05:30,128831.10052975494,129646.78358338786,126648.68632308747,129370.8046875
2024-01-03 00:00:00+05:30,129119.70904033669,130328.90008769302,128383.2470032637,129971.46875
2024-01-04 00:00:00+05:30,129876.08538173976,131319.15299709243,129526.7634969199,130881.0078125
2024-01-05 00:00:00+05:30,130970.81202136379,132861.77465128328,130970.81202136379,132066.796875
2024-01-08 00:00:00+05:30,132763.2033559961,132961.20527646662,130572.72644363003,131289.875
2024-01-09 00:00:00+05:30,131368.92027198314,132463.66127424964,130574.93758967167,131062.84375
2024-01-10 00:00:00+05:30,131467.45633563897,131567.56916341028,129587.4873349802,131198.15625
2024-01-11 00:00:00+05:30,131825.73639701333,132986.16195238457,131371.62099856907,132730.390625
2024-01-12 00:00:00+05:30,133227.96596138616,133996.18166342383,132027.07883524627,133708.75
2024-01-15 00:00:00+05:30,134054.9867204145,136145.89491774404,133011.04877549873,135301.15625
2024-01-16 00:00:00+05:30,134568.82934884256,137141.17494718923,134568.82934884256,135941.640625
2024-01-17 00:00:00+05:30,135577.73019531148,149535.8363989068,133359.43302364284,134233.484375
2024-01-18 00:00:00+05:30,135747.8635878768,137290.4062959421,133110.53339353757,136929.390625
2024-01-19 00:00:00+05:30,138330.77510720465,139326.64732583702,137373.42097803784,138765.34375
2024-01-23 00:00:00+05:30,145089.01171521077,147142.94178376804,139152.77858837895,140323.15625
2024-01-24 00:00:00+05:30,141221.57140466434,141320.93779839185,135454.5262961571,139102.796875
2024-01-25 00:00:00+05:30,139785.4645623102,139927.73421771193,135482.1845810791,136203.625
2024-01-29 00:00:00+05:30,136202.84244919245,143460.81912725038,135681.2388401063,143185.734375
2024-01-30 00:00:00+05:30,143958.43513706615,144057.9570417582,139334.647445073,139947.546875
2024-01-31 00:00:00+05:30,140325.90071138987,142162.03339958788,139828.3844361948,141895.765625
2024-02-01 00:00:00+05:30,142813.9568127885,143659.8931423416,141023.55745176962,141796.640625
2024-02-02 00:00:00+05:30,142316.316193359,142813.38143015106,139775.81755639904,140268.0
2024-02-05 00:00:00+05:30,142201.8720662948,143286.00770386148,139739.99562502213,140968.546875
2024-02-06 00:00:00+05:30,141564.9474714152,142913.46941470858,141083.35470638063,142702.1875
2024-02-07 00:00:00+05:30,143694.6910851915,144135.12213061756,141850.55033247577,142313.125
2024-02-08 00:00:00+05:30,143162.2617782066,143162.2617782066,141331.10535873575,141801.890625
2024-02-09 00:00:00+05:30,143062.73632691972,143062.73632691972,135648.35451380286,136427.953125
2024-02-12 00:00:00+05:30,136942.12454212454,144077.43995076508,136897.33969034842,143115.21875
2024-02-13 00:00:00+05:30,144109.69651109952,144711.30637519644,141819.293365865,143935.9375
2024-02-14 00:00:00+05:30,143411.06860786438,147327.75327480573,142085.84110863428,146580.34375
2024-02-15 00:00:00+05:30,147292.4063324927,149481.29713698744,146346.94831887196,147799.8125
2024-02-16 00:00:00+05:30,148136.37826104576,148486.69539764072,146794.7295611549,147346.671875
2024-02-19 00:00:00+05:30,148286.02486317317,148834.93471850562,147392.90923295234,148190.375
2024-02-20 00:00:00+05:30,147644.70715291204,148225.9616510917,146426.10824042506,147915.5
2024-02-21 00:00:00+05:30,147992.06892639078,150076.7995871529,147992.06892639078,148973.328125
2024-02-22 00:00:00+05:30,148495.64147131145,150022.33821284323,148194.13068332293,149449.578125
2024-02-23 00:00:00+05:30,149449.60589463427,150724.00976737437,149335.65099933653,150007.4375
2024-02-26 00:00:00+05:30,150131.84095508163,150504.80686424914,146673.54006533182,147668.375
2024-02-27 00:00:00+05:30,148191.10190701485,148937.53123159686,145412.39434137088,146448.59375
2024-02-28 00:00:00+05:30,146797.7752188198,147793.0143728457,145006.34474157318,145333.1875
2024-02-29 00:00:00+05:30,145603.47558443117,146387.13304647425,144057.57385090803,145386.0625
2024-03-01 00:00:00+05:30,145386.0959418476,146797.79623207473,143413.98262401333,144494.8125
2024-03-04 00:00:00+05:30,144931.68262729075,146101.08847853242,143927.23764400085,145450.0
2024-03-05 00:00:00+05:30,145802.44825433943,146444.37732747578,144309.6365965422,144704.0
2024-03-06 00:00:00+05:30,144886.91842906133,145454.15810436194,143314.44053980513,145046.25
2024-03-07 00:00:00+05:30,145042.09190962263,145042.09190962263,142844.89913946128,143271.3125
2024-03-11 00:00:00+05:30,143812.05199612584,144645.3625962898,143200.67971841956,144260.609375
2024-03-12 00:00:00+05:30,143955.85176514596,143955.85176514596,140925.8465406197,141599.28125
2024-03-13 00:00:00+05:30,141599.28409772814,142816.80356839276,137091.10001435585,138395.65625
2024-03-14 00:00:00+05:30,138437.75249298135,142242.95571453145,138238.70468206407,139633.734375
2024-03-15 00:00:00+05:30,139831.10040932242,141953.74335580508,136891.00845758876,140639.28125
2024-03-18 00:00:00+05:30,140627.30829338875,140627.30829338875,135651.11196312023,136360.46875
2024-03-19 00:00:00+05:30,136337.7914254059,136337.7914254059,131520.99014269144,132048.0625
2024-03-20 00:00:00+05:30,132048.3797519061,133400.90978418672,128997.52850284784,130886.546875
2024-03-21 00:00:00+05:30,131393.4675158971,132336.8609584104,130421.66310481043,130957.1484375
2024-03-22 00:00:00+05:30,131072.97684898318,132117.88449970342,129878.69004398106,130677.8203125
2024-03-26 00:00:00+05:30,131366.6012872411,131687.41043064563,130077.81314483007,131018.671875
2024-03-27 00:00:00+05:30,131371.57700002915,133206.70481747395,130639.08093433203,131181.890625
2024-03-28 00:00:00+05:30,132256.32570122962,133362.036315758,131372.05578132998,132752.296875
2024-04-01 00:00:00+05:30,135347.56267126623,136337.73242768308,133914.46479392058,135073.21875
2024-04-02 00:00:00+05:30,135651.10247518247,136835.39046711233,134264.43881290092,136440.125
2024-04-03 00:00:00+05:30,136545.8247128194,136900.0832206236,135352.53289705783,135542.328125
2024-04-04 00:00:00+05:30,135748.625242393,136464.45097814858,134457.8001061052,134716.515625
2024-04-05 00:00:00+05:30,135043.9893565362,135452.0373750798,133859.65486369017,134819.65625
2024-04-08 00:00:00+05:30,134165.19651512874,135152.47369615798,130152.64129878336,132076.640625
2024-04-09 00:00:00+05:30,132287.18950497566,133351.7999474293,132047.43017043846,132290.875
2024-04-10 00:00:00+05:30,132864.40654612723,133250.51262643313,131620.3577956953,132047.90625
2024-04-12 00:00:00+05:30,132366.79558939085,132714.63164246222,130873.93699251802,131089.40625
2024-04-15 00:00:00+05:30,130773.92351856857,130773.92351856857,128555.03788746153,128827.53125
2024-04-16 00:00:00+05:30,127888.22074110863,130066.5036079316,127391.74417502266,129536.484375
2024-04-18 00:00:00+05:30,130127.47401843422,130877.02906430273,128389.68535941617,128616.25
2024-04-19 00:00:00+05:30,128307.22820700164,128904.41835698126,126705.98947179015,128542.75
2024-04-22 00:00:00+05:30,129281.55277589492,131024.21635488332,128096.32414465254,128405.7890625
2024-04-23 00:00:00+05:30,128883.47231712099,129484.69785385612,128141.97248477335,128611.4765625
2024-04-24 00:00:00+05:30,128821.55792200142,129527.98330833885,127714.10560097544,127912.5625
2024-04-25 00:00:00+05:30,127888.23633070021,129256.29368078231,127589.6645727297,129015.546875
2024-04-26 00:00:00+05:30,129082.51329059739,130127.51436195534,129015.53680824116,129617.703125
2024-04-29 00:00:00+05:30,130376.3367322527,130615.1941430599,129779.19320523475,130198.484375
2024-04-30 00:00:00+05:30,130428.71539036928,134936.90732359546,130428.71539036928,132386.15625
2024-05-02 00:00:00+05:30,133400.3316053192,134357.3008107116,131869.20264755026,133224.671875
2024-05-03 00:00:00+05:30,133660.62002350428,133660.62002350428,127159.61671076971,127948.34375
2024-05-06 00:00:00+05:30,128833.71399006131,128833.71399006131,124405.99588370592,125873.375
2024-05-07 00:00:00+05:30,125873.37500191368,126381.49126358436,122524.9938041379,123921.7109375
2024-05-08 00:00:00+05:30,123921.69700412694,126584.60690587685,123250.40824153877,126074.546875
2024-05-09 00:00:00+05:30,125698.69832669414,127091.9319876864,125201.07877670722,125624.203125
2024-05-10 00:00:00+05:30,126096.80334920173,127242.27698667035,124945.7625926034,126988.2421875
2024-05-13 00:00:00+05:30,126988.24829053029,128584.70530606734,125025.08449827073,128268.3203125
2024-05-14 00:00:00+05:30,128087.27522180878,128385.84695892256,127092.0360980962,127584.6328125
2024-05-15 00:00:00+05:30,127390.60987979049,127937.94475478304,126695.88630845508,126838.703125
2024-05-16 00:00:00+05:30,126947.72512741233,128535.13151350633,126445.12937507534,128350.3125
2024-05-17 00:00:00+05:30,128286.33161570807,128972.19914856744,127788.71202061223,128528.7734375
2024-05-21 00:00:00+05:30,126952.71699361406,129373.43427815723,126952.71699361406,129003.65625
2024-05-22 00:00:00+05:30,129032.75911087512,129580.14065743108,128385.85364676353,128864.8125
2024-05-23 00:00:00+05:30,128864.79755861983,129963.2926712738,128436.642604816,129541.0625
2024-05-24 00:00:00+05:30,129530.37562253093,130870.96276016865,128354.20510291294,130415.6875
2024-05-27 00:00:00+05:30,130177.27105466624,132167.74920534922,129531.36089476962,130330.2890625
2024-05-28 00:00:00+05:30,130674.89803024063,130872.15753632327,128385.84802666445,128494.53125
2024-05-29 00:00:00+05:30,128883.46096808952,129082.46213242455,127310.98322037075,127537.75
2024-05-30 00:00:00+05:30,127390.61601202616,127393.10410999514,124454.660408624,124868.7265625
2024-05-31 00:00:00+05:30,125499.65329059088,126295.79793639759,124432.30598402538,124834.3359375
2024-06-03 00:00:00+05:30,128286.3132591621,128286.3132591621,126096.93508483679,126365.8984375
2024-06-04 00:00:00+05:30,126395.36754635625,126395.36754635625,115793.93276748888,121322.8359375
2024-06-05 00:00:00+05:30,122563.70290097433,127717.40117481149,121435.99585052463,127350.5078125
2024-06-06 00:00:00+05:30,127888.23440984653,128084.94187837368,125333.99971061008,125531.5546875
2024-06-07 00:00:00+05:30,125531.55330747548,126843.23187820106,125202.58011083178,126674.4921875
2024-06-10 00:00:00+05:30,127588.65599008622,127589.65122917536,125449.28848898585,126358.8359375
2024-06-11 00:00:00+05:30,126365.51297900476,126892.98972058839,125454.86917042172,125657.796875
2024-06-12 00:00:00+05:30,125798.23786395193,126295.85747575553,125230.99815833442,125477.2265625
2024-06-13 00:00:00+05:30,125501.11472001579,126161.79807108178,125252.00167236711,125479.3671875
2024-06-14 00:00:00+05:30,125478.75266701629,125724.57672898342,124790.04719786144,124982.828125
2024-06-18 00:00:00+05:30,124982.82822341907,125728.51113262516,124982.82822341907,125249.0546875
2024-06-19 00:00:00+05:30,125300.60401639671,125597.13861950293,124156.0790392811,124353.8828125
2024-06-20 00:00:00+05:30,124603.94549312232,126096.80426500477,124022.08046086282,125699.8515625
2024-06-21 00:00:00+05:30,125698.70381236426,126494.89512709025,124404.89292593455,124692.8125
2024-06-24 00:00:00+05:30,125095.58251601014,125742.8844668317,123907.26703934366,124649.015625
2024-06-25 00:00:00+05:30,125400.1163430331,127161.68940594715,124862.98273457518,126350.421875
2024-06-26 00:00:00+05:30,126873.07718965669,126873.07718965669,125201.5731643976,125327.921875
2024-06-27 00:00:00+05:30,125327.9328322327,125553.85212184684,124205.89398154314,124614.890625
2024-06-28 00:00:00+05:30,124913.46818992309,130214.50875042785,124802.94998603736,128842.8203125
2024-07-01 00:00:00+05:30,128983.49300840404,129878.71063457878,127093.53383985948,129050.625
2024-07-02 00:00:00+05:30,129152.18038618259,129341.22916683236,127515.11311549638,128074.4375
2024-07-03 00:00:00+05:30,128607.28493217895,128709.34359202557,127390.60512928404,128314.0859375
2024-07-04 00:00:00+05:30,128360.95635121215,128535.1231847959,127221.45429188044,127905.984375
2024-07-05 00:00:00+05:30,127888.2255099955,130027.98959440397,127589.65377728733,128337.125
2024-07-08 00:00:00+05:30,128559.02718977915,130605.73658498083,127449.28884056798,128158.046875
2024-07-09 00:00:00+05:30,128883.46647538463,131023.18393877911,128146.78736614979,130725.203125
2024-07-10 00:00:00+05:30,131370.58995274143,131370.58995274143,127589.67592134373,130249.40625
2024-07-11 00:00:00+05:30,129780.17081828055,130707.6869857726,129659.7468900207,129984.09375
2024-07-12 00:00:00+05:30,129988.18680534577,130376.2834262617,128605.94734166653,129073.4609375
2024-07-15 00:00:00+05:30,129600.03046748876,133710.36778764488,129600.03046748876,130636.9140625
2024-07-16 00:00:00+05:30,131222.27706719044,132844.51682160472,130774.41946627853,132547.53125
2024-07-18 00:00:00+05:30,132069.31318793702,132540.80769755016,130163.33706441309,131670.96875
2024-07-19 00:00:00+05:30,131620.36189861665,131620.36189861665,126892.97649961151,127513.5546875
2024-07-22 00:00:00+05:30,127513.55760840046,130933.6499662148,125997.41198834342,130350.9375
2024-07-23 00:00:00+05:30,129879.6903163133,133099.3352713999,125624.64686805352,131376.234375
2024-07-24 00:00:00+05:30,130844.24969366964,137219.5963353044,130332.09028443335,136619.125
2024-07-25 00:00:00+05:30,134049.24952449126,139525.67201706246,134049.24952449126,137128.828125
2024-07-26 00:00:00+05:30,137427.75512950367,138855.90460498817,135749.44707444485,138404.8125
2024-07-29 00:00:00+05:30,138414.91037975185,140007.3507242075,138035.6859861221,138787.75
2024-07-30 00:00:00+05:30,138793.14957999406,140028.99264676982,138787.76145372007,139469.375
2024-07-31 00:00:00+05:30,139480.8323133536,142020.13468458888,139480.8323133536,141772.171875
2024-08-01 00:00:00+05:30,141983.92172849074,143367.6735795336,139132.01442703683,139795.9375
2024-08-02 00:00:00+05:30,139794.7710179782,140178.480331363,137538.360925762,137896.5
2024-08-05 00:00:00+05:30,136341.38898716395,137437.70132551104,134821.50142718278,136011.09375
2024-08-06 00:00:00+05:30,135568.99283331246,138534.01950987268,134846.4233070919,135218.46875
2024-08-07 00:00:00+05:30,137039.0465099866,138208.41003742765,133756.13599726956,134154.25
2024-08-08 00:00:00+05:30,134049.12483045465,142022.306976504,131557.50540981424,139920.921875
2024-08-09 00:00:00+05:30,139920.88060948148,140776.30002217085,134946.06802354025,136452.703125
2024-08-12 00:00:00+05:30,136640.40309701316,138035.7099120082,134049.1190120224,136825.28125
2024-08-13 00:00:00+05:30,137836.30905831707,138035.68528560855,136560.64691576955,137027.03125
2024-08-14 00:00:00+05:30,136645.36841356504,137686.81843173018,135068.5161932297,135514.625
2024-08-16 00:00:00+05:30,136789.89884817653,137216.7599498759,134170.75537169928,135631.0
2024-08-19 00:00:00+05:30,135823.15664866267,136539.99554959862,134049.62196084132,134471.453125
2024-08-20 00:00:00+05:30,135145.39976713096,135762.02868427918,134598.24029462246,135417.53125
2024-08-21 00:00:00+05:30,134846.4388542791,137537.387744941,134846.4388542791,137369.296875
2024-08-22 00:00:00+05:30,136977.06276592292,139429.01852723755,136977.06276592292,139146.515625
2024-08-23 00:00:00+05:30,139032.33827254132,140028.98585872442,137767.93508328273,138055.21875
2024-08-26 00:00:00+05:30,139530.2055326259,140028.98091404227,137897.3075286553,138857.375
2024-08-27 00:00:00+05:30,138892.820029884,139381.13067292148,137984.78056196563,138342.265625
2024-08-28 00:00:00+05:30,139032.3403780174,139032.3403780174,136028.78710538414,136397.5
2024-08-29 00:00:00+05:30,136540.7137086697,136852.50866417552,132942.816070069,133970.453125
2024-08-30 00:00:00+05:30,134946.10077409155,135035.79906854997,133949.45305788703,134381.453125
2024-09-02 00:00:00+05:30,134995.93435800634,135622.52989726933,133550.795156684,133745.390625
2024-09-03 00:00:00+05:30,134298.26535869186,134346.10444394022,133590.64555605978,133968.375
2024-09-04 00:00:00+05:30,133947.44220372842,135005.67949554944,133606.04368781947,134873.234375
2024-09-05 00:00:00+05:30,135793.2348289404,136207.8402284915,135045.7491326343,135561.109375
2024-09-06 00:00:00+05:30,135892.88641109745,136241.71303554837,133593.0755906159,133810.640625
2024-09-09 00:00:00+05:30,134547.43765798703,134547.43765798703,132155.48321073395,133530.15625
2024-09-10 00:00:00+05:30,134397.93924845447,135902.78380506078,133805.58793065543,135304.296875
2024-09-11 00:00:00+05:30,135763.33546637025,136191.89393245848,134688.74691432016,134892.21875
2024-09-12 00:00:00+05:30,135342.75375310978,136018.57427644424,135045.752761796,135506.453125
2024-09-13 00:00:00+05:30,135942.76033873708,137138.6909845552,135344.8183747609,136893.515625
2024-09-16 00:00:00+05:30,137338.05354695185,138044.6767687573,135643.75245094445,135969.65625
2024-09-17 00:00:00+05:30,136590.53405067165,136804.15920414063,134600.18236019026,134765.875
2024-09-18 00:00:00+05:30,135235.101081495,135235.101081495,132853.11352467598,133792.65625
2024-09-19 00:00:00+05:30,134248.42966838204,136391.22197563536,133673.3172941148,135890.5
2024-09-20 00:00:00+05:30,136042.3851025575,136359.61489043804,134647.12530653714,135478.6875
2024-09-23 00:00:00+05:30,135593.9248735089,137039.064094873,135593.9248735089,136774.75
2024-09-24 00:00:00+05:30,136750.03703501303,137537.34203537507,136291.57907250224,137351.015625
2024-09-25 00:00:00+05:30,136887.5461488072,139386.79557833818,136839.86279312632,138689.640625
2024-09-26 00:00:00+05:30,138783.18190390905,139032.34381037924,137235.43485877354,138386.671875
2024-09-27 00:00:00+05:30,138235.02917760712,141906.5856877464,137913.1119863716,140501.3125
2024-09-30 00:00:00+05:30,140527.30529503294,141409.1826552787,137736.73885809214,138049.296875
2024-10-01 00:00:00+05:30,139132.0035834492,139976.25752800878,138484.38509390038,139792.6875
2024-10-03 00:00:00+05:30,137537.3795243034,139425.52854972944,135468.74383349164,135648.078125
2024-10-04 00:00:00+05:30,136142.06740093883,136324.25147470846,132554.13590281748,132961.515625
2024-10-07 00:00:00+05:30,134923.1468628285,135045.73450374333,130117.31267997202,130797.8671875
2024-10-08 00:00:00+05:30,131158.82659197328,132139.37212236726,130411.442100137,131697.21875
2024-10-09 00:00:00+05:30,133351.4681749009,133540.83124630022,132006.83464175556,132138.84375
2024-10-10 00:00:00+05:30,133152.1365206267,133241.834816187,131557.50015511023,131771.234375
2024-10-11 00:00:00+05:30,131956.14958952306,131973.99581160455,130711.53911184611,131754.421875
2024-10-14 00:00:00+05:30,131754.40628040067,132454.45773981986,130811.18839443813,131471.0625
2024-10-15 00:00:00+05:30,131471.7694328613,132055.7581993945,130411.33640318616,130587.9921875
2024-10-16 00:00:00+05:30,130561.07556850163,130837.98785561549,129095.8012556345,130056.3203125
2024-10-17 00:00:00+05:30,129983.7700193742,130510.89535090522,128966.19287160061,129376.5625
2024-10-18 00:00:00+05:30,129364.87125439415,129514.36840915654,128186.83367486646,129010.7109375
2024-10-21 00:00:00+05:30,129663.85255817541,131557.48299522794,127621.7683468102,127813.03125
2024-10-22 00:00:00+05:30,128557.57600557919,128557.57600557919,125677.26439494174,125983.484375
2024-10-23 00:00:00+05:30,125677.26517699496,126330.06936962725,124569.3901227406,125073.25
2024-10-24 00:00:00+05:30,125178.94324767507,125577.4543627203,123534.47464609335,123715.0703125
2024-10-25 00:00:00+05:30,123715.071050673,124443.71391361917,121466.47824126393,122340.2890625
2024-10-28 00:00:00+05:30,122487.99951154005,123881.31296407979,122407.56692947676,122678.3125
2024-10-29 00:00:00+05:30,122985.31720154415,122986.31384914424,120345.19770894786,122097.15625
2024-10-30 00:00:00+05:30,121790.34070404583,122750.5094760333,120893.4045525612,121580.3984375
2024-10-31 00:00:00+05:30,121690.68071870857,122560.50497421433,121095.68205868344,122113.7109375
2024-11-01 00:00:00+05:30,122089.3381264412,123085.44074292817,122089.3381264412,122916.8515625
2024-11-04 00:00:00+05:30,123335.15716615788,123415.1848647282,120096.0520284608,120471.5390625
2024-11-05 00:00:00+05:30,120396.02078470135,120837.43442769075,117604.41099489872,119129.4296875
2024-11-06 00:00:00+05:30,119443.23353580186,121432.33973322895,119443.23353580186,121205.8515625
2024-11-07 00:00:00+05:30,121491.34328884262,121923.53796634043,119828.03965484323,120620.2265625
2024-11-08 00:00:00+05:30,120594.36584224358,120842.98271345632,117007.4776620342,118954.1796875
2024-11-11 00:00:00+05:30,119698.37152835296,124734.47848994307,119647.54250155097,122633.1015625
2024-11-12 00:00:00+05:30,123285.31949037526,123691.65586889467,120312.42064741222,120518.7734375
2024-11-13 00:00:00+05:30,120494.69816781498,121252.1036468767,119523.26261074218,120079.796875
2024-11-14 00:00:00+05:30,119996.38371073004,121492.3519162932,119879.77592921711,120147.625
2024-11-18 00:00:00+05:30,118688.88114831634,120768.4332682004,118625.14241411371,120455.9375
2024-11-19 00:00:00+05:30,120497.69080913275,123781.27468588995,120169.63765237358,122541.46875
2024-11-21 00:00:00+05:30,122690.35621955148,123686.98176877247,121345.89204871698,123098.890625
2024-11-22 00:00:00+05:30,123250.48642623819,124327.68670256971,122130.32801770879,124182.375
2024-11-25 00:00:00+05:30,125580.71746500993,125780.05193717661,123587.3727433431,124078.0859375
2024-11-26 00:00:00+05:30,124285.04388716114,125331.25398306422,123587.41995083731,123760.0
2024-11-27 00:00:00+05:30,123736.88003195408,124883.00658749572,122700.58989088904,124119.8046875
2024-11-28 00:00:00+05:30,124133.54503950747,124275.02579099032,123047.2189216,123250.84375
2024-11-29 00:00:00+05:30,122590.70240415425,125014.7108502121,122294.34031547255,124834.5078125
2024-12-02 00:00:00+05:30,124683.70678992399,125023.424106292,123847.49871640884,124942.1953125
2024-12-03 00:00:00+05:30,125082.37675837951,125477.65855968298,124478.8916657325,125167.140625
2024-12-04 00:00:00+05:30,125381.37948972816,126776.72075590956,124908.06135609328,126419.3125
2024-12-05 00:00:00+05:30,126477.7246169553,130773.38256099846,126144.88276211903,130326.375
2024-12-06 00:00:00+05:30,130464.41688021601,131760.0909974374,129982.22988873132,130200.84375
2024-12-09 00:00:00+05:30,130803.28281599349,132729.3521854076,130365.29202512372,131711.65625
2024-12-10 00:00:00+05:30,132657.0988995589,132676.33156263427,131209.1830436135,132017.484375
2024-12-11 00:00:00+05:30,131661.41689546916,132358.09088287223,131412.49797078542,132076.4375
2024-12-12 00:00:00+05:30,132158.73497037977,132339.8801444436,131217.47150659302,131433.5625
2024-12-13 00:00:00+05:30,131560.7510962752,133055.75963146013,130464.45822282296,132791.890625
2024-12-16 00:00:00+05:30,132796.88828137674,132998.76117437353,131859.76699703088,132089.5
2024-12-17 00:00:00+05:30,132089.47752106248,132089.52424007628,130229.28990798094,130540.75
2024-12-18 00:00:00+05:30,130564.080074543,131061.76219179279,129667.07494425988,129977.3359375
2024-12-19 00:00:00+05:30,128570.72745910825,129671.00696579047,128459.10016084918,129411.0234375
2024-12-20 00:00:00+05:30,129411.04404844441,130225.32545204047,127131.6541218542,127631.78125
2024-12-23 00:00:00+05:30,127633.86442383622,130065.74502038596,127633.86442383622,129912.15625
2024-12-24 00:00:00+05:30,130743.48893456158,130743.48893456158,129517.58184972005,129909.4765625
2024-12-26 00:00:00+05:30,129457.75617599428,131062.39846903723,129457.75617599428,130767.5859375
2024-12-27 00:00:00+05:30,130564.09277905914,132233.4724371742,130494.32570658177,131116.046875
2024-12-30 00:00:00+05:30,130519.20740492873,131434.74425481702,129069.04935999596,130705.3359375
2024-12-31 00:00:00+05:30,130554.11507601012,130962.75075187212,129120.90019335265,130200.1484375
2025-01-01 00:00:00+05:30,129567.39506722732,130354.01865612585,128570.72279747942,128943.9765625
2025-01-02 00:00:00+05:30,129268.41453379294,129406.99872097203,127374.7369114783,128781.8359375
2025-01-03 00:00:00+05:30,128869.74078791177,129368.07698585419,124709.38103938941,125942.015625
2025-01-06 00:00:00+05:30,126378.06308677226,126496.9162730743,121903.00391280059,122461.09375
2025-01-07 00:00:00+05:30,123039.21167136652,123816.61616795353,120298.46370922538,120818.7734375
2025-01-08 00:00:00+05:30,121592.92110956262,121593.8710628361,118604.99881785305,119470.40625
2025-01-09 00:00:00+05:30,119989.3846752555,120348.03877907478,118345.07774053991,118490.0390625
2025-01-10 00:00:00+05:30,117936.23457324659,118703.37636570632,116610.70711848936,116714.859375
2025-01-13 00:00:00+05:30,116610.67099100514,116610.67099100514,112324.9796639853,112627.765625
2025-01-14 00:00:00+05:30,112627.75950865452,114318.31825909765,112277.28123495409,113833.3359375
2025-01-15 00:00:00+05:30,114816.66068442662,114816.66068442662,113375.97072766152,113846.8984375
2025-01-16 00:00:00+05:30,114417.98213556015,114916.36501370207,113758.2317798909,114082.703125
2025-01-17 00:00:00+05:30,114019.27165952614,114158.00378061652,112924.07667564986,113569.46875
2025-01-20 00:00:00+05:30,113569.46857915277,113664.75201425572,111726.97177453546,113407.9609375
2025-01-21 00:00:00+05:30,113411.33570683046,114911.12499904606,111539.63193408183,111724.21875
2025-01-22 00:00:00+05:30,112623.96567367746,112627.35280206989,110157.80138440312,111228.4765625
2025-01-23 00:00:00+05:30,111029.30160663865,111826.59278066736,110182.1300952774,111367.671875
2025-01-24 00:00:00+05:30,111627.30036435823,112292.8750281797,110642.04305239508,111113.5625
2025-01-27 00:00:00+05:30,111108.03287133767,111197.4374924875,109733.62175059228,110886.2265625
2025-01-28 00:00:00+05:30,110707.3247823794,112716.5149588281,110707.3247823794,112508.0625
2025-01-29 00:00:00+05:30,111976.14524266643,112425.04493874627,111228.68765432472,111961.1484375
2025-01-30 00:00:00+05:30,112020.95248774576,113122.32225604342,111672.56096346835,112247.7421875
2025-01-31 00:00:00+05:30,111427.9651645656,114224.87685725847,111427.9651645656,113254.3671875
2025-02-01 00:00:00+05:30,113254.37243379999,114118.93899079393,111841.79180651017,113803.4921875
2025-02-03 00:00:00+05:30,113720.32317094688,114607.71201777649,113022.65247664659,113414.640625
2025-02-04 00:00:00+05:30,113620.65716389782,114624.70341385074,112734.61537250566,114552.25
2025-02-05 00:00:00+05:30,114550.54546674082,115035.87819176744,113944.66989050072,114578.203125
2025-02-06 00:00:00+05:30,114816.65449681038,115015.88774188755,109633.95828688491,113749.1171875
2025-02-07 00:00:00+05:30,112075.80521626053,114808.5795622278,111926.50681355262,112499.4921875
2025-02-10 00:00:00+05:30,112623.98088911598,113016.02353387442,110391.48143829725,110666.71875
2025-02-11 00:00:00+05:30,111087.095565543,111158.60679943224,108058.45776789909,108354.671875
2025-02-12 00:00:00+05:30,108354.67704381161,110598.23310308317,105981.14868782615,109030.1171875
2025-02-13 00:00:00+05:30,109633.95903368044,110012.69452852405,108676.65523684543,109401.734375
2025-02-14 00:00:00+05:30,109325.99184929815,110233.73606085044,108162.44622841885,109113.546875
2025-02-17 00:00:00+05:30,108839.59533318483,110007.12767669605,107643.55582402895,109621.0078125
2025-02-18 00:00:00+05:30,109239.27930975969,109636.91575334485,108341.25291713468,108660.6484375
2025-02-19 00:00:00+05:30,108440.91861348088,109537.288195051,107911.77234277352,109209.078125
2025-02-20 00:00:00+05:30,109387.77904931967,110035.63377717441,108521.24999066752,109575.859375
2025-02-21 00:00:00+05:30,109537.28141068642,110006.72690244652,108426.95810321141,108902.6796875
2025-02-24 00:00:00+05:30,108899.39385330341,109138.6017475446,107792.06064287855,108482.7734375
2025-02-25 00:00:00+05:30,108341.24207319197,108884.39661260473,106646.85282273727,106850.1328125
2025-02-27 00:00:00+05:30,107044.54015419807,107523.80471336751,104903.08434702933,105374.46875
2025-02-28 00:00:00+05:30,105131.87574224298,105301.06550245578,103481.44240158101,105025.9296875
2025-03-03 00:00:00+05:30,105151.8023009121,105840.37374090524,103681.67046779508,104823.140625
2025-03-04 00:00:00+05:30,104553.78473552143,104823.14279390822,102013.19753541806,102320.578125
2025-03-05 00:00:00+05:30,102007.82513007808,105612.78653235624,101787.00165086439,105456.3046875
2025-03-06 00:00:00+05:30,106642.37400996884,107892.73368112797,106148.5560693951,107439.53125
2025-03-07 00:00:00+05:30,107145.21496099177,108291.41958615587,106648.360173475,106849.1484375
2025-03-10 00:00:00+05:30,107483.09349352446,107840.86194736924,105824.33610198152,106298.6171875
2025-03-11 00:00:00+05:30,106148.51162954418,106507.27677954562,105227.60788274402,106182.6953125
2025-03-12 00:00:00+05:30,106646.85650741044,107121.03633903101,105958.13708828314,106910.234375
2025-03-13 00:00:00+05:30,106910.23467543551,106910.23467543551,104454.117695184,104694.921875
2025-03-17 00:00:00+05:30,104852.79727779308,106089.4055786253,104852.79727779308,105062.8984375
2025-03-18 00:00:00+05:30,105062.8984375,105062.8984375,105062.8984375,105062.8984375
2025-03-19 00:00:00+05:30,107643.26103872783,109735.62939692473,107643.26103872783,109560.0078125
2025-03-20 00:00:00+05:30,110135.30319732135,111082.16779494539,109797.56998849942,110741.1953125
2025-03-21 00:00:00+05:30,111072.2012458289,112427.66595495393,110675.96644230546,111680.3359375
2025-03-24 00:00:00+05:30,112617.08178442228,113922.75819063162,112279.49653326055,113644.4765625
2025-03-25 00:00:00+05:30,115542.40251818423,115617.15498908235,113135.22500766632,113887.3828125
2025-03-26 00:00:00+05:30,113749.84570816574,115118.81271477828,113524.19445859447,113943.90625
2025-03-27 00:00:00+05:30,113626.74082277875,113823.09063762649,112073.88289621638,112890.2265625
2025-03-28 00:00:00+05:30,113424.42119229394,114019.45088870695,111714.43497970255,112305.875
2025-04-01 00:00:00+05:30,112128.71772127805,114034.05717044036,111530.69789343124,112663.9921875
2025-04-02 00:00:00+05:30,113025.78068572511,114895.33994926707,112402.09591474744,114757.3515625
2025-04-03 00:00:00+05:30,114122.10545194321,114620.45525741021,113424.41572428941,114491.3359375
2025-04-04 00:00:00+05:30,114620.45468814357,114620.45468814357,112427.71555497908,112863.2265625
2025-04-07 00:00:00+05:30,109636.95979091457,110455.7485406258,107644.55722162331,110021.1875
2025-04-08 00:00:00+05:30,111630.3613691727,113134.17869407384,111142.07976549129,112220.8046875
2025-04-09 00:00:00+05:30,112325.06142182389,113023.14830534285,110932.87445342023,112739.984375
2025-04-11 00:00:00+05:30,112926.06296437324,118358.02898155447,112926.06296437324,117156.453125
2025-04-15 00:00:00+05:30,119504.28481983037,122604.02064793439,117809.89546041659,122499.3671875
2025-04-16 00:00:00+05:30,122544.22314919873,124363.2000279892,122479.437671324,124079.140625
2025-04-17 00:00:00+05:30,123690.42431186994,126441.31529576004,123580.78735236707,126057.5859375
2025-04-21 00:00:00+05:30,127054.28788877661,127577.55520504732,126077.52223173797,126381.515625
2025-04-22 00:00:00+05:30,126780.19696643297,128688.87681856126,125883.16727091574,127233.6953125
2025-04-23 00:00:00+05:30,128952.99665352986,128952.99665352986,126232.00669477166,127557.6171875
2025-04-24 00:00:00+05:30,127577.54772167487,130039.39571286656,127134.01640342374,129491.2109375
2025-04-25 00:00:00+05:30,130069.30143844002,130268.64136401616,126979.53259200964,128230.390625
2025-04-28 00:00:00+05:30,128075.8963452678,129944.70806236801,128070.91284735553,129795.203125
2025-04-29 00:00:00+05:30,130318.46986653363,132760.38383344,130268.63488761718,132366.6875
2025-04-30 00:00:00+05:30,132511.2102651853,135152.46417419426,131564.3456562953,134061.078125
2025-05-02 00:00:00+05:30,134355.1279214045,135292.02569771104,133458.0981355791,134549.484375
2025-05-05 00:00:00+05:30,134863.42332133412,137390.05681567735,134863.42332133412,135670.75
2025-05-06 00:00:00+05:30,136348.52655752277,136816.97544262538,134056.11711978665,134544.5
2025-05-07 00:00:00+05:30,131066.00177147129,141032.99810390256,131066.00177147129,139956.5625
2025-05-08 00:00:00+05:30,140285.47922784844,142802.14590671394,137893.40000833274,138302.046875
2025-05-09 00:00:00+05:30,136961.483089704,137838.57878609042,135152.47321590703,137220.625
2025-05-12 00:00:00+05:30,139936.61979631946,140629.32599830267,139109.3591522244,139463.1875
2025-05-13 00:00:00+05:30,139637.61949216665,140604.41814246928,138541.24988873064,139961.546875
2025-05-14 00:00:00+05:30,139961.55059046485,140913.39877144326,139961.55059046485,140604.421875
2025-05-15 00:00:00+05:30,141032.99937119172,141406.76173701644,140400.09509839522,140674.1875
2025-05-16 00:00:00+05:30,141297.12761836968,141989.83388363098,139537.95271450467,139802.078125
2025-05-19 00:00:00+05:30,138949.89452665098,140190.7855580381,138949.89452665098,139682.46875
2025-05-20 00:00:00+05:30,139637.61830166145,140684.15291420065,139024.64802860277,139777.15625
2025-05-21 00:00:00+05:30,140335.29184383457,142029.6810209263,140036.28198905365,141815.390625
2025-05-22 00:00:00+05:30,141930.02160244476,142667.57929897433,141032.99197153046,141875.203125
2025-05-23 00:00:00+05:30,141780.5301972402,143479.903160237,141361.9163295225,143195.84375
2025-05-26 00:00:00+05:30,143524.74168797955,146948.4047969949,143230.7153074382,146141.078125
2025-05-27 00:00:00+05:30,146141.06799861963,146310.50691803833,143145.9859230128,143509.78125
2025-05-28 00:00:00+05:30,144322.11550583044,144322.11550583044,141087.8250029546,142313.765625
2025-05-29 00:00:00+05:30,142627.70868448602,143953.31911460738,139552.89050634738,140439.953125
2025-05-30 00:00:00+05:30,141222.3797629442,141376.86821564558,136712.31364375923,138406.703125
2025-06-02 00:00:00+05:30,137943.20932504442,140933.30779307283,136557.7970348579,140285.453125
2025-06-03 00:00:00+05:30,140295.45211562136,141431.68979260212,136996.37605351064,137624.296875
2025-06-04 00:00:00+05:30,138312.00126625583,138541.24217056684,135351.80350189193,135655.796875
2025-06-05 00:00:00+05:30,136348.51480122542,140434.9834465838,136084.38938878154,139896.765625
2025-06-06 00:00:00+05:30,140235.63857235003,140235.63857235003,137728.9389916147,139069.5
2025-06-09 00:00:00+05:30,139079.4592269743,140868.53497093602,137753.84878715864,138137.578125
2025-06-10 00:00:00+05:30,138939.9313338774,138939.9313338774,136104.3208270992,137395.046875
2025-06-11 00:00:00+05:30,137544.5378707627,138989.7522179555,136049.4885460805,136428.234375
2025-06-12 00:00:00+05:30,136976.42608241376,137315.30394654837,135052.7958536496,135934.875
2025-06-13 00:00:00+05:30,135346.82013254342,137544.54271726494,134554.4439625418,137165.796875
2025-06-16 00:00:00+05:30,136348.5101362518,136991.3814011486,135451.48046430276,135695.671875
2025-06-17 00:00:00+05:30,135850.16501650165,136577.75577557756,135556.13861386137,135900.0
2025-06-18 00:00:00+05:30,135650.82437024286,138042.90356560348,135650.82437024286,137494.71875
2025-06-19 00:00:00+05:30,137295.37228954083,138192.40194515308,136607.64955357142,137723.953125
2025-06-20 00:00:00+05:30,138052.86252022427,138416.6578766598,132301.90578972327,133986.328125
2025-06-23 00:00:00+05:30,133986.3378610158,135546.1728588027,133956.4368706429,135107.625
2025-06-24 00:00:00+05:30,136049.48804992312,136672.42526626893,135381.69935400045,136159.125
2025-06-25 00:00:00+05:30,136458.14562986966,139134.28412242827,136149.16874618505,138795.40625
2025-06-26 00:00:00+05:30,138845.2349736212,142528.03992123637,138167.47925931044,142044.640625
2025-06-27 00:00:00+05:30,142129.35789285338,145219.12654269804,141232.328284834,142742.328125
2025-06-30 00:00:00+05:30,143524.743607755,144621.1131769809,141227.3510104225,141890.15625
2025-07-01 00:00:00+05:30,142528.03728070177,143220.74347587719,141222.36085526316,142029.6875
2025-07-02 00:00:00+05:30,142328.71931168652,145199.2144910819,142328.71931168652,144730.765625
2025-07-03 00:00:00+05:30,144920.1189233715,147586.29029971277,143245.6636290712,144441.703125
2025-07-04 00:00:00+05:30,145019.777484979,145518.1272357865,143026.37848174904,143489.84375
2025-07-07 00:00:00+05:30,144182.56060275264,144182.56060275264,141730.67964683688,142662.59375
2025-07-08 00:00:00+05:30,142533.02775621787,145074.61176222016,141740.65156611128,144466.625
2025-07-09 00:00:00+05:30,144466.63653978537,151398.6828824271,143524.7553329131,150217.59375
2025-07-10 00:00:00+05:30,149604.61837402213,150202.6381676558,146514.8494402482,147790.625
2025-07-11 00:00:00+05:30,147790.6179843497,148388.63774959525,145717.48279816515,147750.75
2025-07-14 00:00:00+05:30,147750.74674997482,150102.95777486646,146519.82276025394,148353.75
2025-07-15 00:00:00+05:30,149036.48579724442,150800.64402543358,147780.6443466691,150287.34375
2025-07-16 00:00:00+05:30,149704.25786630157,152495.0163351807,149704.25786630157,151966.765625
2025-07-17 00:00:00+05:30,151598.0225113761,151966.80139585477,149509.93666547647,150038.1875
2025-07-18 00:00:00+05:30,150266.76167231612,151230.04213874444,147237.1697390416,147796.171875
2025-07-21 00:00:00+05:30,148135.5714093191,148734.50229102792,146288.8678573835,148140.5625
2025-07-22 00:00:00+05:30,148235.3963669265,150631.1199445738,147596.53674622055,147905.984375
2025-07-23 00:00:00+05:30,148335.21812360338,150032.1889904279,148335.21812360338,149647.875
2025-07-24 00:00:00+05:30,149647.8601988128,151918.80628127485,149632.88692793943,150611.140625
2025-07-25 00:00:00+05:30,150531.29180349843,150980.48995543193,148160.52377940487,148944.125
2025-07-28 00:00:00+05:30,149233.60466493014,150501.3416410135,146942.69414515747,147541.625
2025-07-29 00:00:00+05:30,148035.7393144689,149952.31800282883,147751.24716541547,149088.859375
2025-07-30 00:00:00+05:30,149692.7876978837,150022.19967401266,148335.21106898852,149757.671875
2025-07-31 00:00:00+05:30,148784.3996193226,149228.60664938364,146937.69623592275,147581.546875
2025-08-01 00:00:00+05:30,148135.5857407217,148914.19596226997,144791.55466099517,145645.03125
2025-08-04 00:00:00+05:30,145640.02856759191,146932.72107612537,143738.42298554076,144027.90625
2025-08-05 00:00:00+05:30,144342.343412527,146019.34989200864,143943.05615550757,145585.125
2025-08-06 00:00:00+05:30,146738.0603801619,147122.37434782422,145440.37685299042,146124.15625
2025-08-07 00:00:00+05:30,145240.73688178006,145869.61429920633,143244.3006359824,144007.9375
2025-08-08 00:00:00+05:30,144442.16615063237,144442.16615063237,141746.97714851276,142460.703125
2025-08-11 00:00:00+05:30,142595.4445052578,143229.31294950587,140843.57187587922,141916.65625
2025-08-12 00:00:00+05:30,141916.66468873413,142440.72918167626,136970.49409344202,140284.578125
2025-08-13 00:00:00+05:30,141447.51331343633,141447.51331343633,137853.9279363836,138592.609375
2025-08-14 00:00:00+05:30,138752.31449720165,139500.9780646326,137654.27459830293,138228.25
2025-08-18 00:00:00+05:30,138852.1485658928,144991.19036086218,138507.7632944677,144257.5
2025-08-19 00:00:00+05:30,144242.51677286997,148559.81009496452,142994.74413642645,146273.890625
2025-08-20 00:00:00+05:30,146238.95549096042,148934.14443174945,145600.0958901808,148524.875
2025-08-21 00:00:00+05:30,149263.55899156118,149732.72151898735,147202.23852531647,147861.0625
2025-08-22 00:00:00+05:30,148484.9535026355,148484.9535026355,146738.07169672215,147242.171875
2025-08-25 00:00:00+05:30,147935.9387457835,147935.9387457835,145944.49341651335,146483.53125
2025-08-26 00:00:00+05:30,146238.95555687245,146758.02898273984,141347.6867361989,142126.296875
2025-08-28 00:00:00+05:30,142445.7114083641,143234.30364391144,140948.3843788438,142021.46875
2025-08-29 00:00:00+05:30,141746.98174949453,142350.90374920188,139650.72356869213,140703.84375
2025-09-01 00:00:00+05:30,140848.57718481374,145240.7369269341,140703.8355569484,144576.921875
2025-09-02 00:00:00+05:30,144941.28716249147,154723.8258277285,143928.09565787762,153610.8125
2025-09-03 00:00:00+05:30,153610.80769677847,153925.24642975756,149982.28454001993,150281.75
2025-09-04 00:00:00+05:30,152278.1694929588,154723.8038112659,148934.13889445725,149388.328125
2025-09-05 00:00:00+05:30,150122.02895952904,150236.82404783508,147436.82211132682,147836.109375
2025-09-08 00:00:00+05:30,148574.7767593065,149328.43139820246,146338.76829423764,146812.921875
2025-09-09 00:00:00+05:30,147786.1760947912,149503.11106867195,146438.58178389646,149048.921875
2025-09-10 00:00:00+05:30,149133.78594970913,150266.7635069576,144741.62625641114,144996.171875
2025-09-11 00:00:00+05:30,145630.03570773313,146937.7013926816,145071.03358286968,146218.984375
2025-09-12 00:00:00+05:30,146238.95285742308,148135.56726308248,145824.69234250273,146308.828125
2025-09-15 00:00:00+05:30,147037.5375572422,148624.70445959124,146623.2770135473,147137.359375
2025-09-16 00:00:00+05:30,147786.1856733382,151928.7906753264,147536.63115514614,150621.125
2025-09-17 00:00:00+05:30,150930.56837848632,152083.51022026644,149333.4195067563,149962.296875
2025-09-18 00:00:00+05:30,150710.98299018785,151230.05645127475,148534.86732640053,148784.421875
2025-09-19 00:00:00+05:30,149383.34800106878,150980.4970608864,147746.2702147557,149438.25
2025-09-22 00:00:00+05:30,149732.71896467125,153920.24400504987,148859.278104044,152577.640625
2025-09-23 00:00:00+05:30,152727.37047888542,156121.3120450829,152722.3793883469,155657.140625
2025-09-24 00:00:00+05:30,155123.0978852971,155607.23367985545,152757.32090982635,153471.046875
2025-09-25 00:00:00+05:30,153436.10172582843,153436.10172582843,149732.71263336323,150166.9375
2025-09-26 00:00:00+05:30,150621.11814917196,151090.28062203372,147736.26805008584,148280.296875
2025-09-29 00:00:00+05:30,149553.0511276005,149553.0511276005,144811.51466480448,145625.0625
2025-09-30 00:00:00+05:30,147022.56147722792,148040.74399891563,145160.88461159306,145560.171875
2025-10-01 00:00:00+05:30,146338.76649270538,149727.716780855,145540.1920507261,148474.953125
2025-10-03 00:00:00+05:30,148474.96934054638,154224.70595074905,147142.34809495253,152922.03125
2025-10-06 00:00:00+05:30,152917.0344744831,152922.02556510502,150591.1862446669,152078.53125
2025-10-07 00:00:00+05:30,152078.5348868885,154025.0602759888,150840.74438305036,153446.09375
2025-10-08 00:00:00+05:30,153446.09247149024,159864.63511130083,152228.26634076412,154933.4375
2025-10-09 00:00:00+05:30,155821.84501015316,157244.30579900308,154938.42199392008,156076.390625
2025-10-10 00:00:00+05:30,156121.31861546382,157059.64367619614,153081.7443495809,155118.109375
2025-10-13 00:00:00+05:30,154324.52467173408,156919.89183956402,154324.52467173408,156605.453125
2025-10-14 00:00:00+05:30,156271.05581086114,158417.22489417862,156076.40326609515,157414.015625
2025-10-15 00:00:00+05:30,157414.0159856698,157488.88234921286,154723.81798902195,155033.265625
2025-10-16 00:00:00+05:30,155821.85371445364,156710.26787080127,154429.33939074024,154978.359375
2025-10-17 00:00:00+05:30,155821.85553137425,156171.23188906792,154838.6106390078,155662.140625
2025-10-20 00:00:00+05:30,156500.6482092056,163108.85264309347,156256.0847520602,161406.890625
2025-10-21 00:00:00+05:30,160812.9553071654,162460.0153708328,159929.5321821074,161391.921875
2025-10-23 00:00:00+05:30,161691.3737869312,162709.55628639206,159999.39404518006,162005.8125
2025-10-24 00:00:00+05:30,160768.03689320103,163308.50228634744,159115.98572398402,159904.578125
2025-10-27 00:00:00+05:30,159904.57029411301,161401.89756448678,158806.53029583895,159051.09375
2025-10-28 00:00:00+05:30,159914.536628054,161776.21334972265,157618.63504100952,157913.109375
2025-10-29 00:00:00+05:30,159714.89993746093,159814.72174992182,158117.7509380863,159615.078125
2025-10-30 00:00:00+05:30,159814.71731036773,160273.8976349322,157418.99387785755,157853.21875
2025-10-31 00:00:00+05:30,158716.68204218647,158821.49494542187,156969.80032159635,157234.328125
2025-11-03 00:00:00+05:30,157518.82595431295,159355.54737228467,157518.82595431295,158077.828125
2025-11-04 00:00:00+05:30,158866.40871374632,159210.79395412485,157269.25977286042,157633.609375
2025-11-06 00:00:00+05:30,158671.7519544291,159155.88771422213,156525.583122357,156974.78125
2025-11-07 00:00:00+05:30,157603.6773764487,159016.156101392,155387.63301646695,158482.109375
2025-11-10 00:00:00+05:30,159215.79666957073,159220.78776037542,157039.68107872643,157543.78125
2025-11-11 00:00:00+05:30,158337.36112801504,158412.22748840213,156939.8557341226,157883.171875
2025-11-12 00:00:00+05:30,158082.82373237205,159036.1221042624,157019.721359531,157493.875
2025-11-13 00:00:00+05:30,158017.93297776586,159016.15112670942,157718.4675330828,158032.90625
2025-11-14 00:00:00+05:30,158192.6157232767,159415.43291375478,155941.63387468233,157119.53125
2025-11-17 00:00:00+05:30,158217.56769656664,158706.69456200083,156470.6860343017,156855.0
2025-11-18 00:00:00+05:30,157219.3570404613,157229.3392218607,154374.4353416339,154933.4375
2025-11-19 00:00:00+05:30,155322.73397509046,155377.63596974747,152827.18876340843,153081.734375
2025-11-20 00:00:00+05:30,153226.488153998,154224.7063178677,151235.04291707798,151679.25
2025-11-21 00:00:00+05:30,152231.260455276,154477.29544559977,151732.1415685374,152166.375
2025-11-24 00:00:00+05:30,152730.38861728474,157172.5469790293,151542.48559470585,155181.0625
2025-11-25 00:00:00+05:30,154726.86232071326,154926.50988499806,153384.23245089804,154507.25
2025-11-26 00:00:00+05:30,154926.51449932036,155425.63342489806,153244.48372012348,154217.765625
2025-11-27 00:00:00+05:30,154726.85975609758,154726.85975609758,153134.6704573171,153479.0625
2025-11-28 00:00:00+05:30,153479.06253075384,153633.78939054094,151732.1463718672,152151.40625
2025-12-01 00:00:00+05:30,152231.26527440624,152730.38417694528,151332.85124983598,152151.40625
2025-12-02 00:00:00+05:30,152176.36446585465,155420.63738076843,152176.36446585465,154232.734375
2025-12-03 00:00:00+05:30,154227.7431617502,154392.45240202005,151482.58915725304,151772.078125
2025-12-04 00:00:00+05:30,152730.38262815296,153723.62923413343,151467.61181753458,153354.28125
2025-12-05 00:00:00+05:30,153379.24026356798,154028.09484327066,152530.73812087983,152940.015625
2025-12-08 00:00:00+05:30,153029.85244299675,154726.85667752443,151971.7203908795,153229.5
2025-12-09 00:00:00+05:30,153219.5134829663,153219.5134829663,151332.84412025337,152076.53125
2025-12-10 00:00:00+05:30,152550.70103428382,152865.14594218723,150733.9082330641,151407.71875
2025-12-11 00:00:00+05:30,152031.62654255665,153678.7190165896,150035.1508164561,153289.40625
2025-12-12 00:00:00+05:30,153339.30391162733,153429.14531096362,151732.14110127828,152281.171875
2025-12-15 00:00:00+05:30,152281.17550949202,153129.67763458588,150893.624975515,152885.109375
2025-12-16 00:00:00+05:30,152231.27313222626,153084.76649962334,152131.4493465658,152386.0
2025-12-17 00:00:00+05:30,152430.91285089453,153024.86434497626,150853.69711871108,151487.578125
2025-12-18 00:00:00+05:30,152730.3991732891,152730.3991732891,151063.34187512315,151991.703125
2025-12-19 00:00:00+05:30,152730.38145836047,155111.17858109373,151991.6854957514,153309.359375
2025-12-22 00:00:00+05:30,153658.7596369396,153988.17814327485,153129.69355100716,153628.8125
2025-12-23 00:00:00+05:30,154607.07146583204,154607.07146583204,152755.34033483308,153089.75
2025-12-24 00:00:00+05:30,153129.69372172878,153613.83910279162,150758.87871136956,151168.15625
2025-12-26 00:00:00+05:30,151931.7969608202,152026.6295541926,149735.67374588063,149940.3125
2025-12-29 00:00:00+05:30,150733.9121109505,150733.9121109505,147739.1986253025,148497.859375
2025-12-30 00:00:00+05:30,148537.78542590508,154931.49856873386,147908.89560857767,150823.75
2025-12-31 00:00:00+05:30,151238.0195799328,153189.57450075235,151233.02839087698,152585.640625
2026-01-01 00:00:00+05:30,152231.26825073414,152845.18451286005,150953.52383525256,151267.96875
2026-01-02 00:00:00+05:30,151332.8563725653,151692.22199455817,150204.84761464313,150419.46875
2026-01-05 00:00:00+05:30,150484.34515869652,151497.55650420947,149436.1954909245,150139.953125
2026-01-06 00:00:00+05:30,151317.87868323264,151317.87868323264,149361.33257234344,149930.328125
2026-01-07 00:00:00+05:30,149940.31414851634,150334.61809371566,149286.46836597062,149870.4375
2026-01-08 00:00:00+05:30,149985.22567051338,149990.2168593876,147839.0144545959,148457.921875
2026-01-09 00:00:00+05:30,148238.32105739487,149461.16242638687,146261.81010996294,146835.796875
2026-01-12 00:00:00+05:30,147534.5626733368,149236.55820334822,145083.88875768986,148472.90625
2026-01-13 00:00:00+05:30,149131.73379161448,149481.11701613382,146855.75164331714,147449.703125
2026-01-14 00:00:00+05:30,147739.19781690865,147744.1890060241,145048.9468836886,145408.3125
2026-01-16 00:00:00+05:30,145343.43338700643,145408.31884833993,142283.83432566596,142588.296875
2026-01-19 00:00:00+05:30,142748.00117532944,144879.23881525482,141255.63570849644,142792.921875
2026-01-20 00:00:00+05:30,143746.24568017593,143746.24568017593,141500.21059142318,142982.59375
2026-01-21 00:00:00+05:30,142648.18083943235,142648.18083943235,137497.27381961799,139803.203125
2026-01-22 00:00:00+05:30,139952.93784044983,142548.3560885609,139952.93784044983,142024.28125
2026-01-23 00:00:00+05:30,142423.57066341606,142598.26226927622,136558.92389525368,137232.734375
2026-01-27 00:00:00+05:30,138755.05036908182,138755.05036908182,135211.3062769218,135570.671875
2026-01-28 00:00:00+05:30,135960.00534979807,136558.94810464297,134193.12422300552,134697.234375
2026-01-29 00:00:00+05:30,135261.22510908794,135261.22510908794,130170.2122083031,130684.3046875
2026-01-30 00:00:00+05:30,130669.32298168956,132765.62228086105,129795.8649403681,131932.09375
2026-02-02 00:00:00+05:30,132061.87166275745,133963.51469928605,130968.80125593391,133529.28125
2026-02-03 00:00:00+05:30,137402.43405369556,137402.43405369556,134772.07760245152,136409.1875
2026-02-04 00:00:00+05:30,136758.580922152,139553.64680961202,135770.32548337147,137397.453125
2026-02-05 00:00:00+05:30,138211.03102136124,138211.03102136124,134362.82384511374,134732.171875
2026-02-06 00:00:00+05:30,134732.1603596241,148807.3138090625,133504.32782467312,146196.921875
2026-02-09 00:00:00+05:30,146740.95941435552,147294.98140398116,142997.56759256075,145053.9375
2026-02-10 00:00:00+05:30,145163.7368726453,149046.88180755515,145163.7368726453,148378.0625
2026-02-11 00:00:00+05:30,149236.556620288,152181.35823921676,149111.77689067236,151472.609375
2026-02-12 00:00:00+05:30,151732.15478473646,152181.36182192812,149536.03149179948,150943.546875
2026-02-13 00:00:00+05:30,150487.3449522834,151236.03821075248,148246.256465266,149843.46875
2026-02-16 00:00:00+05:30,149843.45485880927,150726.91282190208,145845.43322921978,146818.734375
2026-02-17 00:00:00+05:30,147432.67535226737,148291.17694887478,146309.6354729844,147712.1875
2026-02-18 00:00:00+05:30,147712.18097654133,148730.40375545647,147093.26124818117,147502.546875
2026-02-19 00:00:00+05:30,147502.5419885993,147901.8450259263,144547.6995123794,145351.296875
2026-02-20 00:00:00+05:30,143893.84907396339,146938.53490889064,143893.84907396339,146134.9375
2026-02-23 00:00:00+05:30,146389.48924709283,146404.4631114503,144098.48800039449,145506.03125
2026-02-24 00:00:00+05:30,145446.13837269886,145945.26719346998,142381.4874131643,143699.1875
2026-02-25 00:00:00+05:30,144747.36327794153,147742.13631127824,143993.67873121845,147327.859375
2026-02-26 00:00:00+05:30,147093.26428807832,147557.4540939416,142850.6692882525,143269.9375
2026-02-27 00:00:00+05:30,143749.10628790295,144447.8866656914,140155.37863070538,140739.359375
2026-03-02 00:00:00+05:30,136242.19533585449,139356.7590041419,135862.85745317847,138583.109375
2026-03-04 00:00:00+05:30,137240.45344316922,138248.69360884858,134160.82877869307,134814.6875
2026-03-05 00:00:00+05:30,135778.0056364333,140255.1909121706,135778.0056364333,139970.6875
2026-03-06 00:00:00+05:30,139766.04432825337,142251.70571227843,138009.11098050873,138538.1875
2026-03-09 00:00:00+05:30,135673.18998286084,137140.62865017602,134270.63805933853,134689.90625
2026-03-10 00:00:00+05:30,136262.16464608297,138203.7757100876,136262.16464608297,137045.796875
2026-03-11 00:00:00+05:30,137759.55331914424,137759.55331914424,135563.3865270999,136017.59375
2026-03-12 00:00:00+05:30,135558.39747031356,138009.11999904894,134200.7670674296,137764.546875
2026-03-13 00:00:00+05:30,136262.1689589201,137689.6773956326,134265.65366281872,134684.921875
2026-03-16 00:00:00+05:30,135218.9874841796,135218.9874841796,130871.57549869659,132114.40625
2026-03-17 00:00:00+05:30,133462.0566048729,134046.03733050846,132249.17355932205,132518.703125
2026-03-18 00:00:00+05:30,133347.25887388902,134764.78475801033,132922.9993663175,133656.71875
2026-03-19 00:00:00+05:30,132563.6266212082,132563.6266212082,130152.83436027807,130317.546875
2026-03-20 00:00:00+05:30,131710.11399934333,132019.5738700406,126793.69508584654,127312.7890625
2026-03-23 00:00:00+05:30,127292.82443488698,127292.82443488698,123239.89836967395,124757.25
2026-03-24 00:00:00+05:30,127677.14944279056,128635.47675682558,125281.33115770301,127422.59375
2026-03-25 00:00:00+05:30,128560.61155879723,130671.92649024776,128241.16911053994,129743.546875
2026-03-27 00:00:00+05:30,129174.53928709243,130262.64012034537,127302.80620236833,129349.234375
2026-03-30 00:00:00+05:30,127876.80541436438,129728.57336162156,124507.68583377515,128271.1171875
2026-04-01 00:00:00+05:30,132768.2664050699,132768.2664050699,128350.97633858543,128870.0703125
2026-04-02 00:00:00+05:30,128276.10483918822,128276.10483918822,125381.15772608592,126169.78125
2026-04-06 00:00:00+05:30,127377.67360974457,127771.98537366188,125291.3151626884,126823.640625
2026-04-07 00:00:00+05:30,126134.84280611116,127677.15084406329,124901.99463337919,126953.4140625
2026-04-08 00:00:00+05:30,134230.70635980365,134230.70635980365,130602.04003311726,132818.171875
2026-04-09 00:00:00+05:30,133462.0506530042,135159.0885834437,131520.4396090602,133786.484375
2026-04-10 00:00:00+05:30,134565.13167038513,137360.2530997403,134185.7937621155,136466.8125
2026-04-13 00:00:00+05:30,133217.4759311134,135313.81687869932,133217.4759311134,134080.96875
2026-04-15 00:00:00+05:30,136766.29374943348,138108.95033198877,135962.69631526468,137659.734375
2026-04-16 00:00:00+05:30,138253.6925020497,140549.68508484846,138059.03226133416,138498.265625
2026-04-17 00:00:00+05:30,138653.00075021898,139796.00579618177,137994.150680057,139611.328125
2026-04-20 00:00:00+05:30,139611.32419700574,140090.4878709149,138273.65894067608,138982.421875
2026-04-21 00:00:00+05:30,139506.5081512011,140265.18397370493,137884.33945176852,139421.65625
2026-04-22 00:00:00+05:30,139356.774071439,139850.91162993014,135927.7588928187,136801.234375
2026-04-23 00:00:00+05:30,136641.50669501914,136651.4892714872,133971.1674898089,134380.453125
2026-04-24 00:00:00+05:30,134380.44626168223,135533.43378485754,131510.4556736918,131914.75
2026-04-27 00:00:00+05:30,132319.05514872735,133312.3215378106,131570.36189062442,131974.65625
2026-04-28 00:00:00+05:30,131974.64838346333,132463.79461626767,129773.49033584383,129893.28125
2026-04-29 00:00:00+05:30,131270.87694077054,133866.34675100632,129923.2291546866,130197.75
2026-04-30 00:00:00+05:30,130127.87618533653,130871.5781358415,128525.67265438286,129484.0
2026-05-01 00:00:00+05:30,129484.0,129484.0,129484.0,129484.0
2026-05-04 00:00:00+05:30,130771.75288718227,131665.19348896874,128465.7777026831,129009.828125
2026-05-05 00:00:00+05:30,129868.3280101909,129868.3280101909,127886.78658968875,128046.5078125
2026-05-06 00:00:00+05:30,129314.29144608125,130522.18316022173,128495.7202017877,130107.90625
2026-05-07 00:00:00+05:30,131265.8888826439,133716.6113983813,129124.6262365108,129738.5546875
2026-05-08 00:00:00+05:30,131515.45005750432,131770.00575043127,129908.25529039677,130197.75
2026-05-11 00:00:00+05:30,130102.91645455163,130272.62025104724,128395.895913331,128685.390625
2026-05-12 00:00:00+05:30,128775.2388122011,129339.25439304524,125830.37869982906,126284.5859375
2026-05-13 00:00:00+05:30,126314.52916963157,127277.84778225808,124682.37794512967,126259.625
2026-05-14 00:00:00+05:30,126778.7222974576,128096.42240322645,125780.4646415721,126234.671875
2026-05-15 00:00:00+05:30,126808.66461758589,128685.38893059119,126279.58808253653,128415.859375
2026-05-18 00:00:00+05:30,127277.85203750679,129139.60257907501,126299.5595277283,128885.046875
2026-05-19 00:00:00+05:30,128326.01635859701,129274.36109248007,125980.11096425471,126509.1875
2026-05-20 00:00:00+05:30,126479.24051130777,127567.34131760079,125191.48818092428,126903.5
2026-05-21 00:00:00+05:30,127437.57343638454,127766.99846563417,125411.11037766717,125850.34375
2026-05-22 00:00:00+05:30,126569.08503815514,127108.14415891076,125580.80998343653,126564.09375
2026-05-25 00:00:00+05:30,127996.59386659088,129164.55529869127,126953.41463877472,128430.8359375
2026-05-26 00:00:00+05:30,128775.23149968543,128974.88302139037,126778.71628263604,126938.4375
2026-05-27 00:00:00+05:30,127477.49846874016,127537.39392612563,126678.89237026723,126818.6484375
2026-05-28 00:00:00+05:30,126818.6484375,126818.6484375,126818.6484375,126818.6484375
2026-05-29 00:00:00+05:30,126818.6536825474,127367.69539795515,121787.43505408362,123204.9609375
2026-06-01 00:00:00+05:30,125056.72209350513,125056.72209350513,123584.29211874623,124208.203125
2026-06-02 00:00:00+05:30,123589.28508999459,125401.12267683147,123214.938481144,124477.734375
2026-06-03 00:00:00+05:30,124732.29153415238,125176.51618187304,123858.81610324094,124572.5703125
2026-06-04 00:00:00+05:30,124582.55502545804,125281.33538217135,124083.42619923425,124497.703125
2026-06-05 00:00:00+05:30,125730.552482693,125730.552482693,123135.08256244686,123289.8125
2026-06-08 00:00:00+05:30,123284.81517668132,123724.04852629865,121992.0715681485,122606.0
2026-06-09 00:00:00+05:30,123175.0098879837,123464.50460285133,122381.39506619144,122536.125
2026-06-10 00:00:00+05:30,122785.69279181451,123085.17009130675,121927.19119993679,122381.3984375
2026-06-11 00:00:00+05:30,122336.47549073189,123284.82026197787,121837.34666376033,122720.8046875
2026-06-12 00:00:00+05:30,123374.65877646595,125480.98234648249,123324.74589565987,125296.3046875
2026-06-15 00:00:00+05:30,126783.71356101458,131565.36773177367,126783.71356101458,128316.0390625
2026-06-16 00:00:00+05:30,129274.36159706546,129703.61237302484,127577.3236455982,128246.15625
2026-06-17 00:00:00+05:30,128715.33611672599,129364.20356263782,127981.61677404106,129019.8046875
2026-06-18 00:00:00+05:30,129024.79862926163,130771.7494811085,128680.39974704038,129858.34375
2026-06-19 00:00:00+05:30,130082.95050028664,130257.64558383779,128156.31329312254,128420.8515625
2026-06-22 00:00:00+05:30,128420.86009354098,131809.94493957132,128420.86009354098,131330.78125
2026-06-23 00:00:00+05:30,131330.77472877808,132653.46609785402,130771.75045203655,131121.140625
2026-06-24 00:00:00+05:30,131121.13812010066,131520.44116728788,129573.83881225022,129893.28125
2026-06-25 00:00:00+05:30,130761.76439658916,131565.36177302443,128979.87456188489,129324.2734375
2026-06-26 00:00:00+05:30,129324.2734375,129324.2734375,129324.2734375,129324.2734375
2026-06-29 00:00:00+05:30,129673.66652811365,129973.14381801692,123389.63472831015,123833.859375
2026-06-30 00:00:00+05:30,124847.08931780286,127876.80119626231,124238.15216924924,127597.2890625
2026-07-01 00:00:00+05:30,127866.81915779764,130372.4457959901,127257.88200668314,129204.484375
2026-07-02 00:00:00+05:30,129523.92426906258,131989.62055379926,129523.92426906258,131834.890625
2026-07-03 00:00:00+05:30,132433.84240744865,136252.17766700085,132433.84240744865,134420.375
2026-07-06 00:00:00+05:30,134964.43849528162,136441.85986342523,133082.72276626088,135403.671875
2026-07-07 00:00:00+05:30,135663.21336323477,138747.82947281824,135403.66637666785,138408.421875
2026-07-08 00:00:00+05:30,136955.96139705883,137180.56937340155,132368.96739130435,132708.375
2026-07-09 00:00:00+05:30,132708.37039665348,134155.84397176365,132708.37039665348,133636.75
2026-07-10 00:00:00+05:30,134270.64186000556,135014.34379068253,133766.52175934537,134190.78125
2026-07-13 00:00:00+05:30,132768.26179685417,132768.26179685417,130771.74658186389,131056.25
2026-07-14 00:00:00+05:30,131051.25881511162,131400.6489780099,129888.28870146441,130796.703125
2026-07-15 00:00:00+05:30,131191.0224202582,133017.83394840517,130911.51027387507,131445.578125
2026-07-16 00:00:00+05:30,132099.43186487103,132947.95084836034,130836.63596591342,131201.0
2026-07-17 00:00:00+05:30,131195.0,131285.0,129550.0,130695.0
2026-07-20 00:00:00+05:30,130550.0,132990.0,130500.0,132800.0
2026-07-21 00:00:00+05:30,132800.0,134350.0,132335.0,134000.0
2026-07-22 00:00:00+05:30,133990.0,134490.0,132735.0,132945.0
2026-07-23 00:00:00+05:30,132945.0,133390.0,131500.0,132030.0
2026-07-24 00:00:00+05:30,131050.0,131490.0,130300.0,130755.0
2026-07-27 00:00:00+05:30,131890.0,132500.0,131005.0,132020.0
2026-07-28 00:00:00+05:30,132500.0,134000.0,132100.0,133140.0
2026-07-29 00:00:00+05:30,133500.0,134925.0,133495.0,134200.0
2026-07-30 00:00:00+05:30,134200.0,135550.0,133510.0,134860.0
2026-07-31 00:00:00+05:30,135000.0,135395.0,132500.0,132770.0
2026-08-03 00:00:00+05:30,134100.0,134550.0,133205.0,133730.0
2026-08-04 00:00:00+05:30,133730.0,134000.0,132570.0,132745.0
2026-08-05 00:00:00+05:30,133700.0,135180.0,133545.0,134405.0
2026-08-06 00:00:00+05:30,134500.0,135150.0,133300.0,133930.0
2026-08-07 00:00:00+05:30,133930.0,134500.0,133500.0,134190.0
2026-08-10 00:00:00+05:30,134000.0,134895.0,133600.0,133850.0
2026-08-11 00:00:00+05:30,134000.0,134000.0,129570.0,131125.0
2026-08-12 00:00:00+05:30,131540.0,131985.0,130430.0,130785.0
2026-08-13 00:00:00+05:30,131100.0,131345.0,130500.0,130985.0
2026-08-14 00:00:00+05:30,130985.0,133855.0,130560.0,133490.0
2026-08-17 00:00:00+05:30,133235.0,133320.0,132450.0,133015.0
2026-08-18 00:00:00+05:30,133015.0,133900.0,132650.0,133505.0
2026-08-19 00:00:00+05:30,133505.0,133875.0,132720.0,133630.0
2026-08-20 00:00:00+05:30,133660.0,134185.0,133285.0,134000.0
2026-08-21 00:00:00+05:30,134100.0,134195.0,132420.0,132665.0
2026-08-24 00:00:00+05:30,132800.0,135755.0,132665.0,134365.0
2026-08-25 00:00:00+05:30,134240.0,134385.0,131400.0,132295.0
2026-08-26 00:00:00+05:30,133500.0,133850.0,132910.0,133520.0
2026-08-27 00:00:00+05:30,133600.0,133790.0,132500.0,133600.0
2026-08-28 00:00:00+05:30,133600.0,134000.0,131910.0,132080.0
2026-08-31 00:00:00+05:30,131900.0,135800.0,131040.0,133745.0
2026-09-01 00:00:00+05:30,134795.0,134795.0,132115.0,132335.0
2026-09-02 00:00:00+05:30,132000.0,132865.0,130700.0,131880.0
2026-09-03 00:00:00+05:30,132800.0,132800.0,130100.0,130510.0
2026-09-04 00:00:00+05:30,130950.0,131080.0,129705.0,129945.0
