Date,Open,High,Low,Close
2018-09-04 00:00:00+05:30,48.145717046700064,48.4341591748181,47.320454446258246,47.516754150390625
2018-09-05 00:00:00+05:30,47.27237741321804,47.83323673957761,46.56729702989637,47.624916076660156
2018-09-06 00:00:00+05:30,47.913355404762875,48.69855719343738,47.632927286106714,48.09763717651367
2018-09-07 00:00:00+05:30,48.25788402119335,49.836301606331034,47.83724183540304,49.60795211791992
2018-09-10 00:00:00+05:30,49.67204506142729,50.076665373447135,48.974978735231296,49.167274475097656
2018-09-11 00:00:00+05:30,49.30348850767666,49.43569165649654,47.14017564643673,47.440635681152344
2018-09-12 00:00:00+05:30,47.47268647163655,48.6504908102587,46.71953440261504,48.518287658691406
2018-09-14 00:00:00+05:30,49.003023025945794,49.716114273375965,48.874826880974496,49.27544021606445
2018-09-17 00:00:00+05:30,48.874830585109216,50.02859597729268,48.51828493437218,49.38761520385742
2018-09-18 00:00:00+05:30,49.5158151138436,50.04062074076426,48.81874866089429,49.09517288208008
2018-09-19 00:00:00+05:30,49.51581303472983,50.54138536338085,49.46774138536828,49.7722053527832
2018-09-21 00:00:00+05:30,50.4772833448418,51.887444083223265,46.81567748005636,50.088687896728516
2018-09-24 00:00:00+05:30,49.587921010062544,50.17682313589707,47.725068282352545,48.690547943115234
2018-09-25 00:00:00+05:30,48.79470462636393,48.79470462636393,46.070532770408406,48.15372085571289
2018-09-26 00:00:00+05:30,48.47421564711275,49.20733881565123,47.913356342387615,48.78669357299805
2018-09-27 00:00:00+05:30,48.97097680955161,49.73614980266272,48.666512853235716,48.999019622802734
2018-09-28 00:00:00+05:30,49.03507314467958,49.03507314467958,46.07053383447791,46.5713005065918
2018-10-01 00:00:00+05:30,46.47114677309445,46.93585970791524,44.66838676896579,46.7275390625
2018-10-03 00:00:00+05:30,46.791640058931634,47.62491349613881,46.166681160479655,46.4390983581543
2018-10-04 00:00:00+05:30,46.21074500382517,47.09209612553521,45.66991764302412,46.655426025390625
2018-10-05 00:00:00+05:30,46.47115057919933,46.951885397098835,45.05297889302713,45.50967788696289
2018-10-08 00:00:00+05:30,45.42956067202014,45.66592111353526,43.58673962299578,44.85267639160156
2018-10-09 00:00:00+05:30,44.86869445534252,46.783625747531644,44.43202737817951,45.8702278137207
2018-10-10 00:00:00+05:30,45.922301392781584,47.096098481843384,45.922301392781584,46.76359176635742
2018-10-11 00:00:00+05:30,44.62832676072656,45.18918604893694,43.99134995973101,44.480098724365234
2018-10-12 00:00:00+05:30,44.932797664594574,46.375005205152796,44.71646607504521,46.19072341918945
2018-10-15 00:00:00+05:30,46.33093064351558,46.42707698362963,45.38948996145464,45.669918060302734
2018-10-16 00:00:00+05:30,45.75805714980588,46.79164032237028,45.63787192269381,45.894264221191406
2018-10-17 00:00:00+05:30,46.314907278420556,46.43108551077413,44.23572311978832,44.44003677368164
2018-10-19 00:00:00+05:30,44.30783422506895,45.07701109446982,43.66685350056824,44.464073181152344
2018-10-22 00:00:00+05:30,44.788574392006886,44.96484219014604,43.390431579911194,43.64682388305664
2018-10-23 00:00:00+05:30,43.266239643387344,44.067466303450075,42.87764422422698,43.714927673339844
2018-10-24 00:00:00+05:30,44.227711118179215,44.43602869964748,43.378409779867205,44.07147216796875
2018-10-25 00:00:00+05:30,43.642819347656605,44.11554322313719,43.26624182041894,43.72694778442383
2018-10-26 00:00:00+05:30,43.875169316794114,44.99688783166764,43.35437383637481,44.191654205322266
2018-10-29 00:00:00+05:30,44.58826564234027,46.11059448947622,44.25174884982488,45.966373443603516
2018-10-30 00:00:00+05:30,45.770079321036604,45.83017194018544,45.117080602594484,45.229251861572266
2018-10-31 00:00:00+05:30,44.464073839533185,44.69242332153141,42.412935490759615,44.375938415527344
2018-11-01 00:00:00+05:30,44.532186405204044,45.18117814825402,44.387965338651235,44.596282958984375
2018-11-02 00:00:00+05:30,44.9488179789123,46.66344573511085,44.920775165839096,45.99441909790039
2018-11-05 00:00:00+05:30,45.9904131299533,46.759590017158935,45.46961455999519,46.2668342590332
2018-11-06 00:00:00+05:30,46.43910144541403,46.823689916562515,45.66992450311705,46.13063049316406
2018-11-07 00:00:00+05:30,46.55126615755363,46.65141948668471,46.39102327609353,46.49117660522461
2018-11-09 00:00:00+05:30,46.41906860219074,46.41906860219074,45.54573140256997,45.84619140625
2018-11-12 00:00:00+05:30,45.95435991500656,47.24834246208948,45.84218865894984,46.699501037597656
2018-11-13 00:00:00+05:30,46.71151892667056,47.392563498221975,46.39904098311387,47.20827865600586
2018-11-14 00:00:00+05:30,48.47421453077831,48.92290257551284,46.81567553432286,47.20026397705078
2018-11-15 00:00:00+05:30,47.29640940775495,47.8252188883204,46.587325148802016,47.22029495239258
2018-11-16 00:00:00+05:30,47.272375099894106,47.35249654698003,45.63386797241988,45.9984245300293
2018-11-19 00:00:00+05:30,46.26683131822065,46.775611944545375,45.99041020671063,46.6634407043457
2018-11-20 00:00:00+05:30,46.230782163024735,46.310903612116576,45.0289420880229,45.13310241699219
2018-11-21 00:00:00+05:30,45.02893927588049,45.02893927588049,44.06746666463733,44.17963790893555
2018-11-22 00:00:00+05:30,44.22771665417299,44.355912810300666,43.11801590779634,43.23820114135742
2018-11-26 00:00:00+05:30,43.58673202771824,43.58673202771824,41.795989932999035,42.52109909057617
2018-11-27 00:00:00+05:30,42.440977312694514,42.457002212725286,41.06286647441995,41.84806823730469
2018-11-28 00:00:00+05:30,41.84807105860066,42.37688056951847,41.5556250185253,41.98027420043945
2018-11-29 00:00:00+05:30,42.625261521782896,43.17409986122107,42.39691203201988,42.74945068359375
2018-11-30 00:00:00+05:30,42.865631379216566,43.00985243958687,42.104465350914936,42.424957275390625
2018-12-03 00:00:00+05:30,43.362388178229885,44.28380010644296,42.92572109351736,43.114009857177734
2018-12-04 00:00:00+05:30,42.68135042372363,43.30630632654256,42.63728270683895,43.12202453613281
2018-12-05 00:00:00+05:30,42.70538334347849,42.70538334347849,41.263175866237276,41.47950744628906
2018-12-06 00:00:00+05:30,41.12296019874985,41.79999466886557,40.14145567624373,40.87858581542969
2018-12-07 00:00:00+05:30,40.91864401822682,41.2551607943834,40.317724041781624,40.80647277832031
2018-12-10 00:00:00+05:30,40.013263895933775,40.82250464731082,39.82097118224646,40.28968811035156
2018-12-11 00:00:00+05:30,39.708794387608215,40.357786026377575,38.951635438085866,40.12142562866211
2018-12-12 00:00:00+05:30,40.54206836483364,41.864093595693575,40.502007642536675,41.68381881713867
2018-12-13 00:00:00+05:30,42.308774850150854,42.308774850150854,40.7023145097485,41.0428352355957
2018-12-14 00:00:00+05:30,40.94268947793494,41.48752396269158,40.58213985233703,41.147003173828125
2018-12-17 00:00:00+05:30,41.50354178637784,42.08443296847006,41.37534563868115,41.98427963256836
2018-12-18 00:00:00+05:30,41.90415183501567,42.33681494563519,41.631734660526,42.22464370727539
2018-12-19 00:00:00+05:30,42.29676315147281,42.661319753073464,42.03235684259611,42.2567024230957
2018-12-20 00:00:00+05:30,41.663791156783006,42.224650495181045,41.663791156783006,41.93220138549805
2018-12-21 00:00:00+05:30,41.99629829892188,42.62526113743556,41.52758141201953,41.679813385009766
2018-12-24 00:00:00+05:30,41.50353569557917,41.71986723615185,41.02280097637551,41.15900802612305
2018-12-26 00:00:00+05:30,40.78244283530816,41.44745944907596,40.41387620707465,41.13898849487305
2018-12-27 00:00:00+05:30,41.503543133159,41.64776418605238,40.45794202790072,40.58213424682617
2018-12-28 00:00:00+05:30,40.71834132132955,41.37935397102358,40.706323409661216,41.090911865234375
2018-12-31 00:00:00+05:30,41.663792544893255,42.064405934747995,41.35932551280112,41.747920989990234
2019-01-01 00:00:00+05:30,41.98428154878908,42.024342273690735,41.1469980330887,41.32326889038086
2019-01-02 00:00:00+05:30,40.54207134375992,40.60617094929468,39.420355754838404,39.55255889892578
2019-01-03 00:00:00+05:30,39.50047314042473,39.51249105111641,38.47891099794961,38.55903244018555
2019-01-04 00:00:00+05:30,38.53900658220258,39.48846140910351,38.42283138971188,39.07182312011719
2019-01-07 00:00:00+05:30,39.69277097460002,40.141455965088795,38.771359058096714,38.89955520629883
2019-01-08 00:00:00+05:30,38.911571919093056,39.528516818449596,38.76334694205952,39.36827087402344
2019-01-09 00:00:00+05:30,39.175980907198564,39.84500448598115,38.07830115475103,38.39478302001953
2019-01-10 00:00:00+05:30,38.4588826621695,38.79139248539781,38.258575981637364,38.49093246459961
2019-01-11 00:00:00+05:30,38.77536906025392,38.79940488477279,37.817903335377245,37.994171142578125
2019-01-14 00:00:00+05:30,37.99416780387638,38.01019270429329,37.401261770636964,37.72575759887695
2019-01-15 00:00:00+05:30,37.898025791829255,38.178456996539396,37.57753691615171,38.062278747558594
2019-01-16 00:00:00+05:30,38.14640596476625,38.45087298483634,37.873988748164074,38.022216796875
2019-01-17 00:00:00+05:30,38.162430186346675,38.318669154921245,37.697717213656965,37.91004180908203
2019-01-18 00:00:00+05:30,37.94208852309265,38.27459832409178,37.497407477524455,37.70973205566406
2019-01-21 00:00:00+05:30,37.89801788914592,38.258570473481825,37.66566143963645,37.79385757446289
2019-01-22 00:00:00+05:30,37.713738277553205,37.713738277553205,36.455812678013636,36.58000183105469
2019-01-23 00:00:00+05:30,36.61606366463826,37.485393968574336,36.61606366463826,37.22499465942383
2019-01-24 00:00:00+05:30,37.21697916412006,37.21697916412006,36.63208406601485,36.91651916503906
2019-01-25 00:00:00+05:30,37.03269672323642,37.321138806127536,36.151345574798334,36.28755569458008
2019-01-28 00:00:00+05:30,36.287558496210025,36.37168693414233,35.518381586739785,35.71067428588867
2019-01-29 00:00:00+05:30,35.574466062593565,36.22746471102875,35.36213842350598,35.558441162109375
2019-01-30 00:00:00+05:30,35.790789079870784,37.76981966731027,35.790789079870784,37.45333480834961
2019-01-31 00:00:00+05:30,37.82190958281671,38.3707479414785,37.46936786245737,38.19447708129883
2019-02-01 00:00:00+05:30,38.21851870389716,38.61913210109433,37.6576593365336,38.034236907958984
2019-02-04 00:00:00+05:30,38.050259470145754,38.346712510034266,36.21544949029696,38.142398834228516
2019-02-05 00:00:00+05:30,38.218521823860534,38.218521823860534,36.812367829104765,37.23301315307617
2019-02-06 00:00:00+05:30,37.337161314124195,38.995700263835985,37.16089352644838,38.86750411987305
2019-02-07 00:00:00+05:30,38.73530925716623,39.372283073598574,38.30665305655018,39.18399429321289
2019-02-08 00:00:00+05:30,38.699246288126645,39.079830777832,37.333156449658176,37.557498931884766
2019-02-11 00:00:00+05:30,38.058266108585,39.01973870577352,36.88046194779628,38.51496505737305
2019-02-12 00:00:00+05:30,38.33068686557448,39.8369939729956,38.19447673219768,39.05179214477539
2019-02-14 00:00:00+05:30,38.61912503887533,38.96765667458133,38.090315573535136,38.66319274902344
2019-02-15 00:00:00+05:30,38.699252572985124,38.73130237749021,37.068756210149566,37.45735168457031
2019-02-18 00:00:00+05:30,37.569519525286516,38.21851425349041,37.208966898506574,37.301109313964844
2019-02-19 00:00:00+05:30,37.289091216428346,38.5069561627879,37.289091216428346,37.73377227783203
2019-02-20 00:00:00+05:30,37.85796373463005,39.56858149188084,37.85796373463005,39.35225296020508
2019-02-21 00:00:00+05:30,39.46442188552527,40.29369139611243,39.2881510338172,39.96919250488281
2019-02-22 00:00:00+05:30,39.820971512885876,40.38183086926633,39.42836904648828,40.24562072753906
2019-02-25 00:00:00+05:30,40.38183069585905,40.8225048109665,39.92112468879498,40.46996307373047
2019-02-26 00:00:00+05:30,39.90108916802064,40.75039057287756,39.396315489708876,40.34977722167969
2019-02-27 00:00:00+05:30,40.6221923252924,41.04684147757616,39.897080118686844,40.63020324707031
2019-02-28 00:00:00+05:30,40.59014113092988,40.94267974935322,39.92512461447088,40.09738540649414
2019-03-01 00:00:00+05:30,40.34176237906458,40.838525124545804,40.221580210141504,40.670265197753906
2019-03-05 00:00:00+05:30,40.73436398464821,41.89614326628315,40.47797169501754,41.80400085449219
2019-03-06 00:00:00+05:30,41.89614840118553,42.09244810339739,41.299232258833285,41.731895446777344
2019-03-07 00:00:00+05:30,41.65177533003551,41.92018557218994,41.14700159455934,41.75593566894531
2019-03-08 00:00:00+05:30,41.407394407040385,41.551615451657035,40.566107017734716,40.6902961730957
2019-03-11 00:00:00+05:30,40.862560773041665,41.85608320333623,40.82250005023789,41.71586608886719
2019-03-12 00:00:00+05:30,42.016327216293654,42.505075994284965,41.743910014942955,42.076419830322266
2019-03-13 00:00:00+05:30,42.06440111146356,42.06440111146356,41.07087867371279,41.163021087646484
2019-03-14 00:00:00+05:30,41.17904897396767,41.808011847267096,41.14299218105322,41.475502014160156
2019-03-15 00:00:00+05:30,41.503542331940494,41.739905797122866,41.058861270176635,41.29922866821289
2019-03-18 00:00:00+05:30,41.623726303033614,42.20461441879397,41.283205578055565,42.08042526245117
2019-03-19 00:00:00+05:30,42.28874147932544,42.617244282561096,41.71586430407382,42.264705657958984
2019-03-20 00:00:00+05:30,42.148531200961116,42.16455610211921,40.94669112204085,41.151004791259766
2019-03-22 00:00:00+05:30,41.42341987955581,41.984279165655394,41.311248633623336,41.53559112548828
2019-03-25 00:00:00+05:30,41.086907297704215,41.47950975515616,40.62620435559674,41.27519607543945
2019-03-26 00:00:00+05:30,41.34329632843137,41.73990574394506,41.19507134565713,41.61170959472656
2019-03-27 00:00:00+05:30,41.66378806672806,41.90415546351788,41.10693575919735,41.327274322509766
2019-03-28 00:00:00+05:30,41.21509649919613,41.379349424448804,40.44591967256346,40.566104888916016
2019-04-01 00:00:00+05:30,42.465016128439004,43.58673475818027,42.312784152069604,42.877647399902344
2019-04-02 00:00:00+05:30,43.10599190337993,43.10599190337993,42.148526329028215,42.51708984375
2019-04-03 00:00:00+05:30,43.017858225013015,43.87517050570019,42.74143710601201,42.90167999267578
2019-04-04 00:00:00+05:30,42.68534975824214,43.057920261899625,42.18458311657546,42.51708984375
2019-04-05 00:00:00+05:30,42.56116162335491,44.14759012911127,42.56116162335491,44.011383056640625
2019-04-08 00:00:00+05:30,44.3238580600961,44.62832504308128,43.73095205034491,43.99134826660156
2019-04-09 00:00:00+05:30,44.14758712727563,44.46807900937751,43.28627092494638,44.31184005737305
2019-04-10 00:00:00+05:30,44.199677121570396,44.820626057230484,43.40245425554806,43.6187858581543
2019-04-11 00:00:00+05:30,43.34636011022357,43.77902323045444,42.74544012871527,42.92171096801758
2019-04-12 00:00:00+05:30,43.02587558086247,43.482574567868106,42.64128712109127,42.75746536254883
2019-04-15 00:00:00+05:30,43.01785761898844,44.46807895178751,42.949754087472044,44.31985092163086
2019-04-16 00:00:00+05:30,44.35190523910519,44.62031545990886,43.999366578487134,44.3278694152832
2019-04-18 00:00:00+05:30,44.34789903984611,44.42802354807611,43.001837865956816,43.514625549316406
2019-04-22 00:00:00+05:30,43.266241884663316,43.726947849352285,42.713396560898936,42.80152893066406
2019-04-23 00:00:00+05:30,42.861624296738015,43.146059427285856,41.783976392310265,41.93220138549805
2019-04-24 00:00:00+05:30,42.21663842129582,42.29275594432746,41.07889784775786,42.08443832397461
2019-04-25 00:00:00+05:30,41.82403321117071,42.40892831945408,40.782439140851864,40.92265319824219
2019-04-26 00:00:00+05:30,41.73189442759299,43.88719633539698,41.307245229298886,43.6868896484375
2019-04-30 00:00:00+05:30,43.51061918187126,44.932797894802725,42.92171702782042,44.64435577392578
2019-05-02 00:00:00+05:30,44.395969647769775,45.00089663922226,44.02339912408542,44.464073181152344
2019-05-03 00:00:00+05:30,44.38795609633465,44.548198975639046,43.795047051022536,43.89119338989258
2019-05-06 00:00:00+05:30,42.80553943296141,43.546673581447976,42.26070498666654,42.941749572753906
2019-05-07 00:00:00+05:30,43.66285045994092,43.66285045994092,42.384895884522436,42.513092041015625
2019-05-08 00:00:00+05:30,42.565173234991775,42.6573156607095,41.79198926008924,41.87611770629883
2019-05-09 00:00:00+05:30,41.86810508613013,42.17657604306159,41.37134229564145,41.59568786621094
2019-05-10 00:00:00+05:30,41.82403792134607,42.12449795949304,38.382767361755214,39.003719329833984
2019-05-13 00:00:00+05:30,38.466893888944355,39.09986373797952,37.12884671949177,37.84193801879883
2019-05-14 00:00:00+05:30,37.41327286431983,38.26657802507788,36.559967703561774,37.6215934753418
2019-05-15 00:00:00+05:30,37.90202547886815,38.534995241799756,36.90850312588456,37.0927848815918
2019-05-16 00:00:00+05:30,37.17290795387007,37.76180998566357,36.46782769992903,37.597557067871094
2019-05-17 00:00:00+05:30,37.26105156417665,37.77784319440257,36.93655264595627,37.613590240478516
2019-05-20 00:00:00+05:30,38.2986346843441,39.64068876176341,38.190470427400115,38.76334762573242
2019-05-21 00:00:00+05:30,38.847477479556396,38.85148446890433,37.55750198888164,37.861968994140625
2019-05-22 00:00:00+05:30,37.81790405847545,38.502952578299244,37.44934047876397,37.89802551269531
2019-05-23 00:00:00+05:30,38.266593479328414,38.979687951960365,37.02068852425861,37.23301315307617
2019-05-24 00:00:00+05:30,37.25704334217743,38.96365715107321,36.72823381699757,38.7913932800293
2019-05-27 00:00:00+05:30,38.819437920566614,41.20709334701704,38.7433203987629,41.06687927246094
2019-05-28 00:00:00+05:30,41.19106486850538,41.55161749780186,40.47797358858419,40.62620162963867
2019-05-29 00:00:00+05:30,40.51803260750509,41.00277437787861,39.408335010276005,39.524513244628906
2019-05-30 00:00:00+05:30,39.50047991002866,39.77690412905937,38.93962054894556,39.09585952758789
2019-05-31 00:00:00+05:30,39.32420420867189,39.64068603577433,38.543006415701235,39.123897552490234
2019-06-03 00:00:00+05:30,39.17598049063957,40.2095636837364,38.86750649459476,39.873046875
2019-06-04 00:00:00+05:30,39.740843733837934,40.28167421014868,39.41234090383476,39.873046875
2019-06-06 00:00:00+05:30,39.8730470943994,40.265649530679255,38.69924983138587,38.82744598388672
2019-06-07 00:00:00+05:30,38.69925057335764,39.25209897497252,38.122369404262116,38.627140045166016
2019-06-10 00:00:00+05:30,39.17998988796779,39.64469982062288,38.70726597608694,38.943626403808594
2019-06-11 00:00:00+05:30,39.25209728977436,39.592618025222976,39.01974081375067,39.46041488647461
2019-06-12 00:00:00+05:30,39.4804471564326,40.70231604908736,39.264115579063635,40.530052185058594
2019-06-13 00:00:00+05:30,40.38182994992052,40.530054944486196,39.78491381274041,40.26565170288086
2019-06-14 00:00:00+05:30,39.98522019683938,40.74237923516738,39.82497729112314,40.20555877685547
2019-06-17 00:00:00+05:30,40.06934602748952,40.12943864143494,37.82190794000447,37.906036376953125
2019-06-18 00:00:00+05:30,37.918055536063314,38.33869773464688,37.14887861027845,37.84193801879883
2019-06-19 00:00:00+05:30,38.627135217834514,39.93313548456301,38.627135217834514,39.58860778808594
2019-06-20 00:00:00+05:30,39.588607517005244,40.28567382667866,39.24808681182459,40.14145278930664
2019-06-21 00:00:00+05:30,40.061335641545234,40.133446167957516,39.6166545714091,39.873046875
2019-06-24 00:00:00+05:30,39.8369962439913,40.04531386072638,38.60711326622458,38.959651947021484
2019-06-25 00:00:00+05:30,37.9781464845638,40.04530976390696,37.974139495294914,39.90108871459961
2019-06-26 00:00:00+05:30,39.66071843612657,41.046840148030874,39.28414093958228,40.9106330871582
2019-06-27 00:00:00+05:30,40.982743549221965,41.379349877225856,40.594148142725295,40.918643951416016
2019-06-28 00:00:00+05:30,40.98274501853,41.31525176064893,39.989222611977524,40.41387176513672
2019-07-01 00:00:00+05:30,40.85054726168097,41.25116064574149,40.31372373769235,40.61819076538086
2019-07-02 00:00:00+05:30,40.74638275260769,40.93467151286082,40.22959117332907,40.766414642333984
2019-07-03 00:00:00+05:30,40.694303987258266,41.24714929853886,40.429897714621525,40.8865966796875
2019-07-04 00:00:00+05:30,41.10858586480953,41.326460868079224,40.59472854149941,40.722164154052734
2019-07-05 00:00:00+05:30,40.82082245635659,40.98525427237078,39.07781635231636,39.32857894897461
2019-07-08 00:00:00+05:30,39.05315962558019,39.4231375545635,38.247431655981224,38.48175048828125
2019-07-09 00:00:00+05:30,38.55985287181292,38.80650374742809,38.02955176425548,38.51463317871094
2019-07-10 00:00:00+05:30,38.600965650066144,38.99971946468205,36.83740680780793,37.392372131347656
2019-07-11 00:00:00+05:30,37.92678507934978,38.354314781194894,37.30193277036982,37.984336853027344
2019-07-12 00:00:00+05:30,38.17343262331943,39.41902225814585,37.84045408546893,38.88050079345703
2019-07-15 00:00:00+05:30,39.299804638269286,39.320360184260544,38.09532303344323,38.50230026245117
2019-07-16 00:00:00+05:30,38.23920170515573,39.34913530411367,38.15698579545629,39.19292068481445
2019-07-17 00:00:00+05:30,39.13537429307139,39.44780043822226,38.51874547667004,39.11071014404297
2019-07-18 00:00:00+05:30,38.888715251283564,39.08192607511545,38.13642750006672,38.362525939941406
2019-07-19 00:00:00+05:30,38.64206747013077,38.88871833735377,37.26493058649436,37.65957260131836
2019-07-22 00:00:00+05:30,37.65957439000457,38.42008257353673,37.09638565508837,38.27620315551758
2019-07-23 00:00:00+05:30,38.32964139887457,38.4694122101017,37.552689441462896,37.80756378173828
2019-07-24 00:00:00+05:30,37.898006557946744,38.066550130189675,36.43043015851767,36.66885757446289
2019-07-25 00:00:00+05:30,36.83329128885778,37.158049484567876,36.03578687784667,36.20433044433594
2019-07-26 00:00:00+05:30,36.09334064742822,36.84973714293127,35.817910730860035,36.627750396728516
2019-07-29 00:00:00+05:30,36.63186243081381,36.66063831649933,35.435601033738116,35.63703536987305
2019-07-30 00:00:00+05:30,35.75625237318335,36.33177011463698,33.3966170878776,34.12424087524414
2019-07-31 00:00:00+05:30,33.95568778760235,35.649362479265136,33.66792897082424,35.52192687988281
2019-08-01 00:00:00+05:30,35.14784063611712,35.50959505978209,34.10368218705809,34.531211853027344
2019-08-02 00:00:00+05:30,34.02968227780727,34.2968886770816,33.26506243315681,33.635040283203125
2019-08-05 00:00:00+05:30,33.21162462623604,33.21162462623604,32.04003063644486,32.82520294189453
2019-08-06 00:00:00+05:30,32.36478858333123,33.544602901156814,32.36478858333123,33.01841354370117
2019-08-07 00:00:00+05:30,32.475781066535056,32.599108071955044,30.901321560841886,31.39873504638672
2019-08-08 00:00:00+05:30,31.160307763472947,31.201415719990617,29.647511754735945,30.206588745117188
2019-08-09 00:00:00+05:30,30.46145821358705,30.72044428386141,29.668062466502732,29.79138946533203
2019-08-13 00:00:00+05:30,29.737947122717205,30.223028522448043,28.39369785280071,28.669124603271484
2019-08-14 00:00:00+05:30,29.071986723083292,30.482011067130532,29.055542915602395,29.980485916137695
2019-08-16 00:00:00+05:30,29.598184874486424,30.165482288832933,29.224095199103466,29.848947525024414
2019-08-19 00:00:00+05:30,30.08326156042036,30.16958920949517,29.36386134846092,29.56118392944336
2019-08-20 00:00:00+05:30,29.57351902225528,29.750286074981595,29.034994390180394,29.454303741455078
2019-08-21 00:00:00+05:30,29.351530693477258,29.4501904205677,28.10594105382583,28.200489044189453
2019-08-22 00:00:00+05:30,27.945617937740806,28.525247365193025,27.164554182204512,27.435869216918945
2019-08-23 00:00:00+05:30,27.3783167670223,28.689681621817776,27.160441770052692,28.385478973388672
2019-08-26 00:00:00+05:30,28.48002881510205,28.578688546570774,26.490374692745085,27.793516159057617
2019-08-27 00:00:00+05:30,28.031944257858893,29.16243031078654,27.966169018429078,28.850004196166992
2019-08-28 00:00:00+05:30,28.850003329935024,28.850003329935024,27.41120294213671,27.703073501586914
2019-08-29 00:00:00+05:30,27.46053892505343,28.171715764064256,27.01656540759974,27.587974548339844
2019-08-30 00:00:00+05:30,28.118272263119707,28.570466062744856,27.72363023055579,28.35670280456543
2019-09-03 00:00:00+05:30,28.036054973459613,28.048390184035455,27.049451398259045,27.24677085876465
2019-09-04 00:00:00+05:30,27.2467709834781,28.031946501244622,26.909680695263187,27.892175674438477
2019-09-05 00:00:00+05:30,28.447138324815505,28.94044320510294,28.138823950761857,28.377254486083984
2019-09-06 00:00:00+05:30,28.529359675494938,29.421415250362916,28.1881576546182,29.21998405456543
2019-09-09 00:00:00+05:30,29.219979643579602,29.64750925525916,28.62390334715031,29.08843231201172
2019-09-11 00:00:00+05:30,29.211760203714423,30.313470433807282,29.203539866503554,30.177814483642578
2019-09-12 00:00:00+05:30,30.321692524201552,31.201415973437005,29.84483144298215,30.013378143310547
2019-09-13 00:00:00+05:30,30.17370442981477,30.35047148490168,29.413196173775333,30.20248031616211
2019-09-16 00:00:00+05:30,29.7626171017729,30.124371532050485,29.483078589542323,29.688621520996094
2019-09-17 00:00:00+05:30,29.69684221119659,30.091484267917576,28.122385721164733,28.36081314086914
2019-09-18 00:00:00+05:30,28.61157643829409,29.705066377563025,28.393701425097166,29.454303741455078
2019-09-19 00:00:00+05:30,29.269308822630673,29.269308822630673,27.95794720328631,28.336145401000977
2019-09-20 00:00:00+05:30,28.60335267565205,31.324738850774235,28.2909265680812,30.301136016845703
2019-09-23 00:00:00+05:30,31.04520298507297,31.970146176563794,30.33813793543353,31.02465057373047
2019-09-24 00:00:00+05:30,31.078089339091843,31.184972537256076,30.272361457065088,30.486127853393555
2019-09-25 00:00:00+05:30,30.214811447757878,30.251807670619836,29.39675144455737,29.7667293548584
2019-09-26 00:00:00+05:30,30.00926372435663,31.189081112189616,29.87360465616977,30.893098831176758
2019-09-27 00:00:00+05:30,30.667005020478737,30.70811297987066,29.433747420703426,29.569406509399414
2019-09-30 00:00:00+05:30,29.187096037571752,29.902384555247966,28.414255750446664,29.63928985595703
2019-10-01 00:00:00+05:30,29.76261335914391,29.984600073559644,28.29092540227802,28.9034423828125
2019-10-03 00:00:00+05:30,28.488248465121153,28.685567901573652,27.8264000466956,27.920948028564453
2019-10-04 00:00:00+05:30,28.344369045305736,28.348480782116553,27.2221063938431,27.38654136657715
2019-10-07 00:00:00+05:30,27.530419314590233,27.80995781234005,26.59725269778209,26.70413589477539
2019-10-09 00:00:00+05:30,26.584920302775288,27.789401929583345,26.338269428058613,27.66196632385254
2019-10-10 00:00:00+05:30,27.370096218427637,27.505755299530446,26.967230711729144,27.127553939819336
2019-10-11 00:00:00+05:30,27.54275214866471,28.155269191408653,27.296101264152856,27.87162208557129
2019-10-14 00:00:00+05:30,28.426584224390005,29.002104982329215,28.196374039412834,28.352588653564453
2019-10-15 00:00:00+05:30,28.369034823246388,29.46252153163423,27.84695404776702,28.710233688354492
2019-10-16 00:00:00+05:30,29.08843765286427,29.08843765286427,28.38548117669891,28.56224822998047
2019-10-17 00:00:00+05:30,28.447139318717813,29.70917274181761,27.982613441328073,29.27753448486328
2019-10-18 00:00:00+05:30,29.265201456638746,29.82838704062721,28.919887726003477,29.565292358398438
2019-10-22 00:00:00+05:30,29.392643203140427,29.91061233916024,29.022665248840557,29.145992279052734
2019-10-23 00:00:00+05:30,28.940446432808304,29.495411740732518,28.714347945417977,29.285757064819336
2019-10-24 00:00:00+05:30,29.273422245598955,29.762615398083838,29.08843487241421,29.5899600982666
2019-10-25 00:00:00+05:30,29.29397876040575,30.334025466591488,29.273423213223076,29.78316879272461
2019-10-27 00:00:00+05:30,29.91060997977014,30.054489412777166,29.853058206567333,30.00926971435547
2019-10-29 00:00:00+05:30,30.05448533961521,32.86220231659898,30.05448533961521,32.081138610839844
2019-10-30 00:00:00+05:30,32.05647363686401,32.36889660203155,31.596056389192405,31.900259017944336
2019-10-31 00:00:00+05:30,31.97425324547098,32.072912959985935,30.930094929819056,31.28774070739746
2019-11-01 00:00:00+05:30,31.24664025408022,33.125302698655574,31.078093529008093,32.84576416015625
2019-11-04 00:00:00+05:30,33.133519358799774,34.6709795817161,33.133519358799774,33.639156341552734
2019-11-05 00:00:00+05:30,34.03790753112075,34.35855397249223,33.01841330613373,33.21162414550781
2019-11-06 00:00:00+05:30,33.05130015207351,33.61859744767211,32.77998200874209,33.25273132324219
2019-11-07 00:00:00+05:30,33.21573063910552,33.614481191502485,31.96602955322674,33.1417350769043
2019-11-08 00:00:00+05:30,33.01019648038722,33.396615063896505,32.48400393441903,32.71832275390625
2019-11-11 00:00:00+05:30,32.51689125968088,33.195183563477386,32.39356738211367,33.00608444213867
2019-11-13 00:00:00+05:30,32.960861376509214,33.61448632890258,32.28668087845461,32.714210510253906
2019-11-14 00:00:00+05:30,32.56621953483203,32.77998278369008,32.01536289883453,32.22501754760742
2019-11-15 00:00:00+05:30,32.2291341804445,33.13352187765725,32.11403063385412,32.43467712402344
2019-11-18 00:00:00+05:30,32.59088063322732,33.92279770254997,32.55799301760561,33.7131462097168
2019-11-19 00:00:00+05:30,34.03790864498234,34.10779248473,32.88686704391103,33.03074645996094
2019-11-20 00:00:00+05:30,32.96907879105841,33.585707470215375,32.66487618751495,32.77997970581055
2019-11-21 00:00:00+05:30,32.80465022758237,32.816982300570515,31.509729246115917,31.661828994750977
2019-11-22 00:00:00+05:30,31.73582222416444,33.117070750828134,31.497394845892995,32.886863708496094
2019-11-25 00:00:00+05:30,33.318510588175556,34.61342855290013,33.13352006726044,34.49010467529297
2019-11-26 00:00:00+05:30,34.94229365514634,35.29582770068174,34.26400144516163,34.87240982055664
2019-11-27 00:00:00+05:30,34.966962492701256,35.10673331697432,34.46543723817735,34.64220428466797
2019-11-28 00:00:00+05:30,34.7120908804043,35.70691790482477,34.70797914364693,35.526039123535156
2019-11-29 00:00:00+05:30,35.1437230417893,35.312269719849255,34.621645472445444,35.14783477783203
2019-12-02 00:00:00+05:30,34.93818354479007,35.10261850279248,34.44899354356127,34.60109329223633
2019-12-03 00:00:00+05:30,34.366773641256394,34.41199333199027,32.590883038958374,32.858089447021484
2019-12-04 00:00:00+05:30,32.29490464482713,33.82825630573076,31.982481644679332,33.6514892578125
2019-12-05 00:00:00+05:30,33.795361552349924,33.86113678250326,32.648431851319884,32.870418548583984
2019-12-06 00:00:00+05:30,33.00608446032739,33.50349798036261,32.38123218949871,33.154075622558594
2019-12-09 00:00:00+05:30,33.13351860417301,33.85703057226443,33.047190952759124,33.437721252441406
2019-12-10 00:00:00+05:30,33.29795526353243,33.676153508866655,32.9033132071398,33.055416107177734
2019-12-11 00:00:00+05:30,33.084187235837256,33.56104514262635,32.91564054897337,33.343170166015625
2019-12-12 00:00:00+05:30,33.569275394607914,34.605210460868946,33.44594837266273,34.42433166503906
2019-12-13 00:00:00+05:30,35.373938985122635,35.731581670785694,34.814861972872336,35.22183609008789
2019-12-16 00:00:00+05:30,35.51782084574342,35.51782084574342,34.54354617594718,34.61343002319336
2019-12-17 00:00:00+05:30,34.827191143876625,36.33176361295776,34.781971452806545,36.126220703125
2019-12-18 00:00:00+05:30,36.12622407281274,37.39236926820335,35.85079730066692,36.56608581542969
2019-12-19 00:00:00+05:30,36.175556854018474,36.9483971668187,36.011121877414766,36.73052215576172
2019-12-20 00:00:00+05:30,36.66885360309799,38.09943362551359,36.4304262129753,37.9021110534668
2019-12-23 00:00:00+05:30,37.90211863253088,38.436531555755124,37.577363532303295,37.99666976928711
2019-12-24 00:00:00+05:30,38.00077909971795,38.206322036196156,37.770568878153675,38.066551208496094
2019-12-26 00:00:00+05:30,38.06654825311631,38.80650402152428,38.06654825311631,38.46941375732422
2019-12-27 00:00:00+05:30,38.58040423195017,38.79005888186852,38.0829907577015,38.60095977783203
2019-12-30 00:00:00+05:30,38.65028665758726,39.16003532254116,38.23920084565815,39.032596588134766
2019-12-31 00:00:00+05:30,38.85994383294281,39.07781882565376,38.60096088362649,38.81061553955078
2020-01-01 00:00:00+05:30,38.8887267979218,39.176488819233626,38.21454615054849,38.457088470458984
2020-01-02 00:00:00+05:30,38.80650835831355,40.1055381302799,38.80650835831355,39.862998962402344
2020-01-03 00:00:00+05:30,39.710896102637236,39.97399081971313,39.419025498891685,39.76844787597656
2020-01-06 00:00:00+05:30,39.46424030698136,39.46424030698136,38.68728832684455,38.90927505493164
2020-01-07 00:00:00+05:30,39.094265216185455,39.8424413666004,38.93394197940628,39.14359664916992
2020-01-08 00:00:00+05:30,38.777729080705804,39.3121388052476,38.395419113791256,39.07371139526367
2020-01-09 00:00:00+05:30,39.87533136309721,39.95754728663088,39.39024988704113,39.723228454589844
2020-01-10 00:00:00+05:30,39.916435810671636,40.602948434381005,39.46424199837416,39.9739875793457
2020-01-13 00:00:00+05:30,40.37684915563538,40.86193054164175,40.10142241295728,40.759159088134766
2020-01-14 00:00:00+05:30,40.81671364478923,41.60188597242705,40.75916187779321,40.99348068237305
2020-01-15 00:00:00+05:30,40.44262308106548,41.40045382371945,40.2165277549429,41.2812385559082
2020-01-16 00:00:00+05:30,41.273018888510556,41.441562451710524,40.45906754679698,40.64816665649414
2020-01-17 00:00:00+05:30,40.55772869077937,41.01814280401474,40.44262202613461,40.71805191040039
2020-01-20 00:00:00+05:30,40.861936004046854,41.09214308704899,40.216531315199056,40.3398551940918
2020-01-21 00:00:00+05:30,40.105532681033424,40.105532681033424,38.92982695310594,39.147705078125
2020-01-22 00:00:00+05:30,39.35325238328828,39.451912115589316,38.90516714648513,39.05727005004883
2020-01-23 00:00:00+05:30,39.12715260118197,39.61634578222201,38.90105412179298,39.484798431396484
2020-01-24 00:00:00+05:30,39.48890388470105,39.883545905725654,39.172369175119734,39.743778228759766
2020-01-27 00:00:00+05:30,39.27925275927558,39.27925275927558,37.8281171282935,38.02132797241211
2020-01-28 00:00:00+05:30,37.81989722158394,37.98433218459717,36.339988827137006,36.68941116333008
2020-01-29 00:00:00+05:30,37.22793623895201,37.795236759842,36.96484152701383,37.17860794067383
2020-01-30 00:00:00+05:30,37.153936275525034,37.363590927502486,36.29065665771951,36.878509521484375
2020-01-31 00:00:00+05:30,37.24437798096734,37.347149445118106,35.88368479923889,36.06867218017578
2020-02-03 00:00:00+05:30,34.36677561188828,36.09333802245132,34.25167207845129,35.85079574584961
2020-02-04 00:00:00+05:30,36.33999006024315,37.27726530398576,35.637033627436196,37.15393829345703
2020-02-05 00:00:00+05:30,37.18271631831108,39.43958004109373,36.833293950145304,39.05727005004883
2020-02-06 00:00:00+05:30,39.29980962029109,40.060317873337446,38.773620194104126,39.26692199707031
2020-02-07 00:00:00+05:30,39.11070682147728,39.4395767501541,38.54751808792744,38.72428512573242
2020-02-10 00:00:00+05:30,37.84045267340321,38.087103549137865,36.17555377360623,36.487979888916016
2020-02-11 00:00:00+05:30,36.862068072887695,37.630799755151365,36.3975421832006,36.51264572143555
2020-02-12 00:00:00+05:30,36.997724551510125,37.36770242429242,36.385207545442526,36.82917785644531
2020-02-13 00:00:00+05:30,36.894960624975795,37.13749980776526,36.1221202390157,36.2783317565918
2020-02-14 00:00:00+05:30,36.257772221193115,36.63186186566981,35.62881134638715,35.727474212646484
2020-02-17 00:00:00+05:30,35.805581435613675,36.249554962478086,35.60003848462125,35.91657638549805
2020-02-18 00:00:00+05:30,35.68225318513916,35.77680117468998,34.638094745371724,35.46848678588867
2020-02-19 00:00:00+05:30,35.88368439737534,36.05222796580024,35.20128037761523,35.616477966308594
2020-02-20 00:00:00+05:30,35.271168077168994,36.80862831690456,35.18894902328653,36.46742630004883
2020-02-24 00:00:00+05:30,35.752134761901104,35.752134761901104,33.98446445690822,34.15711975097656
2020-02-25 00:00:00+05:30,34.44899294034167,34.9875143604422,34.070791602657856,34.638092041015625
2020-02-26 00:00:00+05:30,33.81592296873446,34.48188003984923,33.81592296873446,34.22700881958008
2020-02-27 00:00:00+05:30,34.11190557378932,34.194121490124466,33.46650090791633,33.939247131347656
2020-02-28 00:00:00+05:30,32.77998481883429,32.80054036588004,30.831438766937932,31.386404037475586
2020-03-02 00:00:00+05:30,32.36889920850401,32.39356649240895,29.433746467045122,29.93115997314453
2020-03-03 00:00:00+05:30,30.70811074991546,32.14691117850414,30.42857225547907,31.863264083862305
2020-03-04 00:00:00+05:30,31.904370718899372,32.056473601274426,30.017485175518097,31.008203506469727
2020-03-05 00:00:00+05:30,31.56727929955681,31.883813988990358,30.77388357152792,30.893098831176758
2020-03-06 00:00:00+05:30,29.347419859134355,29.458414799818165,28.500583974868913,28.899337768554688
2020-03-09 00:00:00+05:30,27.74829568070451,27.76473949154231,26.288941184464043,26.498594284057617
2020-03-11 00:00:00+05:30,26.63836540037671,26.80690897472561,24.344505512875152,24.64459800720215
2020-03-12 00:00:00+05:30,22.609721147562293,23.99096981766571,21.96842667410913,23.633325576782227
2020-03-13 00:00:00+05:30,22.1986357464827,27.304321215453054,20.99415408885899,26.860347747802734
2020-03-16 00:00:00+05:30,24.994022677294584,26.116287008279425,23.604551881145998,23.810094833374023
2020-03-17 00:00:00+05:30,24.665152885041078,25.294113781795804,23.061917320246135,23.246906280517578
2020-03-18 00:00:00+05:30,23.842978444005514,24.101962959294685,22.667272704308015,23.09069061279297
2020-03-19 00:00:00+05:30,22.112305759966805,23.39078286053004,21.417569748005185,22.35073471069336
2020-03-20 00:00:00+05:30,22.996143312646065,25.07623840737188,22.539839308068263,24.48016357421875
2020-03-23 00:00:00+05:30,22.03419976948102,22.8563714260761,20.846161976608002,22.293184280395508
2020-03-24 00:00:00+05:30,22.778268726954312,23.48533694792084,21.261362382382373,22.35485076904297
2020-03-25 00:00:00+05:30,21.956096001338377,24.254066050923814,21.956096001338377,23.579885482788086
2020-03-26 00:00:00+05:30,23.842980447346182,24.29517427683894,23.029030613358334,23.386674880981445
2020-03-27 00:00:00+05:30,23.925196220177998,24.274618557181622,22.54394754580051,22.794710159301758
2020-03-30 00:00:00+05:30,21.951984258530064,22.260298635373644,20.624175628935863,20.887271881103516
2020-03-31 00:00:00+05:30,21.56145159905644,22.400067049244445,21.35179695242546,22.165746688842773
2020-04-01 00:00:00+05:30,21.86976652146005,22.030089744633102,21.22025015580021,21.898542404174805
2020-04-03 00:00:00+05:30,22.00953791253045,22.10819764340897,20.63651104048717,20.862607955932617
2020-04-07 00:00:00+05:30,21.873876362101246,22.83170708664325,21.475124178383908,22.70838165283203
2020-04-08 00:00:00+05:30,22.28085415047274,24.081410674529472,21.923209887750776,22.589168548583984
2020-04-09 00:00:00+05:30,23.061915567377813,23.81009168923727,22.82759675823326,23.4195613861084
2020-04-13 00:00:00+05:30,23.431893880802825,24.007414708651186,22.51517260662878,23.23046112060547
2020-04-15 00:00:00+05:30,23.629214255736894,24.30750652935873,23.17702045210104,23.444225311279297
2020-04-16 00:00:00+05:30,22.69193805840671,23.99919111915686,22.69193805840671,23.752538681030273
2020-04-17 00:00:00+05:30,24.459608307236653,24.640485518413524,23.47300163060189,24.118406295776367
2020-04-20 00:00:00+05:30,24.237623389523772,24.254067201274832,23.440117337615625,23.546998977661133
2020-04-21 00:00:00+05:30,23.024915867535423,23.103023176214332,21.643668842834366,21.86565399169922
2020-04-22 00:00:00+05:30,21.87798945902179,22.190414015316417,21.310690546410736,22.062976837158203
2020-04-23 00:00:00+05:30,22.198633313822352,22.93858744398285,22.11641583976721,22.223299026489258
2020-04-24 00:00:00+05:30,21.894434259648897,22.51517484443147,21.74233291632204,21.99720573425293
2020-04-27 00:00:00+05:30,22.52750455847819,22.765935107290563,22.239744146113214,22.33429527282715
2020-04-28 00:00:00+05:30,22.519284920520082,22.642611944070744,22.161640629460592,22.490509033203125
2020-04-29 00:00:00+05:30,22.445287846988766,23.52644412283946,22.301408419933868,23.238683700561523
2020-04-30 00:00:00+05:30,23.838868489952638,25.03512821853269,23.736097030218378,24.525381088256836
2020-05-04 00:00:00+05:30,23.431894653846904,23.526444216024355,22.20685894608912,22.494619369506836
2020-05-05 00:00:00+05:30,22.938590768159422,23.218129279555868,22.28085401673726,22.41651153564453
2020-05-06 00:00:00+05:30,22.53572675430475,23.057805985485523,22.367181614173013,22.835819244384766
2020-05-07 00:00:00+05:30,22.646719431612453,23.255126298541214,22.580945758651723,22.67960548400879
2020-05-08 00:00:00+05:30,23.251014871402035,23.349674591418328,22.36306955041551,22.43706512451172
2020-05-11 00:00:00+05:30,22.654940056518914,23.26745705732075,22.609720364882275,22.70838165283203
2020-05-12 00:00:00+05:30,22.469952032502157,22.757712435170895,21.74644164149348,22.523393630981445
2020-05-13 00:00:00+05:30,23.637435224807465,23.678543180539933,22.48639521445044,22.737157821655273
2020-05-14 00:00:00+05:30,22.363070322945134,22.62616500963446,21.976648629723158,22.07942008972168
2020-05-15 00:00:00+05:30,22.198635874267744,22.75771288052656,22.09997458038816,22.482284545898438
2020-05-18 00:00:00+05:30,22.53572865057101,22.708385542011385,21.577899330153173,21.919099807739258
2020-05-19 00:00:00+05:30,22.358957797872723,23.05369384659009,21.993091664087306,22.363069534301758
2020-05-20 00:00:00+05:30,22.363071663342808,23.349676797562918,22.206858595694914,23.283903121948242
2020-05-21 00:00:00+05:30,23.341452540803896,23.534663379532585,22.8974806671701,23.325010299682617
2020-05-22 00:00:00+05:30,22.938590787787426,23.041362253295585,22.469953155977123,22.564502716064453
2020-05-26 00:00:00+05:30,22.815263406919787,23.38256228747618,22.77415545147181,23.057804107666016
2020-05-27 00:00:00+05:30,23.20168529716078,23.87586742259332,22.942702335297945,23.674434661865234
2020-05-28 00:00:00+05:30,23.999192892828216,24.55004800673708,23.793649963282643,24.29517364501953
2020-05-29 00:00:00+05:30,24.015633468473133,24.410277057616412,23.666211139766098,24.2705078125
2020-06-01 00:00:00+05:30,24.829587585843797,26.128618893797565,24.829587585843797,25.914854049682617
2020-06-02 00:00:00+05:30,26.145059157720727,26.593144360402242,25.861410488744845,26.260164260864258
2020-06-03 00:00:00+05:30,26.757576735664696,26.82746371447127,25.902518974656413,26.09572982788086
2020-06-04 00:00:00+05:30,26.054619178913526,26.52325518507386,25.865518513765416,26.305381774902344
2020-06-05 00:00:00+05:30,26.78635519736933,28.253931540304205,26.72469169327907,27.867509841918945
2020-06-08 00:00:00+05:30,28.586910521373717,28.84178487866739,26.913791229366645,27.427648544311523
2020-06-09 00:00:00+05:30,27.624968774485684,28.28270866519801,27.0371158641885,27.312545776367188
2020-06-10 00:00:00+05:30,27.222104007025877,27.25499162595637,26.473927926204986,26.638362884521484
2020-06-11 00:00:00+05:30,26.473929519922702,26.597253393832137,25.569540331074148,25.746307373046875
2020-06-12 00:00:00+05:30,24.665150716874216,26.346490318633148,24.665150716874216,26.112173080444336
2020-06-15 00:00:00+05:30,25.795637091177554,25.898408553692207,24.878915833727028,25.174898147583008
2020-06-16 00:00:00+05:30,25.906632611266712,26.519151268737694,24.772034692665375,25.400997161865234
2020-06-17 00:00:00+05:30,25.257115093566547,25.8819657993301,25.080348045375693,25.339332580566406
2020-06-18 00:00:00+05:30,25.339332344950265,26.24372155720306,25.24889295327455,26.153282165527344
2020-06-19 00:00:00+05:30,26.391707750055204,26.790461487608063,26.08750512879939,26.354711532592773
2020-06-22 00:00:00+05:30,26.28894177026941,26.967232516678123,26.173836660007986,26.778133392333984
2020-06-23 00:00:00+05:30,26.94256465774202,27.419422571650585,26.81512905887898,27.296098709106445
2020-06-24 00:00:00+05:30,27.6742970711155,27.801732670740193,26.700022555880864,26.80690574645996
2020-06-25 00:00:00+05:30,26.47392981132938,26.917903289497072,26.391710758148594,26.564369201660156
2020-06-26 00:00:00+05:30,26.78635442143796,27.12755327969302,26.51914800234452,26.626028060913086
2020-06-29 00:00:00+05:30,26.556144400191243,26.802795274727057,25.659977151520163,26.379377365112305
2020-06-30 00:00:00+05:30,26.56436857237197,27.760626756704312,26.56436857237197,26.860347747802734
2020-07-01 00:00:00+05:30,27.049450185729782,27.098778480476835,26.334158548536156,26.613697052001953
2020-07-02 00:00:00+05:30,26.88912600341679,27.748293894104055,26.683583085682688,27.534530639648438
2020-07-03 00:00:00+05:30,27.70718665971747,27.70718665971747,26.913790851138966,27.123445510864258
2020-07-06 00:00:00+05:30,27.390648257291918,28.093604663922704,27.156329455081657,27.8633975982666
2020-07-07 00:00:00+05:30,27.855181844739796,27.85929044563393,26.971346520333817,27.156333923339844
2020-07-08 00:00:00+05:30,27.361874759140658,28.480028837798365,27.296102650221197,27.476978302001953
2020-07-09 00:00:00+05:30,27.707187511219946,28.652683104686638,27.66607955260595,28.323816299438477
2020-07-10 00:00:00+05:30,28.114160773022313,28.307371622565974,27.559195507873913,27.846954345703125
2020-07-13 00:00:00+05:30,28.22515440332892,28.52935703730802,27.830509249208614,28.12649154663086
2020-07-14 00:00:00+05:30,27.87162233822348,27.87162233822348,27.345429807135865,27.67841148376465
2020-07-15 00:00:00+05:30,28.007279725107537,28.488252585743574,27.789404711689883,27.89628791809082
2020-07-16 00:00:00+05:30,27.78940067798117,28.488248450595165,27.259099596239643,28.089494705200195
2020-07-17 00:00:00+05:30,28.44713919545091,29.335086125342645,28.377255354580566,28.854116439819336
2020-07-20 00:00:00+05:30,28.86645015490261,29.16243248169824,28.496472246408068,28.97333335876465
2020-07-21 00:00:00+05:30,29.269309440361866,29.647510782394377,28.734899750486953,29.528295516967773
2020-07-22 00:00:00+05:30,29.639288759113054,29.836611344447157,28.496470613296633,28.780120849609375
2020-07-23 00:00:00+05:30,28.784231202406083,29.302200276150316,28.582800004525215,28.932222366333008
2020-07-24 00:00:00+05:30,28.529359808838905,28.759566890826285,28.16349363796484,28.455364227294922
2020-07-27 00:00:00+05:30,28.85822350200232,29.0966540319137,28.303258268566875,29.010326385498047
2020-07-28 00:00:00+05:30,29.071991148196958,29.598180522335824,29.002107308017653,29.474853515625
2020-07-29 00:00:00+05:30,29.515964341329266,31.115087995821156,29.281645539770548,30.728666305541992
2020-07-30 00:00:00+05:30,30.995875093550417,31.06164720157605,29.935272800736733,30.14081573486328
2020-07-31 00:00:00+05:30,30.05859623120973,30.45323824131063,29.631066602849778,30.116147994995117
2020-08-03 00:00:00+05:30,29.988714318970207,30.983544553002364,29.766730699101267,30.708114624023438
2020-08-04 00:00:00+05:30,30.790329557174122,31.07808838609679,30.227140836184315,30.60533905029297
2020-08-05 00:00:00+05:30,30.671111849108808,32.714208780932765,30.671111849108808,32.54155349731445
2020-08-06 00:00:00+05:30,32.87472997182369,33.975474919236255,32.51625054389315,33.77725601196289
2020-08-07 00:00:00+05:30,33.39347638062084,34.304435918669526,33.157302281428734,34.08091354370117
2020-08-10 00:00:00+05:30,34.22430566790643,34.713523881716704,33.70556247543931,34.59965515136719
2020-08-11 00:00:00+05:30,34.84426517368384,36.0673122926861,34.793655062518624,35.1268310546875
2020-08-12 00:00:00+05:30,34.89486879609374,35.202741312634615,34.37612888020808,34.96234893798828
2020-08-13 00:00:00+05:30,35.274443526780175,35.56966116188149,34.48578610496537,34.844268798828125
2020-08-14 00:00:00+05:30,34.58278850460763,36.34988567857033,34.50687493772154,35.299747467041016
2020-08-17 00:00:00+05:30,35.25757327369171,36.19805782145164,34.94126728759227,35.852230072021484
2020-08-18 00:00:00+05:30,35.56544370993626,36.843319302090876,35.40096486446868,36.64931869506836
2020-08-19 00:00:00+05:30,36.649316640089076,36.737881919787895,36.1727469504705,36.41313934326172
2020-08-20 00:00:00+05:30,35.848006529605044,36.969839807817635,35.68352769823258,36.489051818847656
2020-08-21 00:00:00+05:30,36.75475359772619,37.28193020349498,35.97874796086659,36.17274856567383
2020-08-24 00:00:00+05:30,36.57340108511586,36.92344708882022,36.10948636162942,36.22757339477539
2020-08-25 00:00:00+05:30,36.43844192229168,36.493267122350375,35.54856769383734,35.76365661621094
2020-08-26 00:00:00+05:30,35.8480110168457,36.07997002224232,35.61183691508246,35.8480110168457
2020-08-27 00:00:00+05:30,35.89017927058538,36.286617070136195,35.67930864829331,36.004051208496094
2020-08-28 00:00:00+05:30,36.240228695357395,36.94453586803829,35.683530328682885,35.7805290222168
2020-08-31 00:00:00+05:30,35.97453018809513,36.282399501084484,34.58278276536369,34.8358268737793
2020-09-01 00:00:00+05:30,34.91174131512844,36.497489368524626,34.74726247959759,36.155879974365234
2020-09-02 00:00:00+05:30,36.27396744804734,37.25662215942953,36.02513842616658,36.99936294555664
2020-09-03 00:00:00+05:30,37.324099730167426,37.42110163109921,36.767401422219294,36.95296859741211
2020-09-04 00:00:00+05:30,36.109487555959014,36.602924054052465,35.34191859749238,35.535919189453125
2020-09-07 00:00:00+05:30,35.738355373549716,36.134793208690894,35.29552895755965,35.63713836669922
2020-09-08 00:00:00+05:30,35.911269022886124,35.911269022886124,33.95860492488933,34.16947555541992
2020-09-09 00:00:00+05:30,33.63808454845232,35.438918353042084,32.60060141183869,35.20696258544922
2020-09-10 00:00:00+05:30,35.763659320005345,35.92391983680607,33.83208362099427,34.414085388183594
2020-09-11 00:00:00+05:30,34.47734922865417,34.806306908308514,33.95017263494386,34.37191390991211
2020-09-14 00:00:00+05:30,34.5827823241268,34.92861001866286,33.92064869369935,34.13151931762695
2020-09-15 00:00:00+05:30,34.329733866059755,34.62916972795397,34.03873141229595,34.182125091552734
2020-09-16 00:00:00+05:30,34.28334951125265,34.582785438076414,33.96704354688,34.12730407714844
2020-09-17 00:00:00+05:30,33.90377491090941,34.371907901705,33.16572780872556,33.629642486572266
2020-09-18 00:00:00+05:30,33.91643192536735,34.215867838869876,33.182603021605786,33.35973358154297
2020-09-21 00:00:00+05:30,33.40190700145537,33.67182115445711,31.2932006701102,31.495637893676758
2020-09-22 00:00:00+05:30,31.546249109519312,31.925813688358936,30.213545116941695,31.558900833129883
2020-09-23 00:00:00+05:30,31.799294502222715,31.883641474742554,30.06593751060479,30.475027084350586
2020-09-24 00:00:00+05:30,30.09545753080367,30.1334127009515,28.910365582050904,29.00736427307129
2020-09-25 00:00:00+05:30,29.35319077714262,29.994239288202678,29.032666521612587,29.699018478393555
2020-09-28 00:00:00+05:30,30.361153194558533,30.78289446550582,29.998455444133423,30.449718475341797
2020-09-29 00:00:00+05:30,30.78711412722399,31.360682538237523,30.508763331748003,31.21307373046875
2020-09-30 00:00:00+05:30,31.297418291904798,31.335376678197836,30.196673353863268,30.344282150268555
2020-10-01 00:00:00+05:30,30.728067024283238,31.234155225568298,30.631065123261273,30.78289222717285
2020-10-05 00:00:00+05:30,31.2172881375298,32.51625205248102,31.166681243200934,32.246337890625
2020-10-06 00:00:00+05:30,32.62590504058979,32.66386021058533,31.470334856910117,31.833032608032227
2020-10-07 00:00:00+05:30,31.714942293257486,31.99329307658989,31.208854055091997,31.301637649536133
2020-10-08 00:00:00+05:30,31.584204379521555,32.30538158626412,31.352245387164018,31.516727447509766
2020-10-09 00:00:00+05:30,31.719159396631408,32.63855546106842,30.960027068348545,31.16667938232422
2020-10-12 00:00:00+05:30,31.50407165775011,31.81194420134832,30.57624214856986,31.301637649536133
2020-10-13 00:00:00+05:30,31.37754603101993,31.736025408722014,30.92628307417918,31.069673538208008
2020-10-14 00:00:00+05:30,31.242595587087266,31.820379096058918,31.17090033990009,31.67698860168457
2020-10-15 00:00:00+05:30,32.13668504688382,32.77773361027384,31.33537916909233,31.537813186645508
2020-10-16 00:00:00+05:30,31.807725566402038,33.39347363033595,31.647465043382265,33.220558166503906
2020-10-19 00:00:00+05:30,33.53686414148015,33.73930136543016,33.047645944849286,33.35973358154297
2020-10-20 00:00:00+05:30,33.064511273980536,33.51577423678791,32.86207407885318,33.09825134277344
2020-10-21 00:00:00+05:30,33.427216456971365,34.41408955799334,33.26273760680103,34.08091354370117
2020-10-22 00:00:00+05:30,33.899564320025654,34.88222231500657,33.747737195580925,34.55326461791992
2020-10-23 00:00:00+05:30,34.8358252318769,35.93235179508267,34.7683483077073,35.71726608276367
2020-10-26 00:00:00+05:30,35.70883185708613,35.70883185708613,34.08934695656731,34.44782638549805
2020-10-27 00:00:00+05:30,34.47313272076681,35.160573094258666,34.0260879755248,34.66713333129883
2020-10-28 00:00:00+05:30,34.70509116652424,35.2744412649297,33.77725839724247,33.93330383300781
2020-10-29 00:00:00+05:30,33.69290491400388,34.161037913187606,33.342858938464694,33.857383728027344
2020-10-30 00:00:00+05:30,33.967043406200006,34.827396011846005,33.33443148007477,34.62917709350586
2020-11-02 00:00:00+05:30,34.58278451784963,34.793655155153594,33.62964833629916,33.97969436645508
2020-11-03 00:00:00+05:30,34.37191061308065,34.768348403167685,34.11464820261527,34.3213005065918
2020-11-04 00:00:00+05:30,34.4899976123035,35.00874074604031,33.85738576110899,34.06825637817383
2020-11-05 00:00:00+05:30,34.75147862581923,36.12213764817909,34.511086249064405,35.89017868041992
2020-11-06 00:00:00+05:30,35.80583212585923,36.51435754184736,35.6497867078131,35.97452926635742
2020-11-09 00:00:00+05:30,36.52279307248497,37.10479808012988,36.050444912808544,36.96984100341797
2020-11-10 00:00:00+05:30,37.11322658914,38.23084144245262,36.7378771685466,37.27348709106445
2020-11-11 00:00:00+05:30,37.27349308821707,40.263640430180416,37.07949248594828,39.97685623168945
2020-11-12 00:00:00+05:30,39.81237174380117,40.47872364249888,39.33158701122945,39.90937042236328
2020-11-13 00:00:00+05:30,39.71537499133536,41.19568776367597,39.22193847309868,41.039642333984375
2020-11-14 00:00:00+05:30,41.88312531619763,42.131954343549864,41.07760114785358,41.516212463378906
2020-11-17 00:00:00+05:30,42.68021533695605,44.78470659588129,42.31751758649574,44.08883285522461
2020-11-18 00:00:00+05:30,43.69239682431741,44.18161826320773,43.07243661569602,43.62491989135742
2020-11-19 00:00:00+05:30,43.17365401179295,45.18535840936891,43.017608587002925,44.16474533081055
2020-11-20 00:00:00+05:30,44.36717565233382,45.69144284349443,43.94543442667426,44.949180603027344
2020-11-23 00:00:00+05:30,45.37935810103327,46.05414346114376,45.24018271555193,45.80953598022461
2020-11-24 00:00:00+05:30,46.218617269056146,46.42948787227504,45.66613731826424,46.24814224243164
2020-11-25 00:00:00+05:30,46.47588227083799,47.121149055712465,45.50587937216797,45.65348815917969
2020-11-26 00:00:00+05:30,46.054140380898126,48.171283127579734,45.653487505087995,47.94354248046875
2020-11-27 00:00:00+05:30,48.07850704372759,49.12020854449593,47.49228690823645,48.69846725463867
2020-12-01 00:00:00+05:30,49.93416738421188,49.93416738421188,48.6647252511008,49.41120910644531
2020-12-02 00:00:00+05:30,49.402771879589416,51.249997475212545,49.26359648890829,50.975868225097656
2020-12-03 00:00:00+05:30,51.368083200871396,52.69656550384874,51.28373302412934,52.371826171875
2020-12-04 00:00:00+05:30,52.633312384831676,53.35027126497676,51.840436728882835,52.523658752441406
2020-12-07 00:00:00+05:30,52.59957043821036,53.05505177103548,51.40604190071932,51.836219787597656
2020-12-08 00:00:00+05:30,51.95852062645393,52.41822026135648,50.81560222697216,51.74343490600586
2020-12-09 00:00:00+05:30,52.12721643675161,52.35495709166457,51.2078204080868,51.397605895996094
2020-12-10 00:00:00+05:30,51.11504111948972,51.78982973196436,50.0606879345363,51.46086883544922
2020-12-11 00:00:00+05:30,51.865739224372305,52.75561028249831,51.81091080376902,52.43930435180664
2020-12-14 00:00:00+05:30,52.86526870727539,53.89010014449635,52.74296335018459,52.86526870727539
2020-12-15 00:00:00+05:30,52.58692082955675,53.738272713253984,52.07239595708171,53.59066390991211
2020-12-16 00:00:00+05:30,54.08410020536495,54.77997069361488,53.831052881313646,54.26966094970703
2020-12-17 00:00:00+05:30,54.269659791025475,54.48896703817025,53.261701700297785,53.58644104003906
2020-12-18 00:00:00+05:30,53.83527331657588,54.05457735941607,52.97070243312922,53.244834899902344
2020-12-21 00:00:00+05:30,52.633308777200895,52.945396398241236,49.39433587987114,50.25890350341797
2020-12-22 00:00:00+05:30,50.27155347854748,51.4903853794641,49.34372405683852,50.722816467285156
2020-12-23 00:00:00+05:30,50.524602487275985,52.65017553263213,50.29686182863847,52.41400146484375
2020-12-24 00:00:00+05:30,52.74296187204393,53.72561979732921,52.23265532459938,52.48991775512695
2020-12-28 00:00:00+05:30,52.99179150718588,53.59066334161111,52.85261611509774,53.36292266845703
2020-12-29 00:00:00+05:30,53.801529051676745,53.95335615321147,52.38447824910615,53.3249626159668
2020-12-30 00:00:00+05:30,53.38822399316879,54.31605346828417,52.637525073145014,54.020835876464844
2020-12-31 00:00:00+05:30,53.691876801303515,55.121579362579006,53.691876801303515,54.290748596191406
2021-01-01 00:00:00+05:30,54.40462179864377,54.80105960728337,53.98288054439072,54.24435806274414
2021-01-04 00:00:00+05:30,54.742017984746546,59.03534101278987,54.52692581906218,58.45334243774414
2021-01-05 00:00:00+05:30,57.94724544035291,58.52503533146713,56.94350563674941,57.403202056884766
2021-01-06 00:00:00+05:30,57.69420327053859,58.76120809941818,56.935067746861634,57.677330017089844
2021-01-07 00:00:00+05:30,58.453344498071495,61.70075109568407,58.34368764573637,60.9669189453125
2021-01-08 00:00:00+05:30,61.321176571968344,61.3422649220006,59.30525386589356,60.152957916259766
2021-01-11 00:00:00+05:30,60.055957840125515,60.055957840125515,58.04847159241139,58.6768684387207
2021-01-12 00:00:00+05:30,58.62203831209988,61.11030930663846,58.29308062632052,58.61360168457031
2021-01-13 00:00:00+05:30,59.16607806292802,60.27104453131001,58.45334074482053,59.8155632019043
2021-01-14 00:00:00+05:30,59.887256972711214,60.26260642449594,58.799163785060244,59.57938766479492
2021-01-15 00:00:00+05:30,60.05594861333186,60.85726081196095,58.845553341801015,59.54142379760742
2021-01-18 00:00:00+05:30,59.71856462716338,59.78182324167455,55.627669281817155,56.23497772216797
2021-01-19 00:00:00+05:30,56.68202043976082,57.68998175231422,54.57331422644739,57.44959259033203
2021-01-20 00:00:00+05:30,58.212947845458984,59.001601972756035,57.576120835021065,58.212947845458984
2021-01-21 00:00:00+05:30,58.284640490721536,58.60094643379918,55.80480627297021,56.23497772216797
2021-01-22 00:00:00+05:30,56.51333092305773,57.00255234715285,53.44727326560153,54.57331848144531
2021-01-25 00:00:00+05:30,54.91070904533294,55.825886778641404,53.22374405816289,54.990840911865234
2021-01-27 00:00:00+05:30,54.90227549257276,54.923363843145296,52.61644179683224,52.802005767822266
2021-01-28 00:00:00+05:30,52.12721694975772,53.190006683144254,51.6717356354492,52.608001708984375
2021-01-29 00:00:00+05:30,53.143613257801206,53.4599191800903,50.271553295427694,50.693294525146484
2021-02-01 00:00:00+05:30,51.022258501523005,53.982880699107284,50.393861714191054,53.65392303466797
2021-02-02 00:00:00+05:30,54.23593081511083,54.657672092257066,52.64174608468834,54.1220588684082
2021-02-03 00:00:00+05:30,54.396186950380155,56.03254512967255,53.750923325094455,55.092063903808594
2021-02-04 00:00:00+05:30,55.163756796104146,55.96506259713132,53.8647929736597,55.3282356262207
2021-02-05 00:00:00+05:30,55.40836930976233,58.25090130984522,54.94445134537382,57.78276824951172
2021-02-08 00:00:00+05:30,58.53768474471833,59.45707754871626,57.58454543440571,59.292598724365234
2021-02-09 00:00:00+05:30,59.5920366796091,60.43129760301829,58.335249624653855,58.97629165649414
2021-02-10 00:00:00+05:30,59.88725882851631,61.11030590654361,57.36102636828144,58.22138214111328
2021-02-11 00:00:00+05:30,57.99785748628249,59.431775137069096,57.59720459285041,58.59672927856445
2021-02-12 00:00:00+05:30,58.62203776578152,58.86664847976937,57.23029025839058,57.398990631103516
2021-02-15 00:00:00+05:30,57.955680251296066,58.03159702059938,56.51332598713916,56.694671630859375
2021-02-16 00:00:00+05:30,56.69467007329325,59.769167222769745,56.36993396179563,58.97629165649414
2021-02-17 00:00:00+05:30,58.845559991106065,59.33899651402225,57.989425711782104,58.77386474609375
2021-02-18 00:00:00+05:30,59.043770909761676,59.97160030843444,58.53768273187293,58.85398864746094
2021-02-19 00:00:00+05:30,58.70637822681203,58.70637822681203,55.32823327406578,56.57236862182617
2021-02-22 00:00:00+05:30,56.757938874778475,58.866645149951125,56.585023415751714,57.740596771240234
2021-02-23 00:00:00+05:30,58.1665593562998,62.08031810766775,57.54238403382394,61.51518630981445
2021-02-24 00:00:00+05:30,61.99595970752693,62.8394421525273,60.73073604002638,61.38021469116211
2021-02-25 00:00:00+05:30,62.012826468153456,63.51423062449861,61.73869724788339,62.66231155395508
2021-02-26 00:00:00+05:30,61.15248611688085,62.552670267241055,59.9800458633919,60.3216552734375
2021-03-01 00:00:00+05:30,61.06813904943151,62.270097844509415,60.00113411854233,61.607967376708984
2021-03-02 00:00:00+05:30,61.61217278128269,62.396611701475535,60.99643420886588,62.03813552856445
2021-03-03 00:00:00+05:30,62.50205887045399,66.00251291936392,62.50205887045399,65.5512466430664
2021-03-04 00:00:00+05:30,63.345534981033865,64.6866755133383,62.72557482364252,63.93175506591797
2021-03-05 00:00:00+05:30,63.134660072089204,63.76727190935515,61.32117151820809,61.852569580078125
2021-03-08 00:00:00+05:30,62.75088851074393,63.362418576261554,62.000189471903866,62.18575668334961
2021-03-09 00:00:00+05:30,62.83944667218077,63.341319792694286,59.2335576734028,59.613128662109375
2021-03-10 00:00:00+05:30,60.300567106147184,61.57001249211645,59.30104232033353,61.11030960083008
2021-03-12 00:00:00+05:30,62.41770835441718,62.83944962708216,60.224655023611504,60.72652816772461
2021-03-15 00:00:00+05:30,60.899431199248916,62.33335524620438,60.31321114540614,62.11404800415039
2021-03-16 00:00:00+05:30,62.426149594538316,62.426149594538316,60.663267598199994,61.072357177734375
2021-03-17 00:00:00+05:30,61.14827008379215,61.23683214823742,59.09860721966333,59.414913177490234
2021-03-18 00:00:00+05:30,60.414435153123684,60.97535179798085,58.90038558275408,59.45286560058594
2021-03-19 00:00:00+05:30,59.27574925912203,62.143591785662764,57.46226012945198,61.82728576660156
2021-03-22 00:00:00+05:30,61.66700841963313,62.89427704796257,61.15248356037324,62.71292495727539
2021-03-23 00:00:00+05:30,62.923795198186575,63.2147976995094,61.85257522090445,62.514705657958984
2021-03-24 00:00:00+05:30,61.65857355331451,61.82727392566238,58.95521041701358,59.27995300292969
2021-03-25 00:00:00+05:30,59.89570342603803,61.63327558652302,58.06112612960466,60.9964485168457
2021-03-26 00:00:00+05:30,61.60796592205938,65.36146067704495,61.16935139446443,64.68245697021484
2021-03-30 00:00:00+05:30,65.79164199829101,68.32208976745605,65.61451142668083,67.47860717773438
2021-03-31 00:00:00+05:30,66.97251356964004,69.46078443676531,66.64355590070514,68.4781265258789
2021-04-01 00:00:00+05:30,69.24991494917093,73.2901970706289,69.08122101600074,72.79676055908203
2021-04-05 00:00:00+05:30,72.7081852541565,74.0451106121717,70.6121308326857,73.19319152832031
2021-04-06 00:00:00+05:30,73.84689683548422,74.43733202246456,72.38345415568911,72.77989196777344
2021-04-07 00:00:00+05:30,73.34080982886553,74.6482104389058,72.93172025118733,73.79207611083984
2021-04-08 00:00:00+05:30,74.56385573308535,80.43870837059248,74.45419888739185,77.4654312133789
2021-04-09 00:00:00+05:30,77.68475057653015,78.44388624661427,74.70725785939196,75.87126159667969
2021-04-12 00:00:00+05:30,73.93546582560869,75.3398651183351,71.135103867978,71.8267593383789
2021-04-13 00:00:00+05:30,72.7081886266782,74.3614199829041,71.6116652423472,74.1421127319336
2021-04-15 00:00:00+05:30,75.23864279809686,76.88343767355627,74.18428958380032,75.76160430908203
2021-04-16 00:00:00+05:30,76.2339491662709,77.12804502899263,74.75363963462893,75.09103393554688
2021-04-19 00:00:00+05:30,73.36611117364188,75.82907854570045,72.53949548658234,74.90546417236328
2021-04-20 00:00:00+05:30,75.9134292446635,76.39842913517774,74.39515808566578,75.40734100341797
2021-04-22 00:00:00+05:30,75.90921570201724,79.17348910777027,75.66460498610297,77.7184829711914
2021-04-23 00:00:00+05:30,78.42699852654442,79.70908897806335,76.82015910501887,78.0727310180664
2021-04-26 00:00:00+05:30,78.86561657431375,80.63692860069533,78.44809040516753,79.35061645507812
2021-04-27 00:00:00+05:30,79.98744846155132,82.91433381896168,79.6500541684163,82.47150421142578
2021-04-28 00:00:00+05:30,83.08302692185109,83.16737388548101,81.14301458205887,81.9358901977539
2021-04-29 00:00:00+05:30,82.91433187647502,87.46491710789306,82.91433187647502,86.99256896972656
2021-04-30 00:00:00+05:30,86.37261243991347,88.78497299279277,85.28451920296348,87.21609497070312
2021-05-03 00:00:00+05:30,87.043177584119,90.1682818361049,85.90869257563277,89.80979919433594
2021-05-04 00:00:00+05:30,90.62797610104096,91.65702577098524,89.20248863019083,89.73388671875
2021-05-05 00:00:00+05:30,91.43350677338644,91.80041961158038,88.31261757736422,90.2652816772461
2021-05-06 00:00:00+05:30,88.98740429125563,95.22917611627264,87.93305115984265,92.8589859008789
2021-05-07 00:00:00+05:30,95.73526623802421,100.54311403886906,95.32196160415602,99.72915649414062
2021-05-10 00:00:00+05:30,102.06137173042643,103.66398959836944,101.21788931943118,102.59698486328125
2021-05-11 00:00:00+05:30,100.37441351231999,105.09791403761236,99.26945354050135,104.07730102539062
2021-05-12 00:00:00+05:30,103.91282255351821,105.16960963096898,98.11809567242587,99.45923614501953
2021-05-14 00:00:00+05:30,99.95267723280422,99.95267723280422,94.06516649339939,95.49065399169922
2021-05-17 00:00:00+05:30,95.9883025028849,97.69213416922751,93.07828427657682,97.07217407226562
2021-05-18 00:00:00+05:30,99.10918833845753,100.91845537065352,97.59513887808998,99.53092956542969
2021-05-19 00:00:00+05:30,98.94050080812153,100.3364633298634,97.6752770455382,98.20245361328125
2021-05-20 00:00:00+05:30,95.40630486722468,95.77743922175218,92.61859498303771,93.20903015136719
2021-05-21 00:00:00+05:30,93.96395540951623,94.79900131483559,93.27651508623083,93.8880386352539
2021-05-24 00:00:00+05:30,93.45786110919617,93.53798653896385,91.273238145479,92.10828399658203
2021-05-25 00:00:00+05:30,92.9475580660059,94.97191744531456,92.7830792284205,93.22168731689453
2021-05-26 00:00:00+05:30,91.98176407280029,92.27698164429515,90.46349308331187,91.27745056152344
2021-05-27 00:00:00+05:30,91.27745765637403,93.60547120945557,90.6743707445333,92.5005111694336
2021-05-28 00:00:00+05:30,95.39786972812747,96.46065948295475,92.56798953650723,93.07829284667969
2021-05-31 00:00:00+05:30,93.79526632705644,95.28401266125124,92.6987427640093,94.94662475585938
2021-06-01 00:00:00+05:30,94.47004057460313,94.72308790024658,91.56002850600763,92.8589859008789
2021-06-02 00:00:00+05:30,93.20481994072142,95.29665945506875,93.12047297443361,94.81165313720703
2021-06-03 00:00:00+05:30,95.27557399012161,96.13592336873081,93.87961138470905,94.63874053955078
2021-06-04 00:00:00+05:30,94.13264544842544,95.21230201574977,93.37350991350654,94.52908325195312
2021-06-07 00:00:00+05:30,95.3135154514669,97.0004803267141,94.9381660241348,95.20386505126953
2021-06-08 00:00:00+05:30,95.54126402425587,95.54126402425587,92.78729405894882,93.71934509277344
2021-06-09 00:00:00+05:30,94.21699475394443,95.14483067261739,92.27276729115215,92.86742401123047
2021-06-10 00:00:00+05:30,93.56751437413507,94.95926179201383,93.02768608669592,94.00190734863281
2021-06-11 00:00:00+05:30,95.1279565102597,98.2319724064965,93.88803619010852,97.70479583740234
2021-06-14 00:00:00+05:30,98.51876211371291,99.4170666325101,96.15700845475487,98.24884796142578
2021-06-15 00:00:00+05:30,98.687457887438,100.10450882220653,97.85241196872511,99.05015563964844
2021-06-16 00:00:00+05:30,98.60310322402263,99.93158555625482,95.45269564560397,96.33834838867188
2021-06-17 00:00:00+05:30,96.4935743199848,97.77417685860654,94.48428458042467,95.18279266357422
2021-06-18 00:00:00+05:30,95.29058852783004,95.71314223657193,90.56917833065384,94.19539642333984
2021-06-21 00:00:00+05:30,92.2723394214682,95.63553815548822,91.72474005092974,95.38976287841797
2021-06-22 00:00:00+05:30,96.08395620613625,97.53271835298213,95.41994323766463,95.92011260986328
2021-06-23 00:00:00+05:30,96.62724600897329,97.23520358419306,94.67400506945596,94.86803436279297
2021-06-24 00:00:00+05:30,95.29059171585466,96.6272497064735,94.72574808461157,95.99341583251953
2021-06-25 00:00:00+05:30,97.87766998523227,100.89592412574605,97.44649082230174,100.4863052368164
2021-06-28 00:00:00+05:30,101.2408673938849,102.53440486506926,100.29227456420405,102.10322570800781
2021-06-29 00:00:00+05:30,102.14633205429622,102.79310074162846,100.51216606584948,101.11581420898438
2021-06-30 00:00:00+05:30,101.8488296449773,102.70687194045695,100.2750218041081,100.60272216796875
2021-07-01 00:00:00+05:30,101.05977483721473,101.48232857688228,99.72742621660196,100.33970642089844
2021-07-02 00:00:00+05:30,100.55097250316614,100.61996274347362,97.46372833175597,97.96389770507812
2021-07-05 00:00:00+05:30,98.82625159714541,100.18877917619264,97.96389336928328,99.76190948486328
2021-07-06 00:00:00+05:30,99.91714663520284,101.58581448720959,99.19276879190686,100.65877532958984
2021-07-07 00:00:00+05:30,100.71913697770604,105.63889270259497,99.90420864002833,105.09129333496094
2021-07-08 00:00:00+05:30,105.63889743368262,106.07007660688133,101.8617702449999,102.59908294677734
2021-07-09 00:00:00+05:30,102.793106233816,107.28599874496253,102.44816817889266,106.87637329101562
2021-07-12 00:00:00+05:30,107.88102329575976,108.52779202844329,105.0654239391525,105.80705261230469
2021-07-13 00:00:00+05:30,106.7599566771411,107.22994035623194,105.47503811512465,105.96227264404297
2021-07-14 00:00:00+05:30,106.23822989507087,107.59644157806031,105.12147748201099,107.33773803710938
2021-07-15 00:00:00+05:30,107.45846839304168,109.15731529836458,106.73408399912135,108.30789184570312
2021-07-16 00:00:00+05:30,109.06245678375547,110.4939747398891,108.57522223205295,110.24819946289062
2021-07-19 00:00:00+05:30,108.57090974878125,111.32182821293087,108.11386090893531,109.20905303955078
2021-07-20 00:00:00+05:30,109.69197608999109,109.71785236627798,105.63889460226596,106.35896301269531
2021-07-22 00:00:00+05:30,107.70855227871026,110.20507664594017,107.62231776513076,109.77821350097656
2021-07-23 00:00:00+05:30,110.32580896048218,111.71852237674143,109.86445068302662,110.50259399414062
2021-07-26 00:00:00+05:30,111.15797994627268,112.81802231055431,110.21370313147527,111.92979431152344
2021-07-27 00:00:00+05:30,113.4001172288714,115.0817132937125,112.80077189015405,114.74971008300781
2021-07-28 00:00:00+05:30,114.86612889301645,118.1387772324321,112.6412427844582,117.7119140625
2021-07-29 00:00:00+05:30,118.57426854108674,127.78424904694074,117.97062035113176,125.78358459472656
2021-07-30 00:00:00+05:30,125.52917729187017,126.99949964644561,123.12750647405008,123.68803405761719
2021-08-02 00:00:00+05:30,124.69701131390748,124.7832392459259,121.20445768285943,121.59683227539062
2021-08-03 00:00:00+05:30,121.93746394412514,122.52819045987046,119.89799489263828,121.35106658935547
2021-08-04 00:00:00+05:30,122.45486708195745,124.86947272654955,121.1699485987406,122.12716674804688
2021-08-05 00:00:00+05:30,122.04956322061281,125.04194742901119,119.65220831569174,124.74874877929688
2021-08-06 00:00:00+05:30,124.95570709945426,125.64559634186192,122.97229362052867,123.21805572509766
2021-08-09 00:00:00+05:30,123.66218437171328,124.45986849165435,121.19583891959414,121.7822494506836
2021-08-10 00:00:00+05:30,121.76498186900105,122.28240208072138,117.90162060606167,118.45352935791016
2021-08-11 00:00:00+05:30,119.86780717434863,123.29137077726352,119.36763776682609,122.98954010009766
2021-08-12 00:00:00+05:30,123.83465799535023,124.58490551077774,122.1573647742103,123.77860260009766
2021-08-13 00:00:00+05:30,121.16133149265342,127.33581958655695,119.92384953615573,126.04658508300781
2021-08-16 00:00:00+05:30,127.9739624836368,132.32887439514744,126.95638603732824,131.02671813964844
2021-08-17 00:00:00+05:30,131.0267299722579,132.28576579608645,128.64230965779439,129.67282104492188
2021-08-18 00:00:00+05:30,130.16869331124423,130.98361514620274,128.33618173507622,129.39256286621094
2021-08-20 00:00:00+05:30,124.61508384767076,124.78323686495106,117.52218193698329,118.6259994506836
2021-08-23 00:00:00+05:30,120.90263010312916,121.57526851929858,113.03361067584389,117.16431427001953
2021-08-24 00:00:00+05:30,119.17790086178476,122.45486466046329,118.74672176086764,121.13114166259766
2021-08-25 00:00:00+05:30,122.28241836509825,122.97230768641721,119.07012820318351,119.88506317138672
2021-08-26 00:00:00+05:30,119.90230047395072,120.27743741338163,117.71191603133231,118.5785903930664
2021-08-27 00:00:00+05:30,118.91921299575844,120.25156824612903,118.64758116458734,119.36332702636719
2021-08-30 00:00:00+05:30,120.64391729298397,124.61077061758377,120.55768936069276,124.23133087158203
2021-08-31 00:00:00+05:30,124.61078183818412,125.81807826731634,123.48971334910755,125.06351470947266
2021-09-01 00:00:00+05:30,125.14974834945136,125.51625325884147,121.33381023835372,121.69599914550781
2021-09-02 00:00:00+05:30,121.67875345591268,123.4896978726528,121.59251236812112,122.89466857910156
2021-09-03 00:00:00+05:30,123.14477656667735,125.29635646636156,122.14875371253395,124.49436950683594
2021-09-06 00:00:00+05:30,124.78324914797892,125.2101254740262,122.72652924445659,123.92089080810547
2021-09-07 00:00:00+05:30,124.52453873512648,125.81807624203657,122.51093938482107,123.20513153076172
2021-09-08 00:00:00+05:30,122.97230281113693,124.40812363720481,122.3341529114713,123.30430603027344
2021-09-09 00:00:00+05:30,122.45486904594814,125.21010991558231,122.45486904594814,124.78323364257812
2021-09-13 00:00:00+05:30,124.78322981049234,126.93912532607978,123.87775106223722,126.20181274414062
2021-09-14 00:00:00+05:30,127.28408582705204,127.28408582705204,124.95570797283413,125.24028778076172
2021-09-15 00:00:00+05:30,125.24028360419008,126.2233714721814,124.55902638384082,125.48174285888672
2021-09-16 00:00:00+05:30,125.90431828765963,126.93052682290555,123.42503804740606,123.89933776855469
2021-09-17 00:00:00+05:30,123.92088008249087,124.2054598890434,117.28072407189369,119.51422882080078
2021-09-20 00:00:00+05:30,116.4183645027785,116.58221467670481,107.56625753563117,108.0621109008789
2021-09-21 00:00:00+05:30,108.48467335856871,111.83924651368555,106.3201522514727,111.4339370727539
2021-09-22 00:00:00+05:30,112.0548416923537,113.65882868654057,110.64919342646515,112.60675048828125
2021-09-23 00:00:00+05:30,114.69365396578107,115.5085888758493,112.62830215170436,113.71918487548828
2021-09-24 00:00:00+05:30,113.83129675897968,114.17623481907432,108.52348242112134,109.70059967041016
2021-09-27 00:00:00+05:30,109.69197818725519,111.1321150356487,108.74770133179362,109.56262969970703
2021-09-28 00:00:00+05:30,109.8170221486337,111.83062147236984,108.91585927640239,110.46379089355469
2021-09-29 00:00:00+05:30,109.51950493939356,112.95168731530677,109.2780456662264,111.72282409667969
2021-09-30 00:00:00+05:30,112.36528901665186,113.52084597952104,110.71386550491157,111.14936065673828
2021-10-01 00:00:00+05:30,109.95068125785512,113.0551763450236,109.08832297347979,111.92117309570312
2021-10-04 00:00:00+05:30,111.92117740988118,114.49962035808595,110.41635319783106,114.18917083740234
2021-10-05 00:00:00+05:30,113.31387895448566,114.92649797449849,112.98187573551964,113.55965423583984
2021-10-06 00:00:00+05:30,113.82267740898217,114.57292492356503,109.79114970157713,110.37323760986328
2021-10-07 00:00:00+05:30,111.67539366954352,112.69297009112692,110.68798978629731,111.17522430419922
2021-10-08 00:00:00+05:30,112.27905022926572,115.90526853087465,111.79181567484765,112.20575714111328
2021-10-11 00:00:00+05:30,112.53776340930503,114.46513482621995,111.934115202803,113.24490356445312
2021-10-12 00:00:00+05:30,113.24490411057418,115.1248389853956,112.53776395201592,114.61605072021484
2021-10-13 00:00:00+05:30,114.3056014797789,118.70793715501989,113.66313556371684,116.7891845703125
2021-10-14 00:00:00+05:30,118.4880332911981,119.91955132552721,116.7633165727903,118.5785903930664
2021-10-18 00:00:00+05:30,122.28241267157159,122.86450717053638,119.96266668039902,121.68306732177734
2021-10-19 00:00:00+05:30,122.5411167594059,123.01971928834585,117.06945242423092,117.8757553100586
2021-10-20 00:00:00+05:30,118.31555552838105,118.66050674175804,114.40475749966005,115.84059143066406
2021-10-21 00:00:00+05:30,116.99615472542997,117.09533067187424,111.21835646350091,113.37425231933594
2021-10-22 00:00:00+05:30,113.83129647382775,114.23228992835557,109.60573945553585,111.78319549560547
2021-10-25 00:00:00+05:30,112.27904847762402,113.48635799758162,109.2823546889858,111.52880096435547
2021-10-26 00:00:00+05:30,112.36529225229168,116.50461483932504,112.23162776475115,115.87078094482422
2021-10-27 00:00:00+05:30,116.07342253590747,116.56495988250947,113.93908066216802,114.36164093017578
2021-10-28 00:00:00+05:30,113.39149729160646,113.4820412284648,111.33908033252835,112.07209014892578
2021-10-29 00:00:00+05:30,111.26578076075151,115.01272884133672,111.24422706543555,113.48204803466797
2021-11-01 00:00:00+05:30,115.55600089390632,118.39315363355787,114.69364267828016,117.70327758789062
2021-11-02 00:00:00+05:30,118.14309111354599,118.14309111354599,113.0379313831392,113.28370666503906
2021-11-03 00:00:00+05:30,114.24522492588713,114.86612396014822,113.14140734465487,114.35301971435547
2021-11-04 00:00:00+05:30,114.77989906067761,115.12483712948324,114.18486970722563,114.340087890625
2021-11-08 00:00:00+05:30,115.63361847145546,116.215712941481,112.63261534496915,115.83627319335938
2021-11-09 00:00:00+05:30,115.80179358496088,117.30660468714302,114.59448400611939,115.2067642211914
2021-11-10 00:00:00+05:30,114.52118065186022,114.60740858355688,110.99413849287421,111.98152923583984
2021-11-11 00:00:00+05:30,112.52913899398283,114.21935388854087,111.10193706409919,112.07209014892578
2021-11-12 00:00:00+05:30,115.55601495568698,115.55601495568698,109.61436665333706,111.007080078125
2021-11-15 00:00:00+05:30,111.6753993509823,112.0203374060236,107.06178378245242,107.40241241455078
2021-11-16 00:00:00+05:30,107.40241058002462,108.74769397293942,105.5267852655061,105.96658325195312
2021-11-17 00:00:00+05:30,105.63889825674849,106.70822077241654,104.78516532935953,105.21202850341797
2021-11-18 00:00:00+05:30,105.5181614115315,105.92347086251537,101.93074774937527,102.32743835449219
2021-11-22 00:00:00+05:30,102.45678361535047,103.20703767631328,98.82625610013937,100.46904754638672
2021-11-23 00:00:00+05:30,100.72775557283383,104.25911365640692,100.47767089102383,102.79741668701172
2021-11-24 00:00:00+05:30,103.51749600973089,103.73739501807697,100.99509523141147,101.6289291381836
2021-11-25 00:00:00+05:30,101.75826978213013,102.32742936438538,100.55096696038623,101.2106704711914
2021-11-26 00:00:00+05:30,99.85246418875721,99.99043808979083,95.39838296520803,95.92011260986328
2021-11-29 00:00:00+05:30,95.92011224006828,98.05013161757647,92.70782245529155,96.13138580322266
2021-11-30 00:00:00+05:30,95.80369692018272,97.26539398358291,91.66869042787566,92.37582397460938
2021-12-01 00:00:00+05:30,94.16952736078763,94.60070652741993,91.97051755852601,93.35459899902344
2021-12-02 00:00:00+05:30,93.39339751275769,96.23917568068408,92.61727380177011,95.92872619628906
2021-12-03 00:00:00+05:30,96.15294912258554,97.80867545670263,95.05344098941016,96.41165924072266
2021-12-06 00:00:00+05:30,96.06670846895537,98.39507306627179,95.04912549087734,95.61827850341797
2021-12-07 00:00:00+05:30,96.67899637035386,99.64982066059142,96.67037094454834,99.0677261352539
2021-12-08 00:00:00+05:30,99.94732207809645,101.49956297412328,99.08496383165777,101.15462493896484
2021-12-09 00:00:00+05:30,101.93074729399737,101.93074729399737,99.94732717363206,101.48663330078125
2021-12-10 00:00:00+05:30,101.19342668056962,102.5257685554206,100.68894790987666,101.75827026367188
2021-12-13 00:00:00+05:30,102.44817295190374,103.39676580568079,100.17585689427229,100.49061584472656
2021-12-14 00:00:00+05:30,99.94300758070013,101.57718016669462,98.91248972386306,100.65445709228516
2021-12-15 00:00:00+05:30,100.90022631331868,101.37883541302158,99.08496585194506,99.52045440673828
2021-12-16 00:00:00+05:30,100.3785073557586,100.79243565503617,98.614986212691,99.44715881347656
2021-12-17 00:00:00+05:30,99.51615322470924,99.93439754373553,97.015312736102,97.6275863647461
2021-12-20 00:00:00+05:30,96.32542070565637,96.34267155626833,91.93171063776056,92.5267333984375
2021-12-21 00:00:00+05:30,93.99705435372208,96.95063415205,93.56587520531052,95.2992172241211
2021-12-22 00:00:00+05:30,96.15295244417383,97.53272443693541,95.72177328523135,97.34732055664062
2021-12-23 00:00:00+05:30,98.13637946865978,98.89525242188392,96.60137613214373,97.24383544921875
2021-12-24 00:00:00+05:30,97.4507841010223,97.74398930446205,95.19140987230385,96.19174194335938
2021-12-27 00:00:00+05:30,95.81231687227971,96.98943404884213,95.06206282145645,96.73934936523438
2021-12-28 00:00:00+05:30,97.18778189218878,97.57584709117835,96.75660272393723,97.22659301757812
2021-12-29 00:00:00+05:30,96.58413419477884,97.15760328107298,95.54930681725787,96.26074981689453
2021-12-30 00:00:00+05:30,96.40302808964857,97.1877706639828,94.77317154829855,94.94564056396484
2021-12-31 00:00:00+05:30,95.29059118422389,96.88595270720046,95.08793645943607,95.84680938720703
2022-01-03 00:00:00+05:30,96.15295788703875,99.25744669130394,96.15295788703875,98.52013397216797
2022-01-04 00:00:00+05:30,99.4299216470919,100.00770016989058,98.00702903570077,99.0677261352539
2022-01-05 00:00:00+05:30,98.91249443422033,101.82726970060236,98.41664104314864,101.55131530761719
2022-01-06 00:00:00+05:30,101.06839103390966,102.0169904358269,99.64981451257813,100.31382751464844
2022-01-07 00:00:00+05:30,100.48198129336778,101.24086077088533,98.98579576917241,100.0637435913086
2022-01-10 00:00:00+05:30,100.46474130475471,101.1891191140519,99.5032136486263,100.81399536132812
2022-01-11 00:00:00+05:30,99.91714250770156,100.26639656623985,95.9804813452426,97.46804809570312
2022-01-12 00:00:00+05:30,98.29590705661656,99.24019040653778,97.65344778265221,98.92974090576172
2022-01-13 00:00:00+05:30,99.51614457516243,105.6820074534435,99.35660382306921,105.30687713623047
2022-01-14 00:00:00+05:30,104.60406810066443,105.75099967975586,104.00903874737014,104.65580749511719
2022-01-17 00:00:00+05:30,104.77653808688719,107.36361310137823,102.65082794136427,106.04851531982422
2022-01-18 00:00:00+05:30,106.07007606982327,106.39346044808492,102.62064270169894,103.03888702392578
2022-01-19 00:00:00+05:30,103.13804431657911,105.28531449465706,102.01698255074584,104.31085205078125
2022-01-20 00:00:00+05:30,104.35398100364931,105.55265852899272,103.22428714290454,104.06077575683594
2022-01-21 00:00:00+05:30,103.48299304464302,103.85380736622385,99.71880101484015,100.87004852294922
2022-01-24 00:00:00+05:30,100.03356045219434,100.34831938211082,93.99705249387226,94.79042053222656
2022-01-25 00:00:00+05:30,94.402366944978,96.67036697250055,93.74266335231358,95.6441650390625
2022-01-27 00:00:00+05:30,93.99704911686963,95.15692201416029,91.52207857433731,93.8547592163086
2022-01-28 00:00:00+05:30,95.36389228107102,97.07998346424421,93.216621945795,93.53569030761719
2022-01-31 00:00:00+05:30,95.7131444623285,96.11845391003067,93.17781557164807,93.6133041381836
2022-02-01 00:00:00+05:30,95.28195937916074,101.27966247230056,93.68659796300747,100.66738891601562
2022-02-02 00:00:00+05:30,101.74965078542628,101.74965078542628,99.88696033703422,100.68032836914062
2022-02-03 00:00:00+05:30,99.42991435675225,101.90487846042319,98.85212929704542,100.60272216796875
2022-02-04 00:00:00+05:30,101.22361178658058,103.2889635362436,100.91747828384477,101.43920135498047
2022-02-07 00:00:00+05:30,100.74932289377303,104.74203949884883,100.11979843285933,102.0169906616211
2022-02-08 00:00:00+05:30,103.05180966349528,105.4146693985209,101.02526911567409,105.17321014404297
2022-02-09 00:00:00+05:30,106.15630797836906,106.41501810632693,104.18582263649293,105.41036987304688
2022-02-10 00:00:00+05:30,106.07007718257003,108.16129881564254,105.72513252628448,107.65250396728516
2022-02-11 00:00:00+05:30,106.84619348196317,109.08401429793197,106.33739866947475,108.17853546142578
2022-02-14 00:00:00+05:30,105.21632880854006,105.87603232391014,101.76689591070073,102.34898376464844
2022-02-15 00:00:00+05:30,103.21133991474785,104.51781207220509,99.30485828914136,104.15131378173828
2022-02-16 00:00:00+05:30,104.77653466346068,105.02661936286961,102.31881479585114,102.77586364746094
2022-02-17 00:00:00+05:30,103.57785355279525,104.30223135005438,102.28862555546266,102.70256042480469
2022-02-18 00:00:00+05:30,102.36192823424038,103.91417581589607,102.01699017544733,102.68962860107422
2022-02-21 00:00:00+05:30,102.44817126712097,103.65546765428914,101.27536342306743,101.91781616210938
2022-02-22 00:00:00+05:30,99.86109093161329,100.60702899770239,96.51945261415102,98.19673919677734
2022-02-23 00:00:00+05:30,98.99873424990857,99.39541827350025,97.79143132895423,98.22261047363281
2022-02-24 00:00:00+05:30,94.34199558414741,96.57981633633926,92.02224974403002,92.61727905273438
2022-02-25 00:00:00+05:30,94.66106694623511,99.23156853173722,94.4799724941823,98.77021026611328
2022-02-28 00:00:00+05:30,97.7914375819877,105.63889720106991,97.37750268174871,105.27239227294922
2022-03-02 00:00:00+05:30,105.27238537533381,112.07208889764546,105.08267207856296,111.18816375732422
2022-03-03 00:00:00+05:30,112.62400712870603,114.57724828861906,111.55899402729816,112.39116668701172
2022-03-04 00:00:00+05:30,112.31354687243976,113.8183578569318,109.77821142955774,110.13177490234375
2022-03-07 00:00:00+05:30,110.02828731547652,112.26179205245278,109.00208545923375,111.40806579589844
2022-03-08 00:00:00+05:30,111.50292658596466,111.58915451756302,107.27736976062967,109.47637939453125
2022-03-09 00:00:00+05:30,109.85582020893412,110.10590489838572,107.67405482421864,108.25614929199219
2022-03-10 00:00:00+05:30,108.47174218494376,113.29663793775418,107.0186639720374,112.85682678222656
2022-03-11 00:00:00+05:30,113.40011190013247,115.54738871805452,111.7788741504463,112.253173828125
2022-03-14 00:00:00+05:30,112.53775915089132,113.11553763800477,110.18351807607355,111.84786987304688
2022-03-15 00:00:00+05:30,111.39944712056759,111.50293907203466,105.89760970728511,106.39346313476562
2022-03-16 00:00:00+05:30,107.36360928093748,109.62299041506613,106.94967439846876,109.1098861694336
2022-03-17 00:00:00+05:30,109.95068052594797,113.64157290582183,109.61436132362208,112.40409088134766
2022-03-21 00:00:00+05:30,112.79647234079577,115.03859610655344,111.63228333038076,112.36097717285156
2022-03-22 00:00:00+05:30,113.83129263627464,114.69365091382217,111.0760516234096,112.27904510498047
2022-03-23 00:00:00+05:30,114.17623064685148,116.22864755748283,111.44687248905755,114.77989196777344
2022-03-24 00:00:00+05:30,114.77558247381457,117.23761181062768,114.34440331073132,116.4657974243164
2022-03-25 00:00:00+05:30,116.84092419432996,117.79814237952141,114.99978090651652,115.46546173095703
2022-03-28 00:00:00+05:30,115.55600566294278,116.84954303976676,114.48667669435959,115.46546173095703
2022-03-29 00:00:00+05:30,115.9009531941237,116.08637023381614,114.43494667867606,115.09465026855469
2022-03-30 00:00:00+05:30,115.12482782023686,115.17225120848174,112.10657390734676,112.80076599121094
2022-03-31 00:00:00+05:30,112.79646063630435,113.8700924363943,112.11519025663651,112.72747039794922
2022-04-01 00:00:00+05:30,112.9689347359231,115.63361866439186,112.5765601393037,113.58121490478516
2022-04-04 00:00:00+05:30,113.58122645249519,116.76331777761483,113.35270201128989,115.7198715209961
2022-04-05 00:00:00+05:30,116.28469488416866,117.1082485608545,114.62896868569769,115.97856140136719
2022-04-06 00:00:00+05:30,116.41837279579649,119.58322624018291,116.14241181825365,118.207763671875
2022-04-07 00:00:00+05:30,118.74672934717496,119.09168054507151,115.64224751736248,116.375244140625
2022-04-08 00:00:00+05:30,117.36265620560144,119.0011317444952,116.95734674392517,118.207763671875
2022-04-11 00:00:00+05:30,118.20346303542419,119.35038803894123,116.67708510142803,117.0996322631836
2022-04-12 00:00:00+05:30,116.67708325914231,117.27641544874739,111.77026231585886,113.85285186767578
2022-04-13 00:00:00+05:30,115.12051951324325,116.07343492930259,113.4001188786322,113.78817749023438
2022-04-18 00:00:00+05:30,114.8575021657594,117.11256066116185,114.59447604620591,115.47840118408203
2022-04-19 00:00:00+05:30,116.6425830538689,117.85419545561595,112.88270020630492,114.40045928955078
2022-04-20 00:00:00+05:30,114.66777585745972,115.24987029929999,112.36958378645191,113.33543395996094
2022-04-21 00:00:00+05:30,113.48635153241659,114.06843282725093,110.88634192197233,112.29197692871094
2022-04-22 00:00:00+05:30,112.24455516110457,113.10259742580907,109.84288423009401,110.17057800292969
2022-04-25 00:00:00+05:30,107.79478120296295,108.91153355720054,104.58680746167937,105.2378921508789
2022-04-26 00:00:00+05:30,106.5012533210069,107.0790318207272,105.63889499452101,106.38052368164062
2022-04-27 00:00:00+05:30,105.81136121912162,108.22596710089002,104.37984985637895,107.51020812988281
2022-04-28 00:00:00+05:30,108.6140256486965,109.40308428558164,107.1911397119339,108.7304458618164
2022-04-29 00:00:00+05:30,109.34703447288281,111.39081942195638,109.14437974715088,109.61005401611328
2022-05-02 00:00:00+05:30,108.39844224892165,112.34372907885867,107.68699924000583,111.69265747070312
2022-05-04 00:00:00+05:30,114.46080669538297,114.69364710698457,108.1828396958946,108.7735595703125
2022-05-05 00:00:00+05:30,110.38186240036043,113.52946493195336,110.20939337206855,110.74836730957031
2022-05-06 00:00:00+05:30,109.34703961891027,111.24422532609616,107.19114377925725,110.70093536376953
2022-05-09 00:00:00+05:30,108.65714429672518,109.88169148675831,107.2773723516687,107.98881530761719
2022-05-10 00:00:00+05:30,107.8810211527097,108.19578008750025,99.90852294360442,100.45611572265625
2022-05-11 00:00:00+05:30,101.32710183209532,102.69824839245365,96.87732977656732,100.52510833740234
2022-05-12 00:00:00+05:30,99.76623762874917,100.24053076423432,95.11812674121738,96.38578796386719
2022-05-13 00:00:00+05:30,97.87766446353115,99.32642663241772,94.16952123981211,94.60070037841797
2022-05-16 00:00:00+05:30,96.49788991977876,97.8604175398602,94.341994285196,95.1612319946289
2022-05-17 00:00:00+05:30,96.92907061767325,103.24153287486996,96.1831325582138,102.50852966308594
2022-05-18 00:00:00+05:30,103.22428475117667,104.25911864744025,101.32709914360088,101.77983856201172
2022-05-19 00:00:00+05:30,99.25743673045496,99.59375593337528,96.1701925084603,96.76953125
2022-05-20 00:00:00+05:30,100.23621937460948,101.62030078723166,98.41233337868378,100.94766235351562
2022-05-23 00:00:00+05:30,94.60070525111652,94.60070525111652,86.36949665018217,88.2149429321289
2022-05-24 00:00:00+05:30,88.9091421230522,89.6766405070948,86.40830166100162,86.78343200683594
2022-05-25 00:00:00+05:30,86.78342681709562,87.81825411503256,85.52869394837522,86.15821838378906
2022-05-26 00:00:00+05:30,86.83947302435779,92.06105248412726,85.82620602955832,90.72008514404297
2022-05-27 00:00:00+05:30,91.62557321904815,92.06968723583871,88.99537766199256,89.98709106445312
2022-05-30 00:00:00+05:30,91.32374340539717,91.73767169648177,89.98708543621176,90.32772064208984
2022-05-31 00:00:00+05:30,90.11643742949865,92.43618323520377,89.42654819545902,91.03485107421875
2022-06-01 00:00:00+05:30,91.88427746048932,93.04845982383588,90.83219930512062,91.71611785888672
2022-06-02 00:00:00+05:30,92.07830429597037,93.54431070257789,91.33236624514083,93.26835632324219
2022-06-03 00:00:00+05:30,94.16951669071724,94.2385069285866,91.84115208643168,92.03949737548828
2022-06-06 00:00:00+05:30,91.84115325650109,93.3847753073201,90.4786256479429,92.97084045410156
2022-06-07 00:00:00+05:30,92.01362742283668,93.26405089785132,91.71611933772087,92.14298248291016
2022-06-08 00:00:00+05:30,93.22092928421237,93.90219311881334,92.62159053936246,93.71678924560547
2022-06-09 00:00:00+05:30,92.69921618420788,93.75991330444143,89.78875665931942,90.103515625
2022-06-10 00:00:00+05:30,88.82290064400077,88.9436302738742,87.15423951882255,88.27961730957031
2022-06-13 00:00:00+05:30,86.60663893705986,87.270651891816,85.37346638170877,85.5416259765625
2022-06-14 00:00:00+05:30,85.22255240826813,87.4172591800979,84.98971857295989,85.90381622314453
2022-06-15 00:00:00+05:30,86.70364000242392,88.54869426161484,86.40371129053682,87.2126235961914
2022-06-16 00:00:00+05:30,88.61686084380074,88.61686084380074,81.6365786045791,81.9546890258789
2022-06-17 00:00:00+05:30,81.61840328841078,84.29053774362124,81.39118056982865,82.40913391113281
2022-06-20 00:00:00+05:30,82.25463542848519,82.25463542848519,76.58769949366916,78.2918701171875
2022-06-21 00:00:00+05:30,79.52794696777711,81.39117592759398,78.52816844989667,80.41866302490234
2022-06-22 00:00:00+05:30,79.34162613919364,79.42342992260815,75.95600906488202,76.17414093017578
2022-06-23 00:00:00+05:30,76.3468277705617,77.79650971688143,75.16526694801696,76.46498107910156
2022-06-24 00:00:00+05:30,77.25573325022123,78.59634605799984,76.76947324777636,77.5147705078125
2022-06-27 00:00:00+05:30,79.11894540745686,79.87786837889419,78.44181927800477,78.87808990478516
2022-06-28 00:00:00+05:30,78.70995326733362,80.38231618683184,78.20097656475426,79.8824234008789
2022-06-29 00:00:00+05:30,79.07350613241984,80.78221848123682,78.93717111429963,80.12782287597656
2022-06-30 00:00:00+05:30,80.11873651501601,81.30029055826209,78.46455530704152,78.80538940429688
2022-07-01 00:00:00+05:30,78.79629320366364,79.5279506268017,78.08281748101243,79.3325424194336
2022-07-04 00:00:00+05:30,78.93716537453508,79.18256977616477,76.64676358694865,77.66926574707031
2022-07-05 00:00:00+05:30,78.34639577773336,79.90968929451044,77.9646632494843,78.17825317382812
2022-07-06 00:00:00+05:30,78.02374083738647,78.26459637243198,76.16960255935298,77.99647521972656
2022-07-07 00:00:00+05:30,78.80082852511356,82.39549325493475,78.02827274237448,81.8001708984375
2022-07-08 00:00:00+05:30,83.42709354695954,83.42709354695954,80.02784364463878,80.51863861083984
2022-07-11 00:00:00+05:30,80.45501612751026,84.43596254469311,79.53249245647062,82.95901489257812
2022-07-12 00:00:00+05:30,82.24553907347855,83.24986661148807,81.21849480943928,81.99105072021484
2022-07-13 00:00:00+05:30,82.34097587266155,83.09080812493714,81.85926478363238,82.24099731445312
2022-07-14 00:00:00+05:30,82.70906573697847,82.79995343334858,81.34572948856675,82.52729034423828
2022-07-15 00:00:00+05:30,82.2546252234628,82.73633628379382,79.75517528573326,80.32777404785156
2022-07-18 00:00:00+05:30,81.52751607176677,82.5273016719286,81.09579425403564,82.19100952148438
2022-07-19 00:00:00+05:30,81.89106552105342,83.79065103406948,81.89106552105342,83.5679702758789
2022-07-20 00:00:00+05:30,85.0676391986901,85.2539634849424,84.09057738604372,84.38597106933594
2022-07-21 00:00:00+05:30,84.52685546049639,85.33122586534998,84.02696268136988,84.91767883300781
2022-07-22 00:00:00+05:30,85.66296803446411,85.7993030574507,84.70862980784534,85.07673645019531
2022-07-25 00:00:00+05:30,84.98129702407552,87.69433684744807,84.85405285600169,87.31714630126953
2022-07-26 00:00:00+05:30,88.34419119659647,88.77137102178247,85.98562517620263,86.29918670654297
2022-07-27 00:00:00+05:30,86.43552551530622,87.39440571782791,85.7629481729151,87.1989974975586
2022-07-28 00:00:00+05:30,89.16219460153312,92.7068704466446,88.29875103285276,91.20719909667969
2022-07-29 00:00:00+05:30,93.61576454156591,99.34178009792033,92.843208648226,97.79666137695312
2022-08-01 00:00:00+05:30,100.43243256672426,101.29587604584577,96.4787590063847,98.3874282836914
2022-08-02 00:00:00+05:30,98.160210725303,98.160210725303,95.75164861231552,97.2513198852539
2022-08-03 00:00:00+05:30,97.25132849812897,98.56921755920173,96.3424375775857,97.2967758178711
2022-08-04 00:00:00+05:30,97.70576732655383,99.52354904425715,96.38787835493369,97.88754272460938
2022-08-05 00:00:00+05:30,97.84210515884863,99.29632918801707,97.34221239837487,97.5694351196289
2022-08-08 00:00:00+05:30,98.023878287766,98.29654832065916,96.97865240739152,97.43309783935547
2022-08-10 00:00:00+05:30,98.06932344387074,99.88710513167452,96.79687487555074,99.2508773803711
2022-08-11 00:00:00+05:30,100.2506692758123,100.56877970469132,98.70555058166272,99.15999603271484
2022-08-12 00:00:00+05:30,99.3872158692412,102.61378125163596,98.88733004818698,102.38655853271484
2022-08-16 00:00:00+05:30,103.34089463617987,103.34089463617987,100.977779635476,102.70467376708984
2022-08-17 00:00:00+05:30,103.15911980523003,103.15911980523003,102.02300615098741,102.25022888183594
2022-08-18 00:00:00+05:30,102.25021461272706,102.70466001100584,101.25043612337103,102.29566192626953
2022-08-19 00:00:00+05:30,102.2956723523768,102.61378277673688,99.56899968479807,100.02344512939453
2022-08-22 00:00:00+05:30,99.52355819699075,99.61444590437705,95.160878899572,95.47899627685547
2022-08-23 00:00:00+05:30,94.70643086930609,98.38744186043213,94.07021000050555,97.79666137695312
2022-08-24 00:00:00+05:30,97.75121415755872,98.29654728330298,96.11520784603904,96.84232330322266
2022-08-25 00:00:00+05:30,97.29677185258663,98.06932771670577,96.11521093031939,96.56965637207031
2022-08-26 00:00:00+05:30,97.47854741798471,99.2508818700514,97.34221239837487,97.5694351196289
2022-08-29 00:00:00+05:30,94.57010212465974,96.02432619634635,93.84298662167276,95.29721069335938
2022-08-30 00:00:00+05:30,96.79687787291077,98.61465961700299,96.38787975420485,98.4328842163086
2022-09-01 00:00:00+05:30,97.25131913591945,97.93298726070394,96.25154060642623,96.70598602294922
2022-09-02 00:00:00+05:30,97.2513292502453,97.2513292502453,95.43354739510053,95.88799285888672
2022-09-05 00:00:00+05:30,96.3878750911957,97.52398862629094,96.16065238417664,97.16043090820312
2022-09-06 00:00:00+05:30,97.61487728730683,98.88732584605086,96.38787604413059,98.7055435180664
2022-09-07 00:00:00+05:30,97.7512209916316,98.97822234391114,97.34221591801348,97.79666137695312
2022-09-08 00:00:00+05:30,98.52378284783943,98.52378284783943,95.75166260681807,96.20610809326172
2022-09-09 00:00:00+05:30,97.25133182381512,97.56944227002614,95.88799539637846,96.06977081298828
2022-09-12 00:00:00+05:30,97.06955503906812,98.11477407127437,96.79688498370885,97.93299865722656
2022-09-13 00:00:00+05:30,98.16022139193011,98.79644227538499,97.75122324317874,97.93299865722656
2022-09-14 00:00:00+05:30,96.6151066260943,100.34155797484131,96.16066117053278,99.2054443359375
2022-09-15 00:00:00+05:30,98.75099115819228,99.06910156535211,96.79687446522935,97.2513198852539
2022-09-16 00:00:00+05:30,96.5242162888005,97.70577729962734,95.43354992056624,96.06977081298828
2022-09-19 00:00:00+05:30,96.52420230589337,96.52420230589337,93.61575445574037,93.7066421508789
2022-09-20 00:00:00+05:30,94.70642880568943,96.6605456234079,94.52465339978934,96.16065979003906
2022-09-21 00:00:00+05:30,96.16065535905332,97.43309701029557,94.79731907476214,94.93364715576172
2022-09-22 00:00:00+05:30,94.93365053392597,95.70621333661175,94.07020696353113,94.16109466552734
2022-09-23 00:00:00+05:30,96.52420455562421,98.06932314613863,94.29742476853968,94.79731750488281
2022-09-26 00:00:00+05:30,94.88820256814894,94.9336429483726,89.52574536740636,90.75274658203125
2022-09-27 00:00:00+05:30,92.11608231412325,92.11608231412325,87.70796326733719,88.75318908691406
2022-09-28 00:00:00+05:30,87.75342125547503,88.93497529299981,86.34463755325952,86.52641296386719
2022-09-29 00:00:00+05:30,88.16241228460943,89.29852584497812,87.61707916248984,88.02607727050781
2022-09-30 00:00:00+05:30,88.02608179889486,91.25264725004311,86.98085588272802,90.25286865234375
2022-10-03 00:00:00+05:30,90.52553319245258,90.57098051163906,89.07130912422073,89.38941955566406
2022-10-04 00:00:00+05:30,91.16176264231592,92.25242897969088,90.88909259082844,91.93431854248047
2022-10-06 00:00:00+05:30,92.70687034509324,94.34287671313326,92.47964762365918,94.11565399169922
2022-10-07 00:00:00+05:30,93.88843536376953,94.07021077512726,92.61598668140307,93.88843536376953
2022-10-10 00:00:00+05:30,92.70686490278806,94.07020115135846,91.93430908212217,93.79753112792969
2022-10-11 00:00:00+05:30,94.11565409479377,94.20654179660953,90.70731326954949,91.20719909667969
2022-10-12 00:00:00+05:30,91.20719472158247,91.97975055138852,89.9801934702097,91.38897705078125
2022-10-13 00:00:00+05:30,91.88887139637845,92.52509920629085,89.7984264234055,90.97998046875
2022-10-14 00:00:00+05:30,92.57053959209978,93.43399013391928,90.7982050569393,90.97998046875
2022-10-17 00:00:00+05:30,90.66186267734031,91.252643119238,89.16219138153444,90.48008728027344
2022-10-18 00:00:00+05:30,91.16175561514306,91.79797644052101,90.70731018721969,91.47986602783203
2022-10-19 00:00:00+05:30,91.43442564296174,92.02520613090653,90.61642242382952,90.93453979492188
2022-10-20 00:00:00+05:30,90.4346511744844,91.97976304395144,89.7984302715951,91.70709991455078
2022-10-21 00:00:00+05:30,91.66164226497601,92.20697539662233,90.2983059687167,91.07086181640625
2022-10-24 00:00:00+05:30,92.70687473302772,92.79776243904574,91.79798380427255,91.9797592163086
2022-10-25 00:00:00+05:30,91.93431883044332,93.1613201974053,91.52531375193101,91.9797592163086
2022-10-27 00:00:00+05:30,92.93408656888253,95.11542592899481,92.75231117815929,94.7064208984375
2022-10-28 00:00:00+05:30,94.61553458374846,95.0699800014747,91.61619898732725,92.34330749511719
2022-10-31 00:00:00+05:30,92.61598488152124,92.84320760844633,91.16176081605818,92.2978744506836
2022-11-01 00:00:00+05:30,89.57120380253737,92.20698194849739,89.57120380253737,91.9797592163086
2022-11-02 00:00:00+05:30,91.79798478491513,93.61576666184413,91.61620937093724,92.02520751953125
2022-11-03 00:00:00+05:30,91.57075741711785,93.11586916061488,90.88908924775964,92.70687103271484
2022-11-04 00:00:00+05:30,93.16131719256927,95.43354444116852,92.88864714902245,95.2063217163086
2022-11-07 00:00:00+05:30,96.25154441943242,97.66032110589033,95.0699835159504,96.97865295410156
2022-11-09 00:00:00+05:30,97.47855268226432,97.75122273620944,95.93344086800872,96.4333267211914
2022-11-10 00:00:00+05:30,95.61531885810409,96.34243434384801,94.93365069057687,95.16087341308594
2022-11-11 00:00:00+05:30,96.56965220247952,98.34198657506911,96.56965220247952,97.75121307373047
2022-11-14 00:00:00+05:30,98.6146647144213,99.97800109296169,98.38744198466456,98.79644012451172
2022-11-15 00:00:00+05:30,99.06910860701106,99.38721903678162,97.43310220492349,98.66011047363281
2022-11-16 00:00:00+05:30,98.56921037903165,98.8873277254788,95.61531510243944,96.84232330322266
2022-11-17 00:00:00+05:30,96.25155541562121,97.06955867807734,94.97910666672145,96.20610809326172
2022-11-18 00:00:00+05:30,96.20610329667956,96.61510837465961,95.16087734311382,95.88799285888672
2022-11-21 00:00:00+05:30,97.88754767908691,97.88754767908691,94.38831908225553,94.75187683105469
2022-11-22 00:00:00+05:30,94.8882173225165,95.79710827975461,94.11566139572165,95.61532592773438
2022-11-23 00:00:00+05:30,96.06976728522638,96.34243733441609,95.38809909653946,95.84254455566406
2022-11-24 00:00:00+05:30,96.20610329667956,96.2969910025793,95.06998963721408,95.88799285888672
2022-11-25 00:00:00+05:30,95.97887493117081,96.7968781048296,95.52442949405894,96.52420806884766
2022-11-28 00:00:00+05:30,96.34244533218884,96.7060031165264,94.979108841639,95.34266662597656
2022-11-29 00:00:00+05:30,95.4335480805385,97.84211044276198,95.38810076011848,96.4333267211914
2022-11-30 00:00:00+05:30,96.43331845004296,98.11476514705235,96.25154305252889,97.84210205078125
2022-12-01 00:00:00+05:30,98.79643883534264,101.1595607414068,98.16021797404063,100.65966796875
2022-12-02 00:00:00+05:30,100.7051101083967,102.25022179739815,100.11432966226545,101.7957763671875
2022-12-05 00:00:00+05:30,102.97734570417043,105.52223616147324,102.38656520959186,105.29501342773438
2022-12-06 00:00:00+05:30,104.84055724222112,104.84055724222112,102.0229970187608,102.65921783447266
2022-12-07 00:00:00+05:30,103.06822089607046,103.15910859167275,100.75054651963538,101.06865692138672
2022-12-08 00:00:00+05:30,101.56855138975375,102.7046649399747,100.70510786530055,101.65943908691406
2022-12-09 00:00:00+05:30,102.52290028314071,103.38634389802459,99.70533283607222,100.38700103759766
2022-12-12 00:00:00+05:30,100.15977310376456,101.88666717816474,98.79643677149397,101.52310943603516
2022-12-13 00:00:00+05:30,102.29566508202099,102.56832816882785,100.70510613897758,101.06865692138672
2022-12-14 00:00:00+05:30,101.43221853406146,102.88644252241437,100.97777310430824,102.75011444091797
2022-12-15 00:00:00+05:30,102.38655691833017,103.1136654468408,100.61421557811865,100.84143829345703
2022-12-16 00:00:00+05:30,100.29610712394664,101.88666616240525,99.47810394588194,100.93233489990234
2022-12-19 00:00:00+05:30,100.93233786312828,101.88666915364897,100.70511513667756,101.61400604248047
2022-12-20 00:00:00+05:30,101.02322062629992,101.34133104091624,99.06910388753248,100.84143829345703
2022-12-21 00:00:00+05:30,101.61400244747801,101.79577784849265,98.79643519174188,99.43266296386719
2022-12-22 00:00:00+05:30,99.97799417586275,100.5233273026919,96.660541164079,97.84210205078125
2022-12-23 00:00:00+05:30,96.34243035724519,97.02409849656532,92.66141963120172,92.93408966064453
2022-12-26 00:00:00+05:30,93.43398322502617,95.93343309118478,92.38875734868427,95.43354034423828
2022-12-27 00:00:00+05:30,96.93320754874478,101.38677396319937,96.20609211746321,101.0232162475586
2022-12-28 00:00:00+05:30,100.93233502413655,102.06844862443396,99.70532678838566,99.97799682617188
2022-12-29 00:00:00+05:30,99.06910033087337,101.7957728170442,98.93276531970747,101.56855010986328
2022-12-30 00:00:00+05:30,102.61378125163596,104.29522798479485,101.88666577737354,102.38655853271484
2023-01-02 00:00:00+05:30,103.9771192172099,108.79423677430252,103.38633875177092,108.38523864746094
2023-01-03 00:00:00+05:30,108.88512740562626,109.52134823159712,107.0218983756893,107.65811920166016
2023-01-04 00:00:00+05:30,107.93079722262355,108.20346727353252,104.84056669423411,105.2041244506836
2023-01-05 00:00:00+05:30,105.88578132264044,106.34022673604234,104.06799966903289,105.93122863769531
2023-01-06 00:00:00+05:30,106.3402368193058,107.11279270848601,104.74967772158114,105.11323547363281
2023-01-09 00:00:00+05:30,106.24934557697142,107.34001186252206,105.9312351548764,106.84012603759766
2023-01-10 00:00:00+05:30,106.93101642629762,108.83968594112162,106.8401287225988,108.02168273925781
2023-01-11 00:00:00+05:30,108.56701589573791,109.38501909760171,107.24912685638706,108.02168273925781
2023-01-12 00:00:00+05:30,108.11255977391659,108.38522979239197,106.8855585593506,107.34000396728516
2023-01-13 00:00:00+05:30,107.74902671474942,110.52113999846317,107.38546894175595,109.47591400146484
2023-01-16 00:00:00+05:30,110.38479784688975,110.38479784688975,107.97624249152337,109.0214614868164
2023-01-17 00:00:00+05:30,108.83968537169216,108.97602039367072,107.24912629527913,108.47612762451172
2023-01-18 00:00:00+05:30,109.06689854543674,111.79357100907266,109.06689854543674,111.2936782836914
2023-01-19 00:00:00+05:30,110.70291323173419,112.97514045788401,110.11213276607779,112.29347229003906
2023-01-20 00:00:00+05:30,112.15713585445846,112.88424439707973,110.88468723701237,111.74813079833984
2023-01-23 00:00:00+05:30,112.15713025558574,112.56612835700011,110.43023628485007,110.88468170166016
2023-01-24 00:00:00+05:30,111.33913520053679,111.3845825192315,109.15779565464841,109.43046569824219
2023-01-25 00:00:00+05:30,109.38501149673094,111.11190548416012,109.15778878612939,109.97579193115234
2023-01-27 00:00:00+05:30,110.79379790822031,112.02079918997521,108.24890071071702,109.65768432617188
2023-01-30 00:00:00+05:30,109.47589777110439,110.0666781978466,106.24933948307445,107.9307861328125
2023-01-31 00:00:00+05:30,107.93079166984823,109.47590338740702,107.02190079262846,108.79423522949219
2023-02-01 00:00:00+05:30,109.15778870296883,112.8387993856244,108.43068019016988,110.93013000488281
2023-02-02 00:00:00+05:30,110.83924330024753,111.33913607265602,107.61268474197968,109.0214614868164
2023-02-03 00:00:00+05:30,109.11235428816714,109.97579786129717,106.5220097002027,109.38501739501953
2023-02-06 00:00:00+05:30,109.0669039130188,109.0669039130188,106.34023131519334,106.74922943115234
2023-02-07 00:00:00+05:30,102.3411090504969,104.84055890576089,100.47788695532681,101.29588317871094
2023-02-08 00:00:00+05:30,101.29588317871094,102.47744406582324,100.06888190934782,101.29588317871094
2023-02-09 00:00:00+05:30,101.93211605271398,102.65922461378838,99.932551907613,101.1141128540039
2023-02-10 00:00:00+05:30,100.88688623521227,101.11410895195824,98.43288366807056,98.8873291015625
2023-02-13 00:00:00+05:30,98.8873281149504,100.52332749862663,98.5237703849267,98.84188079833984
2023-02-14 00:00:00+05:30,99.56900336353526,99.88711379964845,98.38744239021494,99.29633331298828
2023-02-15 00:00:00+05:30,99.06911795486303,100.52334215266399,98.8873425304959,100.25067901611328
2023-02-16 00:00:00+05:30,100.88688550676618,101.97755176555698,100.56877509247612,101.7957763671875
2023-02-17 00:00:00+05:30,101.3867741920249,102.79555080866831,101.15955148602241,102.02299499511719
2023-02-20 00:00:00+05:30,102.06845121696868,102.43200203086835,100.93233758781403,102.1138916015625
2023-02-21 00:00:00+05:30,102.61378831280626,103.79534237193022,102.47745328521454,102.84101104736328
2023-02-22 00:00:00+05:30,102.93188558681437,103.34088368298109,100.56877083657928,101.0232162475586
2023-02-23 00:00:00+05:30,101.3867792357975,103.29544867431323,101.20499690138023,101.84122467041016
2023-02-24 00:00:00+05:30,102.2502204008689,102.61377812692936,99.56899517296087,99.75077056884766
2023-02-27 00:00:00+05:30,99.79622733793528,100.02345007146036,95.56988310751106,96.4333267211914
2023-02-28 00:00:00+05:30,97.11499499771215,97.29677734524688,94.11565907340791,94.47920989990234
2023-03-01 00:00:00+05:30,95.16087734311382,97.34221695614505,94.97910193131433,95.88799285888672
2023-03-02 00:00:00+05:30,96.38788136828782,97.1604372356066,94.8427626993631,95.11543273925781
2023-03-03 00:00:00+05:30,96.34242904520481,97.66031798956128,95.4335382051557,97.2513198852539
2023-03-06 00:00:00+05:30,97.70576924479539,97.79665694560755,95.43354205305596,96.02432250976562
2023-03-08 00:00:00+05:30,95.7062012162005,97.1604250668359,94.52464043702318,96.79686737060547
2023-03-09 00:00:00+05:30,98.02387719788284,99.02365575023003,97.7057667859024,98.34198760986328
2023-03-10 00:00:00+05:30,97.25132009347526,98.47832134331126,96.88776236981985,98.2510986328125
2023-03-13 00:00:00+05:30,98.38743857373188,99.06910673936974,96.66054450059185,97.06954956054688
2023-03-14 00:00:00+05:30,97.25131913591945,98.66010270085542,96.52420369576797,96.70598602294922
2023-03-15 00:00:00+05:30,97.7057659613567,99.20543724436513,97.61487826359887,98.75099182128906
2023-03-16 00:00:00+05:30,97.47855357650464,97.47855357650464,94.25198795713374,95.47899627685547
2023-03-17 00:00:00+05:30,96.75142714951218,97.56943029241373,95.4335382051557,97.2513198852539
2023-03-20 00:00:00+05:30,96.43332720335303,96.7514376450212,94.38832259140229,94.9791030883789
2023-03-21 00:00:00+05:30,95.52443214425503,95.79710218780184,94.79732358527563,95.2063217163086
2023-03-22 00:00:00+05:30,95.20632270037461,96.29698901726063,94.88821226914013,95.25177001953125
2023-03-23 00:00:00+05:30,94.8882211291266,95.8879998353389,94.84277380572642,95.34266662597656
2023-03-24 00:00:00+05:30,95.43353717491662,95.47898449014318,92.29786658431262,92.7977523803711
2023-03-27 00:00:00+05:30,93.20676067938564,93.979316525291,92.79775563088023,92.97953796386719
2023-03-28 00:00:00+05:30,93.47942634156293,93.70664906331406,93.02498089806063,93.16131591796875
2023-03-29 00:00:00+05:30,93.1613160749946,94.97909785206767,92.38876020659598,94.16109466552734
2023-03-31 00:00:00+05:30,95.43354855770129,95.88799402702368,94.61554532606348,94.9791030883789
2023-04-03 00:00:00+05:30,95.52443813663143,95.66077316695731,94.3428840538117,94.61554718017578
2023-04-05 00:00:00+05:30,94.61554250966684,95.43354571695535,93.79753930237833,95.29721069335938
2023-04-06 00:00:00+05:30,95.29721126663429,95.52443399589869,94.70643078368936,94.84276580810547
2023-04-10 00:00:00+05:30,94.9790939317706,96.11520749554776,94.9790939317706,95.38809204101562
2023-04-11 00:00:00+05:30,95.93343138521321,98.02387616643595,95.52442634472473,97.75121307373047
2023-04-12 00:00:00+05:30,98.34199454082321,98.52377688497151,97.2058808934741,97.79666137695312
2023-04-13 00:00:00+05:30,97.70576477050781,98.29654520016359,96.25154082124598,97.70576477050781
2023-04-17 00:00:00+05:30,97.79664761792151,98.43287533149842,97.02409183327264,97.38764953613281
2023-04-18 00:00:00+05:30,97.43310362294393,98.06933142603187,97.11499318854366,97.79666137695312
2023-04-19 00:00:00+05:30,98.02387592231372,100.34155034311594,97.93298822497158,98.2510986328125
2023-04-20 00:00:00+05:30,98.34199269159903,98.79643814199328,97.6148841315406,98.16021728515625
2023-04-21 00:00:00+05:30,98.16021412040989,98.251101820701,95.75165192411649,96.47876739501953
2023-04-24 00:00:00+05:30,96.70597968011944,96.97864275157754,95.75164159430037,96.79686737060547
2023-04-25 00:00:00+05:30,96.97865844825102,97.79666166359743,96.56966030772152,97.2967758178711
2023-04-26 00:00:00+05:30,96.79687220524778,97.29676492931817,96.20609178615184,97.11498260498047
2023-04-27 00:00:00+05:30,96.61510078184396,98.02387744829532,96.61510078184396,97.84210205078125
2023-04-28 00:00:00+05:30,97.97843327681936,98.61465407780018,97.52398786632259,98.11476135253906
2023-05-02 00:00:00+05:30,98.16022696445145,100.75056490026688,98.16022696445145,100.25067901611328
2023-05-03 00:00:00+05:30,99.79621689695539,100.88688313005204,98.84187874228071,99.705322265625
2023-05-04 00:00:00+05:30,99.97799670311234,101.70489076029625,99.52355126355273,100.93233489990234
2023-05-05 00:00:00+05:30,100.75054890910906,100.75054890910906,98.52376910975102,98.75099182128906
2023-05-08 00:00:00+05:30,99.29633020213612,99.84166335185792,98.3874393078374,99.56900024414062
2023-05-09 00:00:00+05:30,99.61444062828323,101.06866467230375,99.20544249956369,99.56900024414062
2023-05-10 00:00:00+05:30,99.61444374910147,99.97800150506829,98.70555282632812,99.29633331298828
2023-05-11 00:00:00+05:30,99.25088401422643,99.5235540593368,98.38744042852245,98.66011047363281
2023-05-12 00:00:00+05:30,98.4783175319828,98.52376484603838,96.8423182402805,97.02409362792969
2023-05-15 00:00:00+05:30,97.29676921378535,98.3419881540352,96.02432062453563,97.88754272460938
2023-05-16 00:00:00+05:30,98.34199197763114,98.75099704058891,97.43310108344124,97.61488342285156
2023-05-17 00:00:00+05:30,97.61488642195846,97.70577412731242,95.93343960290404,96.34243774414062
2023-05-18 00:00:00+05:30,96.796886945859,97.38766745492131,95.5244382188681,95.61532592773438
2023-05-19 00:00:00+05:30,95.97887630844576,96.06976401031494,94.57009959375556,95.11543273925781
2023-05-22 00:00:00+05:30,95.43354034423828,95.66076305934361,94.79731951565815,95.43354034423828
2023-05-23 00:00:00+05:30,95.5244363661326,96.38788691933445,95.43354865902913,95.9788818359375
2023-05-24 00:00:00+05:30,95.5244382188681,96.1606660495074,95.34266280113556,95.61532592773438
2023-05-25 00:00:00+05:30,95.43354571695535,95.61532112555842,94.79732485255725,95.29721069335938
2023-05-26 00:00:00+05:30,95.4335374698275,97.02409642765795,95.3880901544605,96.70598602294922
2023-05-29 00:00:00+05:30,97.25132485547768,98.93277160864486,96.61510400864269,98.5692138671875
2023-05-30 00:00:00+05:30,99.02366301947336,99.02366301947336,97.16044079293212,97.2967758178711
2023-05-31 00:00:00+05:30,96.70599294202654,97.20587877539539,95.97887744985174,96.16065979003906
2023-06-01 00:00:00+05:30,96.25154905584874,96.97865762554255,96.16066135142295,96.29698944091797
2023-06-02 00:00:00+05:30,96.79688093397353,98.4328873291077,96.79688093397353,98.16021728515625
2023-06-05 00:00:00+05:30,98.75099480863175,99.88710840069082,97.978438952889,99.43266296386719
2023-06-06 00:00:00+05:30,99.75077522347826,99.84166292566272,98.43288620608568,99.06910705566406
2023-06-07 00:00:00+05:30,99.52354225877154,101.56854655176001,98.97820916749859,101.34132385253906
2023-06-08 00:00:00+05:30,101.34132664838678,102.70466288132472,100.84143392259486,101.0232162475586
2023-06-09 00:00:00+05:30,101.11411025672948,101.47766799507176,98.75099535893523,98.97821807861328
2023-06-12 00:00:00+05:30,99.20544912292702,100.52333823393299,99.20544912292702,99.5235595703125
2023-06-13 00:00:00+05:30,99.97799041544884,101.65943704921496,99.65988001462065,101.0232162475586
2023-06-14 00:00:00+05:30,101.3413337723252,103.61356098695133,101.25044607059758,103.4317855834961
2023-06-15 00:00:00+05:30,103.52267229870924,103.79533540129376,102.93189184167883,103.38633728027344
2023-06-16 00:00:00+05:30,103.977124822648,104.34068258515512,103.47723203241473,103.84078979492188
2023-06-19 00:00:00+05:30,104.9314538689569,105.0677888937217,102.7501212098696,103.70445251464844
2023-06-20 00:00:00+05:30,103.70445476719576,104.74968073404591,103.15912159057883,103.84078979492188
2023-06-21 00:00:00+05:30,104.43156545759419,104.43156545759419,102.56833634493229,103.52267456054688
2023-06-22 00:00:00+05:30,103.80423604765339,105.30592340366555,103.75731256939028,104.27351379394531
2023-06-23 00:00:00+05:30,103.7103859171956,103.94502479936119,102.4902608656903,102.86568450927734
2023-06-26 00:00:00+05:30,102.8656800367278,103.42881189731845,101.45784680494609,103.1003189086914
2023-06-27 00:00:00+05:30,103.80423782458824,104.64893921449546,103.38189070993975,103.94502258300781
2023-06-28 00:00:00+05:30,104.64893880630721,105.16514719829543,104.08580693543568,104.69586944580078
2023-06-30 00:00:00+05:30,104.74278622874928,105.30591806362126,103.61652255900533,105.11820983886719
2023-07-03 00:00:00+05:30,105.3528563819414,107.22996740879113,105.16514814350055,106.15062713623047
2023-07-04 00:00:00+05:30,106.24447717046567,106.43219256229936,105.2120675775154,105.49363708496094
2023-07-05 00:00:00+05:30,105.63442544368607,106.57298095305472,105.30592528691882,106.00984191894531
2023-07-06 00:00:00+05:30,105.11821660314708,105.91598735060249,104.64893885045446,105.72827911376953
2023-07-07 00:00:00+05:30,105.11821384659926,106.33833883584846,104.41429723601937,104.74279022216797
2023-07-10 00:00:00+05:30,105.35284947952708,108.59086292445348,104.789717640489,108.21544647216797
2023-07-11 00:00:00+05:30,108.49701600139205,108.96629375845744,107.74617588645366,108.07466888427734
2023-07-12 00:00:00+05:30,108.07465984542867,108.91936116962161,106.9953196623271,107.65230560302734
2023-07-13 00:00:00+05:30,108.8724387139066,109.76406358050914,107.46460545467505,107.79309844970703
2023-07-14 00:00:00+05:30,108.59086487110233,110.65569119873676,107.74617067770774,109.95177459716797
2023-07-17 00:00:00+05:30,110.70262371113667,112.01660290676477,109.90485292970156,110.5149154663086
2023-07-18 00:00:00+05:30,110.74954889404859,110.89033365103595,109.24786152760726,109.4355697631836
2023-07-19 00:00:00+05:30,109.5294189453125,109.99869667371678,108.96628710334936,109.5294189453125
2023-07-20 00:00:00+05:30,109.52942971623952,110.04563813249118,109.2009367061751,109.76406860351562
2023-07-21 00:00:00+05:30,109.4355697631836,110.70261825484941,108.40316014629332,109.4355697631836
2023-07-24 00:00:00+05:30,109.3417232893246,109.3417232893246,107.32382739306472,108.40316772460938
2023-07-25 00:00:00+05:30,107.93387646945017,112.53279959461827,107.32381399641393,111.92273712158203
2023-07-26 00:00:00+05:30,112.43894957907563,113.18978966811748,111.54731757503772,112.57972717285156
2023-07-27 00:00:00+05:30,112.86130434558329,113.98756813593117,111.82889467766265,112.43895721435547
2023-07-28 00:00:00+05:30,112.81436519635186,113.65906655571625,111.40653198428119,113.18978881835938
2023-07-31 00:00:00+05:30,113.18979516506268,116.24010062891716,113.18979516506268,115.58311462402344
2023-08-01 00:00:00+05:30,115.95853555576699,116.5216674268818,115.01998005037223,115.63003540039062
2023-08-02 00:00:00+05:30,115.34848073564916,115.34848073564916,110.98419591246599,111.64118194580078
2023-08-03 00:00:00+05:30,111.40653360355275,112.29816561385653,110.2802698817702,110.937255859375
2023-08-04 00:00:00+05:30,112.06352634831407,112.39201933596314,110.74954723710773,111.68810272216797
2023-08-07 00:00:00+05:30,112.25123411576,112.25123411576,110.74954677801067,111.54731750488281
2023-08-08 00:00:00+05:30,111.68809815114234,112.15737587446647,110.70261206791776,110.89032745361328
2023-08-09 00:00:00+05:30,111.07804294391596,113.095938718315,109.71714032150814,112.81436920166016
2023-08-10 00:00:00+05:30,112.62665557861328,113.23671806178608,111.92273898124694,112.62665557861328
2023-08-11 00:00:00+05:30,112.90823364257812,113.94064329820472,111.82889334599149,112.90823364257812
2023-08-14 00:00:00+05:30,112.90822309602899,113.00207720857186,110.13948023205076,110.89032745361328
2023-08-16 00:00:00+05:30,110.70261913073175,110.70261913073175,108.30930688545153,108.82550811767578
2023-08-17 00:00:00+05:30,108.77858017687264,109.6232815302222,107.6523093188699,108.91936492919922
2023-08-18 00:00:00+05:30,109.1540082830906,109.24786240162963,107.69924438359962,108.68473052978516
2023-08-21 00:00:00+05:30,109.57635543958527,109.90484843490523,108.73165405118377,109.7171401977539
2023-08-22 00:00:00+05:30,109.95177821129614,110.51491007893941,109.34171570442837,110.32720184326172
2023-08-23 00:00:00+05:30,110.6087722531558,111.9227514804361,110.42106400380607,111.64118194580078
2023-08-24 00:00:00+05:30,112.157386312021,112.720518200294,110.79648365197707,110.98419189453125
2023-08-25 00:00:00+05:30,110.74954982330675,110.89033458147537,109.52942479999231,109.7171401977539
2023-08-28 00:00:00+05:30,109.81099835624174,110.98419278312467,109.81099835624174,110.37413024902344
2023-08-29 00:00:00+05:30,111.2188214637486,112.76743939726454,110.51490487220589,112.20430755615234
2023-08-30 00:00:00+05:30,113.09593082707198,115.16074993643437,112.8612919664349,114.59761810302734
2023-08-31 00:00:00+05:30,115.30154195588406,116.00545858218447,114.64455596891445,115.34847259521484
2023-09-01 00:00:00+05:30,115.91160204190336,120.79208768468685,115.81774792581331,119.24347686767578
2023-09-04 00:00:00+05:30,121.26135912542345,124.73401136459886,120.9328733164803,123.65467834472656
2023-09-05 00:00:00+05:30,123.65468820801449,124.31167419952455,120.93288296266405,123.60775756835938
2023-09-06 00:00:00+05:30,124.2647467059124,124.2647467059124,120.32281633583268,121.63680267333984
2023-09-07 00:00:00+05:30,121.54293690376117,122.76306191452949,120.69824268465561,122.15299224853516
2023-09-08 00:00:00+05:30,123.32618022701634,123.56081908918435,121.2613611041818,121.54293060302734
2023-09-11 00:00:00+05:30,121.54292676269561,123.74853772587313,121.26135727274671,123.09153747558594
2023-09-12 00:00:00+05:30,124.64016778218242,124.96865360000236,120.74515403576498,121.07365417480469
2023-09-13 00:00:00+05:30,121.6367972769448,122.48149148976543,119.8535332525609,121.5898666381836
2023-09-14 00:00:00+05:30,122.95077157684932,125.95414633890994,122.76306333944937,123.60775756835938
2023-09-15 00:00:00+05:30,124.4524769527478,125.10946300145203,121.87144908044982,123.8424072265625
2023-09-18 00:00:00+05:30,126.70499309231269,126.70499309231269,122.05914620983866,122.43456268310547
2023-09-20 00:00:00+05:30,122.43456031992622,123.70161595488136,120.13510224280408,120.41667175292969
2023-09-21 00:00:00+05:30,120.41666541374391,121.3082902145197,119.38424870470703,119.9473876953125
2023-09-22 00:00:00+05:30,119.33733770862604,120.79209449152503,117.78871964373766,118.9619140625
2023-09-25 00:00:00+05:30,119.478113963917,120.41666943209981,118.35184310573163,119.57196807861328
2023-09-26 00:00:00+05:30,121.07365864110356,122.52842252002755,120.51051961661031,120.97979736328125
2023-09-27 00:00:00+05:30,120.83901792214219,120.83901792214219,118.91497632593396,120.27587890625
2023-09-28 00:00:00+05:30,120.46359866179148,121.35522348189998,118.53955711026063,119.00883483886719
2023-09-29 00:00:00+05:30,120.32281138218599,121.58986702668565,119.71275604000188,120.97979736328125
2023-10-03 00:00:00+05:30,121.07366448640823,121.16752576876206,119.43119229376316,120.1351089477539
2023-10-04 00:00:00+05:30,119.19654702014611,119.29040113685885,116.8501582992771,117.60100555419922
2023-10-05 00:00:00+05:30,118.1641396595734,118.39877853611719,116.89709115835899,117.5540771484375
2023-10-06 00:00:00+05:30,118.7272783271568,119.19655610710603,117.41329911117681,118.16414642333984
2023-10-09 00:00:00+05:30,117.1317290657536,117.22558318347252,115.06690267288651,116.24009704589844
2023-10-10 00:00:00+05:30,117.03786653270257,118.16413741508576,116.14624168301638,117.60100555419922
2023-10-11 00:00:00+05:30,118.25798515836962,118.53955465394297,117.03786022503145,117.27249908447266
2023-10-12 00:00:00+05:30,117.64793800115143,119.10270198323832,117.41329911117681,118.16414642333984
2023-10-13 00:00:00+05:30,117.31943288799145,118.02334948531941,116.38087742488753,117.36636352539062
2023-10-16 00:00:00+05:30,117.41329158036181,119.43118733683909,117.27250682328476,119.19654846191406
2023-10-17 00:00:00+05:30,120.0412458127047,120.65130829914553,119.19654445921816,119.57196807861328
2023-10-18 00:00:00+05:30,119.99431423969303,120.79208494930779,118.82111991360958,119.29039764404297
2023-10-19 00:00:00+05:30,117.78871784512958,118.7272733658079,116.70937756422744,118.25799560546875
2023-10-20 00:00:00+05:30,117.31943543967222,118.02335205231024,115.16075496333822,115.53617858886719
2023-10-23 00:00:00+05:30,115.77081494806092,115.81774558546263,112.34508607542277,112.62665557861328
2023-10-25 00:00:00+05:30,113.75292251977353,115.25461703220905,113.33057541353237,113.89370727539062
2023-10-26 00:00:00+05:30,113.42443126131572,113.47136190077431,111.59425089219445,112.53280639648438
2023-10-27 00:00:00+05:30,113.09593826693629,114.31606328675728,112.15738276264636,112.53280639648438
2023-10-30 00:00:00+05:30,113.61214480056321,113.79985303410739,111.64117254529883,111.82888793945312
2023-10-31 00:00:00+05:30,112.62665501644737,112.76743976733991,111.12496771501672,111.45346069335938
2023-11-01 00:00:00+05:30,111.6881043931507,111.78195851093886,108.87243789584437,109.4355697631836
2023-11-02 00:00:00+05:30,107.55845491847046,111.26575330370937,107.55845491847046,110.84339904785156
2023-11-03 00:00:00+05:30,110.93725401141431,111.31267763262483,109.90484442354287,110.09255981445312
2023-11-06 00:00:00+05:30,111.21882100041296,112.29816120173726,110.28026554893269,112.06352233886719
2023-11-07 00:00:00+05:30,111.96967898959583,112.8143732486415,111.12497756993965,112.29817199707031
2023-11-08 00:00:00+05:30,112.39202476435393,113.09594141214738,111.26576099212859,111.73503875732422
2023-11-09 00:00:00+05:30,111.87581770693697,113.09594277539708,111.54732469946248,112.29817199707031
2023-11-10 00:00:00+05:30,112.15738322006071,113.04900808852838,111.50039722862245,112.67359161376953
2023-11-13 00:00:00+05:30,113.42443130663135,113.79985494061935,112.53280644144378,113.56521606445312
2023-11-15 00:00:00+05:30,114.22220703764565,116.75631130718455,114.03449879276596,116.42781829833984
2023-11-16 00:00:00+05:30,116.38087871783097,117.55407305974458,115.44232324430007,117.0378646850586
2023-11-17 00:00:00+05:30,117.03787098066732,118.02335714512925,116.66245449954886,117.50714874267578
2023-11-20 00:00:00+05:30,117.36636661193766,117.9294984724875,116.42781112415123,116.7093734741211
2023-11-21 00:00:00+05:30,117.36636628690222,118.63341475978291,117.27250500989543,118.49263000488281
2023-11-22 00:00:00+05:30,118.6334142962978,119.10269203705799,117.78871293080745,118.35184478759766
2023-11-23 00:00:00+05:30,118.58648503711332,119.57197116841473,118.16413792976137,118.91497802734375
2023-11-24 00:00:00+05:30,118.91497617869612,119.19654568629359,117.83564310766259,118.2110595703125
2023-11-28 00:00:00+05:30,119.19654800116176,119.19654800116176,118.25799250508962,119.0557632446289
2023-11-29 00:00:00+05:30,119.3373350426418,120.27588339607411,118.91498076495643,119.90046691894531
2023-11-30 00:00:00+05:30,119.94739801659013,120.93288417433945,118.72727297943482,120.04125213623047
2023-12-01 00:00:00+05:30,120.97979788502786,122.29378417410548,120.18203430497894,122.01221466064453
2023-12-04 00:00:00+05:30,124.07702352623953,124.21781543181953,122.38762090781363,122.95075988769531
2023-12-05 00:00:00+05:30,122.95076176834051,124.3116642824485,122.0122063349944,123.51390075683594
2023-12-06 00:00:00+05:30,124.35859810446154,125.20329228762658,122.7630566911388,123.74854278564453
2023-12-07 00:00:00+05:30,123.60775614196274,124.07703389065752,121.82450642541069,122.01221466064453
2023-12-08 00:00:00+05:30,122.15300034455692,123.3261947939715,120.08818097783153,121.2613754272461
2023-12-11 00:00:00+05:30,121.87144245226865,122.48149782405332,120.83902563101046,122.05915069580078
2023-12-12 00:00:00+05:30,122.05914846123339,124.0301064640694,121.73064830015036,122.1060791015625
2023-12-13 00:00:00+05:30,122.52842355047157,123.42004841240073,121.21443725601034,123.32618713378906
2023-12-14 00:00:00+05:30,124.17089752172592,125.06252239689682,123.42005024534282,123.88932800292969
2023-12-15 00:00:00+05:30,125.20330540085537,128.34747224091285,124.82788890706698,128.06590270996094
2023-12-18 00:00:00+05:30,128.44133444724852,129.14525111907219,126.79886221299327,128.20669555664062
2023-12-19 00:00:00+05:30,128.25360823810502,129.14524745408846,126.51728908961402,127.08041381835938
2023-12-20 00:00:00+05:30,127.549683062776,127.78432193104543,120.8390171587582,121.77757263183594
2023-12-21 00:00:00+05:30,120.7920795597744,123.373106961997,119.99430888575478,122.95075988769531
2023-12-22 00:00:00+05:30,124.26474587545546,126.47035708936122,123.65469051223258,125.3440933227539
2023-12-26 00:00:00+05:30,126.4234300484905,127.73741641462952,126.18879116038222,126.89270782470703
2023-12-27 00:00:00+05:30,127.50277974192498,130.36536276960723,127.17427956437713,128.7698211669922
2023-12-28 00:00:00+05:30,129.66143798828125,130.2245770228141,128.44132728216107,129.66143798828125
2023-12-29 00:00:00+05:30,130.08379862169656,132.57096497955038,128.72288168351417,131.02235412597656
2024-01-01 00:00:00+05:30,131.39776611774306,132.2893909521552,130.50614128333095,131.25698852539062
2024-01-02 00:00:00+05:30,131.86704835134037,131.96090963025657,128.62903472581846,131.02235412597656
2024-01-03 00:00:00+05:30,130.92850051373696,131.02236179814932,126.09494511214847,127.03350067138672
2024-01-04 00:00:00+05:30,127.64355559677607,127.9720557698151,125.76644448505877,126.00108337402344
2024-01-05 00:00:00+05:30,126.70499821552649,127.59662311650266,124.68710952798986,125.43794250488281
2024-01-08 00:00:00+05:30,126.98656406724704,127.5966194236217,123.65468912413625,123.88932800292969
2024-01-09 00:00:00+05:30,125.29716490202064,126.51728997130326,124.35860935968341,125.43794250488281
2024-01-10 00:00:00+05:30,125.57873625509293,126.42343052699131,123.98319467416198,125.86030578613281
2024-01-11 00:00:00+05:30,126.56422106982723,127.31505404943226,125.95415137237177,126.61113739013672
2024-01-12 00:00:00+05:30,127.45582708074221,127.87817414946915,126.37647977041898,126.9865493774414
2024-01-15 00:00:00+05:30,127.64355421892529,127.87819310535714,125.71951248593992,126.61113739013672
2024-01-16 00:00:00+05:30,126.42342256213486,129.98993631442823,125.76643657858038,128.81674194335938
2024-01-17 00:00:00+05:30,127.12734302255869,127.40891254435944,123.3261902813005,123.56082916259766
2024-01-18 00:00:00+05:30,123.56081518155118,124.12395416143286,120.32280185027938,122.95075988769531
2024-01-19 00:00:00+05:30,124.45247243534517,126.42343050991558,123.51391687948652,126.00108337402344
2024-01-23 00:00:00+05:30,126.5172871893049,126.89270366949631,121.35523181995895,122.1060791015625
2024-01-24 00:00:00+05:30,122.19991016686429,127.22118728334283,122.10606321963316,126.84575653076172
2024-01-25 00:00:00+05:30,128.11281917964186,128.11281917964186,123.88931964624707,125.53179168701172
2024-01-29 00:00:00+05:30,126.42340945875426,127.08039537421428,125.29714584350586,126.7049789428711
2024-01-30 00:00:00+05:30,127.26814767578456,129.23910588311998,126.23573076630728,126.4234390258789
2024-01-31 00:00:00+05:30,126.70499378256243,128.3005352844691,126.23571602781219,127.59661865234375
2024-02-01 00:00:00+05:30,128.01896074213494,128.34746088605343,126.23571107257173,126.51728057861328
2024-02-02 00:00:00+05:30,126.9865450190422,131.02233599315753,126.51726733184782,130.17762756347656
2024-02-05 00:00:00+05:30,131.3977600249056,134.5419264397036,130.7877047247063,132.85252380371094
2024-02-06 00:00:00+05:30,134.2134435158952,136.18441589741428,131.82012400154235,135.76205444335938
2024-02-07 00:00:00+05:30,137.82686163690417,138.34305563277,135.1989037400179,135.5273895263672
2024-02-08 00:00:00+05:30,136.37212686652762,136.70061272252704,134.26037683896303,134.82350158691406
2024-02-09 00:00:00+05:30,135.33969451067205,135.57433337574645,130.59998657192511,132.61788940429688
2024-02-12 00:00:00+05:30,133.27488054499867,134.16650540271056,128.25360290865316,128.95751953125
2024-02-13 00:00:00+05:30,129.28602153298965,129.7552992881003,125.86029964916997,129.3798828125
2024-02-14 00:00:00+05:30,128.58210239101555,132.80560210458907,127.40890802613403,132.52403259277344
2024-02-15 00:00:00+05:30,132.80560210458907,134.6357824495602,132.33632435863646,132.52403259277344
2024-02-16 00:00:00+05:30,133.321818632224,134.63579067265613,132.8056102159038,133.55645751953125
2024-02-19 00:00:00+05:30,134.16652192094202,134.5419527586146,132.66484153391804,133.22796630859375
2024-02-20 00:00:00+05:30,133.22794921915667,133.50951873098805,131.44469951292507,132.3832550048828
2024-02-21 00:00:00+05:30,132.8525240584801,137.21680108204603,132.75866278693744,135.05812072753906
2024-02-22 00:00:00+05:30,136.09053231318023,137.1698652892455,134.68269922028526,136.9352264404297
2024-02-23 00:00:00+05:30,137.40451853141337,138.0615188338946,136.0905465688915,136.5128936767578
2024-02-26 00:00:00+05:30,136.888322464166,136.98216941941865,133.50951700822895,133.8849334716797
2024-02-27 00:00:00+05:30,133.88492737039775,135.62126065747606,133.27487206478614,135.33969116210938
2024-02-28 00:00:00+05:30,135.198936152927,136.04363045886947,131.4447137776772,132.10169982910156
2024-02-29 00:00:00+05:30,132.1486107449071,133.13409683553382,130.83462451699825,132.19554138183594
2024-03-01 00:00:00+05:30,134.2134315404417,141.39337512163473,134.2134315404417,140.73638916015625
2024-03-04 00:00:00+05:30,145.3822443139194,145.3822443139194,141.76881415479082,143.69285583496094
2024-03-05 00:00:00+05:30,143.78671000183348,144.53755731968653,141.48725172690095,142.51966857910156
2024-03-06 00:00:00+05:30,142.4727271558528,143.27049073471392,138.8123521287512,142.28501892089844
2024-03-07 00:00:00+05:30,143.03585996544538,149.37110992236174,142.8950823615579,147.58786010742188
2024-03-11 00:00:00+05:30,149.1364561555137,149.1364561555137,143.59898469636403,144.02133178710938
2024-03-12 00:00:00+05:30,144.72525646512963,145.05375662140824,141.62802042457596,143.1297149658203
2024-03-13 00:00:00+05:30,143.41129362507633,143.50514058912412,133.74416841242518,134.82350158691406
2024-03-14 00:00:00+05:30,134.7765825816387,135.10506843109684,129.84916594877632,133.69723510742188
2024-03-15 00:00:00+05:30,134.11956504187438,134.87041224912937,131.25698244111993,132.99330139160156
2024-03-18 00:00:00+05:30,133.79108869885854,141.01796314732255,133.4625885470655,140.5017547607422
2024-03-19 00:00:00+05:30,139.84477682674634,143.08279060714824,138.53080478639288,139.61013793945312
2024-03-20 00:00:00+05:30,140.40791310255383,141.3933849526812,135.01121880174583,136.7006072998047
2024-03-21 00:00:00+05:30,138.90620978811123,141.9095844327994,138.71850155804697,140.87718200683594
2024-03-22 00:00:00+05:30,139.844774191538,143.36435743461362,139.2347188245599,142.4727325439453
2024-03-26 00:00:00+05:30,141.86264859905117,143.97439833267313,141.25259329338147,143.0358428955078
2024-03-27 00:00:00+05:30,143.0827744692492,144.63139954345195,142.66042738400097,143.31741333007812
2024-03-28 00:00:00+05:30,143.31743654558858,147.3532284698348,143.31743654558858,146.27389526367188
2024-04-01 00:00:00+05:30,147.16550174482964,153.82923704273637,146.88393223731921,153.1253204345703
2024-04-02 00:00:00+05:30,152.93761586285498,155.33093525213192,151.85828276632833,154.5331573486328
2024-04-03 00:00:00+05:30,154.5331446563247,156.03483906149447,153.07839520776437,153.59458923339844
2024-04-04 00:00:00+05:30,155.37785764464343,155.75327409623506,151.10742748199527,153.35995483398438
2024-04-05 00:00:00+05:30,153.82922808323147,154.06386693895405,150.9197148650031,153.3130340576172
2024-04-08 00:00:00+05:30,156.69184969040677,156.69184969040677,154.1108218705488,155.04937744140625
2024-04-09 00:00:00+05:30,155.8002166748047,159.36673052317087,155.04936939285062,155.8002166748047
2024-04-10 00:00:00+05:30,157.0203344214069,158.80358410211556,154.39237621729404,154.90858459472656
2024-04-12 00:00:00+05:30,155.80020020277857,155.80020020277857,152.98453393405364,153.4538116455078
2024-04-15 00:00:00+05:30,151.85826906744555,154.5800740434652,148.85489460257782,150.96664428710938
2024-04-16 00:00:00+05:30,150.96666762509543,152.46834792906498,149.23033410979482,150.2158203125
2024-04-18 00:00:00+05:30,151.01358394614033,153.92311191198962,149.37111171537214,150.2158203125
2024-04-19 00:00:00+05:30,150.1688745942207,152.51526325975541,147.63477769968722,152.1398468017578
2024-04-22 00:00:00+05:30,153.73539275103772,154.58008696698252,151.5767122510206,151.90521240234375
2024-04-23 00:00:00+05:30,153.45382589886722,153.45382589886722,150.91972888588234,151.2482147216797
2024-04-24 00:00:00+05:30,152.46834082211518,156.64491000714344,151.52978530542475,155.37786865234375
2024-04-25 00:00:00+05:30,155.2370714736159,157.6773214628384,154.0638771174936,157.395751953125
2024-04-26 00:00:00+05:30,157.67732226479077,160.21141922265943,155.0962946681945,155.6125030517578
2024-04-29 00:00:00+05:30,157.86502876629712,159.1790150301514,156.64490377886818,157.1141815185547
2024-04-30 00:00:00+05:30,158.05273134685547,158.05273134685547,154.39237083666254,154.8616485595703
2024-05-02 00:00:00+05:30,154.86164969979347,158.5220102369371,154.86164969979347,157.0672607421875
2024-05-03 00:00:00+05:30,158.56894350674858,160.25834621395077,155.0024298629262,156.2694854736328
2024-05-06 00:00:00+05:30,157.6303809480024,158.28736688202335,154.58007581320157,157.30189514160156
2024-05-07 00:00:00+05:30,157.63039794814583,157.63039794814583,152.32756494730995,154.15774536132812
2024-05-08 00:00:00+05:30,154.11080411662664,156.83262355128622,153.45381815695703,155.84713745117188
2024-05-09 00:00:00+05:30,155.75328590443846,156.4572025454539,151.57671669865766,151.95213317871094
2024-05-10 00:00:00+05:30,153.17224921828685,154.25159659713955,151.9052079316596,152.28062438964844
2024-05-13 00:00:00+05:30,152.46834700464285,154.39238875612145,148.33870829223812,153.78233337402344
2024-05-14 00:00:00+05:30,154.01696419618196,156.31642232063896,153.4538251643384,154.81472778320312
2024-05-15 00:00:00+05:30,154.8147349877422,157.25498514433107,154.8147349877422,155.4248046875
2024-05-16 00:00:00+05:30,156.9734002000658,157.67731679289122,152.32755355166208,155.7063446044922
2024-05-17 00:00:00+05:30,156.36334415264298,158.09966314745432,155.28399678927627,157.0672607421875
2024-05-21 00:00:00+05:30,158.1466057137796,164.4349248571457,157.6303973115973,163.6371612548828
2024-05-22 00:00:00+05:30,164.6695455284369,164.71647616366755,160.96225448472356,162.6516571044922
2024-05-23 00:00:00+05:30,162.4170185224567,164.99804593106742,160.02369933386473,164.7164764404297
2024-05-24 00:00:00+05:30,164.20029227572033,166.6405424589897,163.4494449638512,164.1064453125
2024-05-27 00:00:00+05:30,166.78129550307443,166.78129550307443,164.1064211450639,164.7164764404297
2024-05-28 00:00:00+05:30,165.09190632784006,166.59360085274736,162.79244822256734,164.15335083007812
2024-05-29 00:00:00+05:30,164.01256691537253,165.18576124237805,162.83937258836698,163.5432891845703
2024-05-30 00:00:00+05:30,161.4315553814586,161.4315553814586,153.313055563147,154.0638885498047
2024-05-31 00:00:00+05:30,155.84713485979879,157.6303844808536,153.92309332894308,156.9264678955078
2024-06-03 00:00:00+05:30,162.60473372296588,164.2472057807736,158.47509542039435,163.5432891845703
2024-06-04 00:00:00+05:30,163.77793642417495,163.91871402212587,139.04699301788153,149.1833953857422
2024-06-05 00:00:00+05:30,152.1867550577945,159.1790043677319,149.23031122429148,158.80357360839844
2024-06-06 00:00:00+05:30,159.5544433672781,163.96565158436454,158.99130430925808,161.47848510742188
2024-06-07 00:00:00+05:30,161.4315501275546,168.6114941576465,160.30528636300187,167.90757751464844
2024-06-10 00:00:00+05:30,169.1370863687229,170.91095562178475,166.46219756941727,169.212158203125
2024-06-11 00:00:00+05:30,169.40926019066714,172.45956542955724,169.40926019066714,170.18826293945312
2024-06-12 00:00:00+05:30,171.05174936414733,172.5722047757045,170.34783270009734,171.03297424316406
2024-06-13 00:00:00+05:30,172.13106503130552,172.7880653079752,169.41864033427535,171.34268188476562
2024-06-14 00:00:00+05:30,171.70873035796066,172.22493876072468,170.253966430615,171.8964385986328
2024-06-18 00:00:00+05:30,172.50650131241707,173.2573485659894,169.50312661934797,169.9911651611328
2024-06-19 00:00:00+05:30,171.23945381879082,171.27700405992593,168.29239002340327,168.95877075195312
2024-06-20 00:00:00+05:30,170.4416841551151,171.70872548460727,168.34869508342138,171.07989501953125
2024-06-21 00:00:00+05:30,171.7692612390028,173.20545912431137,170.60115245683764,172.2863006591797
2024-06-24 00:00:00+05:30,169.89263217981113,171.33839941275582,167.65216705545657,170.39051818847656
2024-06-25 00:00:00+05:30,170.41926148471478,171.38629622063544,167.79580118808022,168.20750427246094
2024-06-26 00:00:00+05:30,168.20748646059263,168.513882350278,164.530823442929,165.22019958496094
2024-06-27 00:00:00+05:30,165.22020124495944,167.50854260865793,164.49253291428585,166.7521514892578
2024-06-28 00:00:00+05:30,166.76173372478144,169.56711472112474,166.18726329624906,166.60853576660156
2024-07-01 00:00:00+05:30,167.0776881572447,168.50431665661114,166.12979228870128,166.66598510742188
2024-07-02 00:00:00+05:30,167.04896708373604,168.27452146244843,166.21597697267265,167.11598205566406
2024-07-03 00:00:00+05:30,167.11598556691845,169.35646545267204,166.98194101048543,168.86814880371094
2024-07-04 00:00:00+05:30,169.471356467363,170.61074250094825,168.34155443693248,168.7915496826172
2024-07-05 00:00:00+05:30,168.7053767114824,168.7053767114824,166.02447104847684,167.2787628173828
2024-07-08 00:00:00+05:30,167.1734289266929,168.0064189713982,164.77018193648235,164.9521026611328
2024-07-09 00:00:00+05:30,166.21596346390575,166.31170121741644,164.21485010573164,164.49252319335938
2024-07-10 00:00:00+05:30,165.16276935310563,165.53618024725262,159.9158634377228,160.83502197265625
2024-07-11 00:00:00+05:30,162.76909536932962,163.67868445091202,161.49566481121008,161.7350311279297
2024-07-12 00:00:00+05:30,162.96058356043804,163.14250429654055,160.86373231337913,161.5148162841797
2024-07-15 00:00:00+05:30,161.51481617364936,161.80205867204833,158.74774217160137,159.66690063476562
2024-07-16 00:00:00+05:30,160.66267541558173,162.59675935397343,159.6094577734475,159.96372985839844
2024-07-18 00:00:00+05:30,160.48075185594854,160.48075185594854,157.44558875302025,159.28392028808594
2024-07-19 00:00:00+05:30,158.9392305226065,159.02539888823415,150.5135334524681,151.05929565429688
2024-07-22 00:00:00+05:30,151.66249305680057,153.86466610167957,149.75714651808016,153.50083923339844
2024-07-23 00:00:00+05:30,154.72638936891312,155.08064683428645,148.40711291074504,153.21359252929688
2024-07-24 00:00:00+05:30,153.21359821093546,155.12852877111797,152.41890027528842,153.4912567138672
2024-07-25 00:00:00+05:30,151.75825217012866,151.75825217012866,150.22630182482223,150.69546508789062
2024-07-26 00:00:00+05:30,151.99760039001671,156.018951305155,151.480575610685,155.63597106933594
2024-07-29 00:00:00+05:30,157.69451536236318,157.69451536236318,155.4253275157265,155.94235229492188
2024-07-30 00:00:00+05:30,155.97107670142609,158.26900196887053,154.4487105254659,157.09132385253906
2024-07-31 00:00:00+05:30,159.21688793885622,159.41796206705504,156.59344253796917,158.2977294921875
2024-08-01 00:00:00+05:30,161.04565368510555,161.76375262954843,154.05615437057605,156.12428283691406
2024-08-02 00:00:00+05:30,154.1519103961325,154.3338311372673,148.13902959418223,151.4901580810547
2024-08-05 00:00:00+05:30,147.12412738179393,147.44966209045603,142.66233539920745,143.4474639892578
2024-08-06 00:00:00+05:30,144.7783367837013,147.25816844448048,143.24638643501106,143.9261932373047
2024-08-07 00:00:00+05:30,147.16241483742957,147.73689986582087,145.43897436201678,147.31561279296875
2024-08-08 00:00:00+05:30,146.8751653605634,146.9134721525128,143.61978931336463,143.88787841796875
2024-08-09 00:00:00+05:30,146.4921844563585,146.4921844563585,144.8166202550603,145.35279846191406
2024-08-12 00:00:00+05:30,144.57725226192537,146.87516301026378,143.5048958606688,145.5921630859375
2024-08-13 00:00:00+05:30,145.63047903238453,146.44431577744308,142.18359808342728,142.5474395751953
2024-08-14 00:00:00+05:30,143.52403914556635,143.52403914556635,136.29518799367844,139.95269775390625
2024-08-16 00:00:00+05:30,141.7048659227837,143.61979654336187,140.23037577323345,143.16021728515625
2024-08-19 00:00:00+05:30,144.4336440738492,147.7368963848656,143.99320361449196,147.41136169433594
2024-08-20 00:00:00+05:30,149.07733166396417,149.07733166396417,146.30068837299874,147.3826141357422
2024-08-21 00:00:00+05:30,146.49217881589504,147.62198076401268,145.31450068477454,145.45811462402344
2024-08-22 00:00:00+05:30,146.0230214105015,147.78476859071984,146.0230214105015,147.5836944580078
2024-08-23 00:00:00+05:30,147.44965366407368,147.8230645402611,146.06133192490307,147.64114379882812
2024-08-26 00:00:00+05:30,148.03371311350293,149.74756960110676,147.16241616946866,149.0773468017578
2024-08-27 00:00:00+05:30,149.17309067853427,149.84331343969902,148.02413528657172,148.119873046875
2024-08-28 00:00:00+05:30,148.11987985639436,148.40712237003052,146.5400679460372,147.16241455078125
2024-08-29 00:00:00+05:30,146.6932521114545,147.02835617106115,144.76873767783806,146.4634552001953
2024-08-30 00:00:00+05:30,146.49218706221254,148.64648393077448,145.9847316352877,146.26239013671875
2024-09-02 00:00:00+05:30,147.35390819306303,147.35390819306303,145.66877447463654,146.37730407714844
2024-09-03 00:00:00+05:30,146.33899814459508,146.92305258273504,145.5443001641908,145.6783447265625
2024-09-04 00:00:00+05:30,143.14105342171146,145.70705325297433,142.81551874635903,144.7495880126953
2024-09-05 00:00:00+05:30,144.57725591620016,146.2911123229386,144.57725591620016,145.26663208007812
2024-09-06 00:00:00+05:30,145.47727901203777,146.3964375122058,143.28467530875676,144.78790283203125
2024-09-09 00:00:00+05:30,144.481503529731,144.481503529731,141.7527362736201,143.11233520507812
2024-09-10 00:00:00+05:30,144.09851732810043,145.1421509240014,142.48039874944587,143.064453125
2024-09-11 00:00:00+05:30,143.52404086279952,143.81128337122274,141.34102117440037,141.8676300048828
2024-09-12 00:00:00+05:30,145.53471756509396,145.95600461139665,142.42295551189292,145.28578186035156
2024-09-13 00:00:00+05:30,146.28152752940275,148.79008160011858,146.0134384505366,146.96133422851562
2024-09-16 00:00:00+05:30,148.40711745645567,149.03904804358055,146.97091954558672,147.65072631835938
2024-09-17 00:00:00+05:30,147.44964140549396,147.67943831395104,145.79323069342468,146.31983947753906
2024-09-18 00:00:00+05:30,145.91770069332145,146.47303230076827,143.2463790294976,144.19427490234375
2024-09-19 00:00:00+05:30,145.4294010626895,145.71664356917074,141.50378756355425,143.17935180664062
2024-09-20 00:00:00+05:30,144.57726008887275,146.81772538125833,144.2421413904577,145.5538787841797
2024-09-23 00:00:00+05:30,147.81348959751986,147.82305899048202,146.30069275316202,147.44007873535156
2024-09-24 00:00:00+05:30,148.5507215316357,154.63063146084204,148.2634936563583,153.70188903808594
2024-09-25 00:00:00+05:30,154.6306460397091,155.77003208493187,152.73486883534235,154.78384399414062
2024-09-26 00:00:00+05:30,155.10937615315066,158.8434849203407,153.65402482937571,158.56582641601562
2024-09-27 00:00:00+05:30,159.89669199903508,161.82119183483928,158.83390501872296,159.46583557128906
2024-09-30 00:00:00+05:30,160.37542640642263,162.9414262162406,160.1456294911625,161.38076782226562
2024-10-01 00:00:00+05:30,162.2807859160864,162.2807859160864,158.07751417123993,159.9254150390625
2024-10-03 00:00:00+05:30,158.46050369539955,162.7595280581904,157.5221918125888,159.87754821777344
2024-10-04 00:00:00+05:30,159.89669969092603,161.90738259681194,157.024303888095,159.65733337402344
2024-10-07 00:00:00+05:30,159.99244806433083,160.80628475561033,155.42533476120158,157.36898803710938
2024-10-08 00:00:00+05:30,156.0668383152851,156.63173931572797,150.03480421918394,152.73486328125
2024-10-09 00:00:00+05:30,152.7348740754111,155.3008741562495,151.38484444896807,152.29443359375
2024-10-10 00:00:00+05:30,151.56676209160358,154.324252260621,149.93907398014832,152.92636108398438
2024-10-11 00:00:00+05:30,152.52421691767853,156.81365713768548,152.42846454898114,153.8263702392578
2024-10-14 00:00:00+05:30,154.99448097060719,156.43067886066913,151.3178032686307,151.58590698242188
2024-10-15 00:00:00+05:30,152.71570061988155,152.7444234073302,148.45498336779914,149.01031494140625
2024-10-16 00:00:00+05:30,148.58904092772988,149.89119430858034,147.46880828982898,148.6369171142578
2024-10-17 00:00:00+05:30,149.0294560654913,149.65181722608608,145.63046621280222,145.91769409179688
2024-10-18 00:00:00+05:30,145.9177063216584,149.55607739472043,144.67301311566652,148.78053283691406
2024-10-21 00:00:00+05:30,149.46033162392519,151.2124801778258,148.0145497437117,148.4358367919922
2024-10-22 00:00:00+05:30,148.31135748461637,148.31135748461637,143.71553609316737,143.99319458007812
2024-10-23 00:00:00+05:30,143.90702665194343,145.48683843381778,141.7527298895184,142.45167541503906
2024-10-24 00:00:00+05:30,143.1314898604578,143.45702454907357,141.71443072808205,142.64317321777344
2024-10-25 00:00:00+05:30,142.66232412927562,143.1410567605819,138.28670086645107,139.6558837890625
2024-10-28 00:00:00+05:30,139.7899314876512,143.3612729068424,138.5739464860324,143.0261688232422
2024-10-29 00:00:00+05:30,143.4761713170648,144.05064169224244,140.31653311942756,143.67723083496094
2024-10-30 00:00:00+05:30,141.8006158267189,144.52938314763492,141.8006158267189,142.63360595703125
2024-10-31 00:00:00+05:30,142.7389138269655,143.57190387617973,141.8963397755013,142.24102783203125
2024-11-01 00:00:00+05:30,143.2942485065543,143.8591494807019,142.66231795424014,143.3804168701172
2024-11-04 00:00:00+05:30,143.61979603375312,143.61979603375312,138.92822187388833,140.69952392578125
2024-11-05 00:00:00+05:30,140.74739313561867,146.06132824738492,140.69951695069528,145.8123779296875
2024-11-06 00:00:00+05:30,147.4496416240549,148.35923064718642,143.22721656211465,147.08580017089844
2024-11-07 00:00:00+05:30,149.46989724917992,150.24544174589212,143.81127424832144,144.5293731689453
2024-11-08 00:00:00+05:30,145.53471583725118,145.53471583725118,140.68994408180956,141.29315185546875
2024-11-11 00:00:00+05:30,141.29314898277426,141.4080401336077,137.97074351341604,138.84202575683594
2024-11-12 00:00:00+05:30,139.45481000440753,140.8718691156459,137.492017898951,138.0377655029297
2024-11-13 00:00:00+05:30,137.49202133184406,137.49202133184406,132.70469488727792,133.2504425048828
2024-11-14 00:00:00+05:30,133.76747889794598,134.7440829513831,131.65147422931113,132.11105346679688
2024-11-18 00:00:00+05:30,133.5568329184097,137.15689699718155,132.1302044370754,135.20367431640625
2024-11-19 00:00:00+05:30,135.96006193234294,136.42922515204557,133.14511183364692,133.52810668945312
2024-11-21 00:00:00+05:30,133.56640690887318,135.57708984602934,131.41211002324619,134.2557830810547
2024-11-22 00:00:00+05:30,134.1887555149593,137.09945819896518,133.71002286651526,136.70689392089844
2024-11-25 00:00:00+05:30,138.7750212620927,139.9335460797896,136.76433831220302,137.5590362548828
2024-11-26 00:00:00+05:30,138.08564588350688,139.5984428013521,137.472868679675,138.32501220703125
2024-11-27 00:00:00+05:30,138.17180277308236,138.73670374332016,136.82177331423495,138.3824462890625
2024-11-28 00:00:00+05:30,137.87499370823693,139.07182525084315,137.00369683887718,137.2909393310547
2024-11-29 00:00:00+05:30,137.77923640632747,139.30161717741578,136.96539975235902,138.3920135498047
2024-12-02 00:00:00+05:30,137.98032205176875,140.5846287815188,137.05157956161287,140.1824951171875
2024-12-03 00:00:00+05:30,140.50801992368523,141.89634155975267,140.11545568024775,140.30694580078125
2024-12-04 00:00:00+05:30,140.74739575323386,140.79527193904764,137.8749999215352,139.6463165283203
2024-12-05 00:00:00+05:30,140.26866039728668,141.5899671293947,138.64097237947502,140.81442260742188
2024-12-06 00:00:00+05:30,141.22613749703783,142.35593958432852,140.3644245358758,141.98252868652344
2024-12-09 00:00:00+05:30,141.9825172020591,144.26128919959288,140.39313597135887,143.50489807128906
2024-12-10 00:00:00+05:30,143.80171807116724,146.01346061238982,142.95914391841148,143.9261932373047
2024-12-11 00:00:00+05:30,144.1846908994371,145.64004219447833,143.67723547724202,144.19427490234375
2024-12-12 00:00:00+05:30,144.4527760312419,145.18045896362426,142.3750782143673,144.36660766601562
2024-12-13 00:00:00+05:30,143.61978231613364,143.66765849885763,139.35906502937362,142.61444091796875
2024-12-16 00:00:00+05:30,142.60487799324102,143.42829870025722,140.84314542326788,141.5037841796875
2024-12-17 00:00:00+05:30,141.50378810321808,142.18359488415763,139.14843168256274,139.48353576660156
2024-12-18 00:00:00+05:30,139.78993509363937,140.6516480277094,137.20478168166815,138.31544494628906
2024-12-19 00:00:00+05:30,135.5292159098812,137.6835128312718,135.09835944755528,137.16647338867188
2024-12-20 00:00:00+05:30,136.81220203298884,138.25796922747668,134.04512818554898,134.69619750976562
2024-12-23 00:00:00+05:30,136.39091848123633,137.68350237985638,134.62918597226198,135.68240356445312
2024-12-24 00:00:00+05:30,135.19407991159585,135.48132238631018,133.32702574059147,134.40896606445312
2024-12-26 00:00:00+05:30,134.9547172467949,135.14620736516756,133.5759650188964,134.3898162841797
2024-12-27 00:00:00+05:30,134.71536710834124,135.72070861260912,132.71426810321762,133.0015106201172
2024-12-30 00:00:00+05:30,133.00151481309618,133.3270495246232,130.30145552278444,131.057861328125
2024-12-31 00:00:00+05:30,131.04826869538877,132.78127852119832,130.75145679502504,132.17808532714844
2025-01-01 00:00:00+05:30,132.2259662833139,132.56107037881694,130.77061490896088,130.92381286621094
2025-01-02 00:00:00+05:30,131.17273407301693,132.5610557087721,130.59824910178597,132.3025360107422
2025-01-03 00:00:00+05:30,132.30253270223997,133.7866066660078,131.97699804457096,132.47488403320312
2025-01-06 00:00:00+05:30,132.4748895962608,132.50361238433428,125.76306360416112,126.55774688720703
2025-01-07 00:00:00+05:30,127.13224105173092,128.18545872303827,126.39498868181578,127.70672607421875
2025-01-08 00:00:00+05:30,128.23331559382538,128.5301420973989,126.1652017302452,126.9981918334961
2025-01-09 00:00:00+05:30,126.38541779701265,126.76839806764471,124.18324471647617,124.40345764160156
2025-01-10 00:00:00+05:30,124.40345972299295,124.84390019037357,121.31085088710218,122.00980377197266
2025-01-13 00:00:00+05:30,120.6406203908586,121.11935301145725,117.40439050536858,117.70120239257812
2025-01-14 00:00:00+05:30,117.71078251633102,122.21086635898129,117.71078251633102,121.53106689453125
2025-01-15 00:00:00+05:30,122.55555402802851,122.85236592287846,120.42997996907405,121.14807891845703
2025-01-16 00:00:00+05:30,122.55555507800953,123.00556492559245,121.17680274582023,122.3736343383789
2025-01-17 00:00:00+05:30,122.45981399969992,125.58115294011135,122.21087097497396,124.73857879638672
2025-01-20 00:00:00+05:30,125.41838312893918,126.48117018126658,123.42685357999412,126.05988311767578
2025-01-21 00:00:00+05:30,126.44286142309578,126.76839610907963,123.752386347607,124.18324279785156
2025-01-22 00:00:00+05:30,124.7098548527199,124.8056072262617,121.7129911048261,123.4364242553711
2025-01-23 00:00:00+05:30,122.41193586164648,125.18858666353462,122.26831460717494,124.82474517822266
2025-01-24 00:00:00+05:30,124.94921833698494,127.53437165648766,123.80983232263387,124.22154998779297
2025-01-27 00:00:00+05:30,123.53217272178101,123.94387577351505,120.39168051290343,120.99488830566406
2025-01-28 00:00:00+05:30,120.9948880126621,124.93964752916087,119.4342149575899,123.14917755126953
2025-01-29 00:00:00+05:30,123.51301744996476,125.75348263224956,123.08216100871927,125.23645782470703
2025-01-30 00:00:00+05:30,125.23645776701343,126.52902709015444,124.56623501318917,125.54283905029297
2025-01-31 00:00:00+05:30,125.54283831553602,129.25780814322,124.40345233582303,128.8939666748047
2025-02-01 00:00:00+05:30,129.25780886912372,129.73654149456493,124.70984892743233,127.31415557861328
2025-02-03 00:00:00+05:30,125.7056113159095,126.8737201368187,122.37363620221089,126.21308135986328
2025-02-04 00:00:00+05:30,127.1513866031904,128.6258766422838,126.26093633425106,127.74501037597656
2025-02-05 00:00:00+05:30,127.48650268955087,129.63123028563984,127.41948771360889,128.68333435058594
2025-02-06 00:00:00+05:30,128.77907358400006,129.13333104438675,126.4045639015855,126.90243530273438
2025-02-07 00:00:00+05:30,127.6301215391534,132.84830426209064,126.92159199024184,132.42701721191406
2025-02-10 00:00:00+05:30,132.22595957234125,132.22595957234125,127.34288085359974,128.33863830566406
2025-02-11 00:00:00+05:30,127.3428796833171,128.62587962641553,124.18324140080149,124.5758056640625
2025-02-12 00:00:00+05:30,123.84813721898777,127.6205380710088,122.85236516716951,126.65350341796875
2025-02-13 00:00:00+05:30,126.65351235974546,131.8334032881424,126.25137867534517,130.45465087890625
2025-02-14 00:00:00+05:30,130.45463789680852,133.32703359361898,127.65884117175086,128.75035095214844
2025-02-17 00:00:00+05:30,127.2567108097113,129.06631956098687,125.16942895244972,128.5780029296875
2025-02-18 00:00:00+05:30,128.57800124261013,129.1620556260865,126.14604595012052,128.81736755371094
2025-02-19 00:00:00+05:30,128.77907270932423,131.05784461900643,127.3715976603746,129.9854736328125
2025-02-20 00:00:00+05:30,129.51633446121855,132.47489871450335,129.25781474100347,132.1685028076172
2025-02-21 00:00:00+05:30,132.04404451970584,135.57709385414466,131.31636153324553,134.77281188964844
2025-02-24 00:00:00+05:30,132.9057529509142,134.6770695597755,130.84720844635495,131.7950897216797
2025-02-25 00:00:00+05:30,132.59937559376687,133.4227963419775,130.8855045131865,131.23977661132812
2025-02-27 00:00:00+05:30,131.37380340663796,133.07809025346435,130.10037296764807,132.7908477783203
2025-02-28 00:00:00+05:30,131.93872760523516,131.93872760523516,128.35780195155925,131.36424255371094
2025-03-03 00:00:00+05:30,131.17275201281223,133.13555888824095,128.59716790215208,132.6759796142578
2025-03-04 00:00:00+05:30,130.3588914408109,134.94515829281517,130.03335675342007,133.4132080078125
2025-03-05 00:00:00+05:30,133.08767192247157,140.25909202154875,133.08767192247157,139.88568115234375
2025-03-06 00:00:00+05:30,140.54631968054383,145.72621026535774,139.9814186811011,144.04107666015625
2025-03-07 00:00:00+05:30,143.3708546453163,145.96557734294433,142.92084480008745,145.11343383789062
2025-03-10 00:00:00+05:30,145.11343937543094,147.67945399144855,144.0123601179238,144.62513732910156
2025-03-11 00:00:00+05:30,141.80061348279318,145.24747971693674,141.70486111111111,144.337890625
2025-03-12 00:00:00+05:30,144.57725094291294,145.80280527881376,141.41761273545356,143.9070281982422
2025-03-13 00:00:00+05:30,145.53472830699454,147.02837186521504,143.63895106846553,144.46237182617188
2025-03-17 00:00:00+05:30,145.52514980540872,146.14749637912962,144.48150157089648,145.35279846191406
2025-03-18 00:00:00+05:30,145.35279846191406,145.35279846191406,145.35279846191406,145.35279846191406
2025-03-19 00:00:00+05:30,150.1305634274742,152.42847432600115,149.843320912718,151.85400390625
2025-03-20 00:00:00+05:30,153.19445698367383,153.29020936319338,149.9869421966734,152.27528381347656
2025-03-21 00:00:00+05:30,152.2656978580057,152.95507400823206,150.14970783253443,150.5901336669922
2025-03-24 00:00:00+05:30,151.27950697987026,152.2369722139201,150.42736350595635,151.681640625
2025-03-25 00:00:00+05:30,152.23698799498456,152.23698799498456,149.41246818369657,150.06353759765625
2025-03-26 00:00:00+05:30,149.5560738387384,150.83907380780764,148.41668781778858,149.1826629638672
2025-03-27 00:00:00+05:30,148.2156260881754,149.4603338558387,147.6411410847122,148.8092498779297
2025-03-28 00:00:00+05:30,148.77095314475795,150.23587378804137,146.84643866885847,147.679443359375
2025-04-01 00:00:00+05:30,145.60174412203705,148.73264489614846,145.60174412203705,146.60707092285156
2025-04-02 00:00:00+05:30,147.44965240855873,149.6039492781643,145.7932415728839,148.1103057861328
2025-04-03 00:00:00+05:30,146.49217641870388,149.33584924737713,146.1091961804673,147.08580017089844
2025-04-04 00:00:00+05:30,146.12834473777897,146.48261682208707,134.04513771331628,134.41854858398438
2025-04-07 00:00:00+05:30,122.55555075002937,124.80559990848474,119.99912031177419,123.97259521484375
2025-04-08 00:00:00+05:30,129.1524944378805,130.40677165016805,122.57471246608434,124.73857879638672
2025-04-09 00:00:00+05:30,124.47048324757613,124.47048324757613,119.97039946750046,121.77043151855469
2025-04-11 00:00:00+05:30,128.941841924181,128.9705647125571,124.93964423967024,127.74501037597656
2025-04-15 00:00:00+05:30,129.83230454165573,131.17275015923235,129.10462154089,130.60784912109375
2025-04-16 00:00:00+05:30,130.60783426512873,131.74722021535035,128.89396333856956,131.14401245117188
2025-04-17 00:00:00+05:30,128.6833180263989,132.09190643682822,128.01309530319298,131.30677795410156
2025-04-21 00:00:00+05:30,131.79508906581256,134.3323808066835,131.2206186675147,133.260009765625
2025-04-22 00:00:00+05:30,135.96006451631428,136.76433181415285,131.84296104914992,132.2834014892578
2025-04-23 00:00:00+05:30,133.46107472782782,135.48132690063045,131.47912934480175,135.15579223632812
2025-04-24 00:00:00+05:30,134.71535975191557,135.8451763607548,134.31322609412004,135.50048828125
2025-04-25 00:00:00+05:30,135.96005549209787,137.34837708045265,132.1493481683336,132.9440460205078
2025-04-28 00:00:00+05:30,132.64723372335874,136.53455503999055,132.49405038167612,136.027099609375
2025-04-29 00:00:00+05:30,136.02710072882473,137.20477894449593,134.9260068797447,135.48133850097656
2025-04-30 00:00:00+05:30,135.43345734283497,135.53877910523266,132.1302051363776,134.12173461914062
2025-05-02 00:00:00+05:30,134.0451440034791,137.01329232174635,133.51853515865602,135.38558959960938
2025-05-05 00:00:00+05:30,135.54836484352708,136.63029066045345,135.19409276014787,136.0366668701172
2025-05-06 00:00:00+05:30,136.03667639362217,139.21545370509273,135.51963693184993,138.29629516601562
2025-05-07 00:00:00+05:30,136.15156122934144,140.69952135394513,136.15156122934144,139.78993225097656
2025-05-08 00:00:00+05:30,139.78993213040928,140.42186272720443,136.77392231533562,137.5590362548828
2025-05-09 00:00:00+05:30,134.99303746776363,137.17605717588756,134.53344360622944,136.70689392089844
2025-05-12 00:00:00+05:30,139.4165059444386,145.48683170107768,138.3537190064348,145.18045043945312
2025-05-13 00:00:00+05:30,145.53471300649727,146.48260883098732,142.6718867477112,143.0740203857422
2025-05-14 00:00:00+05:30,144.57724576642528,150.4656509255911,144.57724576642528,148.70391845703125
2025-05-15 00:00:00+05:30,148.88584894041847,151.12631415768095,147.73689354257314,150.65716552734375
2025-05-16 00:00:00+05:30,150.65717318899246,151.42313375333512,150.32205448477157,150.84866333007812
2025-05-19 00:00:00+05:30,151.2795161733279,151.41356072985053,149.48906075196962,150.86781311035156
2025-05-20 00:00:00+05:30,151.6146203674169,155.20511486986828,151.2795017032843,151.94015502929688
2025-05-21 00:00:00+05:30,152.66782776703747,154.96575308136366,151.78696150996174,154.76467895507812
2025-05-22 00:00:00+05:30,154.13275353650968,156.6413224535258,153.53912975015402,154.4295654296875
2025-05-23 00:00:00+05:30,154.72639370833107,156.57429466952186,154.630641337283,156.03811645507812
2025-05-26 00:00:00+05:30,156.16258710604288,158.50837403137618,155.1572456781114,155.59767150878906
2025-05-27 00:00:00+05:30,155.59768073375614,156.92855691713783,153.78807190009675,154.78384399414062
2025-05-28 00:00:00+05:30,155.49236253792478,155.77003566293013,153.8167982234654,154.3817138671875
2025-05-29 00:00:00+05:30,155.2912964778573,156.97643011523544,154.63064309549128,156.18173217773438
2025-05-30 00:00:00+05:30,156.17214979263815,156.91897148194354,153.68273442178048,154.17105102539062
2025-06-02 00:00:00+05:30,152.23699162752587,153.3093481512878,150.60930344402672,152.27528381347656
2025-06-03 00:00:00+05:30,152.27526955552628,153.81678921897827,150.48481418229866,150.65716552734375
2025-06-04 00:00:00+05:30,150.80077391717384,152.21781836864687,150.14012057007034,151.45184326171875
2025-06-05 00:00:00+05:30,152.10293698314624,152.3231499097348,150.36992714091605,151.25079345703125
2025-06-06 00:00:00+05:30,152.55391497441923,154.68987355895635,151.13321673748325,154.30775451660156
2025-06-09 00:00:00+05:30,154.50370854827648,155.00339807472366,153.6512926059639,154.1411895751953
2025-06-10 00:00:00+05:30,154.80743070129662,156.08116571614772,152.35794603830144,152.5343017578125
2025-06-11 00:00:00+05:30,153.2887579330468,154.34693717546995,152.17179344667835,153.24957275390625
2025-06-12 00:00:00+05:30,152.84784934308564,153.10259037648876,148.78171061318454,149.80068969726562
2025-06-13 00:00:00+05:30,146.77312403171527,149.41856447828644,146.77312403171527,149.05604553222656
2025-06-16 00:00:00+05:30,148.93846640213576,151.37815861242703,147.7921093251464,151.05482482910156
2025-06-17 00:00:00+05:30,150.70209803815087,151.7602772489202,149.27160731004182,149.5165557861328
2025-06-18 00:00:00+05:30,149.12463111144888,150.10442502801618,147.75292560844213,149.0364532470703
2025-06-19 00:00:00+05:30,148.92867698416805,149.3695812614616,147.4589860928769,147.94888305664062
2025-06-20 00:00:00+05:30,147.70392700702223,150.07502639609703,147.5863565258928,148.89927673339844
2025-06-23 00:00:00+05:30,147.45898055307632,150.2024064371807,147.43938048913083,149.3499755859375
2025-06-24 00:00:00+05:30,150.69230607959693,153.79825097470666,150.5355354661638,151.66229248046875
2025-06-25 00:00:00+05:30,152.7498608237262,153.72965470957556,152.3677418062637,153.22996520996094
2025-06-26 00:00:00+05:30,153.70027010597835,157.84480922363562,153.28875844651355,157.29611206054688
2025-06-27 00:00:00+05:30,157.74682459820806,160.00035365399057,157.4528834256331,158.18772888183594
2025-06-30 00:00:00+05:30,157.7370329296518,158.92257523340902,156.27713456626822,156.53187561035156
2025-07-01 00:00:00+05:30,156.77681298008653,157.19813212171806,154.54288413508942,156.8258056640625
2025-07-02 00:00:00+05:30,156.8258059465753,162.7927470840807,156.60045754044165,162.52821350097656
2025-07-03 00:00:00+05:30,162.64579505453744,165.36962102869037,161.87176441531565,162.5576171875
2025-07-04 00:00:00+05:30,162.55761312522574,163.12589539382557,158.7266153035522,159.71620178222656
2025-07-07 00:00:00+05:30,159.7064126190942,160.0493464791388,156.81602347896515,159.1185302734375
2025-07-08 00:00:00+05:30,159.167516736486,159.6084210032526,158.33470088825314,158.6972198486328
2025-07-09 00:00:00+05:30,158.67762048517898,158.67762048517898,154.3273331395368,155.7872314453125
2025-07-10 00:00:00+05:30,156.76702870753138,158.28571228822938,156.06157588231,157.4136962890625
2025-07-11 00:00:00+05:30,157.39409815300198,158.35429202947023,156.1007779245607,156.61026000976562
2025-07-14 00:00:00+05:30,156.61025305703114,157.8643880503442,156.08117093035503,157.19813537597656
2025-07-15 00:00:00+05:30,157.02176638780477,157.59985615615295,154.75844485133464,155.7872314453125
2025-07-16 00:00:00+05:30,155.787224418252,156.05177294773478,153.82763668972055,154.15097045898438
2025-07-17 00:00:00+05:30,154.31753751190692,157.45287496649962,153.94521104995056,156.66903686523438
2025-07-18 00:00:00+05:30,156.86500525657647,159.4614530433001,156.86500525657647,159.08912658691406
2025-07-21 00:00:00+05:30,159.21651614579585,162.25388335707254,159.20672358850962,159.72601318359375
2025-07-22 00:00:00+05:30,160.0003461911957,161.08791801366775,159.44185649430568,159.74559020996094
2025-07-23 00:00:00+05:30,159.95136074796844,160.82337675678392,158.60904783395793,159.48106384277344
2025-07-24 00:00:00+05:30,159.70639990852942,161.42103917135105,159.52023668220534,160.17669677734375
2025-07-25 00:00:00+05:30,160.19630187733304,160.28447973979533,157.79580982400492,158.16812133789062
2025-07-28 00:00:00+05:30,157.97217482791075,159.0107540258306,155.87541636688312,156.4534912109375
2025-07-29 00:00:00+05:30,155.00339590063598,159.16752008069668,155.00339590063598,158.42288208007812
2025-07-30 00:00:00+05:30,158.42288212915784,159.5006464764026,157.79581461516142,158.09954833984375
2025-07-31 00:00:00+05:30,157.74682428993594,158.85399622593465,153.39653680564152,154.7486572265625
2025-08-01 00:00:00+05:30,154.73884284196984,154.73884284196984,149.42836171891963,149.9182586669922
2025-08-04 00:00:00+05:30,150.39835854214874,156.68863337246128,150.39835854214874,156.33590698242188
2025-08-05 00:00:00+05:30,156.33591385416722,156.90419611590218,155.0817788456723,156.3946990966797
2025-08-06 00:00:00+05:30,156.39469532092863,156.57106599467667,154.61147822240403,155.4541015625
2025-08-07 00:00:00+05:30,153.97461017769194,156.76702885943823,153.10259417768006,156.44369506835938
2025-08-08 00:00:00+05:30,156.277121592409,156.71802584191784,153.83742948444055,154.75843811035156
2025-08-11 00:00:00+05:30,154.75845058288553,156.76703115971318,153.97461243699314,155.3169403076172
2025-08-12 00:00:00+05:30,155.31693617876937,158.38368097798784,155.29733611426408,156.92379760742188
2025-08-13 00:00:00+05:30,157.70762760542405,159.11851821725458,156.66903354672746,156.94337463378906
2025-08-14 00:00:00+05:30,156.78663117732714,157.35491345916554,151.7014982135466,152.16200256347656
2025-08-18 00:00:00+05:30,154.80743468913022,155.78722857956774,152.84784690825515,154.76824951171875
2025-08-19 00:00:00+05:30,155.29732790547314,156.23793659591405,153.59248119487864,156.0125732421875
2025-08-20 00:00:00+05:30,155.00338943303922,159.47124715126446,154.836826266843,158.64822387695312
2025-08-21 00:00:00+05:30,158.6482248201789,159.25569224762015,157.93297946685604,158.2465057373047
2025-08-22 00:00:00+05:30,157.99176932464727,158.02116194615854,154.90542446221374,155.34632873535156
2025-08-25 00:00:00+05:30,155.98319133210362,157.09036326188235,155.43450912103523,156.40451049804688
2025-08-26 00:00:00+05:30,155.9439992314392,155.9439992314392,151.51532665935787,151.89744567871094
2025-08-28 00:00:00+05:30,152.63229248106538,152.72047034391545,150.06523724830674,150.52574157714844
2025-08-29 00:00:00+05:30,151.3781510886852,151.96603338377983,149.95745298441892,151.35855102539062
2025-09-01 00:00:00+05:30,151.35856538616036,153.20058279845597,150.59432730030775,153.01441955566406
2025-09-02 00:00:00+05:30,153.01441621642076,155.85582758300345,152.35795607753843,155.18955993652344
2025-09-03 00:00:00+05:30,155.19935505065737,164.6053829115023,155.19935505065737,164.4584197998047
2025-09-04 00:00:00+05:30,165.58517370010776,165.8791148683674,163.25325936917514,163.43942260742188
2025-09-05 00:00:00+05:30,163.6255869010279,164.60538083456697,162.5870077235515,164.29183959960938
2025-09-08 00:00:00+05:30,166.56496310305295,169.01444785456843,165.05608707432555,165.4088134765625
2025-09-09 00:00:00+05:30,165.87911001307,166.29062165640096,164.59558239805637,165.7321319580078
2025-09-10 00:00:00+05:30,165.77132876392503,167.28020475923196,165.34021706513215,166.0064697265625
2025-09-11 00:00:00+05:30,165.92810745667194,167.44677608258885,165.05609145998108,165.9868927001953
2025-09-12 00:00:00+05:30,166.1730552808698,167.5447607925511,165.22265397975173,166.3494110107422
2025-09-15 00:00:00+05:30,166.33961343200357,166.76091762984797,165.2226489917924,165.81051635742188
2025-09-16 00:00:00+05:30,165.9672960709935,168.7891074222772,165.60477709478272,168.54415893554688
2025-09-17 00:00:00+05:30,169.0144559572989,169.40636755614264,165.92811100261414,167.89749145507812
2025-09-18 00:00:00+05:30,167.9954650825129,168.72050298472064,166.3787962117765,168.55393981933594
2025-09-19 00:00:00+05:30,168.62254283312726,169.1810176039512,167.152851925054,168.0150604248047
2025-09-22 00:00:00+05:30,167.34880505629351,168.73031807598298,167.0646564463308,167.9268798828125
2025-09-23 00:00:00+05:30,167.9856654323302,170.29797969308981,167.74071695110763,169.78848266601562
2025-09-24 00:00:00+05:30,169.66111582354708,170.91525082329014,168.8968777752808,169.1712188720703
2025-09-25 00:00:00+05:30,169.40636317875388,170.3371793652769,168.3873840778086,168.89688110351562
2025-09-26 00:00:00+05:30,168.74010016487503,169.86685712635648,163.8215307898951,164.01748657226562
2025-09-29 00:00:00+05:30,164.21346161741062,166.83930206116054,164.1742614896264,165.56556701660156
2025-09-30 00:00:00+05:30,166.07506285197854,166.71192289452748,165.00709110965636,165.3598175048828
2025-10-01 00:00:00+05:30,165.5851729856298,166.3102258708126,162.7731692107931,164.12527465820312
2025-10-03 00:00:00+05:30,164.72295104958138,171.2091970451847,164.72295104958138,169.71011352539062
2025-10-06 00:00:00+05:30,169.79828640770359,169.9746421340475,165.879110795064,166.62374877929688
2025-10-07 00:00:00+05:30,166.95687791202062,168.72050995731377,166.95687791202062,167.966064453125
2025-10-08 00:00:00+05:30,168.52454451707717,170.12161329868525,166.62374202986783,168.46575927734375
2025-10-09 00:00:00+05:30,169.29858318947913,174.22696031292153,169.28879063254445,172.85523986816406
2025-10-10 00:00:00+05:30,172.44372797158246,172.58089852081383,169.40636087371374,170.3469696044922
2025-10-13 00:00:00+05:30,169.50434456167864,170.2881826711327,167.45657890046212,169.5337371826172
2025-10-14 00:00:00+05:30,171.3757535932804,172.88462961188387,165.83011656494588,167.0646514892578
2025-10-15 00:00:00+05:30,167.37819504744152,170.48413994081272,166.67274223785583,169.739501953125
2025-10-16 00:00:00+05:30,169.5043521749562,170.96425053250476,168.74011409529163,170.48414611816406
2025-10-17 00:00:00+05:30,170.09223271611626,170.7878780361492,167.5349699534617,168.7401123046875
2025-10-20 00:00:00+05:30,169.79828314395053,169.79828314395053,167.36839849695085,168.47555541992188
2025-10-21 00:00:00+05:30,168.91646137785548,169.74929216810278,168.62253516997373,169.28878784179688
2025-10-23 00:00:00+05:30,170.38615892617537,172.52211747382847,170.1314178858275,170.6409149169922
2025-10-24 00:00:00+05:30,171.07202329984003,173.76645656232023,170.2097998716964,170.91525268554688
2025-10-27 00:00:00+05:30,172.3359475811792,174.30532792781943,171.98322118098574,173.09039306640625
2025-10-28 00:00:00+05:30,173.76644971125117,178.3812704902341,173.44311593844535,178.13632202148438
2025-10-29 00:00:00+05:30,179.95873770095284,183.16266783116117,178.37147642106427,181.44802856445312
2025-10-30 00:00:00+05:30,180.67399299444838,181.44803856405343,178.94956107620848,180.62501525878906
2025-10-31 00:00:00+05:30,180.28207229114344,180.57601344258129,178.44005502923633,179.1455078125
2025-11-03 00:00:00+05:30,178.71440957861506,180.38007124540465,178.1265421819268,178.9789581298828
2025-11-04 00:00:00+05:30,179.30227816307968,179.3904560232443,175.2851173169437,175.667236328125
2025-11-06 00:00:00+05:30,175.66723744027053,177.01935777322672,172.9532191682353,173.6880645751953
2025-11-07 00:00:00+05:30,173.42352088090925,178.56743887313962,171.47372563120948,177.70521545410156
2025-11-10 00:00:00+05:30,178.35187790269174,178.82217477664634,176.55885331705906,177.81298828125
2025-11-11 00:00:00+05:30,179.20429897242093,179.20429897242093,175.40270879310737,177.3818817138672
2025-11-12 00:00:00+05:30,177.7738103958271,178.46945570347353,174.40331693489793,175.00099182128906
2025-11-13 00:00:00+05:30,180.28207261093482,180.28207261093482,171.56191312244096,173.08058166503906
2025-11-14 00:00:00+05:30,173.93301396354244,174.1093696859203,168.64211803518344,170.73887634277344
2025-11-17 00:00:00+05:30,171.59131638445137,171.70888687233943,169.13202404268722,169.67091369628906
2025-11-18 00:00:00+05:30,168.91646141674815,169.62191421676354,167.10385168236368,168.9654541015625
2025-11-19 00:00:00+05:30,168.9654605688343,170.3861587800188,168.58334153340576,169.71011352539062
2025-11-20 00:00:00+05:30,170.5821269287805,170.8368679650301,168.779294759156,168.9752655029297
2025-11-21 00:00:00+05:30,168.3285970525356,168.42656747344327,164.31143603360536,164.60537719726562
2025-11-24 00:00:00+05:30,164.60537787418383,164.97770434638255,161.84235185507077,162.0187225341797
2025-11-25 00:00:00+05:30,162.6457824397421,163.89012484092416,161.74437387328885,162.9691162109375
2025-11-26 00:00:00+05:30,163.6255751049081,166.51596401038026,163.52758973843058,166.2416229248047
2025-11-27 00:00:00+05:30,167.005871702516,167.54476135192886,163.80194137825137,164.73275756835938
2025-11-28 00:00:00+05:30,164.73275579853328,165.58517172087537,163.90971754715025,164.56619262695312
2025-12-01 00:00:00+05:30,165.58517522225367,166.22203530061321,164.3114401150656,165.22265625
2025-12-02 00:00:00+05:30,165.0266763271307,165.4382029138782,163.6255782524512,164.3898162841797
2025-12-03 00:00:00+05:30,164.38981878370706,164.59558208020943,161.66599294706072,163.5471954345703
2025-12-04 00:00:00+05:30,164.40942458986666,164.57598776405808,162.84174832028913,163.40023803710938
2025-12-05 00:00:00+05:30,163.6255747384361,164.26243476770992,161.6659870170177,163.7333526611328
2025-12-08 00:00:00+05:30,163.7137651572728,164.80133702411302,159.70641154765582,160.1669158935547
2025-12-09 00:00:00+05:30,160.08853317640472,160.08853317640472,156.82581752306186,157.42349243164062
2025-12-10 00:00:00+05:30,157.74682298233478,160.37266354271006,157.56065974326197,158.95196533203125
2025-12-11 00:00:00+05:30,160.1963009956089,163.2924532757465,159.87296721789184,163.0181121826172
2025-12-12 00:00:00+05:30,164.21346916961272,169.01445346166966,164.01749842261532,168.41677856445312
2025-12-15 00:00:00+05:30,167.49576587124238,169.6709095467895,167.05486160197606,169.37696838378906
2025-12-16 00:00:00+05:30,169.21041081212448,169.21041081212448,165.83012470194237,166.39840698242188
2025-12-17 00:00:00+05:30,166.65313807694636,167.83869525433352,166.23183388321416,166.89808654785156
2025-12-18 00:00:00+05:30,166.4865781822587,167.00586775474434,164.17426397345784,164.7229461669922
2025-12-19 00:00:00+05:30,165.73212992099573,166.1926342436874,164.4388097650615,165.28143310546875
2025-12-22 00:00:00+05:30,165.62434954364147,167.99546387027857,165.58516436696766,165.80072021484375
2025-12-23 00:00:00+05:30,165.92810870639488,167.88769657443396,165.83012333280536,167.44677734375
2025-12-24 00:00:00+05:30,167.88769520997894,168.18162142742085,166.24163363996013,166.63356018066406
2025-12-26 00:00:00+05:30,166.45718903737267,166.46698159443727,164.42902339031292,165.70274353027344
2025-12-29 00:00:00+05:30,166.08486327402076,170.61152138554397,165.8693074139259,168.81849670410156
2025-12-30 00:00:00+05:30,169.28879042506475,172.78666185691725,167.34880267109997,172.24777221679688
2025-12-31 00:00:00+05:30,176.3628988750202,177.73460433052753,174.8932080510617,176.4412841796875
2026-01-01 00:00:00+05:30,176.9507789067716,178.51844012853144,176.55885238848066,178.21470642089844
2026-01-02 00:00:00+05:30,178.32248425227598,180.13510889107147,177.93057268465597,179.18470764160156
2026-01-05 00:00:00+05:30,179.18471974336657,183.11368804331968,179.1749122357095,181.9673309326172
2026-01-06 00:00:00+05:30,182.24166627946056,184.05429098339528,180.74258280126375,182.4376220703125
2026-01-07 00:00:00+05:30,182.4376199695518,182.87852423150886,179.20429713108635,180.08612060546875
2026-01-08 00:00:00+05:30,181.7027719205664,182.1142835558037,175.92199401305942,176.48046875
2026-01-09 00:00:00+05:30,175.43210206069315,177.83259414305388,173.74685534440192,174.79522705078125
2026-01-12 00:00:00+05:30,174.7952310860447,179.93914921719784,174.05059308160847,179.53744506835938
2026-01-13 00:00:00+05:30,179.7921826060008,180.66419858846893,177.4406832006057,178.8809814453125
2026-01-14 00:00:00+05:30,178.8809788220487,186.79770034766673,177.98936278831158,185.42599487304688
2026-01-15 00:00:00+05:30,185.42599487304688,185.42599487304688,185.42599487304688,185.42599487304688
2026-01-16 00:00:00+05:30,186.20983009255906,187.14063128950747,183.52518947618503,184.40701293945312
2026-01-19 00:00:00+05:30,183.3194479641688,185.61216214325307,183.02550679879343,184.46580505371094
2026-01-20 00:00:00+05:30,184.46580329331414,186.16084256846423,179.33167783188887,179.85096740722656
2026-01-21 00:00:00+05:30,179.85096134014822,181.95752714211503,177.22512093082943,180.6837921142578
2026-01-22 00:00:00+05:30,182.13389239341228,186.1510534721251,182.03590702057778,185.27903747558594
2026-01-23 00:00:00+05:30,186.65074139853988,188.5123438627473,183.48601122919982,183.8191375732422
2026-01-27 00:00:00+05:30,185.83751263902195,189.23739876721942,183.92691746839182,188.394775390625
2026-01-28 00:00:00+05:30,189.5803332788552,191.25577253025963,188.21842031143703,189.9330596923828
2026-01-29 00:00:00+05:30,190.5209151482256,198.88836317541822,190.18778882033365,198.23190307617188
2026-01-30 00:00:00+05:30,194.53808122494425,194.9789854884677,186.77811535533883,189.22760009765625
2026-02-02 00:00:00+05:30,181.6341982477284,185.181047387077,178.8613797123736,184.70094299316406
2026-02-03 00:00:00+05:30,189.6685064801252,194.978987666741,187.64032591460304,189.03163146972656
2026-02-04 00:00:00+05:30,190.07022316117292,192.17677405621038,189.54112608536582,191.45172119140625
2026-02-05 00:00:00+05:30,189.1002244606821,194.40091309714842,187.6501336613117,193.7640380859375
2026-02-06 00:00:00+05:30,193.60728312025086,193.60728312025086,190.442538018047,193.07818603515625
2026-02-09 00:00:00+05:30,197.91836547851562,202.1706673665258,193.55828566475088,197.91836547851562
2026-02-10 00:00:00+05:30,198.88837576458045,206.83450515614254,197.01696576516485,203.8069305419922
2026-02-11 00:00:00+05:30,205.1688408628477,206.00167167501505,201.15169476122617,203.39541625976562
2026-02-12 00:00:00+05:30,203.79712930054828,206.13883610170413,202.03349730689217,203.9049072265625
2026-02-13 00:00:00+05:30,202.41562482198435,202.67038081260222,198.46705647209666,199.07452392578125
2026-02-16 00:00:00+05:30,196.93857612609287,201.95511616664734,196.4976718562028,201.65138244628906
2026-02-17 00:00:00+05:30,201.34764668795694,201.64158784839802,197.58524169562287,198.97654724121094
2026-02-18 00:00:00+05:30,199.43705373982053,205.46278031728878,199.43705373982053,204.8063201904297
2026-02-19 00:00:00+05:30,206.73652021468234,207.1186392511836,200.12291115568183,201.2594757080078
2026-02-20 00:00:00+05:30,202.23926146215945,205.07086522079007,200.59319994425812,204.1498565673828
2026-02-23 00:00:00+05:30,205.75671285186064,205.85469821912017,201.3476404336065,203.93429565429688
2026-02-24 00:00:00+05:30,203.02309443812595,205.30600099945755,202.572382679593,204.904296875
2026-02-25 00:00:00+05:30,205.85470550453036,212.0763878335333,205.16883781037617,210.30296325683594
2026-02-26 00:00:00+05:30,211.58649586340846,211.58649586340846,208.7058993216261,211.16519165039062
2026-02-27 00:00:00+05:30,211.14558722909865,211.53749881221347,207.3831822095093,208.03964233398438
2026-03-02 00:00:00+05:30,200.85775136163778,210.00902288434335,200.3678544070972,206.74630737304688
2026-03-04 00:00:00+05:30,202.8173399663396,202.8173399663396,190.50132330520216,192.75485229492188
2026-03-05 00:00:00+05:30,194.48909236645193,198.9373501678109,193.63667644350463,196.51727294921875
2026-03-06 00:00:00+05:30,195.46888448076024,198.1143250400302,193.1173850837355,194.4499053955078
2026-03-09 00:00:00+05:30,189.54112056999347,189.78606903672917,183.25084573827675,187.15042114257812
2026-03-10 00:00:00+05:30,190.08981308988655,192.66667588435305,188.1204326923077,191.059814453125
2026-03-11 00:00:00+05:30,193.15656834339634,194.86141510711138,190.08001610345198,190.80506896972656
2026-03-12 00:00:00+05:30,190.0702270025327,190.72668713169747,186.25882927020857,189.56072998046875
2026-03-13 00:00:00+05:30,188.0714342621568,188.61032389194173,178.5772290726122,179.80197143554688
2026-03-16 00:00:00+05:30,179.30228359439405,183.85831924652325,177.58764427040396,183.1626739501953
2026-03-17 00:00:00+05:30,184.00529252685664,192.34333301240835,183.07449133665247,191.48110961914062
2026-03-18 00:00:00+05:30,192.43151900070097,192.46091162212494,189.26678884015058,191.46153259277344
2026-03-19 00:00:00+05:30,186.9446863339689,190.29557980739716,185.5435732285838,186.66053771972656
2026-03-20 00:00:00+05:30,189.4921364764287,195.41010007329277,189.43335123382218,192.79405212402344
2026-03-23 00:00:00+05:30,189.10023150282484,190.03103276106097,182.74136341364385,183.38803100585938
2026-03-24 00:00:00+05:30,188.12043271012945,188.30659594707384,183.98570117015058,186.93487548828125
2026-03-25 00:00:00+05:30,189.12961869832031,193.16636485425607,188.43397338916023,192.6764678955078
2026-03-27 00:00:00+05:30,190.39355992170925,191.5497095602212,188.7474983773317,189.31578063964844
2026-03-30 00:00:00+05:30,188.12043165846399,190.4915311384363,184.49519716347274,187.98326110839844
2026-04-01 00:00:00+05:30,195.95878903870104,196.1547448376459,190.08002536754,190.66790771484375
2026-04-02 00:00:00+05:30,189.01205125174704,190.91285387433086,184.152266764611,190.21719360351562
2026-04-06 00:00:00+05:30,189.11982151485492,192.67646318204214,186.40578824365195,192.13758850097656
2026-04-07 00:00:00+05:30,191.64769426561494,194.4107053102103,189.3745652242459,194.12657165527344
2026-04-08 00:00:00+05:30,197.92815511760955,202.22944962673415,197.91836256103738,200.05430603027344
2026-04-09 00:00:00+05:30,200.37765073543454,203.98330016296072,199.93674645814323,201.0537109375
2026-04-10 00:00:00+05:30,203.77753935340996,204.77693335784272,200.66180180198944,202.4352264404297
2026-04-13 00:00:00+05:30,199.58401750380781,202.81734041353766,197.4284738808108,202.21966552734375
2026-04-15 00:00:00+05:30,204.77691982424614,206.8834706747868,203.40521437977333,204.50257873535156
2026-04-16 00:00:00+05:30,205.5117763499998,208.6177213069781,204.78672346128033,206.4327850341797
2026-04-17 00:00:00+05:30,206.43277946081633,208.1670188522808,204.2870284248544,207.83387756347656
2026-04-20 00:00:00+05:30,207.71631192793055,209.08801744160672,205.56076828480994,207.4419708251953
2026-04-21 00:00:00+05:30,207.441971076176,210.15600443559268,206.81490356195553,207.72610473632812
2026-04-22 00:00:00+05:30,206.73651395366593,209.4603398135109,206.25640955805036,208.72549438476562
2026-04-23 00:00:00+05:30,208.73528148524096,208.79408167639707,205.9134852789404,206.64833068847656
2026-04-24 00:00:00+05:30,206.73651855852788,207.71631248534553,204.385019114353,205.8253173828125
2026-04-27 00:00:00+05:30,206.7365112615041,210.65568683044256,206.66791851282287,208.9606475830078
2026-04-28 00:00:00+05:30,208.89205669947847,213.83022633269505,207.9122627984955,210.70468139648438
2026-04-29 00:00:00+05:30,211.73346967433537,212.6152782120782,207.08924116440056,211.51791381835938
2026-04-30 00:00:00+05:30,211.41992051892456,211.41992051892456,205.7567131344055,207.0892333984375
2026-05-01 00:00:00+05:30,207.0892333984375,207.0892333984375,207.0892333984375,207.0892333984375
2026-05-04 00:00:00+05:30,208.25519550756448,210.16579061396135,207.12842355730183,207.9514617919922
2026-05-05 00:00:00+05:30,207.91225727175217,208.04942781622478,205.21782411567264,207.050048828125
2026-05-06 00:00:00+05:30,209.67589743023214,212.35073062720622,208.1278212532798,211.11619567871094
2026-05-07 00:00:00+05:30,212.3213416586462,214.77082648385087,211.3905404151622,212.70346069335938
2026-05-08 00:00:00+05:30,212.61528324655575,213.00719483917288,209.92084993352336,210.156005859375
2026-05-11 00:00:00+05:30,209.18599854304753,210.6556893993219,207.2460107988966,207.79469299316406
2026-05-12 00:00:00+05:30,207.71630859375,211.95881801144273,207.22641163951945,207.71630859375
2026-05-13 00:00:00+05:30,208.931252478677,216.44626974872804,208.7646893130333,215.1823272705078
2026-05-14 00:00:00+05:30,217.80819181127316,218.3960591940855,214.5944689437323,216.66183471679688
2026-05-15 00:00:00+05:30,218.49404552557326,219.86575104195882,211.63548804270772,212.45851135253906
2026-05-18 00:00:00+05:30,206.73650747568587,207.53994562883025,200.90673691374,205.4725799560547
2026-05-19 00:00:00+05:30,206.33480077691178,208.03964760262085,204.67894663794993,205.06106567382812
2026-05-20 00:00:00+05:30,203.30723757974266,203.30723757974266,198.93735013596705,202.82713317871094
2026-05-21 00:00:00+05:30,205.51177457198688,205.82531580238606,203.4640088687742,204.36541748046875
2026-05-22 00:00:00+05:30,205.36480807765633,206.61894307763393,204.051872885097,204.9630889892578
2026-05-25 00:00:00+05:30,207.0304539859507,207.4713582506991,205.2080367345846,205.97227478027344
2026-05-26 00:00:00+05:30,205.6587344197238,206.8736842425589,205.27661539527486,206.21722412109375
2026-05-27 00:00:00+05:30,206.44257962146753,214.53568711274585,206.44257962146753,210.36175537109375
2026-05-28 00:00:00+05:30,210.36175537109375,210.36175537109375,210.36175537109375,210.36175537109375
2026-05-29 00:00:00+05:30,211.33174393465907,211.3415364912704,202.52339158940543,203.8167266845703
2026-06-01 00:00:00+05:30,205.75672634529082,207.12843187407182,202.3274475728693,206.31521606445312
2026-06-02 00:00:00+05:30,204.78672080488315,209.14681568728278,204.35562404064967,206.3446044921875
2026-06-03 00:00:00+05:30,206.4523861024366,208.19641810630952,203.40522637423723,207.60853576660156
2026-06-04 00:00:00+05:30,206.16823800392513,207.9514701418094,205.08066613808126,206.31521606445312
2026-06-05 00:00:00+05:30,205.16884311070905,206.2466224146788,199.7799764917982,202.5919952392578
2026-06-08 00:00:00+05:30,199.32927789315295,201.063517321306,197.52646066470047,198.6238250732422
2026-06-09 00:00:00+05:30,198.8981681942479,199.87796212623925,196.2919127470383,199.07452392578125
2026-06-10 00:00:00+05:30,198.89815663475216,199.29006820458414,193.99918725951196,195.28271484375
2026-06-11 00:00:00+05:30,193.45050970054598,195.3219196346834,192.08859677972976,193.9600067138672
2026-06-12 00:00:00+05:30,200.0,200.82000732421875,195.8000030517578,197.86000061035156
2026-06-15 00:00:00+05:30,199.9600067138672,200.9499969482422,196.82000732421875,197.27999877929688
2026-06-16 00:00:00+05:30,197.50999450683594,197.60000610351562,193.30999755859375,196.0
2026-06-17 00:00:00+05:30,196.7899932861328,199.5,195.60000610351562,199.00999450683594
2026-06-18 00:00:00+05:30,199.00999450683594,200.6999969482422,198.14999389648438,200.52000427246094
2026-06-19 00:00:00+05:30,199.25,199.36000061035156,196.5,198.9600067138672
2026-06-22 00:00:00+05:30,199.3000030517578,200.66000366210938,198.6999969482422,198.97000122070312
2026-06-23 00:00:00+05:30,197.75,197.97999572753906,192.72999572753906,193.55999755859375
2026-06-24 00:00:00+05:30,192.8000030517578,193.3800048828125,189.58999633789062,190.16000366210938
2026-06-25 00:00:00+05:30,190.0,190.86000061035156,187.61000061035156,188.7100067138672
2026-06-26 00:00:00+05:30,188.7100067138672,188.7100067138672,188.7100067138672,188.7100067138672
2026-06-29 00:00:00+05:30,188.72999572753906,191.27000427246094,188.60000610351562,189.57000732421875
2026-06-30 00:00:00+05:30,189.5,190.39999389648438,187.0500030517578,188.05999755859375
2026-07-01 00:00:00+05:30,188.5,188.7100067138672,184.6999969482422,185.1699981689453
2026-07-02 00:00:00+05:30,186.0,188.60000610351562,185.13999938964844,187.6699981689453
2026-07-03 00:00:00+05:30,190.60000610351562,192.97999572753906,189.11000061035156,189.8000030517578
2026-07-06 00:00:00+05:30,190.38999938964844,191.4499969482422,189.19000244140625,190.8699951171875
2026-07-07 00:00:00+05:30,191.0,191.3000030517578,189.0,189.7899932861328
2026-07-08 00:00:00+05:30,187.66000366210938,189.7899932861328,186.52000427246094,188.1999969482422
2026-07-09 00:00:00+05:30,189.5,189.8699951171875,186.6199951171875,187.91000366210938
2026-07-10 00:00:00+05:30,189.67999267578125,193.3000030517578,188.74000549316406,191.19000244140625
2026-07-13 00:00:00+05:30,189.0,189.27000427246094,185.39999389648438,187.11000061035156
2026-07-14 00:00:00+05:30,186.6999969482422,190.35000610351562,186.6999969482422,188.27000427246094
2026-07-15 00:00:00+05:30,188.74000549316406,189.3300018310547,184.80999755859375,185.25999450683594
2026-07-16 00:00:00+05:30,186.5,186.75,184.91000366210938,185.49000549316406
2026-07-17 00:00:00+05:30,185.1999969482422,186.58999633789062,183.41000366210938,185.88999938964844
2026-07-20 00:00:00+05:30,186.67999267578125,187.19000244140625,185.75999450683594,186.41000366210938
2026-07-21 00:00:00+05:30,186.75,188.10000610351562,184.6999969482422,187.24000549316406
2026-07-22 00:00:00+05:30,187.99000549316406,187.99000549316406,184.91000366210938,186.52999877929688
2026-07-23 00:00:00+05:30,186.0,186.0,183.5,184.22999572753906
2026-07-24 00:00:00+05:30,183.41000366210938,183.52000427246094,181.1999969482422,182.6699981689453
2026-07-27 00:00:00+05:30,183.60000610351562,184.88999938964844,183.3300018310547,184.25
2026-07-28 00:00:00+05:30,184.30999755859375,185.13999938964844,182.00999450683594,182.6300048828125
2026-07-29 00:00:00+05:30,183.5,188.6699981689453,183.0399932861328,187.27000427246094
2026-07-30 00:00:00+05:30,188.00999450683594,188.99000549316406,186.10000610351562,186.9199981689453
2026-07-31 00:00:00+05:30,188.25,191.83999633789062,186.30999755859375,189.69000244140625
2026-08-03 00:00:00+05:30,192.94000244140625,193.5,188.49000549316406,191.0
2026-08-04 00:00:00+05:30,190.6999969482422,192.60000610351562,189.0,190.9499969482422
2026-08-05 00:00:00+05:30,192.25,192.99000549316406,189.83999633789062,192.99000549316406
2026-08-06 00:00:00+05:30,193.4499969482422,193.64999389648438,188.99000549316406,189.3000030517578
2026-08-07 00:00:00+05:30,189.41000366210938,189.69000244140625,186.75,187.5500030517578
2026-08-10 00:00:00+05:30,187.55999755859375,192.35000610351562,187.5500030517578,190.24000549316406
2026-08-11 00:00:00+05:30,190.24000549316406,190.55999755859375,186.77999877929688,188.25
2026-08-12 00:00:00+05:30,188.35000610351562,188.8800048828125,183.60000610351562,186.1999969482422
2026-08-13 00:00:00+05:30,186.1999969482422,186.66000366210938,183.4600067138672,184.85000610351562
2026-08-14 00:00:00+05:30,184.0,184.19000244140625,180.0,183.5
2026-08-17 00:00:00+05:30,183.5,186.35000610351562,182.05999755859375,186.0
2026-08-18 00:00:00+05:30,186.33999633789062,187.11000061035156,184.3300018310547,185.5
2026-08-19 00:00:00+05:30,184.16000366210938,184.9499969482422,182.5,184.0
2026-08-20 00:00:00+05:30,185.0,185.60000610351562,182.9499969482422,183.5
2026-08-21 00:00:00+05:30,184.39999389648438,184.94000244140625,182.0,183.0
2026-08-24 00:00:00+05:30,184.14999389648438,186.3000030517578,183.05999755859375,186.3000030517578
2026-08-25 00:00:00+05:30,186.3000030517578,187.27000427246094,183.5,186.94000244140625
2026-08-26 00:00:00+05:30,186.49000549316406,189.9499969482422,184.2899932861328,188.00999450683594
2026-08-27 00:00:00+05:30,188.0500030517578,190.25,186.5,186.8000030517578
2026-08-28 00:00:00+05:30,187.60000610351562,188.7899932861328,184.0800018310547,186.5
2026-08-31 00:00:00+05:30,185.35000610351562,185.82000732421875,181.39999389648438,184.35000610351562
2026-09-01 00:00:00+05:30,183.6999969482422,188.67999267578125,182.1199951171875,184.07000732421875
2026-09-02 00:00:00+05:30,182.5,184.05999755859375,181.44000244140625,183.85000610351562
2026-09-03 00:00:00+05:30,184.11000061035156,187.64999389648438,182.0,184.1999969482422
2026-09-04 00:00:00+05:30,184.1999969482422,189.89999389648438,182.83999633789062,188.7899932861328
